[0.000000] (-) TimerEvent: {}
[0.001731] (cartographer) JobQueued: {'identifier': 'cartographer', 'dependencies': OrderedDict()}
[0.002424] (cartographer_ros_msgs) JobQueued: {'identifier': 'cartographer_ros_msgs', 'dependencies': OrderedDict()}
[0.002511] (robocar_test_cpp) JobQueued: {'identifier': 'robocar_test_cpp', 'dependencies': OrderedDict()}
[0.002557] (ros2_opencv) JobQueued: {'identifier': 'ros2_opencv', 'dependencies': OrderedDict()}
[0.002596] (rplidar_ros) JobQueued: {'identifier': 'rplidar_ros', 'dependencies': OrderedDict()}
[0.002637] (cartographer_ros) JobQueued: {'identifier': 'cartographer_ros', 'dependencies': OrderedDict([('cartographer', '/root/ros2_ws/install/cartographer'), ('cartographer_ros_msgs', '/root/ros2_ws/install/cartographer_ros_msgs')])}
[0.002836] (cartographer_rviz) JobQueued: {'identifier': 'cartographer_rviz', 'dependencies': OrderedDict([('cartographer', '/root/ros2_ws/install/cartographer'), ('cartographer_ros_msgs', '/root/ros2_ws/install/cartographer_ros_msgs'), ('cartographer_ros', '/root/ros2_ws/install/cartographer_ros')])}
[0.002973] (cartographer) JobStarted: {'identifier': 'cartographer'}
[0.025375] (cartographer_ros_msgs) JobStarted: {'identifier': 'cartographer_ros_msgs'}
[0.036786] (robocar_test_cpp) JobStarted: {'identifier': 'robocar_test_cpp'}
[0.053291] (ros2_opencv) JobStarted: {'identifier': 'ros2_opencv'}
[0.078080] (rplidar_ros) JobStarted: {'identifier': 'rplidar_ros'}
[0.099277] (-) TimerEvent: {}
[0.100023] (cartographer) JobProgress: {'identifier': 'cartographer', 'progress': 'cmake'}
[0.102159] (cartographer) JobProgress: {'identifier': 'cartographer', 'progress': 'build'}
[0.103723] (cartographer) Command: {'cmd': ['/usr/bin/cmake', '--build', '/root/ros2_ws/build/cartographer', '--', '-j8', '-l8'], 'cwd': '/root/ros2_ws/build/cartographer', 'env': OrderedDict([('HOSTNAME', 'warnie'), ('GIT_ASKPASS', '/root/.vscode-server/bin/17baf841131aa23349f217ca7c570c76ee87b957/extensions/git/dist/askpass.sh'), ('SHLVL', '2'), ('LD_LIBRARY_PATH', '/root/ros2_ws/install/cartographer_rviz/lib:/root/ros2_ws/install/cartographer_ros/lib:/root/ros2_ws/install/cartographer_ros_msgs/lib:/opt/ros/humble/opt/rviz_ogre_vendor/lib:/opt/ros/humble/lib/x86_64-linux-gnu:/opt/ros/humble/lib'), ('BROWSER', '/root/.vscode-server/bin/17baf841131aa23349f217ca7c570c76ee87b957/bin/helpers/browser.sh'), ('HOME', '/root'), ('OLDPWD', '/root/ros2_ws/src'), ('TERM_PROGRAM_VERSION', '1.99.3'), ('VSCODE_IPC_HOOK_CLI', '/tmp/vscode-ipc-db8667da-dddf-4b8b-9bef-966dbeab1878.sock'), ('ROS_PYTHON_VERSION', '3'), ('VSCODE_GIT_ASKPASS_MAIN', '/root/.vscode-server/bin/17baf841131aa23349f217ca7c570c76ee87b957/extensions/git/dist/askpass-main.js'), ('VSCODE_GIT_ASKPASS_NODE', '/root/.vscode-server/bin/17baf841131aa23349f217ca7c570c76ee87b957/node'), ('LC_CTYPE', 'C.UTF-8'), ('COLORTERM', 'truecolor'), ('REMOTE_CONTAINERS', 'true'), ('COLCON_PREFIX_PATH', '/root/ros2_ws/install'), ('ROS_DISTRO', 'humble'), ('REMOTE_CONTAINERS_IPC', '/tmp/vscode-remote-containers-ipc-f285fd1d-9376-4a47-8352-1dbec715791d.sock'), ('_', '/usr/bin/colcon'), ('ROS_VERSION', '2'), ('PKG_CONFIG_PATH', '/root/ros2_ws/install/cartographer/lib/x86_64-linux-gnu/pkgconfig:/root/ros2_ws/install/cartographer/lib/pkgconfig'), ('TERM', 'xterm-256color'), ('ROS_LOCALHOST_ONLY', '0'), ('PATH', '/root/ros2_ws/install/cartographer/bin:/root/.vscode-server/bin/17baf841131aa23349f217ca7c570c76ee87b957/bin/remote-cli:/opt/ros/humble/bin:/usr/local/sbin:/usr/local/bin:/usr/sbin:/usr/bin:/sbin:/bin:/root/.vscode-server/data/User/globalStorage/github.copilot-chat/debugCommand'), ('REMOTE_CONTAINERS_SOCKETS', '["/tmp/vscode-ssh-auth-f285fd1d-9376-4a47-8352-1dbec715791d.sock","/root/.gnupg/S.gpg-agent"]'), ('DISPLAY', 'unix:0'), ('LANG', 'en_US.UTF-8'), ('VSCODE_GIT_IPC_HANDLE', '/tmp/vscode-git-3ce2b43cc6.sock'), ('TERM_PROGRAM', 'vscode'), ('SSH_AUTH_SOCK', '/tmp/vscode-ssh-auth-f285fd1d-9376-4a47-8352-1dbec715791d.sock'), ('AMENT_PREFIX_PATH', '/root/ros2_ws/install/ros2_opencv:/root/ros2_ws/install/Test_FirstPkg:/root/ros2_ws/install/rplidar_ros:/root/ros2_ws/install/cartographer_rviz:/root/ros2_ws/install/cartographer_ros:/root/ros2_ws/install/cartographer_ros_msgs:/opt/ros/humble'), ('SHELL', '/bin/bash'), ('VSCODE_GIT_ASKPASS_EXTRA_ARGS', ''), ('PWD', '/root/ros2_ws/build/cartographer'), ('PYTHONPATH', '/root/ros2_ws/install/ros2_opencv/lib/python3.10/site-packages:/root/ros2_ws/install/cartographer_ros_msgs/local/lib/python3.10/dist-packages:/opt/ros/humble/lib/python3.10/site-packages:/opt/ros/humble/local/lib/python3.10/dist-packages'), ('COLCON', '1'), ('CMAKE_PREFIX_PATH', '/root/ros2_ws/install/Test_FirstPkg:/root/ros2_ws/install/rplidar_ros:/root/ros2_ws/install/cartographer_rviz:/root/ros2_ws/install/cartographer_ros:/root/ros2_ws/install/cartographer_ros_msgs:/root/ros2_ws/install/cartographer:/root/ros2_ws/install/ros2_opencv:/opt/ros/humble')]), 'shell': False}
[0.112083] (cartographer_ros_msgs) JobProgress: {'identifier': 'cartographer_ros_msgs', 'progress': 'cmake'}
[0.114503] (cartographer_ros_msgs) JobProgress: {'identifier': 'cartographer_ros_msgs', 'progress': 'build'}
[0.117584] (cartographer_ros_msgs) Command: {'cmd': ['/usr/bin/cmake', '--build', '/root/ros2_ws/build/cartographer_ros_msgs', '--', '-j8', '-l8'], 'cwd': '/root/ros2_ws/build/cartographer_ros_msgs', 'env': OrderedDict([('HOSTNAME', 'warnie'), ('GIT_ASKPASS', '/root/.vscode-server/bin/17baf841131aa23349f217ca7c570c76ee87b957/extensions/git/dist/askpass.sh'), ('SHLVL', '2'), ('LD_LIBRARY_PATH', '/root/ros2_ws/install/cartographer_rviz/lib:/root/ros2_ws/install/cartographer_ros/lib:/root/ros2_ws/install/cartographer_ros_msgs/lib:/opt/ros/humble/opt/rviz_ogre_vendor/lib:/opt/ros/humble/lib/x86_64-linux-gnu:/opt/ros/humble/lib'), ('BROWSER', '/root/.vscode-server/bin/17baf841131aa23349f217ca7c570c76ee87b957/bin/helpers/browser.sh'), ('HOME', '/root'), ('OLDPWD', '/root/ros2_ws/src'), ('TERM_PROGRAM_VERSION', '1.99.3'), ('VSCODE_IPC_HOOK_CLI', '/tmp/vscode-ipc-db8667da-dddf-4b8b-9bef-966dbeab1878.sock'), ('ROS_PYTHON_VERSION', '3'), ('VSCODE_GIT_ASKPASS_MAIN', '/root/.vscode-server/bin/17baf841131aa23349f217ca7c570c76ee87b957/extensions/git/dist/askpass-main.js'), ('VSCODE_GIT_ASKPASS_NODE', '/root/.vscode-server/bin/17baf841131aa23349f217ca7c570c76ee87b957/node'), ('LC_CTYPE', 'C.UTF-8'), ('COLORTERM', 'truecolor'), ('REMOTE_CONTAINERS', 'true'), ('COLCON_PREFIX_PATH', '/root/ros2_ws/install'), ('ROS_DISTRO', 'humble'), ('REMOTE_CONTAINERS_IPC', '/tmp/vscode-remote-containers-ipc-f285fd1d-9376-4a47-8352-1dbec715791d.sock'), ('_', '/usr/bin/colcon'), ('ROS_VERSION', '2'), ('PKG_CONFIG_PATH', '/root/ros2_ws/install/cartographer/lib/x86_64-linux-gnu/pkgconfig:/root/ros2_ws/install/cartographer/lib/pkgconfig'), ('TERM', 'xterm-256color'), ('ROS_LOCALHOST_ONLY', '0'), ('PATH', '/root/ros2_ws/install/cartographer/bin:/root/.vscode-server/bin/17baf841131aa23349f217ca7c570c76ee87b957/bin/remote-cli:/opt/ros/humble/bin:/usr/local/sbin:/usr/local/bin:/usr/sbin:/usr/bin:/sbin:/bin:/root/.vscode-server/data/User/globalStorage/github.copilot-chat/debugCommand'), ('REMOTE_CONTAINERS_SOCKETS', '["/tmp/vscode-ssh-auth-f285fd1d-9376-4a47-8352-1dbec715791d.sock","/root/.gnupg/S.gpg-agent"]'), ('DISPLAY', 'unix:0'), ('LANG', 'en_US.UTF-8'), ('VSCODE_GIT_IPC_HANDLE', '/tmp/vscode-git-3ce2b43cc6.sock'), ('TERM_PROGRAM', 'vscode'), ('SSH_AUTH_SOCK', '/tmp/vscode-ssh-auth-f285fd1d-9376-4a47-8352-1dbec715791d.sock'), ('AMENT_PREFIX_PATH', '/root/ros2_ws/install/ros2_opencv:/root/ros2_ws/install/Test_FirstPkg:/root/ros2_ws/install/rplidar_ros:/root/ros2_ws/install/cartographer_rviz:/root/ros2_ws/install/cartographer_ros:/root/ros2_ws/install/cartographer_ros_msgs:/opt/ros/humble'), ('SHELL', '/bin/bash'), ('VSCODE_GIT_ASKPASS_EXTRA_ARGS', ''), ('PWD', '/root/ros2_ws/build/cartographer_ros_msgs'), ('PYTHONPATH', '/root/ros2_ws/install/ros2_opencv/lib/python3.10/site-packages:/root/ros2_ws/install/cartographer_ros_msgs/local/lib/python3.10/dist-packages:/opt/ros/humble/lib/python3.10/site-packages:/opt/ros/humble/local/lib/python3.10/dist-packages'), ('COLCON', '1'), ('CMAKE_PREFIX_PATH', '/root/ros2_ws/install/Test_FirstPkg:/root/ros2_ws/install/rplidar_ros:/root/ros2_ws/install/cartographer_rviz:/root/ros2_ws/install/cartographer_ros:/root/ros2_ws/install/cartographer_ros_msgs:/root/ros2_ws/install/cartographer:/root/ros2_ws/install/ros2_opencv:/opt/ros/humble')]), 'shell': False}
[0.122275] (robocar_test_cpp) JobProgress: {'identifier': 'robocar_test_cpp', 'progress': 'cmake'}
[0.123427] (robocar_test_cpp) JobProgress: {'identifier': 'robocar_test_cpp', 'progress': 'build'}
[0.125247] (robocar_test_cpp) Command: {'cmd': ['/usr/bin/cmake', '--build', '/root/ros2_ws/build/robocar_test_cpp', '--', '-j8', '-l8'], 'cwd': '/root/ros2_ws/build/robocar_test_cpp', 'env': OrderedDict([('HOSTNAME', 'warnie'), ('GIT_ASKPASS', '/root/.vscode-server/bin/17baf841131aa23349f217ca7c570c76ee87b957/extensions/git/dist/askpass.sh'), ('SHLVL', '2'), ('LD_LIBRARY_PATH', '/root/ros2_ws/install/cartographer_rviz/lib:/root/ros2_ws/install/cartographer_ros/lib:/root/ros2_ws/install/cartographer_ros_msgs/lib:/opt/ros/humble/opt/rviz_ogre_vendor/lib:/opt/ros/humble/lib/x86_64-linux-gnu:/opt/ros/humble/lib'), ('BROWSER', '/root/.vscode-server/bin/17baf841131aa23349f217ca7c570c76ee87b957/bin/helpers/browser.sh'), ('HOME', '/root'), ('OLDPWD', '/root/ros2_ws/src'), ('TERM_PROGRAM_VERSION', '1.99.3'), ('VSCODE_IPC_HOOK_CLI', '/tmp/vscode-ipc-db8667da-dddf-4b8b-9bef-966dbeab1878.sock'), ('ROS_PYTHON_VERSION', '3'), ('VSCODE_GIT_ASKPASS_MAIN', '/root/.vscode-server/bin/17baf841131aa23349f217ca7c570c76ee87b957/extensions/git/dist/askpass-main.js'), ('VSCODE_GIT_ASKPASS_NODE', '/root/.vscode-server/bin/17baf841131aa23349f217ca7c570c76ee87b957/node'), ('LC_CTYPE', 'C.UTF-8'), ('COLORTERM', 'truecolor'), ('REMOTE_CONTAINERS', 'true'), ('COLCON_PREFIX_PATH', '/root/ros2_ws/install'), ('ROS_DISTRO', 'humble'), ('REMOTE_CONTAINERS_IPC', '/tmp/vscode-remote-containers-ipc-f285fd1d-9376-4a47-8352-1dbec715791d.sock'), ('_', '/usr/bin/colcon'), ('ROS_VERSION', '2'), ('PKG_CONFIG_PATH', '/root/ros2_ws/install/cartographer/lib/x86_64-linux-gnu/pkgconfig:/root/ros2_ws/install/cartographer/lib/pkgconfig'), ('TERM', 'xterm-256color'), ('ROS_LOCALHOST_ONLY', '0'), ('PATH', '/root/ros2_ws/install/cartographer/bin:/root/.vscode-server/bin/17baf841131aa23349f217ca7c570c76ee87b957/bin/remote-cli:/opt/ros/humble/bin:/usr/local/sbin:/usr/local/bin:/usr/sbin:/usr/bin:/sbin:/bin:/root/.vscode-server/data/User/globalStorage/github.copilot-chat/debugCommand'), ('REMOTE_CONTAINERS_SOCKETS', '["/tmp/vscode-ssh-auth-f285fd1d-9376-4a47-8352-1dbec715791d.sock","/root/.gnupg/S.gpg-agent"]'), ('DISPLAY', 'unix:0'), ('LANG', 'en_US.UTF-8'), ('VSCODE_GIT_IPC_HANDLE', '/tmp/vscode-git-3ce2b43cc6.sock'), ('TERM_PROGRAM', 'vscode'), ('SSH_AUTH_SOCK', '/tmp/vscode-ssh-auth-f285fd1d-9376-4a47-8352-1dbec715791d.sock'), ('AMENT_PREFIX_PATH', '/root/ros2_ws/install/ros2_opencv:/root/ros2_ws/install/Test_FirstPkg:/root/ros2_ws/install/rplidar_ros:/root/ros2_ws/install/cartographer_rviz:/root/ros2_ws/install/cartographer_ros:/root/ros2_ws/install/cartographer_ros_msgs:/opt/ros/humble'), ('SHELL', '/bin/bash'), ('VSCODE_GIT_ASKPASS_EXTRA_ARGS', ''), ('PWD', '/root/ros2_ws/build/robocar_test_cpp'), ('PYTHONPATH', '/root/ros2_ws/install/ros2_opencv/lib/python3.10/site-packages:/root/ros2_ws/install/cartographer_ros_msgs/local/lib/python3.10/dist-packages:/opt/ros/humble/lib/python3.10/site-packages:/opt/ros/humble/local/lib/python3.10/dist-packages'), ('COLCON', '1'), ('CMAKE_PREFIX_PATH', '/root/ros2_ws/install/Test_FirstPkg:/root/ros2_ws/install/rplidar_ros:/root/ros2_ws/install/cartographer_rviz:/root/ros2_ws/install/cartographer_ros:/root/ros2_ws/install/cartographer_ros_msgs:/root/ros2_ws/install/cartographer:/root/ros2_ws/install/ros2_opencv:/opt/ros/humble')]), 'shell': False}
[0.199439] (-) TimerEvent: {}
[0.303953] (-) TimerEvent: {}
[0.404747] (-) TimerEvent: {}
[0.505627] (-) TimerEvent: {}
[0.608458] (-) TimerEvent: {}
[0.713373] (-) TimerEvent: {}
[0.821107] (-) TimerEvent: {}
[0.922350] (-) TimerEvent: {}
[1.023118] (-) TimerEvent: {}
[1.128967] (-) TimerEvent: {}
[1.229565] (-) TimerEvent: {}
[1.333330] (-) TimerEvent: {}
[1.434953] (-) TimerEvent: {}
[1.538219] (-) TimerEvent: {}
[1.639693] (-) TimerEvent: {}
[1.743565] (-) TimerEvent: {}
[1.810979] (cartographer) StdoutLine: {'line': b'\x1b[35m\x1b[1mConsolidate compiler generated dependencies of target gtest\x1b[0m\n'}
[1.811683] (cartographer) StdoutLine: {'line': b'[  0%] \x1b[34m\x1b[1mBuilding documentation.\x1b[0m\n'}
[1.813664] (cartographer) StdoutLine: {'line': b'[  0%] Built target cartographer_detect_changes\n'}
[1.813972] (cartographer) StdoutLine: {'line': b'[  1%] Built target gtest\n'}
[1.814214] (cartographer) StdoutLine: {'line': b'\x1b[35m\x1b[1mConsolidate compiler generated dependencies of target gmock\x1b[0m\n'}
[1.814432] (cartographer) StdoutLine: {'line': b'[  2%] Built target gmock\n'}
[1.814643] (cartographer) StdoutLine: {'line': b'\x1b[35m\x1b[1mConsolidate compiler generated dependencies of target gmock_main\x1b[0m\n'}
[1.814886] (cartographer) StdoutLine: {'line': b'[  2%] Built target gmock_main\n'}
[1.815144] (cartographer) StdoutLine: {'line': b'\x1b[35m\x1b[1mConsolidate compiler generated dependencies of target cartographer\x1b[0m\n'}
[1.820626] (cartographer_ros_msgs) StdoutLine: {'line': b'\x1b[35m\x1b[1mConsolidate compiler generated dependencies of target cartographer_ros_msgs__rosidl_generator_c\x1b[0m\n'}
[1.821307] (cartographer_ros_msgs) StdoutLine: {'line': b'[  0%] Built target cartographer_ros_msgs__cpp\n'}
[1.821631] (cartographer_ros_msgs) StdoutLine: {'line': b'[ 12%] Built target cartographer_ros_msgs__rosidl_generator_c\n'}
[1.823881] (cartographer_ros_msgs) StdoutLine: {'line': b'\x1b[35m\x1b[1mConsolidate compiler generated dependencies of target cartographer_ros_msgs__rosidl_typesupport_cpp\x1b[0m\n'}
[1.824437] (cartographer_ros_msgs) StdoutLine: {'line': b'[ 12%] Built target ament_cmake_python_copy_cartographer_ros_msgs\n'}
[1.824793] (cartographer_ros_msgs) StdoutLine: {'line': b'\x1b[35m\x1b[1mConsolidate compiler generated dependencies of target cartographer_ros_msgs__rosidl_typesupport_fastrtps_cpp\x1b[0m\n'}
[1.825429] (cartographer_ros_msgs) StdoutLine: {'line': b'\x1b[35m\x1b[1mConsolidate compiler generated dependencies of target cartographer_ros_msgs__rosidl_typesupport_introspection_cpp\x1b[0m\n'}
[1.827206] (cartographer_ros_msgs) StdoutLine: {'line': b'\x1b[35m\x1b[1mConsolidate compiler generated dependencies of target cartographer_ros_msgs__rosidl_typesupport_introspection_c\x1b[0m\n'}
[1.828315] (cartographer_ros_msgs) StdoutLine: {'line': b'\x1b[35m\x1b[1mConsolidate compiler generated dependencies of target cartographer_ros_msgs__rosidl_typesupport_c\x1b[0m\n'}
[1.828618] (cartographer_ros_msgs) StdoutLine: {'line': b'\x1b[35m\x1b[1mConsolidate compiler generated dependencies of target cartographer_ros_msgs__rosidl_typesupport_fastrtps_c\x1b[0m\n'}
[1.828948] (cartographer_ros_msgs) StdoutLine: {'line': b'[ 24%] Built target cartographer_ros_msgs__rosidl_typesupport_cpp\n'}
[1.829318] (cartographer_ros_msgs) StdoutLine: {'line': b'[ 48%] Built target cartographer_ros_msgs__rosidl_typesupport_c\n'}
[1.829691] (cartographer_ros_msgs) StdoutLine: {'line': b'[ 48%] Built target cartographer_ros_msgs__rosidl_typesupport_introspection_c\n'}
[1.830042] (cartographer_ros_msgs) StdoutLine: {'line': b'[ 60%] Built target cartographer_ros_msgs__rosidl_typesupport_fastrtps_cpp\n'}
[1.830385] (cartographer_ros_msgs) StdoutLine: {'line': b'[ 73%] Built target cartographer_ros_msgs__rosidl_typesupport_introspection_cpp\n'}
[1.830700] (cartographer_ros_msgs) StdoutLine: {'line': b'[ 85%] Built target cartographer_ros_msgs__rosidl_typesupport_fastrtps_c\n'}
[1.834285] (cartographer_ros_msgs) StdoutLine: {'line': b'[ 85%] Built target cartographer_ros_msgs\n'}
[1.834576] (cartographer_ros_msgs) StdoutLine: {'line': b'[ 86%] Built target cartographer_ros_msgs__py\n'}
[1.834785] (cartographer_ros_msgs) StdoutLine: {'line': b'\x1b[35m\x1b[1mConsolidate compiler generated dependencies of target cartographer_ros_msgs__rosidl_generator_py\x1b[0m\n'}
[1.835042] (cartographer_ros_msgs) StdoutLine: {'line': b'[ 97%] Built target cartographer_ros_msgs__rosidl_generator_py\n'}
[1.835297] (cartographer_ros_msgs) StdoutLine: {'line': b'\x1b[35m\x1b[1mConsolidate compiler generated dependencies of target cartographer_ros_msgs__rosidl_typesupport_c__pyext\x1b[0m\n'}
[1.835523] (cartographer_ros_msgs) StdoutLine: {'line': b'\x1b[35m\x1b[1mConsolidate compiler generated dependencies of target cartographer_ros_msgs__rosidl_typesupport_fastrtps_c__pyext\x1b[0m\n'}
[1.835778] (cartographer_ros_msgs) StdoutLine: {'line': b'\x1b[35m\x1b[1mConsolidate compiler generated dependencies of target cartographer_ros_msgs__rosidl_typesupport_introspection_c__pyext\x1b[0m\n'}
[1.836194] (cartographer_ros_msgs) StdoutLine: {'line': b'[ 98%] Built target cartographer_ros_msgs__rosidl_typesupport_c__pyext\n'}
[1.836583] (cartographer_ros_msgs) StdoutLine: {'line': b'[ 99%] Built target cartographer_ros_msgs__rosidl_typesupport_fastrtps_c__pyext\n'}
[1.836970] (cartographer_ros_msgs) StdoutLine: {'line': b'[100%] Built target cartographer_ros_msgs__rosidl_typesupport_introspection_c__pyext\n'}
[1.837208] (robocar_test_cpp) StdoutLine: {'line': b'-- Found ament_cmake: 1.3.11 (/opt/ros/humble/share/ament_cmake/cmake)\n'}
[1.841365] (robocar_test_cpp) StdoutLine: {'line': b'-- Found rclcpp: 16.0.12 (/opt/ros/humble/share/rclcpp/cmake)\n'}
[1.841641] (robocar_test_cpp) StdoutLine: {'line': b'-- Found rosidl_generator_c: 3.1.6 (/opt/ros/humble/share/rosidl_generator_c/cmake)\n'}
[1.841867] (robocar_test_cpp) StdoutLine: {'line': b'-- Found rosidl_adapter: 3.1.6 (/opt/ros/humble/share/rosidl_adapter/cmake)\n'}
[1.842093] (robocar_test_cpp) StdoutLine: {'line': b'-- Found rosidl_generator_cpp: 3.1.6 (/opt/ros/humble/share/rosidl_generator_cpp/cmake)\n'}
[1.842300] (robocar_test_cpp) StdoutLine: {'line': b'-- Using all available rosidl_typesupport_c: rosidl_typesupport_fastrtps_c;rosidl_typesupport_introspection_c\n'}
[1.845102] (-) TimerEvent: {}
[1.845617] (rplidar_ros) JobProgress: {'identifier': 'rplidar_ros', 'progress': 'cmake'}
[1.852976] (rplidar_ros) JobProgress: {'identifier': 'rplidar_ros', 'progress': 'build'}
[1.853116] (rplidar_ros) Command: {'cmd': ['/usr/bin/cmake', '--build', '/root/ros2_ws/build/rplidar_ros', '--', '-j8', '-l8'], 'cwd': '/root/ros2_ws/build/rplidar_ros', 'env': OrderedDict([('HOSTNAME', 'warnie'), ('GIT_ASKPASS', '/root/.vscode-server/bin/17baf841131aa23349f217ca7c570c76ee87b957/extensions/git/dist/askpass.sh'), ('SHLVL', '2'), ('LD_LIBRARY_PATH', '/root/ros2_ws/install/cartographer_rviz/lib:/root/ros2_ws/install/cartographer_ros/lib:/root/ros2_ws/install/cartographer_ros_msgs/lib:/opt/ros/humble/opt/rviz_ogre_vendor/lib:/opt/ros/humble/lib/x86_64-linux-gnu:/opt/ros/humble/lib'), ('BROWSER', '/root/.vscode-server/bin/17baf841131aa23349f217ca7c570c76ee87b957/bin/helpers/browser.sh'), ('HOME', '/root'), ('OLDPWD', '/root/ros2_ws/src'), ('TERM_PROGRAM_VERSION', '1.99.3'), ('VSCODE_IPC_HOOK_CLI', '/tmp/vscode-ipc-db8667da-dddf-4b8b-9bef-966dbeab1878.sock'), ('ROS_PYTHON_VERSION', '3'), ('VSCODE_GIT_ASKPASS_MAIN', '/root/.vscode-server/bin/17baf841131aa23349f217ca7c570c76ee87b957/extensions/git/dist/askpass-main.js'), ('VSCODE_GIT_ASKPASS_NODE', '/root/.vscode-server/bin/17baf841131aa23349f217ca7c570c76ee87b957/node'), ('LC_CTYPE', 'C.UTF-8'), ('COLORTERM', 'truecolor'), ('REMOTE_CONTAINERS', 'true'), ('COLCON_PREFIX_PATH', '/root/ros2_ws/install'), ('ROS_DISTRO', 'humble'), ('REMOTE_CONTAINERS_IPC', '/tmp/vscode-remote-containers-ipc-f285fd1d-9376-4a47-8352-1dbec715791d.sock'), ('_', '/usr/bin/colcon'), ('ROS_VERSION', '2'), ('PKG_CONFIG_PATH', '/root/ros2_ws/install/cartographer/lib/x86_64-linux-gnu/pkgconfig:/root/ros2_ws/install/cartographer/lib/pkgconfig'), ('TERM', 'xterm-256color'), ('ROS_LOCALHOST_ONLY', '0'), ('PATH', '/root/ros2_ws/install/cartographer/bin:/root/.vscode-server/bin/17baf841131aa23349f217ca7c570c76ee87b957/bin/remote-cli:/opt/ros/humble/bin:/usr/local/sbin:/usr/local/bin:/usr/sbin:/usr/bin:/sbin:/bin:/root/.vscode-server/data/User/globalStorage/github.copilot-chat/debugCommand'), ('REMOTE_CONTAINERS_SOCKETS', '["/tmp/vscode-ssh-auth-f285fd1d-9376-4a47-8352-1dbec715791d.sock","/root/.gnupg/S.gpg-agent"]'), ('DISPLAY', 'unix:0'), ('LANG', 'en_US.UTF-8'), ('VSCODE_GIT_IPC_HANDLE', '/tmp/vscode-git-3ce2b43cc6.sock'), ('TERM_PROGRAM', 'vscode'), ('SSH_AUTH_SOCK', '/tmp/vscode-ssh-auth-f285fd1d-9376-4a47-8352-1dbec715791d.sock'), ('AMENT_PREFIX_PATH', '/root/ros2_ws/install/ros2_opencv:/root/ros2_ws/install/Test_FirstPkg:/root/ros2_ws/install/rplidar_ros:/root/ros2_ws/install/cartographer_rviz:/root/ros2_ws/install/cartographer_ros:/root/ros2_ws/install/cartographer_ros_msgs:/opt/ros/humble'), ('SHELL', '/bin/bash'), ('VSCODE_GIT_ASKPASS_EXTRA_ARGS', ''), ('PWD', '/root/ros2_ws/build/rplidar_ros'), ('PYTHONPATH', '/root/ros2_ws/install/ros2_opencv/lib/python3.10/site-packages:/root/ros2_ws/install/cartographer_ros_msgs/local/lib/python3.10/dist-packages:/opt/ros/humble/lib/python3.10/site-packages:/opt/ros/humble/local/lib/python3.10/dist-packages'), ('COLCON', '1'), ('CMAKE_PREFIX_PATH', '/root/ros2_ws/install/Test_FirstPkg:/root/ros2_ws/install/rplidar_ros:/root/ros2_ws/install/cartographer_rviz:/root/ros2_ws/install/cartographer_ros:/root/ros2_ws/install/cartographer_ros_msgs:/root/ros2_ws/install/cartographer:/root/ros2_ws/install/ros2_opencv:/opt/ros/humble')]), 'shell': False}
[1.861941] (robocar_test_cpp) StdoutLine: {'line': b'-- Using all available rosidl_typesupport_cpp: rosidl_typesupport_fastrtps_cpp;rosidl_typesupport_introspection_cpp\n'}
[1.945268] (-) TimerEvent: {}
[2.045868] (-) TimerEvent: {}
[2.073644] (rplidar_ros) StdoutLine: {'line': b'\x1b[35m\x1b[1mConsolidate compiler generated dependencies of target rplidar_client\x1b[0m\n'}
[2.105977] (rplidar_ros) StdoutLine: {'line': b'\x1b[35m\x1b[1mConsolidate compiler generated dependencies of target rplidar_composition\x1b[0m\n'}
[2.108701] (rplidar_ros) StdoutLine: {'line': b'\x1b[35m\x1b[1mConsolidate compiler generated dependencies of target rplidar_node\x1b[0m\n'}
[2.147586] (-) TimerEvent: {}
[2.160323] (rplidar_ros) StdoutLine: {'line': b'[  5%] Built target rplidar_client\n'}
[2.178027] (cartographer_ros_msgs) StdoutLine: {'line': b'running egg_info\n'}
[2.178561] (cartographer_ros_msgs) StdoutLine: {'line': b'writing cartographer_ros_msgs.egg-info/PKG-INFO\n'}
[2.178936] (cartographer_ros_msgs) StdoutLine: {'line': b'writing dependency_links to cartographer_ros_msgs.egg-info/dependency_links.txt\n'}
[2.179223] (cartographer_ros_msgs) StdoutLine: {'line': b'writing top-level names to cartographer_ros_msgs.egg-info/top_level.txt\n'}
[2.201469] (cartographer_ros_msgs) StdoutLine: {'line': b"reading manifest file 'cartographer_ros_msgs.egg-info/SOURCES.txt'\n"}
[2.213630] (cartographer_ros_msgs) StdoutLine: {'line': b"writing manifest file 'cartographer_ros_msgs.egg-info/SOURCES.txt'\n"}
[2.247734] (-) TimerEvent: {}
[2.312644] (robocar_test_cpp) StdoutLine: {'line': b'-- Found rmw_implementation_cmake: 6.1.2 (/opt/ros/humble/share/rmw_implementation_cmake/cmake)\n'}
[2.313469] (rplidar_ros) StdoutLine: {'line': b'[ 52%] Built target rplidar_composition\n'}
[2.335166] (robocar_test_cpp) StdoutLine: {'line': b'-- Found rmw_fastrtps_cpp: 6.2.7 (/opt/ros/humble/share/rmw_fastrtps_cpp/cmake)\n'}
[2.348915] (-) TimerEvent: {}
[2.352563] (rplidar_ros) StdoutLine: {'line': b'[100%] Built target rplidar_node\n'}
[2.392036] (rplidar_ros) CommandEnded: {'returncode': 0}
[2.407358] (rplidar_ros) JobProgress: {'identifier': 'rplidar_ros', 'progress': 'install'}
[2.430692] (cartographer_ros_msgs) StdoutLine: {'line': b'[100%] Built target ament_cmake_python_build_cartographer_ros_msgs_egg\n'}
[2.451983] (rplidar_ros) Command: {'cmd': ['/usr/bin/cmake', '--install', '/root/ros2_ws/build/rplidar_ros'], 'cwd': '/root/ros2_ws/build/rplidar_ros', 'env': OrderedDict([('HOSTNAME', 'warnie'), ('GIT_ASKPASS', '/root/.vscode-server/bin/17baf841131aa23349f217ca7c570c76ee87b957/extensions/git/dist/askpass.sh'), ('SHLVL', '2'), ('LD_LIBRARY_PATH', '/root/ros2_ws/install/cartographer_rviz/lib:/root/ros2_ws/install/cartographer_ros/lib:/root/ros2_ws/install/cartographer_ros_msgs/lib:/opt/ros/humble/opt/rviz_ogre_vendor/lib:/opt/ros/humble/lib/x86_64-linux-gnu:/opt/ros/humble/lib'), ('BROWSER', '/root/.vscode-server/bin/17baf841131aa23349f217ca7c570c76ee87b957/bin/helpers/browser.sh'), ('HOME', '/root'), ('OLDPWD', '/root/ros2_ws/src'), ('TERM_PROGRAM_VERSION', '1.99.3'), ('VSCODE_IPC_HOOK_CLI', '/tmp/vscode-ipc-db8667da-dddf-4b8b-9bef-966dbeab1878.sock'), ('ROS_PYTHON_VERSION', '3'), ('VSCODE_GIT_ASKPASS_MAIN', '/root/.vscode-server/bin/17baf841131aa23349f217ca7c570c76ee87b957/extensions/git/dist/askpass-main.js'), ('VSCODE_GIT_ASKPASS_NODE', '/root/.vscode-server/bin/17baf841131aa23349f217ca7c570c76ee87b957/node'), ('LC_CTYPE', 'C.UTF-8'), ('COLORTERM', 'truecolor'), ('REMOTE_CONTAINERS', 'true'), ('COLCON_PREFIX_PATH', '/root/ros2_ws/install'), ('ROS_DISTRO', 'humble'), ('REMOTE_CONTAINERS_IPC', '/tmp/vscode-remote-containers-ipc-f285fd1d-9376-4a47-8352-1dbec715791d.sock'), ('_', '/usr/bin/colcon'), ('ROS_VERSION', '2'), ('PKG_CONFIG_PATH', '/root/ros2_ws/install/cartographer/lib/x86_64-linux-gnu/pkgconfig:/root/ros2_ws/install/cartographer/lib/pkgconfig'), ('TERM', 'xterm-256color'), ('ROS_LOCALHOST_ONLY', '0'), ('PATH', '/root/ros2_ws/install/cartographer/bin:/root/.vscode-server/bin/17baf841131aa23349f217ca7c570c76ee87b957/bin/remote-cli:/opt/ros/humble/bin:/usr/local/sbin:/usr/local/bin:/usr/sbin:/usr/bin:/sbin:/bin:/root/.vscode-server/data/User/globalStorage/github.copilot-chat/debugCommand'), ('REMOTE_CONTAINERS_SOCKETS', '["/tmp/vscode-ssh-auth-f285fd1d-9376-4a47-8352-1dbec715791d.sock","/root/.gnupg/S.gpg-agent"]'), ('DISPLAY', 'unix:0'), ('LANG', 'en_US.UTF-8'), ('VSCODE_GIT_IPC_HANDLE', '/tmp/vscode-git-3ce2b43cc6.sock'), ('TERM_PROGRAM', 'vscode'), ('SSH_AUTH_SOCK', '/tmp/vscode-ssh-auth-f285fd1d-9376-4a47-8352-1dbec715791d.sock'), ('AMENT_PREFIX_PATH', '/root/ros2_ws/install/ros2_opencv:/root/ros2_ws/install/Test_FirstPkg:/root/ros2_ws/install/rplidar_ros:/root/ros2_ws/install/cartographer_rviz:/root/ros2_ws/install/cartographer_ros:/root/ros2_ws/install/cartographer_ros_msgs:/opt/ros/humble'), ('SHELL', '/bin/bash'), ('VSCODE_GIT_ASKPASS_EXTRA_ARGS', ''), ('PWD', '/root/ros2_ws/build/rplidar_ros'), ('PYTHONPATH', '/root/ros2_ws/install/ros2_opencv/lib/python3.10/site-packages:/root/ros2_ws/install/cartographer_ros_msgs/local/lib/python3.10/dist-packages:/opt/ros/humble/lib/python3.10/site-packages:/opt/ros/humble/local/lib/python3.10/dist-packages'), ('COLCON', '1'), ('CMAKE_PREFIX_PATH', '/root/ros2_ws/install/Test_FirstPkg:/root/ros2_ws/install/rplidar_ros:/root/ros2_ws/install/cartographer_rviz:/root/ros2_ws/install/cartographer_ros:/root/ros2_ws/install/cartographer_ros_msgs:/root/ros2_ws/install/cartographer:/root/ros2_ws/install/ros2_opencv:/opt/ros/humble')]), 'shell': False}
[2.453027] (-) TimerEvent: {}
[2.477921] (rplidar_ros) StdoutLine: {'line': b'-- Install configuration: ""\n'}
[2.478836] (rplidar_ros) StdoutLine: {'line': b'-- Up-to-date: /root/ros2_ws/install/rplidar_ros/share/rplidar_ros/launch\n'}
[2.479126] (rplidar_ros) StdoutLine: {'line': b'-- Up-to-date: /root/ros2_ws/install/rplidar_ros/share/rplidar_ros/launch/rplidar_a2m8_launch.py\n'}
[2.479357] (rplidar_ros) StdoutLine: {'line': b'-- Up-to-date: /root/ros2_ws/install/rplidar_ros/share/rplidar_ros/launch/__pycache__\n'}
[2.479879] (rplidar_ros) StdoutLine: {'line': b'-- Up-to-date: /root/ros2_ws/install/rplidar_ros/share/rplidar_ros/launch/__pycache__/rplidar_c1_launch.cpython-310.pyc\n'}
[2.480402] (rplidar_ros) StdoutLine: {'line': b'-- Up-to-date: /root/ros2_ws/install/rplidar_ros/share/rplidar_ros/launch/__pycache__/view_rplidar_c1_launch.cpython-310.pyc\n'}
[2.482199] (rplidar_ros) StdoutLine: {'line': b'-- Up-to-date: /root/ros2_ws/install/rplidar_ros/share/rplidar_ros/launch/rplidar_a3_launch.py\n'}
[2.483835] (rplidar_ros) StdoutLine: {'line': b'-- Up-to-date: /root/ros2_ws/install/rplidar_ros/share/rplidar_ros/launch/rplidar_s2_launch.py\n'}
[2.486482] (rplidar_ros) StdoutLine: {'line': b'-- Up-to-date: /root/ros2_ws/install/rplidar_ros/share/rplidar_ros/launch/rplidar_a2m7_launch.py\n'}
[2.486809] (rplidar_ros) StdoutLine: {'line': b'-- Up-to-date: /root/ros2_ws/install/rplidar_ros/share/rplidar_ros/launch/rplidar_s3_launch.py\n'}
[2.487136] (rplidar_ros) StdoutLine: {'line': b'-- Up-to-date: /root/ros2_ws/install/rplidar_ros/share/rplidar_ros/launch/rplidar_c1_launch.py\n'}
[2.487366] (rplidar_ros) StdoutLine: {'line': b'-- Up-to-date: /root/ros2_ws/install/rplidar_ros/share/rplidar_ros/launch/rplidar_a1_launch.py\n'}
[2.487602] (rplidar_ros) StdoutLine: {'line': b'-- Up-to-date: /root/ros2_ws/install/rplidar_ros/share/rplidar_ros/launch/rplidar_a2m12_launch.py\n'}
[2.487868] (rplidar_ros) StdoutLine: {'line': b'-- Up-to-date: /root/ros2_ws/install/rplidar_ros/share/rplidar_ros/launch/view_rplidar_a2m12_launch.py\n'}
[2.488118] (rplidar_ros) StdoutLine: {'line': b'-- Up-to-date: /root/ros2_ws/install/rplidar_ros/share/rplidar_ros/launch/view_rplidar_t1_launch.py\n'}
[2.488338] (rplidar_ros) StdoutLine: {'line': b'-- Up-to-date: /root/ros2_ws/install/rplidar_ros/share/rplidar_ros/launch/view_rplidar_a1_launch.py\n'}
[2.488553] (rplidar_ros) StdoutLine: {'line': b'-- Up-to-date: /root/ros2_ws/install/rplidar_ros/share/rplidar_ros/launch/view_rplidar_a3_launch.py\n'}
[2.488759] (rplidar_ros) StdoutLine: {'line': b'-- Up-to-date: /root/ros2_ws/install/rplidar_ros/share/rplidar_ros/launch/rplidar_s2e_launch.py\n'}
[2.489373] (rplidar_ros) StdoutLine: {'line': b'-- Up-to-date: /root/ros2_ws/install/rplidar_ros/share/rplidar_ros/launch/view_rplidar_c1_launch.py\n'}
[2.489917] (rplidar_ros) StdoutLine: {'line': b'-- Up-to-date: /root/ros2_ws/install/rplidar_ros/share/rplidar_ros/launch/view_rplidar_s3_launch.py\n'}
[2.494620] (rplidar_ros) StdoutLine: {'line': b'-- Up-to-date: /root/ros2_ws/install/rplidar_ros/share/rplidar_ros/launch/view_rplidar_a2m7_launch.py\n'}
[2.498198] (rplidar_ros) StdoutLine: {'line': b'-- Up-to-date: /root/ros2_ws/install/rplidar_ros/share/rplidar_ros/launch/view_rplidar_s2_launch.py\n'}
[2.498897] (rplidar_ros) StdoutLine: {'line': b'-- Up-to-date: /root/ros2_ws/install/rplidar_ros/share/rplidar_ros/launch/rplidar_s1_tcp_launch.py\n'}
[2.500180] (rplidar_ros) StdoutLine: {'line': b'-- Up-to-date: /root/ros2_ws/install/rplidar_ros/share/rplidar_ros/launch/view_rplidar_a2m8_launch.py\n'}
[2.500906] (rplidar_ros) StdoutLine: {'line': b'-- Up-to-date: /root/ros2_ws/install/rplidar_ros/share/rplidar_ros/launch/rplidar_s1_launch.py\n'}
[2.501262] (rplidar_ros) StdoutLine: {'line': b'-- Up-to-date: /root/ros2_ws/install/rplidar_ros/share/rplidar_ros/launch/view_rplidar_s2e_launch.py\n'}
[2.501553] (rplidar_ros) StdoutLine: {'line': b'-- Up-to-date: /root/ros2_ws/install/rplidar_ros/share/rplidar_ros/launch/view_rplidar_s1_tcp_launch.py\n'}
[2.501801] (rplidar_ros) StdoutLine: {'line': b'-- Up-to-date: /root/ros2_ws/install/rplidar_ros/share/rplidar_ros/launch/rplidar_t1_launch.py\n'}
[2.502172] (rplidar_ros) StdoutLine: {'line': b'-- Up-to-date: /root/ros2_ws/install/rplidar_ros/share/rplidar_ros/launch/view_rplidar_s1_launch.py\n'}
[2.502475] (rplidar_ros) StdoutLine: {'line': b'-- Up-to-date: /root/ros2_ws/install/rplidar_ros/share/rplidar_ros/rviz\n'}
[2.502700] (rplidar_ros) StdoutLine: {'line': b'-- Up-to-date: /root/ros2_ws/install/rplidar_ros/share/rplidar_ros/rviz/rplidar_ros.rviz\n'}
[2.502979] (rplidar_ros) StdoutLine: {'line': b'-- Up-to-date: /root/ros2_ws/install/rplidar_ros/lib/rplidar_ros/rplidar_node\n'}
[2.503226] (rplidar_ros) StdoutLine: {'line': b'-- Up-to-date: /root/ros2_ws/install/rplidar_ros/lib/rplidar_ros/rplidar_composition\n'}
[2.503429] (rplidar_ros) StdoutLine: {'line': b'-- Up-to-date: /root/ros2_ws/install/rplidar_ros/lib/rplidar_ros/rplidar_client\n'}
[2.503631] (rplidar_ros) StdoutLine: {'line': b'-- Up-to-date: /root/ros2_ws/install/rplidar_ros/share/ament_index/resource_index/package_run_dependencies/rplidar_ros\n'}
[2.503920] (rplidar_ros) StdoutLine: {'line': b'-- Up-to-date: /root/ros2_ws/install/rplidar_ros/share/ament_index/resource_index/parent_prefix_path/rplidar_ros\n'}
[2.504344] (rplidar_ros) StdoutLine: {'line': b'-- Up-to-date: /root/ros2_ws/install/rplidar_ros/share/rplidar_ros/environment/ament_prefix_path.sh\n'}
[2.504599] (rplidar_ros) StdoutLine: {'line': b'-- Up-to-date: /root/ros2_ws/install/rplidar_ros/share/rplidar_ros/environment/ament_prefix_path.dsv\n'}
[2.504859] (rplidar_ros) StdoutLine: {'line': b'-- Up-to-date: /root/ros2_ws/install/rplidar_ros/share/rplidar_ros/environment/path.sh\n'}
[2.505111] (rplidar_ros) StdoutLine: {'line': b'-- Up-to-date: /root/ros2_ws/install/rplidar_ros/share/rplidar_ros/environment/path.dsv\n'}
[2.505849] (rplidar_ros) StdoutLine: {'line': b'-- Up-to-date: /root/ros2_ws/install/rplidar_ros/share/rplidar_ros/local_setup.bash\n'}
[2.506318] (rplidar_ros) StdoutLine: {'line': b'-- Up-to-date: /root/ros2_ws/install/rplidar_ros/share/rplidar_ros/local_setup.sh\n'}
[2.506588] (rplidar_ros) StdoutLine: {'line': b'-- Up-to-date: /root/ros2_ws/install/rplidar_ros/share/rplidar_ros/local_setup.zsh\n'}
[2.506839] (rplidar_ros) StdoutLine: {'line': b'-- Up-to-date: /root/ros2_ws/install/rplidar_ros/share/rplidar_ros/local_setup.dsv\n'}
[2.507139] (rplidar_ros) StdoutLine: {'line': b'-- Installing: /root/ros2_ws/install/rplidar_ros/share/rplidar_ros/package.dsv\n'}
[2.507411] (rplidar_ros) StdoutLine: {'line': b'-- Up-to-date: /root/ros2_ws/install/rplidar_ros/share/ament_index/resource_index/packages/rplidar_ros\n'}
[2.507647] (rplidar_ros) StdoutLine: {'line': b'-- Up-to-date: /root/ros2_ws/install/rplidar_ros/share/rplidar_ros/cmake/ament_cmake_export_dependencies-extras.cmake\n'}
[2.507993] (rplidar_ros) StdoutLine: {'line': b'-- Up-to-date: /root/ros2_ws/install/rplidar_ros/share/rplidar_ros/cmake/ament_cmake_export_include_directories-extras.cmake\n'}
[2.508398] (rplidar_ros) StdoutLine: {'line': b'-- Up-to-date: /root/ros2_ws/install/rplidar_ros/share/rplidar_ros/cmake/rplidar_rosConfig.cmake\n'}
[2.508763] (rplidar_ros) StdoutLine: {'line': b'-- Up-to-date: /root/ros2_ws/install/rplidar_ros/share/rplidar_ros/cmake/rplidar_rosConfig-version.cmake\n'}
[2.509073] (rplidar_ros) StdoutLine: {'line': b'-- Up-to-date: /root/ros2_ws/install/rplidar_ros/share/rplidar_ros/package.xml\n'}
[2.515665] (rplidar_ros) CommandEnded: {'returncode': 0}
[2.553519] (-) TimerEvent: {}
[2.631765] (rplidar_ros) JobEnded: {'identifier': 'rplidar_ros', 'rc': 0}
[2.636387] (cartographer_ros_msgs) CommandEnded: {'returncode': 0}
[2.643983] (cartographer_ros_msgs) JobProgress: {'identifier': 'cartographer_ros_msgs', 'progress': 'install'}
[2.644222] (cartographer_ros_msgs) Command: {'cmd': ['/usr/bin/cmake', '--install', '/root/ros2_ws/build/cartographer_ros_msgs'], 'cwd': '/root/ros2_ws/build/cartographer_ros_msgs', 'env': OrderedDict([('HOSTNAME', 'warnie'), ('GIT_ASKPASS', '/root/.vscode-server/bin/17baf841131aa23349f217ca7c570c76ee87b957/extensions/git/dist/askpass.sh'), ('SHLVL', '2'), ('LD_LIBRARY_PATH', '/root/ros2_ws/install/cartographer_rviz/lib:/root/ros2_ws/install/cartographer_ros/lib:/root/ros2_ws/install/cartographer_ros_msgs/lib:/opt/ros/humble/opt/rviz_ogre_vendor/lib:/opt/ros/humble/lib/x86_64-linux-gnu:/opt/ros/humble/lib'), ('BROWSER', '/root/.vscode-server/bin/17baf841131aa23349f217ca7c570c76ee87b957/bin/helpers/browser.sh'), ('HOME', '/root'), ('OLDPWD', '/root/ros2_ws/src'), ('TERM_PROGRAM_VERSION', '1.99.3'), ('VSCODE_IPC_HOOK_CLI', '/tmp/vscode-ipc-db8667da-dddf-4b8b-9bef-966dbeab1878.sock'), ('ROS_PYTHON_VERSION', '3'), ('VSCODE_GIT_ASKPASS_MAIN', '/root/.vscode-server/bin/17baf841131aa23349f217ca7c570c76ee87b957/extensions/git/dist/askpass-main.js'), ('VSCODE_GIT_ASKPASS_NODE', '/root/.vscode-server/bin/17baf841131aa23349f217ca7c570c76ee87b957/node'), ('LC_CTYPE', 'C.UTF-8'), ('COLORTERM', 'truecolor'), ('REMOTE_CONTAINERS', 'true'), ('COLCON_PREFIX_PATH', '/root/ros2_ws/install'), ('ROS_DISTRO', 'humble'), ('REMOTE_CONTAINERS_IPC', '/tmp/vscode-remote-containers-ipc-f285fd1d-9376-4a47-8352-1dbec715791d.sock'), ('_', '/usr/bin/colcon'), ('ROS_VERSION', '2'), ('PKG_CONFIG_PATH', '/root/ros2_ws/install/cartographer/lib/x86_64-linux-gnu/pkgconfig:/root/ros2_ws/install/cartographer/lib/pkgconfig'), ('TERM', 'xterm-256color'), ('ROS_LOCALHOST_ONLY', '0'), ('PATH', '/root/ros2_ws/install/cartographer/bin:/root/.vscode-server/bin/17baf841131aa23349f217ca7c570c76ee87b957/bin/remote-cli:/opt/ros/humble/bin:/usr/local/sbin:/usr/local/bin:/usr/sbin:/usr/bin:/sbin:/bin:/root/.vscode-server/data/User/globalStorage/github.copilot-chat/debugCommand'), ('REMOTE_CONTAINERS_SOCKETS', '["/tmp/vscode-ssh-auth-f285fd1d-9376-4a47-8352-1dbec715791d.sock","/root/.gnupg/S.gpg-agent"]'), ('DISPLAY', 'unix:0'), ('LANG', 'en_US.UTF-8'), ('VSCODE_GIT_IPC_HANDLE', '/tmp/vscode-git-3ce2b43cc6.sock'), ('TERM_PROGRAM', 'vscode'), ('SSH_AUTH_SOCK', '/tmp/vscode-ssh-auth-f285fd1d-9376-4a47-8352-1dbec715791d.sock'), ('AMENT_PREFIX_PATH', '/root/ros2_ws/install/ros2_opencv:/root/ros2_ws/install/Test_FirstPkg:/root/ros2_ws/install/rplidar_ros:/root/ros2_ws/install/cartographer_rviz:/root/ros2_ws/install/cartographer_ros:/root/ros2_ws/install/cartographer_ros_msgs:/opt/ros/humble'), ('SHELL', '/bin/bash'), ('VSCODE_GIT_ASKPASS_EXTRA_ARGS', ''), ('PWD', '/root/ros2_ws/build/cartographer_ros_msgs'), ('PYTHONPATH', '/root/ros2_ws/install/ros2_opencv/lib/python3.10/site-packages:/root/ros2_ws/install/cartographer_ros_msgs/local/lib/python3.10/dist-packages:/opt/ros/humble/lib/python3.10/site-packages:/opt/ros/humble/local/lib/python3.10/dist-packages'), ('COLCON', '1'), ('CMAKE_PREFIX_PATH', '/root/ros2_ws/install/Test_FirstPkg:/root/ros2_ws/install/rplidar_ros:/root/ros2_ws/install/cartographer_rviz:/root/ros2_ws/install/cartographer_ros:/root/ros2_ws/install/cartographer_ros_msgs:/root/ros2_ws/install/cartographer:/root/ros2_ws/install/ros2_opencv:/opt/ros/humble')]), 'shell': False}
[2.653632] (-) TimerEvent: {}
[2.697645] (cartographer_ros_msgs) StdoutLine: {'line': b'-- Install configuration: ""\n'}
[2.698197] (cartographer_ros_msgs) StdoutLine: {'line': b'-- Up-to-date: /root/ros2_ws/install/cartographer_ros_msgs/share/ament_index/resource_index/rosidl_interfaces/cartographer_ros_msgs\n'}
[2.699722] (cartographer_ros_msgs) StdoutLine: {'line': b'-- Up-to-date: /root/ros2_ws/install/cartographer_ros_msgs/include/cartographer_ros_msgs/cartographer_ros_msgs\n'}
[2.701339] (cartographer_ros_msgs) StdoutLine: {'line': b'-- Up-to-date: /root/ros2_ws/install/cartographer_ros_msgs/include/cartographer_ros_msgs/cartographer_ros_msgs/srv\n'}
[2.701625] (cartographer_ros_msgs) StdoutLine: {'line': b'-- Up-to-date: /root/ros2_ws/install/cartographer_ros_msgs/include/cartographer_ros_msgs/cartographer_ros_msgs/srv/get_trajectory_states.h\n'}
[2.701875] (cartographer_ros_msgs) StdoutLine: {'line': b'-- Up-to-date: /root/ros2_ws/install/cartographer_ros_msgs/include/cartographer_ros_msgs/cartographer_ros_msgs/srv/read_metrics.h\n'}
[2.702135] (cartographer_ros_msgs) StdoutLine: {'line': b'-- Up-to-date: /root/ros2_ws/install/cartographer_ros_msgs/include/cartographer_ros_msgs/cartographer_ros_msgs/srv/finish_trajectory.h\n'}
[2.702387] (cartographer_ros_msgs) StdoutLine: {'line': b'-- Up-to-date: /root/ros2_ws/install/cartographer_ros_msgs/include/cartographer_ros_msgs/cartographer_ros_msgs/srv/write_state.h\n'}
[2.702609] (cartographer_ros_msgs) StdoutLine: {'line': b'-- Up-to-date: /root/ros2_ws/install/cartographer_ros_msgs/include/cartographer_ros_msgs/cartographer_ros_msgs/srv/submap_query.h\n'}
[2.703108] (cartographer_ros_msgs) StdoutLine: {'line': b'-- Up-to-date: /root/ros2_ws/install/cartographer_ros_msgs/include/cartographer_ros_msgs/cartographer_ros_msgs/srv/start_trajectory.h\n'}
[2.705683] (cartographer_ros_msgs) StdoutLine: {'line': b'-- Up-to-date: /root/ros2_ws/install/cartographer_ros_msgs/include/cartographer_ros_msgs/cartographer_ros_msgs/srv/detail\n'}
[2.709597] (cartographer_ros_msgs) StdoutLine: {'line': b'-- Up-to-date: /root/ros2_ws/install/cartographer_ros_msgs/include/cartographer_ros_msgs/cartographer_ros_msgs/srv/detail/write_state__type_support.h\n'}
[2.710346] (cartographer_ros_msgs) StdoutLine: {'line': b'-- Up-to-date: /root/ros2_ws/install/cartographer_ros_msgs/include/cartographer_ros_msgs/cartographer_ros_msgs/srv/detail/get_trajectory_states__struct.h\n'}
[2.710606] (cartographer_ros_msgs) StdoutLine: {'line': b'-- Up-to-date: /root/ros2_ws/install/cartographer_ros_msgs/include/cartographer_ros_msgs/cartographer_ros_msgs/srv/detail/start_trajectory__functions.h\n'}
[2.710848] (cartographer_ros_msgs) StdoutLine: {'line': b'-- Up-to-date: /root/ros2_ws/install/cartographer_ros_msgs/include/cartographer_ros_msgs/cartographer_ros_msgs/srv/detail/finish_trajectory__functions.h\n'}
[2.712381] (cartographer_ros_msgs) StdoutLine: {'line': b'-- Up-to-date: /root/ros2_ws/install/cartographer_ros_msgs/include/cartographer_ros_msgs/cartographer_ros_msgs/srv/detail/get_trajectory_states__functions.c\n'}
[2.713431] (cartographer_ros_msgs) StdoutLine: {'line': b'-- Up-to-date: /root/ros2_ws/install/cartographer_ros_msgs/include/cartographer_ros_msgs/cartographer_ros_msgs/srv/detail/submap_query__type_support.h\n'}
[2.715730] (cartographer_ros_msgs) StdoutLine: {'line': b'-- Up-to-date: /root/ros2_ws/install/cartographer_ros_msgs/include/cartographer_ros_msgs/cartographer_ros_msgs/srv/detail/trajectory_query__functions.h\n'}
[2.716733] (cartographer_ros_msgs) StdoutLine: {'line': b'-- Up-to-date: /root/ros2_ws/install/cartographer_ros_msgs/include/cartographer_ros_msgs/cartographer_ros_msgs/srv/detail/trajectory_query__functions.c\n'}
[2.717772] (cartographer_ros_msgs) StdoutLine: {'line': b'-- Up-to-date: /root/ros2_ws/install/cartographer_ros_msgs/include/cartographer_ros_msgs/cartographer_ros_msgs/srv/detail/get_trajectory_states__functions.h\n'}
[2.718134] (cartographer_ros_msgs) StdoutLine: {'line': b'-- Up-to-date: /root/ros2_ws/install/cartographer_ros_msgs/include/cartographer_ros_msgs/cartographer_ros_msgs/srv/detail/trajectory_query__struct.h\n'}
[2.718449] (cartographer_ros_msgs) StdoutLine: {'line': b'-- Up-to-date: /root/ros2_ws/install/cartographer_ros_msgs/include/cartographer_ros_msgs/cartographer_ros_msgs/srv/detail/read_metrics__type_support.h\n'}
[2.718756] (cartographer_ros_msgs) StdoutLine: {'line': b'-- Up-to-date: /root/ros2_ws/install/cartographer_ros_msgs/include/cartographer_ros_msgs/cartographer_ros_msgs/srv/detail/trajectory_query__type_support.h\n'}
[2.720581] (cartographer_ros_msgs) StdoutLine: {'line': b'-- Up-to-date: /root/ros2_ws/install/cartographer_ros_msgs/include/cartographer_ros_msgs/cartographer_ros_msgs/srv/detail/start_trajectory__functions.c\n'}
[2.720900] (cartographer_ros_msgs) StdoutLine: {'line': b'-- Up-to-date: /root/ros2_ws/install/cartographer_ros_msgs/include/cartographer_ros_msgs/cartographer_ros_msgs/srv/detail/start_trajectory__struct.h\n'}
[2.721241] (cartographer_ros_msgs) StdoutLine: {'line': b'-- Up-to-date: /root/ros2_ws/install/cartographer_ros_msgs/include/cartographer_ros_msgs/cartographer_ros_msgs/srv/detail/read_metrics__struct.h\n'}
[2.724603] (cartographer_ros_msgs) StdoutLine: {'line': b'-- Up-to-date: /root/ros2_ws/install/cartographer_ros_msgs/include/cartographer_ros_msgs/cartographer_ros_msgs/srv/detail/submap_query__functions.h\n'}
[2.727753] (cartographer_ros_msgs) StdoutLine: {'line': b'-- Up-to-date: /root/ros2_ws/install/cartographer_ros_msgs/include/cartographer_ros_msgs/cartographer_ros_msgs/srv/detail/submap_query__struct.h\n'}
[2.730598] (cartographer_ros_msgs) StdoutLine: {'line': b'-- Up-to-date: /root/ros2_ws/install/cartographer_ros_msgs/include/cartographer_ros_msgs/cartographer_ros_msgs/srv/detail/write_state__functions.c\n'}
[2.731062] (cartographer_ros_msgs) StdoutLine: {'line': b'-- Up-to-date: /root/ros2_ws/install/cartographer_ros_msgs/include/cartographer_ros_msgs/cartographer_ros_msgs/srv/detail/write_state__struct.h\n'}
[2.731448] (cartographer_ros_msgs) StdoutLine: {'line': b'-- Up-to-date: /root/ros2_ws/install/cartographer_ros_msgs/include/cartographer_ros_msgs/cartographer_ros_msgs/srv/detail/read_metrics__functions.h\n'}
[2.734365] (cartographer_ros_msgs) StdoutLine: {'line': b'-- Up-to-date: /root/ros2_ws/install/cartographer_ros_msgs/include/cartographer_ros_msgs/cartographer_ros_msgs/srv/detail/get_trajectory_states__type_support.h\n'}
[2.734912] (cartographer_ros_msgs) StdoutLine: {'line': b'-- Up-to-date: /root/ros2_ws/install/cartographer_ros_msgs/include/cartographer_ros_msgs/cartographer_ros_msgs/srv/detail/read_metrics__functions.c\n'}
[2.735345] (cartographer_ros_msgs) StdoutLine: {'line': b'-- Up-to-date: /root/ros2_ws/install/cartographer_ros_msgs/include/cartographer_ros_msgs/cartographer_ros_msgs/srv/detail/finish_trajectory__type_support.h\n'}
[2.736130] (cartographer_ros_msgs) StdoutLine: {'line': b'-- Up-to-date: /root/ros2_ws/install/cartographer_ros_msgs/include/cartographer_ros_msgs/cartographer_ros_msgs/srv/detail/write_state__functions.h\n'}
[2.736397] (cartographer_ros_msgs) StdoutLine: {'line': b'-- Up-to-date: /root/ros2_ws/install/cartographer_ros_msgs/include/cartographer_ros_msgs/cartographer_ros_msgs/srv/detail/start_trajectory__type_support.h\n'}
[2.736629] (cartographer_ros_msgs) StdoutLine: {'line': b'-- Up-to-date: /root/ros2_ws/install/cartographer_ros_msgs/include/cartographer_ros_msgs/cartographer_ros_msgs/srv/detail/finish_trajectory__functions.c\n'}
[2.736859] (cartographer_ros_msgs) StdoutLine: {'line': b'-- Up-to-date: /root/ros2_ws/install/cartographer_ros_msgs/include/cartographer_ros_msgs/cartographer_ros_msgs/srv/detail/submap_query__functions.c\n'}
[2.737133] (cartographer_ros_msgs) StdoutLine: {'line': b'-- Up-to-date: /root/ros2_ws/install/cartographer_ros_msgs/include/cartographer_ros_msgs/cartographer_ros_msgs/srv/detail/finish_trajectory__struct.h\n'}
[2.737456] (cartographer_ros_msgs) StdoutLine: {'line': b'-- Up-to-date: /root/ros2_ws/install/cartographer_ros_msgs/include/cartographer_ros_msgs/cartographer_ros_msgs/srv/trajectory_query.h\n'}
[2.738093] (cartographer_ros_msgs) StdoutLine: {'line': b'-- Up-to-date: /root/ros2_ws/install/cartographer_ros_msgs/include/cartographer_ros_msgs/cartographer_ros_msgs/msg\n'}
[2.738499] (cartographer_ros_msgs) StdoutLine: {'line': b'-- Up-to-date: /root/ros2_ws/install/cartographer_ros_msgs/include/cartographer_ros_msgs/cartographer_ros_msgs/msg/landmark_list.h\n'}
[2.738921] (cartographer_ros_msgs) StdoutLine: {'line': b'-- Up-to-date: /root/ros2_ws/install/cartographer_ros_msgs/include/cartographer_ros_msgs/cartographer_ros_msgs/msg/landmark_entry.h\n'}
[2.739205] (cartographer_ros_msgs) StdoutLine: {'line': b'-- Up-to-date: /root/ros2_ws/install/cartographer_ros_msgs/include/cartographer_ros_msgs/cartographer_ros_msgs/msg/metric_family.h\n'}
[2.739743] (cartographer_ros_msgs) StdoutLine: {'line': b'-- Up-to-date: /root/ros2_ws/install/cartographer_ros_msgs/include/cartographer_ros_msgs/cartographer_ros_msgs/msg/bagfile_progress.h\n'}
[2.740011] (cartographer_ros_msgs) StdoutLine: {'line': b'-- Up-to-date: /root/ros2_ws/install/cartographer_ros_msgs/include/cartographer_ros_msgs/cartographer_ros_msgs/msg/trajectory_states.h\n'}
[2.740228] (cartographer_ros_msgs) StdoutLine: {'line': b'-- Up-to-date: /root/ros2_ws/install/cartographer_ros_msgs/include/cartographer_ros_msgs/cartographer_ros_msgs/msg/submap_texture.h\n'}
[2.740727] (cartographer_ros_msgs) StdoutLine: {'line': b'-- Up-to-date: /root/ros2_ws/install/cartographer_ros_msgs/include/cartographer_ros_msgs/cartographer_ros_msgs/msg/rosidl_generator_c__visibility_control.h\n'}
[2.741334] (cartographer_ros_msgs) StdoutLine: {'line': b'-- Up-to-date: /root/ros2_ws/install/cartographer_ros_msgs/include/cartographer_ros_msgs/cartographer_ros_msgs/msg/status_response.h\n'}
[2.741596] (cartographer_ros_msgs) StdoutLine: {'line': b'-- Up-to-date: /root/ros2_ws/install/cartographer_ros_msgs/include/cartographer_ros_msgs/cartographer_ros_msgs/msg/submap_entry.h\n'}
[2.741907] (cartographer_ros_msgs) StdoutLine: {'line': b'-- Up-to-date: /root/ros2_ws/install/cartographer_ros_msgs/include/cartographer_ros_msgs/cartographer_ros_msgs/msg/status_code.h\n'}
[2.742443] (cartographer_ros_msgs) StdoutLine: {'line': b'-- Up-to-date: /root/ros2_ws/install/cartographer_ros_msgs/include/cartographer_ros_msgs/cartographer_ros_msgs/msg/metric_label.h\n'}
[2.743178] (cartographer_ros_msgs) StdoutLine: {'line': b'-- Up-to-date: /root/ros2_ws/install/cartographer_ros_msgs/include/cartographer_ros_msgs/cartographer_ros_msgs/msg/detail\n'}
[2.743475] (cartographer_ros_msgs) StdoutLine: {'line': b'-- Up-to-date: /root/ros2_ws/install/cartographer_ros_msgs/include/cartographer_ros_msgs/cartographer_ros_msgs/msg/detail/histogram_bucket__type_support.h\n'}
[2.743711] (cartographer_ros_msgs) StdoutLine: {'line': b'-- Up-to-date: /root/ros2_ws/install/cartographer_ros_msgs/include/cartographer_ros_msgs/cartographer_ros_msgs/msg/detail/status_code__struct.h\n'}
[2.743998] (cartographer_ros_msgs) StdoutLine: {'line': b'-- Up-to-date: /root/ros2_ws/install/cartographer_ros_msgs/include/cartographer_ros_msgs/cartographer_ros_msgs/msg/detail/landmark_entry__struct.h\n'}
[2.744238] (cartographer_ros_msgs) StdoutLine: {'line': b'-- Up-to-date: /root/ros2_ws/install/cartographer_ros_msgs/include/cartographer_ros_msgs/cartographer_ros_msgs/msg/detail/status_response__struct.h\n'}
[2.744489] (cartographer_ros_msgs) StdoutLine: {'line': b'-- Up-to-date: /root/ros2_ws/install/cartographer_ros_msgs/include/cartographer_ros_msgs/cartographer_ros_msgs/msg/detail/landmark_entry__type_support.h\n'}
[2.744721] (cartographer_ros_msgs) StdoutLine: {'line': b'-- Up-to-date: /root/ros2_ws/install/cartographer_ros_msgs/include/cartographer_ros_msgs/cartographer_ros_msgs/msg/detail/metric_family__struct.h\n'}
[2.745062] (cartographer_ros_msgs) StdoutLine: {'line': b'-- Up-to-date: /root/ros2_ws/install/cartographer_ros_msgs/include/cartographer_ros_msgs/cartographer_ros_msgs/msg/detail/metric_family__functions.c\n'}
[2.745338] (cartographer_ros_msgs) StdoutLine: {'line': b'-- Up-to-date: /root/ros2_ws/install/cartographer_ros_msgs/include/cartographer_ros_msgs/cartographer_ros_msgs/msg/detail/submap_texture__functions.h\n'}
[2.745627] (cartographer_ros_msgs) StdoutLine: {'line': b'-- Up-to-date: /root/ros2_ws/install/cartographer_ros_msgs/include/cartographer_ros_msgs/cartographer_ros_msgs/msg/detail/histogram_bucket__struct.h\n'}
[2.745930] (cartographer_ros_msgs) StdoutLine: {'line': b'-- Up-to-date: /root/ros2_ws/install/cartographer_ros_msgs/include/cartographer_ros_msgs/cartographer_ros_msgs/msg/detail/status_code__type_support.h\n'}
[2.746770] (cartographer_ros_msgs) StdoutLine: {'line': b'-- Up-to-date: /root/ros2_ws/install/cartographer_ros_msgs/include/cartographer_ros_msgs/cartographer_ros_msgs/msg/detail/metric_family__type_support.h\n'}
[2.747149] (cartographer_ros_msgs) StdoutLine: {'line': b'-- Up-to-date: /root/ros2_ws/install/cartographer_ros_msgs/include/cartographer_ros_msgs/cartographer_ros_msgs/msg/detail/metric_label__struct.h\n'}
[2.747393] (cartographer_ros_msgs) StdoutLine: {'line': b'-- Up-to-date: /root/ros2_ws/install/cartographer_ros_msgs/include/cartographer_ros_msgs/cartographer_ros_msgs/msg/detail/submap_list__functions.h\n'}
[2.747671] (cartographer_ros_msgs) StdoutLine: {'line': b'-- Up-to-date: /root/ros2_ws/install/cartographer_ros_msgs/include/cartographer_ros_msgs/cartographer_ros_msgs/msg/detail/bagfile_progress__type_support.h\n'}
[2.748016] (cartographer_ros_msgs) StdoutLine: {'line': b'-- Up-to-date: /root/ros2_ws/install/cartographer_ros_msgs/include/cartographer_ros_msgs/cartographer_ros_msgs/msg/detail/status_response__functions.c\n'}
[2.748339] (cartographer_ros_msgs) StdoutLine: {'line': b'-- Up-to-date: /root/ros2_ws/install/cartographer_ros_msgs/include/cartographer_ros_msgs/cartographer_ros_msgs/msg/detail/submap_list__type_support.h\n'}
[2.749072] (cartographer_ros_msgs) StdoutLine: {'line': b'-- Up-to-date: /root/ros2_ws/install/cartographer_ros_msgs/include/cartographer_ros_msgs/cartographer_ros_msgs/msg/detail/submap_texture__functions.c\n'}
[2.749587] (cartographer_ros_msgs) StdoutLine: {'line': b'-- Up-to-date: /root/ros2_ws/install/cartographer_ros_msgs/include/cartographer_ros_msgs/cartographer_ros_msgs/msg/detail/submap_entry__struct.h\n'}
[2.750085] (cartographer_ros_msgs) StdoutLine: {'line': b'-- Up-to-date: /root/ros2_ws/install/cartographer_ros_msgs/include/cartographer_ros_msgs/cartographer_ros_msgs/msg/detail/status_response__functions.h\n'}
[2.750387] (cartographer_ros_msgs) StdoutLine: {'line': b'-- Up-to-date: /root/ros2_ws/install/cartographer_ros_msgs/include/cartographer_ros_msgs/cartographer_ros_msgs/msg/detail/histogram_bucket__functions.c\n'}
[2.750648] (cartographer_ros_msgs) StdoutLine: {'line': b'-- Up-to-date: /root/ros2_ws/install/cartographer_ros_msgs/include/cartographer_ros_msgs/cartographer_ros_msgs/msg/detail/trajectory_states__functions.c\n'}
[2.750951] (cartographer_ros_msgs) StdoutLine: {'line': b'-- Up-to-date: /root/ros2_ws/install/cartographer_ros_msgs/include/cartographer_ros_msgs/cartographer_ros_msgs/msg/detail/landmark_list__functions.h\n'}
[2.751235] (cartographer_ros_msgs) StdoutLine: {'line': b'-- Up-to-date: /root/ros2_ws/install/cartographer_ros_msgs/include/cartographer_ros_msgs/cartographer_ros_msgs/msg/detail/landmark_list__struct.h\n'}
[2.751491] (cartographer_ros_msgs) StdoutLine: {'line': b'-- Up-to-date: /root/ros2_ws/install/cartographer_ros_msgs/include/cartographer_ros_msgs/cartographer_ros_msgs/msg/detail/landmark_list__type_support.h\n'}
[2.751778] (cartographer_ros_msgs) StdoutLine: {'line': b'-- Up-to-date: /root/ros2_ws/install/cartographer_ros_msgs/include/cartographer_ros_msgs/cartographer_ros_msgs/msg/detail/status_code__functions.h\n'}
[2.752070] (cartographer_ros_msgs) StdoutLine: {'line': b'-- Up-to-date: /root/ros2_ws/install/cartographer_ros_msgs/include/cartographer_ros_msgs/cartographer_ros_msgs/msg/detail/metric__functions.h\n'}
[2.752310] (cartographer_ros_msgs) StdoutLine: {'line': b'-- Up-to-date: /root/ros2_ws/install/cartographer_ros_msgs/include/cartographer_ros_msgs/cartographer_ros_msgs/msg/detail/landmark_list__functions.c\n'}
[2.752548] (cartographer_ros_msgs) StdoutLine: {'line': b'-- Up-to-date: /root/ros2_ws/install/cartographer_ros_msgs/include/cartographer_ros_msgs/cartographer_ros_msgs/msg/detail/submap_entry__type_support.h\n'}
[2.752785] (cartographer_ros_msgs) StdoutLine: {'line': b'-- Up-to-date: /root/ros2_ws/install/cartographer_ros_msgs/include/cartographer_ros_msgs/cartographer_ros_msgs/msg/detail/status_response__type_support.h\n'}
[2.753280] (cartographer_ros_msgs) StdoutLine: {'line': b'-- Up-to-date: /root/ros2_ws/install/cartographer_ros_msgs/include/cartographer_ros_msgs/cartographer_ros_msgs/msg/detail/metric_label__type_support.h\n'}
[2.753550] (cartographer_ros_msgs) StdoutLine: {'line': b'-- Up-to-date: /root/ros2_ws/install/cartographer_ros_msgs/include/cartographer_ros_msgs/cartographer_ros_msgs/msg/detail/submap_entry__functions.h\n'}
[2.754083] (-) TimerEvent: {}
[2.754434] (cartographer_ros_msgs) StdoutLine: {'line': b'-- Up-to-date: /root/ros2_ws/install/cartographer_ros_msgs/include/cartographer_ros_msgs/cartographer_ros_msgs/msg/detail/submap_texture__struct.h\n'}
[2.754801] (cartographer_ros_msgs) StdoutLine: {'line': b'-- Up-to-date: /root/ros2_ws/install/cartographer_ros_msgs/include/cartographer_ros_msgs/cartographer_ros_msgs/msg/detail/histogram_bucket__functions.h\n'}
[2.755238] (cartographer_ros_msgs) StdoutLine: {'line': b'-- Up-to-date: /root/ros2_ws/install/cartographer_ros_msgs/include/cartographer_ros_msgs/cartographer_ros_msgs/msg/detail/trajectory_states__type_support.h\n'}
[2.755535] (cartographer_ros_msgs) StdoutLine: {'line': b'-- Up-to-date: /root/ros2_ws/install/cartographer_ros_msgs/include/cartographer_ros_msgs/cartographer_ros_msgs/msg/detail/submap_list__struct.h\n'}
[2.756283] (cartographer_ros_msgs) StdoutLine: {'line': b'-- Up-to-date: /root/ros2_ws/install/cartographer_ros_msgs/include/cartographer_ros_msgs/cartographer_ros_msgs/msg/detail/submap_entry__functions.c\n'}
[2.756794] (cartographer_ros_msgs) StdoutLine: {'line': b'-- Up-to-date: /root/ros2_ws/install/cartographer_ros_msgs/include/cartographer_ros_msgs/cartographer_ros_msgs/msg/detail/bagfile_progress__functions.c\n'}
[2.757436] (cartographer_ros_msgs) StdoutLine: {'line': b'-- Up-to-date: /root/ros2_ws/install/cartographer_ros_msgs/include/cartographer_ros_msgs/cartographer_ros_msgs/msg/detail/submap_list__functions.c\n'}
[2.757805] (cartographer_ros_msgs) StdoutLine: {'line': b'-- Up-to-date: /root/ros2_ws/install/cartographer_ros_msgs/include/cartographer_ros_msgs/cartographer_ros_msgs/msg/detail/trajectory_states__struct.h\n'}
[2.759960] (cartographer_ros_msgs) StdoutLine: {'line': b'-- Up-to-date: /root/ros2_ws/install/cartographer_ros_msgs/include/cartographer_ros_msgs/cartographer_ros_msgs/msg/detail/trajectory_states__functions.h\n'}
[2.760787] (cartographer_ros_msgs) StdoutLine: {'line': b'-- Up-to-date: /root/ros2_ws/install/cartographer_ros_msgs/include/cartographer_ros_msgs/cartographer_ros_msgs/msg/detail/submap_texture__type_support.h\n'}
[2.761139] (cartographer_ros_msgs) StdoutLine: {'line': b'-- Up-to-date: /root/ros2_ws/install/cartographer_ros_msgs/include/cartographer_ros_msgs/cartographer_ros_msgs/msg/detail/bagfile_progress__functions.h\n'}
[2.764581] (cartographer_ros_msgs) StdoutLine: {'line': b'-- Up-to-date: /root/ros2_ws/install/cartographer_ros_msgs/include/cartographer_ros_msgs/cartographer_ros_msgs/msg/detail/bagfile_progress__struct.h\n'}
[2.765314] (cartographer_ros_msgs) StdoutLine: {'line': b'-- Up-to-date: /root/ros2_ws/install/cartographer_ros_msgs/include/cartographer_ros_msgs/cartographer_ros_msgs/msg/detail/landmark_entry__functions.h\n'}
[2.766013] (cartographer_ros_msgs) StdoutLine: {'line': b'-- Up-to-date: /root/ros2_ws/install/cartographer_ros_msgs/include/cartographer_ros_msgs/cartographer_ros_msgs/msg/detail/metric__functions.c\n'}
[2.767039] (cartographer_ros_msgs) StdoutLine: {'line': b'-- Up-to-date: /root/ros2_ws/install/cartographer_ros_msgs/include/cartographer_ros_msgs/cartographer_ros_msgs/msg/detail/metric__struct.h\n'}
[2.768202] (cartographer_ros_msgs) StdoutLine: {'line': b'-- Up-to-date: /root/ros2_ws/install/cartographer_ros_msgs/include/cartographer_ros_msgs/cartographer_ros_msgs/msg/detail/status_code__functions.c\n'}
[2.768682] (cartographer_ros_msgs) StdoutLine: {'line': b'-- Up-to-date: /root/ros2_ws/install/cartographer_ros_msgs/include/cartographer_ros_msgs/cartographer_ros_msgs/msg/detail/metric_family__functions.h\n'}
[2.768976] (cartographer_ros_msgs) StdoutLine: {'line': b'-- Up-to-date: /root/ros2_ws/install/cartographer_ros_msgs/include/cartographer_ros_msgs/cartographer_ros_msgs/msg/detail/metric_label__functions.h\n'}
[2.769361] (cartographer_ros_msgs) StdoutLine: {'line': b'-- Up-to-date: /root/ros2_ws/install/cartographer_ros_msgs/include/cartographer_ros_msgs/cartographer_ros_msgs/msg/detail/metric_label__functions.c\n'}
[2.769875] (cartographer_ros_msgs) StdoutLine: {'line': b'-- Up-to-date: /root/ros2_ws/install/cartographer_ros_msgs/include/cartographer_ros_msgs/cartographer_ros_msgs/msg/detail/metric__type_support.h\n'}
[2.770152] (cartographer_ros_msgs) StdoutLine: {'line': b'-- Up-to-date: /root/ros2_ws/install/cartographer_ros_msgs/include/cartographer_ros_msgs/cartographer_ros_msgs/msg/detail/landmark_entry__functions.c\n'}
[2.770385] (cartographer_ros_msgs) StdoutLine: {'line': b'-- Up-to-date: /root/ros2_ws/install/cartographer_ros_msgs/include/cartographer_ros_msgs/cartographer_ros_msgs/msg/metric.h\n'}
[2.770697] (cartographer_ros_msgs) StdoutLine: {'line': b'-- Up-to-date: /root/ros2_ws/install/cartographer_ros_msgs/include/cartographer_ros_msgs/cartographer_ros_msgs/msg/submap_list.h\n'}
[2.771106] (cartographer_ros_msgs) StdoutLine: {'line': b'-- Up-to-date: /root/ros2_ws/install/cartographer_ros_msgs/include/cartographer_ros_msgs/cartographer_ros_msgs/msg/histogram_bucket.h\n'}
[2.771413] (cartographer_ros_msgs) StdoutLine: {'line': b'-- Up-to-date: /root/ros2_ws/install/cartographer_ros_msgs/share/cartographer_ros_msgs/environment/library_path.sh\n'}
[2.771671] (cartographer_ros_msgs) StdoutLine: {'line': b'-- Up-to-date: /root/ros2_ws/install/cartographer_ros_msgs/share/cartographer_ros_msgs/environment/library_path.dsv\n'}
[2.772228] (cartographer_ros_msgs) StdoutLine: {'line': b'-- Up-to-date: /root/ros2_ws/install/cartographer_ros_msgs/lib/libcartographer_ros_msgs__rosidl_generator_c.so\n'}
[2.772568] (cartographer_ros_msgs) StdoutLine: {'line': b'-- Up-to-date: /root/ros2_ws/install/cartographer_ros_msgs/include/cartographer_ros_msgs/cartographer_ros_msgs\n'}
[2.772933] (cartographer_ros_msgs) StdoutLine: {'line': b'-- Up-to-date: /root/ros2_ws/install/cartographer_ros_msgs/include/cartographer_ros_msgs/cartographer_ros_msgs/srv\n'}
[2.773311] (cartographer_ros_msgs) StdoutLine: {'line': b'-- Up-to-date: /root/ros2_ws/install/cartographer_ros_msgs/include/cartographer_ros_msgs/cartographer_ros_msgs/srv/detail\n'}
[2.774226] (cartographer_ros_msgs) StdoutLine: {'line': b'-- Up-to-date: /root/ros2_ws/install/cartographer_ros_msgs/include/cartographer_ros_msgs/cartographer_ros_msgs/srv/detail/start_trajectory__rosidl_typesupport_fastrtps_c.h\n'}
[2.775395] (cartographer_ros_msgs) StdoutLine: {'line': b'-- Up-to-date: /root/ros2_ws/install/cartographer_ros_msgs/include/cartographer_ros_msgs/cartographer_ros_msgs/srv/detail/get_trajectory_states__rosidl_typesupport_fastrtps_c.h\n'}
[2.776185] (cartographer_ros_msgs) StdoutLine: {'line': b'-- Up-to-date: /root/ros2_ws/install/cartographer_ros_msgs/include/cartographer_ros_msgs/cartographer_ros_msgs/srv/detail/trajectory_query__rosidl_typesupport_fastrtps_c.h\n'}
[2.776463] (cartographer_ros_msgs) StdoutLine: {'line': b'-- Up-to-date: /root/ros2_ws/install/cartographer_ros_msgs/include/cartographer_ros_msgs/cartographer_ros_msgs/srv/detail/write_state__rosidl_typesupport_fastrtps_c.h\n'}
[2.776711] (cartographer_ros_msgs) StdoutLine: {'line': b'-- Up-to-date: /root/ros2_ws/install/cartographer_ros_msgs/include/cartographer_ros_msgs/cartographer_ros_msgs/srv/detail/read_metrics__rosidl_typesupport_fastrtps_c.h\n'}
[2.777092] (cartographer_ros_msgs) StdoutLine: {'line': b'-- Up-to-date: /root/ros2_ws/install/cartographer_ros_msgs/include/cartographer_ros_msgs/cartographer_ros_msgs/srv/detail/submap_query__rosidl_typesupport_fastrtps_c.h\n'}
[2.777253] (cartographer_ros_msgs) StdoutLine: {'line': b'-- Up-to-date: /root/ros2_ws/install/cartographer_ros_msgs/include/cartographer_ros_msgs/cartographer_ros_msgs/srv/detail/finish_trajectory__rosidl_typesupport_fastrtps_c.h\n'}
[2.777375] (cartographer_ros_msgs) StdoutLine: {'line': b'-- Up-to-date: /root/ros2_ws/install/cartographer_ros_msgs/include/cartographer_ros_msgs/cartographer_ros_msgs/msg\n'}
[2.777542] (cartographer_ros_msgs) StdoutLine: {'line': b'-- Up-to-date: /root/ros2_ws/install/cartographer_ros_msgs/include/cartographer_ros_msgs/cartographer_ros_msgs/msg/detail\n'}
[2.777889] (cartographer_ros_msgs) StdoutLine: {'line': b'-- Up-to-date: /root/ros2_ws/install/cartographer_ros_msgs/include/cartographer_ros_msgs/cartographer_ros_msgs/msg/detail/status_response__rosidl_typesupport_fastrtps_c.h\n'}
[2.778198] (cartographer_ros_msgs) StdoutLine: {'line': b'-- Up-to-date: /root/ros2_ws/install/cartographer_ros_msgs/include/cartographer_ros_msgs/cartographer_ros_msgs/msg/detail/status_code__rosidl_typesupport_fastrtps_c.h\n'}
[2.778442] (cartographer_ros_msgs) StdoutLine: {'line': b'-- Up-to-date: /root/ros2_ws/install/cartographer_ros_msgs/include/cartographer_ros_msgs/cartographer_ros_msgs/msg/detail/histogram_bucket__rosidl_typesupport_fastrtps_c.h\n'}
[2.778695] (cartographer_ros_msgs) StdoutLine: {'line': b'-- Up-to-date: /root/ros2_ws/install/cartographer_ros_msgs/include/cartographer_ros_msgs/cartographer_ros_msgs/msg/detail/metric_family__rosidl_typesupport_fastrtps_c.h\n'}
[2.779021] (cartographer_ros_msgs) StdoutLine: {'line': b'-- Up-to-date: /root/ros2_ws/install/cartographer_ros_msgs/include/cartographer_ros_msgs/cartographer_ros_msgs/msg/detail/metric_label__rosidl_typesupport_fastrtps_c.h\n'}
[2.779356] (cartographer_ros_msgs) StdoutLine: {'line': b'-- Up-to-date: /root/ros2_ws/install/cartographer_ros_msgs/include/cartographer_ros_msgs/cartographer_ros_msgs/msg/detail/submap_entry__rosidl_typesupport_fastrtps_c.h\n'}
[2.779923] (cartographer_ros_msgs) StdoutLine: {'line': b'-- Up-to-date: /root/ros2_ws/install/cartographer_ros_msgs/include/cartographer_ros_msgs/cartographer_ros_msgs/msg/detail/landmark_list__rosidl_typesupport_fastrtps_c.h\n'}
[2.780324] (cartographer_ros_msgs) StdoutLine: {'line': b'-- Up-to-date: /root/ros2_ws/install/cartographer_ros_msgs/include/cartographer_ros_msgs/cartographer_ros_msgs/msg/detail/submap_list__rosidl_typesupport_fastrtps_c.h\n'}
[2.780957] (cartographer_ros_msgs) StdoutLine: {'line': b'-- Up-to-date: /root/ros2_ws/install/cartographer_ros_msgs/include/cartographer_ros_msgs/cartographer_ros_msgs/msg/detail/metric__rosidl_typesupport_fastrtps_c.h\n'}
[2.781423] (cartographer_ros_msgs) StdoutLine: {'line': b'-- Up-to-date: /root/ros2_ws/install/cartographer_ros_msgs/include/cartographer_ros_msgs/cartographer_ros_msgs/msg/detail/landmark_entry__rosidl_typesupport_fastrtps_c.h\n'}
[2.782946] (cartographer_ros_msgs) StdoutLine: {'line': b'-- Up-to-date: /root/ros2_ws/install/cartographer_ros_msgs/include/cartographer_ros_msgs/cartographer_ros_msgs/msg/detail/submap_texture__rosidl_typesupport_fastrtps_c.h\n'}
[2.784128] (cartographer_ros_msgs) StdoutLine: {'line': b'-- Up-to-date: /root/ros2_ws/install/cartographer_ros_msgs/include/cartographer_ros_msgs/cartographer_ros_msgs/msg/detail/trajectory_states__rosidl_typesupport_fastrtps_c.h\n'}
[2.787408] (cartographer_ros_msgs) StdoutLine: {'line': b'-- Up-to-date: /root/ros2_ws/install/cartographer_ros_msgs/include/cartographer_ros_msgs/cartographer_ros_msgs/msg/detail/bagfile_progress__rosidl_typesupport_fastrtps_c.h\n'}
[2.787725] (cartographer_ros_msgs) StdoutLine: {'line': b'-- Up-to-date: /root/ros2_ws/install/cartographer_ros_msgs/include/cartographer_ros_msgs/cartographer_ros_msgs/msg/rosidl_typesupport_fastrtps_c__visibility_control.h\n'}
[2.788204] (cartographer_ros_msgs) StdoutLine: {'line': b'-- Up-to-date: /root/ros2_ws/install/cartographer_ros_msgs/lib/libcartographer_ros_msgs__rosidl_typesupport_fastrtps_c.so\n'}
[2.788571] (cartographer_ros_msgs) StdoutLine: {'line': b'-- Up-to-date: /root/ros2_ws/install/cartographer_ros_msgs/include/cartographer_ros_msgs/cartographer_ros_msgs\n'}
[2.789029] (cartographer_ros_msgs) StdoutLine: {'line': b'-- Up-to-date: /root/ros2_ws/install/cartographer_ros_msgs/include/cartographer_ros_msgs/cartographer_ros_msgs/srv\n'}
[2.789298] (cartographer_ros_msgs) StdoutLine: {'line': b'-- Up-to-date: /root/ros2_ws/install/cartographer_ros_msgs/include/cartographer_ros_msgs/cartographer_ros_msgs/srv/detail\n'}
[2.789517] (cartographer_ros_msgs) StdoutLine: {'line': b'-- Up-to-date: /root/ros2_ws/install/cartographer_ros_msgs/include/cartographer_ros_msgs/cartographer_ros_msgs/srv/detail/finish_trajectory__type_support.c\n'}
[2.789761] (cartographer_ros_msgs) StdoutLine: {'line': b'-- Up-to-date: /root/ros2_ws/install/cartographer_ros_msgs/include/cartographer_ros_msgs/cartographer_ros_msgs/srv/detail/get_trajectory_states__rosidl_typesupport_introspection_c.h\n'}
[2.790078] (cartographer_ros_msgs) StdoutLine: {'line': b'-- Up-to-date: /root/ros2_ws/install/cartographer_ros_msgs/include/cartographer_ros_msgs/cartographer_ros_msgs/srv/detail/start_trajectory__type_support.c\n'}
[2.790568] (cartographer_ros_msgs) StdoutLine: {'line': b'-- Up-to-date: /root/ros2_ws/install/cartographer_ros_msgs/include/cartographer_ros_msgs/cartographer_ros_msgs/srv/detail/read_metrics__type_support.c\n'}
[2.791045] (cartographer_ros_msgs) StdoutLine: {'line': b'-- Up-to-date: /root/ros2_ws/install/cartographer_ros_msgs/include/cartographer_ros_msgs/cartographer_ros_msgs/srv/detail/write_state__rosidl_typesupport_introspection_c.h\n'}
[2.791461] (cartographer_ros_msgs) StdoutLine: {'line': b'-- Up-to-date: /root/ros2_ws/install/cartographer_ros_msgs/include/cartographer_ros_msgs/cartographer_ros_msgs/srv/detail/submap_query__type_support.c\n'}
[2.791721] (cartographer_ros_msgs) StdoutLine: {'line': b'-- Up-to-date: /root/ros2_ws/install/cartographer_ros_msgs/include/cartographer_ros_msgs/cartographer_ros_msgs/srv/detail/get_trajectory_states__type_support.c\n'}
[2.792010] (cartographer_ros_msgs) StdoutLine: {'line': b'-- Up-to-date: /root/ros2_ws/install/cartographer_ros_msgs/include/cartographer_ros_msgs/cartographer_ros_msgs/srv/detail/submap_query__rosidl_typesupport_introspection_c.h\n'}
[2.792273] (cartographer_ros_msgs) StdoutLine: {'line': b'-- Up-to-date: /root/ros2_ws/install/cartographer_ros_msgs/include/cartographer_ros_msgs/cartographer_ros_msgs/srv/detail/start_trajectory__rosidl_typesupport_introspection_c.h\n'}
[2.792556] (cartographer_ros_msgs) StdoutLine: {'line': b'-- Up-to-date: /root/ros2_ws/install/cartographer_ros_msgs/include/cartographer_ros_msgs/cartographer_ros_msgs/srv/detail/trajectory_query__rosidl_typesupport_introspection_c.h\n'}
[2.792805] (cartographer_ros_msgs) StdoutLine: {'line': b'-- Up-to-date: /root/ros2_ws/install/cartographer_ros_msgs/include/cartographer_ros_msgs/cartographer_ros_msgs/srv/detail/trajectory_query__type_support.c\n'}
[2.796252] (cartographer_ros_msgs) StdoutLine: {'line': b'-- Up-to-date: /root/ros2_ws/install/cartographer_ros_msgs/include/cartographer_ros_msgs/cartographer_ros_msgs/srv/detail/read_metrics__rosidl_typesupport_introspection_c.h\n'}
[2.796587] (cartographer_ros_msgs) StdoutLine: {'line': b'-- Up-to-date: /root/ros2_ws/install/cartographer_ros_msgs/include/cartographer_ros_msgs/cartographer_ros_msgs/srv/detail/finish_trajectory__rosidl_typesupport_introspection_c.h\n'}
[2.796872] (cartographer_ros_msgs) StdoutLine: {'line': b'-- Up-to-date: /root/ros2_ws/install/cartographer_ros_msgs/include/cartographer_ros_msgs/cartographer_ros_msgs/srv/detail/write_state__type_support.c\n'}
[2.798215] (cartographer_ros_msgs) StdoutLine: {'line': b'-- Up-to-date: /root/ros2_ws/install/cartographer_ros_msgs/include/cartographer_ros_msgs/cartographer_ros_msgs/msg\n'}
[2.799490] (cartographer_ros_msgs) StdoutLine: {'line': b'-- Up-to-date: /root/ros2_ws/install/cartographer_ros_msgs/include/cartographer_ros_msgs/cartographer_ros_msgs/msg/detail\n'}
[2.800175] (cartographer_ros_msgs) StdoutLine: {'line': b'-- Up-to-date: /root/ros2_ws/install/cartographer_ros_msgs/include/cartographer_ros_msgs/cartographer_ros_msgs/msg/detail/landmark_list__rosidl_typesupport_introspection_c.h\n'}
[2.800679] (cartographer_ros_msgs) StdoutLine: {'line': b'-- Up-to-date: /root/ros2_ws/install/cartographer_ros_msgs/include/cartographer_ros_msgs/cartographer_ros_msgs/msg/detail/metric_label__rosidl_typesupport_introspection_c.h\n'}
[2.801306] (cartographer_ros_msgs) StdoutLine: {'line': b'-- Up-to-date: /root/ros2_ws/install/cartographer_ros_msgs/include/cartographer_ros_msgs/cartographer_ros_msgs/msg/detail/submap_entry__rosidl_typesupport_introspection_c.h\n'}
[2.801854] (cartographer_ros_msgs) StdoutLine: {'line': b'-- Up-to-date: /root/ros2_ws/install/cartographer_ros_msgs/include/cartographer_ros_msgs/cartographer_ros_msgs/msg/detail/status_code__rosidl_typesupport_introspection_c.h\n'}
[2.803373] (cartographer_ros_msgs) StdoutLine: {'line': b'-- Up-to-date: /root/ros2_ws/install/cartographer_ros_msgs/include/cartographer_ros_msgs/cartographer_ros_msgs/msg/detail/status_response__rosidl_typesupport_introspection_c.h\n'}
[2.803715] (cartographer_ros_msgs) StdoutLine: {'line': b'-- Up-to-date: /root/ros2_ws/install/cartographer_ros_msgs/include/cartographer_ros_msgs/cartographer_ros_msgs/msg/detail/metric_family__rosidl_typesupport_introspection_c.h\n'}
[2.804427] (cartographer_ros_msgs) StdoutLine: {'line': b'-- Up-to-date: /root/ros2_ws/install/cartographer_ros_msgs/include/cartographer_ros_msgs/cartographer_ros_msgs/msg/detail/metric_label__type_support.c\n'}
[2.805556] (cartographer_ros_msgs) StdoutLine: {'line': b'-- Up-to-date: /root/ros2_ws/install/cartographer_ros_msgs/include/cartographer_ros_msgs/cartographer_ros_msgs/msg/detail/submap_list__type_support.c\n'}
[2.805922] (cartographer_ros_msgs) StdoutLine: {'line': b'-- Up-to-date: /root/ros2_ws/install/cartographer_ros_msgs/include/cartographer_ros_msgs/cartographer_ros_msgs/msg/detail/histogram_bucket__type_support.c\n'}
[2.806253] (cartographer_ros_msgs) StdoutLine: {'line': b'-- Up-to-date: /root/ros2_ws/install/cartographer_ros_msgs/include/cartographer_ros_msgs/cartographer_ros_msgs/msg/detail/bagfile_progress__rosidl_typesupport_introspection_c.h\n'}
[2.807457] (cartographer_ros_msgs) StdoutLine: {'line': b'-- Up-to-date: /root/ros2_ws/install/cartographer_ros_msgs/include/cartographer_ros_msgs/cartographer_ros_msgs/msg/detail/landmark_entry__type_support.c\n'}
[2.808304] (cartographer_ros_msgs) StdoutLine: {'line': b'-- Up-to-date: /root/ros2_ws/install/cartographer_ros_msgs/include/cartographer_ros_msgs/cartographer_ros_msgs/msg/detail/metric__rosidl_typesupport_introspection_c.h\n'}
[2.808732] (cartographer_ros_msgs) StdoutLine: {'line': b'-- Up-to-date: /root/ros2_ws/install/cartographer_ros_msgs/include/cartographer_ros_msgs/cartographer_ros_msgs/msg/detail/submap_texture__rosidl_typesupport_introspection_c.h\n'}
[2.809064] (cartographer_ros_msgs) StdoutLine: {'line': b'-- Up-to-date: /root/ros2_ws/install/cartographer_ros_msgs/include/cartographer_ros_msgs/cartographer_ros_msgs/msg/detail/histogram_bucket__rosidl_typesupport_introspection_c.h\n'}
[2.809335] (cartographer_ros_msgs) StdoutLine: {'line': b'-- Up-to-date: /root/ros2_ws/install/cartographer_ros_msgs/include/cartographer_ros_msgs/cartographer_ros_msgs/msg/detail/landmark_list__type_support.c\n'}
[2.810747] (cartographer_ros_msgs) StdoutLine: {'line': b'-- Up-to-date: /root/ros2_ws/install/cartographer_ros_msgs/include/cartographer_ros_msgs/cartographer_ros_msgs/msg/detail/bagfile_progress__type_support.c\n'}
[2.811466] (cartographer_ros_msgs) StdoutLine: {'line': b'-- Up-to-date: /root/ros2_ws/install/cartographer_ros_msgs/include/cartographer_ros_msgs/cartographer_ros_msgs/msg/detail/trajectory_states__rosidl_typesupport_introspection_c.h\n'}
[2.811739] (cartographer_ros_msgs) StdoutLine: {'line': b'-- Up-to-date: /root/ros2_ws/install/cartographer_ros_msgs/include/cartographer_ros_msgs/cartographer_ros_msgs/msg/detail/metric_family__type_support.c\n'}
[2.812484] (cartographer_ros_msgs) StdoutLine: {'line': b'-- Up-to-date: /root/ros2_ws/install/cartographer_ros_msgs/include/cartographer_ros_msgs/cartographer_ros_msgs/msg/detail/metric__type_support.c\n'}
[2.812788] (cartographer_ros_msgs) StdoutLine: {'line': b'-- Up-to-date: /root/ros2_ws/install/cartographer_ros_msgs/include/cartographer_ros_msgs/cartographer_ros_msgs/msg/detail/landmark_entry__rosidl_typesupport_introspection_c.h\n'}
[2.813209] (cartographer_ros_msgs) StdoutLine: {'line': b'-- Up-to-date: /root/ros2_ws/install/cartographer_ros_msgs/include/cartographer_ros_msgs/cartographer_ros_msgs/msg/detail/status_response__type_support.c\n'}
[2.813464] (cartographer_ros_msgs) StdoutLine: {'line': b'-- Up-to-date: /root/ros2_ws/install/cartographer_ros_msgs/include/cartographer_ros_msgs/cartographer_ros_msgs/msg/detail/submap_entry__type_support.c\n'}
[2.814126] (cartographer_ros_msgs) StdoutLine: {'line': b'-- Up-to-date: /root/ros2_ws/install/cartographer_ros_msgs/include/cartographer_ros_msgs/cartographer_ros_msgs/msg/detail/submap_list__rosidl_typesupport_introspection_c.h\n'}
[2.816255] (cartographer_ros_msgs) StdoutLine: {'line': b'-- Up-to-date: /root/ros2_ws/install/cartographer_ros_msgs/include/cartographer_ros_msgs/cartographer_ros_msgs/msg/detail/trajectory_states__type_support.c\n'}
[2.816604] (cartographer_ros_msgs) StdoutLine: {'line': b'-- Up-to-date: /root/ros2_ws/install/cartographer_ros_msgs/include/cartographer_ros_msgs/cartographer_ros_msgs/msg/detail/status_code__type_support.c\n'}
[2.819107] (cartographer_ros_msgs) StdoutLine: {'line': b'-- Up-to-date: /root/ros2_ws/install/cartographer_ros_msgs/include/cartographer_ros_msgs/cartographer_ros_msgs/msg/detail/submap_texture__type_support.c\n'}
[2.819479] (cartographer_ros_msgs) StdoutLine: {'line': b'-- Up-to-date: /root/ros2_ws/install/cartographer_ros_msgs/include/cartographer_ros_msgs/cartographer_ros_msgs/msg/rosidl_typesupport_introspection_c__visibility_control.h\n'}
[2.819763] (cartographer_ros_msgs) StdoutLine: {'line': b'-- Up-to-date: /root/ros2_ws/install/cartographer_ros_msgs/lib/libcartographer_ros_msgs__rosidl_typesupport_introspection_c.so\n'}
[2.820657] (cartographer_ros_msgs) StdoutLine: {'line': b'-- Up-to-date: /root/ros2_ws/install/cartographer_ros_msgs/lib/libcartographer_ros_msgs__rosidl_typesupport_c.so\n'}
[2.821291] (cartographer_ros_msgs) StdoutLine: {'line': b'-- Up-to-date: /root/ros2_ws/install/cartographer_ros_msgs/include/cartographer_ros_msgs/cartographer_ros_msgs\n'}
[2.821625] (cartographer_ros_msgs) StdoutLine: {'line': b'-- Up-to-date: /root/ros2_ws/install/cartographer_ros_msgs/include/cartographer_ros_msgs/cartographer_ros_msgs/srv\n'}
[2.822008] (cartographer_ros_msgs) StdoutLine: {'line': b'-- Up-to-date: /root/ros2_ws/install/cartographer_ros_msgs/include/cartographer_ros_msgs/cartographer_ros_msgs/srv/trajectory_query.hpp\n'}
[2.822332] (cartographer_ros_msgs) StdoutLine: {'line': b'-- Up-to-date: /root/ros2_ws/install/cartographer_ros_msgs/include/cartographer_ros_msgs/cartographer_ros_msgs/srv/start_trajectory.hpp\n'}
[2.822866] (cartographer_ros_msgs) StdoutLine: {'line': b'-- Up-to-date: /root/ros2_ws/install/cartographer_ros_msgs/include/cartographer_ros_msgs/cartographer_ros_msgs/srv/read_metrics.hpp\n'}
[2.823188] (cartographer_ros_msgs) StdoutLine: {'line': b'-- Up-to-date: /root/ros2_ws/install/cartographer_ros_msgs/include/cartographer_ros_msgs/cartographer_ros_msgs/srv/finish_trajectory.hpp\n'}
[2.823470] (cartographer_ros_msgs) StdoutLine: {'line': b'-- Up-to-date: /root/ros2_ws/install/cartographer_ros_msgs/include/cartographer_ros_msgs/cartographer_ros_msgs/srv/submap_query.hpp\n'}
[2.823707] (cartographer_ros_msgs) StdoutLine: {'line': b'-- Up-to-date: /root/ros2_ws/install/cartographer_ros_msgs/include/cartographer_ros_msgs/cartographer_ros_msgs/srv/get_trajectory_states.hpp\n'}
[2.824423] (cartographer_ros_msgs) StdoutLine: {'line': b'-- Up-to-date: /root/ros2_ws/install/cartographer_ros_msgs/include/cartographer_ros_msgs/cartographer_ros_msgs/srv/detail\n'}
[2.824753] (cartographer_ros_msgs) StdoutLine: {'line': b'-- Up-to-date: /root/ros2_ws/install/cartographer_ros_msgs/include/cartographer_ros_msgs/cartographer_ros_msgs/srv/detail/trajectory_query__builder.hpp\n'}
[2.825554] (cartographer_ros_msgs) StdoutLine: {'line': b'-- Up-to-date: /root/ros2_ws/install/cartographer_ros_msgs/include/cartographer_ros_msgs/cartographer_ros_msgs/srv/detail/submap_query__struct.hpp\n'}
[2.826055] (cartographer_ros_msgs) StdoutLine: {'line': b'-- Up-to-date: /root/ros2_ws/install/cartographer_ros_msgs/include/cartographer_ros_msgs/cartographer_ros_msgs/srv/detail/submap_query__builder.hpp\n'}
[2.826324] (cartographer_ros_msgs) StdoutLine: {'line': b'-- Up-to-date: /root/ros2_ws/install/cartographer_ros_msgs/include/cartographer_ros_msgs/cartographer_ros_msgs/srv/detail/submap_query__traits.hpp\n'}
[2.826567] (cartographer_ros_msgs) StdoutLine: {'line': b'-- Up-to-date: /root/ros2_ws/install/cartographer_ros_msgs/include/cartographer_ros_msgs/cartographer_ros_msgs/srv/detail/write_state__traits.hpp\n'}
[2.826789] (cartographer_ros_msgs) StdoutLine: {'line': b'-- Up-to-date: /root/ros2_ws/install/cartographer_ros_msgs/include/cartographer_ros_msgs/cartographer_ros_msgs/srv/detail/start_trajectory__struct.hpp\n'}
[2.830285] (cartographer_ros_msgs) StdoutLine: {'line': b'-- Up-to-date: /root/ros2_ws/install/cartographer_ros_msgs/include/cartographer_ros_msgs/cartographer_ros_msgs/srv/detail/get_trajectory_states__builder.hpp\n'}
[2.830601] (cartographer_ros_msgs) StdoutLine: {'line': b'-- Up-to-date: /root/ros2_ws/install/cartographer_ros_msgs/include/cartographer_ros_msgs/cartographer_ros_msgs/srv/detail/get_trajectory_states__struct.hpp\n'}
[2.830967] (cartographer_ros_msgs) StdoutLine: {'line': b'-- Up-to-date: /root/ros2_ws/install/cartographer_ros_msgs/include/cartographer_ros_msgs/cartographer_ros_msgs/srv/detail/trajectory_query__traits.hpp\n'}
[2.831290] (cartographer_ros_msgs) StdoutLine: {'line': b'-- Up-to-date: /root/ros2_ws/install/cartographer_ros_msgs/include/cartographer_ros_msgs/cartographer_ros_msgs/srv/detail/finish_trajectory__type_support.hpp\n'}
[2.831656] (cartographer_ros_msgs) StdoutLine: {'line': b'-- Up-to-date: /root/ros2_ws/install/cartographer_ros_msgs/include/cartographer_ros_msgs/cartographer_ros_msgs/srv/detail/finish_trajectory__struct.hpp\n'}
[2.832003] (cartographer_ros_msgs) StdoutLine: {'line': b'-- Up-to-date: /root/ros2_ws/install/cartographer_ros_msgs/include/cartographer_ros_msgs/cartographer_ros_msgs/srv/detail/read_metrics__builder.hpp\n'}
[2.832346] (cartographer_ros_msgs) StdoutLine: {'line': b'-- Up-to-date: /root/ros2_ws/install/cartographer_ros_msgs/include/cartographer_ros_msgs/cartographer_ros_msgs/srv/detail/read_metrics__traits.hpp\n'}
[2.832625] (cartographer_ros_msgs) StdoutLine: {'line': b'-- Up-to-date: /root/ros2_ws/install/cartographer_ros_msgs/include/cartographer_ros_msgs/cartographer_ros_msgs/srv/detail/read_metrics__type_support.hpp\n'}
[2.832908] (cartographer_ros_msgs) StdoutLine: {'line': b'-- Up-to-date: /root/ros2_ws/install/cartographer_ros_msgs/include/cartographer_ros_msgs/cartographer_ros_msgs/srv/detail/start_trajectory__traits.hpp\n'}
[2.833176] (cartographer_ros_msgs) StdoutLine: {'line': b'-- Up-to-date: /root/ros2_ws/install/cartographer_ros_msgs/include/cartographer_ros_msgs/cartographer_ros_msgs/srv/detail/write_state__builder.hpp\n'}
[2.833463] (cartographer_ros_msgs) StdoutLine: {'line': b'-- Up-to-date: /root/ros2_ws/install/cartographer_ros_msgs/include/cartographer_ros_msgs/cartographer_ros_msgs/srv/detail/trajectory_query__type_support.hpp\n'}
[2.833751] (cartographer_ros_msgs) StdoutLine: {'line': b'-- Up-to-date: /root/ros2_ws/install/cartographer_ros_msgs/include/cartographer_ros_msgs/cartographer_ros_msgs/srv/detail/finish_trajectory__traits.hpp\n'}
[2.835105] (cartographer_ros_msgs) StdoutLine: {'line': b'-- Up-to-date: /root/ros2_ws/install/cartographer_ros_msgs/include/cartographer_ros_msgs/cartographer_ros_msgs/srv/detail/submap_query__type_support.hpp\n'}
[2.836168] (cartographer_ros_msgs) StdoutLine: {'line': b'-- Up-to-date: /root/ros2_ws/install/cartographer_ros_msgs/include/cartographer_ros_msgs/cartographer_ros_msgs/srv/detail/finish_trajectory__builder.hpp\n'}
[2.836496] (cartographer_ros_msgs) StdoutLine: {'line': b'-- Up-to-date: /root/ros2_ws/install/cartographer_ros_msgs/include/cartographer_ros_msgs/cartographer_ros_msgs/srv/detail/start_trajectory__builder.hpp\n'}
[2.836750] (cartographer_ros_msgs) StdoutLine: {'line': b'-- Up-to-date: /root/ros2_ws/install/cartographer_ros_msgs/include/cartographer_ros_msgs/cartographer_ros_msgs/srv/detail/trajectory_query__struct.hpp\n'}
[2.837045] (cartographer_ros_msgs) StdoutLine: {'line': b'-- Up-to-date: /root/ros2_ws/install/cartographer_ros_msgs/include/cartographer_ros_msgs/cartographer_ros_msgs/srv/detail/start_trajectory__type_support.hpp\n'}
[2.837310] (cartographer_ros_msgs) StdoutLine: {'line': b'-- Up-to-date: /root/ros2_ws/install/cartographer_ros_msgs/include/cartographer_ros_msgs/cartographer_ros_msgs/srv/detail/write_state__type_support.hpp\n'}
[2.837566] (cartographer_ros_msgs) StdoutLine: {'line': b'-- Up-to-date: /root/ros2_ws/install/cartographer_ros_msgs/include/cartographer_ros_msgs/cartographer_ros_msgs/srv/detail/write_state__struct.hpp\n'}
[2.837835] (cartographer_ros_msgs) StdoutLine: {'line': b'-- Up-to-date: /root/ros2_ws/install/cartographer_ros_msgs/include/cartographer_ros_msgs/cartographer_ros_msgs/srv/detail/get_trajectory_states__type_support.hpp\n'}
[2.838284] (cartographer_ros_msgs) StdoutLine: {'line': b'-- Up-to-date: /root/ros2_ws/install/cartographer_ros_msgs/include/cartographer_ros_msgs/cartographer_ros_msgs/srv/detail/get_trajectory_states__traits.hpp\n'}
[2.838552] (cartographer_ros_msgs) StdoutLine: {'line': b'-- Up-to-date: /root/ros2_ws/install/cartographer_ros_msgs/include/cartographer_ros_msgs/cartographer_ros_msgs/srv/detail/read_metrics__struct.hpp\n'}
[2.841207] (cartographer_ros_msgs) StdoutLine: {'line': b'-- Up-to-date: /root/ros2_ws/install/cartographer_ros_msgs/include/cartographer_ros_msgs/cartographer_ros_msgs/srv/write_state.hpp\n'}
[2.841671] (cartographer_ros_msgs) StdoutLine: {'line': b'-- Up-to-date: /root/ros2_ws/install/cartographer_ros_msgs/include/cartographer_ros_msgs/cartographer_ros_msgs/msg\n'}
[2.842034] (cartographer_ros_msgs) StdoutLine: {'line': b'-- Up-to-date: /root/ros2_ws/install/cartographer_ros_msgs/include/cartographer_ros_msgs/cartographer_ros_msgs/msg/landmark_entry.hpp\n'}
[2.842457] (cartographer_ros_msgs) StdoutLine: {'line': b'-- Up-to-date: /root/ros2_ws/install/cartographer_ros_msgs/include/cartographer_ros_msgs/cartographer_ros_msgs/msg/status_code.hpp\n'}
[2.843199] (cartographer_ros_msgs) StdoutLine: {'line': b'-- Up-to-date: /root/ros2_ws/install/cartographer_ros_msgs/include/cartographer_ros_msgs/cartographer_ros_msgs/msg/metric_family.hpp\n'}
[2.843710] (cartographer_ros_msgs) StdoutLine: {'line': b'-- Up-to-date: /root/ros2_ws/install/cartographer_ros_msgs/include/cartographer_ros_msgs/cartographer_ros_msgs/msg/trajectory_states.hpp\n'}
[2.844109] (cartographer_ros_msgs) StdoutLine: {'line': b'-- Up-to-date: /root/ros2_ws/install/cartographer_ros_msgs/include/cartographer_ros_msgs/cartographer_ros_msgs/msg/histogram_bucket.hpp\n'}
[2.844344] (cartographer_ros_msgs) StdoutLine: {'line': b'-- Up-to-date: /root/ros2_ws/install/cartographer_ros_msgs/include/cartographer_ros_msgs/cartographer_ros_msgs/msg/status_response.hpp\n'}
[2.844629] (cartographer_ros_msgs) StdoutLine: {'line': b'-- Up-to-date: /root/ros2_ws/install/cartographer_ros_msgs/include/cartographer_ros_msgs/cartographer_ros_msgs/msg/rosidl_generator_cpp__visibility_control.hpp\n'}
[2.845186] (cartographer_ros_msgs) StdoutLine: {'line': b'-- Up-to-date: /root/ros2_ws/install/cartographer_ros_msgs/include/cartographer_ros_msgs/cartographer_ros_msgs/msg/metric.hpp\n'}
[2.845504] (cartographer_ros_msgs) StdoutLine: {'line': b'-- Up-to-date: /root/ros2_ws/install/cartographer_ros_msgs/include/cartographer_ros_msgs/cartographer_ros_msgs/msg/submap_list.hpp\n'}
[2.845745] (cartographer_ros_msgs) StdoutLine: {'line': b'-- Up-to-date: /root/ros2_ws/install/cartographer_ros_msgs/include/cartographer_ros_msgs/cartographer_ros_msgs/msg/bagfile_progress.hpp\n'}
[2.846009] (cartographer_ros_msgs) StdoutLine: {'line': b'-- Up-to-date: /root/ros2_ws/install/cartographer_ros_msgs/include/cartographer_ros_msgs/cartographer_ros_msgs/msg/landmark_list.hpp\n'}
[2.846298] (cartographer_ros_msgs) StdoutLine: {'line': b'-- Up-to-date: /root/ros2_ws/install/cartographer_ros_msgs/include/cartographer_ros_msgs/cartographer_ros_msgs/msg/submap_entry.hpp\n'}
[2.846564] (robocar_test_cpp) StdoutLine: {'line': b'-- Found OpenSSL: /usr/lib/x86_64-linux-gnu/libcrypto.so (found version "3.0.2")  \n'}
[2.846914] (cartographer_ros_msgs) StdoutLine: {'line': b'-- Up-to-date: /root/ros2_ws/install/cartographer_ros_msgs/include/cartographer_ros_msgs/cartographer_ros_msgs/msg/detail\n'}
[2.847500] (cartographer_ros_msgs) StdoutLine: {'line': b'-- Up-to-date: /root/ros2_ws/install/cartographer_ros_msgs/include/cartographer_ros_msgs/cartographer_ros_msgs/msg/detail/submap_texture__builder.hpp\n'}
[2.848392] (cartographer_ros_msgs) StdoutLine: {'line': b'-- Up-to-date: /root/ros2_ws/install/cartographer_ros_msgs/include/cartographer_ros_msgs/cartographer_ros_msgs/msg/detail/landmark_list__traits.hpp\n'}
[2.848665] (cartographer_ros_msgs) StdoutLine: {'line': b'-- Up-to-date: /root/ros2_ws/install/cartographer_ros_msgs/include/cartographer_ros_msgs/cartographer_ros_msgs/msg/detail/histogram_bucket__builder.hpp\n'}
[2.848947] (cartographer_ros_msgs) StdoutLine: {'line': b'-- Up-to-date: /root/ros2_ws/install/cartographer_ros_msgs/include/cartographer_ros_msgs/cartographer_ros_msgs/msg/detail/status_code__builder.hpp\n'}
[2.849214] (cartographer_ros_msgs) StdoutLine: {'line': b'-- Up-to-date: /root/ros2_ws/install/cartographer_ros_msgs/include/cartographer_ros_msgs/cartographer_ros_msgs/msg/detail/metric_family__traits.hpp\n'}
[2.849472] (cartographer_ros_msgs) StdoutLine: {'line': b'-- Up-to-date: /root/ros2_ws/install/cartographer_ros_msgs/include/cartographer_ros_msgs/cartographer_ros_msgs/msg/detail/landmark_list__struct.hpp\n'}
[2.849727] (cartographer_ros_msgs) StdoutLine: {'line': b'-- Up-to-date: /root/ros2_ws/install/cartographer_ros_msgs/include/cartographer_ros_msgs/cartographer_ros_msgs/msg/detail/metric__builder.hpp\n'}
[2.850031] (cartographer_ros_msgs) StdoutLine: {'line': b'-- Up-to-date: /root/ros2_ws/install/cartographer_ros_msgs/include/cartographer_ros_msgs/cartographer_ros_msgs/msg/detail/landmark_entry__struct.hpp\n'}
[2.850312] (cartographer_ros_msgs) StdoutLine: {'line': b'-- Up-to-date: /root/ros2_ws/install/cartographer_ros_msgs/include/cartographer_ros_msgs/cartographer_ros_msgs/msg/detail/submap_texture__traits.hpp\n'}
[2.850554] (cartographer_ros_msgs) StdoutLine: {'line': b'-- Up-to-date: /root/ros2_ws/install/cartographer_ros_msgs/include/cartographer_ros_msgs/cartographer_ros_msgs/msg/detail/status_code__traits.hpp\n'}
[2.850807] (cartographer_ros_msgs) StdoutLine: {'line': b'-- Up-to-date: /root/ros2_ws/install/cartographer_ros_msgs/include/cartographer_ros_msgs/cartographer_ros_msgs/msg/detail/metric__struct.hpp\n'}
[2.851100] (cartographer_ros_msgs) StdoutLine: {'line': b'-- Up-to-date: /root/ros2_ws/install/cartographer_ros_msgs/include/cartographer_ros_msgs/cartographer_ros_msgs/msg/detail/submap_texture__type_support.hpp\n'}
[2.851354] (cartographer_ros_msgs) StdoutLine: {'line': b'-- Up-to-date: /root/ros2_ws/install/cartographer_ros_msgs/include/cartographer_ros_msgs/cartographer_ros_msgs/msg/detail/trajectory_states__builder.hpp\n'}
[2.851609] (cartographer_ros_msgs) StdoutLine: {'line': b'-- Up-to-date: /root/ros2_ws/install/cartographer_ros_msgs/include/cartographer_ros_msgs/cartographer_ros_msgs/msg/detail/trajectory_states__type_support.hpp\n'}
[2.851900] (cartographer_ros_msgs) StdoutLine: {'line': b'-- Up-to-date: /root/ros2_ws/install/cartographer_ros_msgs/include/cartographer_ros_msgs/cartographer_ros_msgs/msg/detail/histogram_bucket__struct.hpp\n'}
[2.852691] (cartographer_ros_msgs) StdoutLine: {'line': b'-- Up-to-date: /root/ros2_ws/install/cartographer_ros_msgs/include/cartographer_ros_msgs/cartographer_ros_msgs/msg/detail/bagfile_progress__traits.hpp\n'}
[2.853057] (cartographer_ros_msgs) StdoutLine: {'line': b'-- Up-to-date: /root/ros2_ws/install/cartographer_ros_msgs/include/cartographer_ros_msgs/cartographer_ros_msgs/msg/detail/metric_label__struct.hpp\n'}
[2.853325] (cartographer_ros_msgs) StdoutLine: {'line': b'-- Up-to-date: /root/ros2_ws/install/cartographer_ros_msgs/include/cartographer_ros_msgs/cartographer_ros_msgs/msg/detail/submap_entry__type_support.hpp\n'}
[2.853573] (cartographer_ros_msgs) StdoutLine: {'line': b'-- Up-to-date: /root/ros2_ws/install/cartographer_ros_msgs/include/cartographer_ros_msgs/cartographer_ros_msgs/msg/detail/metric_label__traits.hpp\n'}
[2.853852] (cartographer_ros_msgs) StdoutLine: {'line': b'-- Up-to-date: /root/ros2_ws/install/cartographer_ros_msgs/include/cartographer_ros_msgs/cartographer_ros_msgs/msg/detail/bagfile_progress__builder.hpp\n'}
[2.854121] (-) TimerEvent: {}
[2.854438] (cartographer_ros_msgs) StdoutLine: {'line': b'-- Up-to-date: /root/ros2_ws/install/cartographer_ros_msgs/include/cartographer_ros_msgs/cartographer_ros_msgs/msg/detail/landmark_entry__traits.hpp\n'}
[2.854714] (cartographer_ros_msgs) StdoutLine: {'line': b'-- Up-to-date: /root/ros2_ws/install/cartographer_ros_msgs/include/cartographer_ros_msgs/cartographer_ros_msgs/msg/detail/trajectory_states__struct.hpp\n'}
[2.855078] (cartographer_ros_msgs) StdoutLine: {'line': b'-- Up-to-date: /root/ros2_ws/install/cartographer_ros_msgs/include/cartographer_ros_msgs/cartographer_ros_msgs/msg/detail/landmark_list__builder.hpp\n'}
[2.855393] (cartographer_ros_msgs) StdoutLine: {'line': b'-- Up-to-date: /root/ros2_ws/install/cartographer_ros_msgs/include/cartographer_ros_msgs/cartographer_ros_msgs/msg/detail/submap_list__builder.hpp\n'}
[2.855733] (cartographer_ros_msgs) StdoutLine: {'line': b'-- Up-to-date: /root/ros2_ws/install/cartographer_ros_msgs/include/cartographer_ros_msgs/cartographer_ros_msgs/msg/detail/bagfile_progress__struct.hpp\n'}
[2.862988] (cartographer_ros_msgs) StdoutLine: {'line': b'-- Up-to-date: /root/ros2_ws/install/cartographer_ros_msgs/include/cartographer_ros_msgs/cartographer_ros_msgs/msg/detail/submap_entry__traits.hpp\n'}
[2.863280] (cartographer_ros_msgs) StdoutLine: {'line': b'-- Up-to-date: /root/ros2_ws/install/cartographer_ros_msgs/include/cartographer_ros_msgs/cartographer_ros_msgs/msg/detail/landmark_entry__builder.hpp\n'}
[2.863700] (cartographer_ros_msgs) StdoutLine: {'line': b'-- Up-to-date: /root/ros2_ws/install/cartographer_ros_msgs/include/cartographer_ros_msgs/cartographer_ros_msgs/msg/detail/status_response__builder.hpp\n'}
[2.864651] (cartographer_ros_msgs) StdoutLine: {'line': b'-- Up-to-date: /root/ros2_ws/install/cartographer_ros_msgs/include/cartographer_ros_msgs/cartographer_ros_msgs/msg/detail/metric_family__type_support.hpp\n'}
[2.865378] (cartographer_ros_msgs) StdoutLine: {'line': b'-- Up-to-date: /root/ros2_ws/install/cartographer_ros_msgs/include/cartographer_ros_msgs/cartographer_ros_msgs/msg/detail/submap_entry__struct.hpp\n'}
[2.866015] (cartographer_ros_msgs) StdoutLine: {'line': b'-- Up-to-date: /root/ros2_ws/install/cartographer_ros_msgs/include/cartographer_ros_msgs/cartographer_ros_msgs/msg/detail/metric_label__type_support.hpp\n'}
[2.866257] (cartographer_ros_msgs) StdoutLine: {'line': b'-- Up-to-date: /root/ros2_ws/install/cartographer_ros_msgs/include/cartographer_ros_msgs/cartographer_ros_msgs/msg/detail/bagfile_progress__type_support.hpp\n'}
[2.866478] (cartographer_ros_msgs) StdoutLine: {'line': b'-- Up-to-date: /root/ros2_ws/install/cartographer_ros_msgs/include/cartographer_ros_msgs/cartographer_ros_msgs/msg/detail/status_response__type_support.hpp\n'}
[2.866686] (cartographer_ros_msgs) StdoutLine: {'line': b'-- Up-to-date: /root/ros2_ws/install/cartographer_ros_msgs/include/cartographer_ros_msgs/cartographer_ros_msgs/msg/detail/histogram_bucket__type_support.hpp\n'}
[2.866916] (cartographer_ros_msgs) StdoutLine: {'line': b'-- Up-to-date: /root/ros2_ws/install/cartographer_ros_msgs/include/cartographer_ros_msgs/cartographer_ros_msgs/msg/detail/metric__type_support.hpp\n'}
[2.867139] (cartographer_ros_msgs) StdoutLine: {'line': b'-- Up-to-date: /root/ros2_ws/install/cartographer_ros_msgs/include/cartographer_ros_msgs/cartographer_ros_msgs/msg/detail/submap_list__traits.hpp\n'}
[2.867348] (cartographer_ros_msgs) StdoutLine: {'line': b'-- Up-to-date: /root/ros2_ws/install/cartographer_ros_msgs/include/cartographer_ros_msgs/cartographer_ros_msgs/msg/detail/trajectory_states__traits.hpp\n'}
[2.867553] (cartographer_ros_msgs) StdoutLine: {'line': b'-- Up-to-date: /root/ros2_ws/install/cartographer_ros_msgs/include/cartographer_ros_msgs/cartographer_ros_msgs/msg/detail/status_response__traits.hpp\n'}
[2.867755] (cartographer_ros_msgs) StdoutLine: {'line': b'-- Up-to-date: /root/ros2_ws/install/cartographer_ros_msgs/include/cartographer_ros_msgs/cartographer_ros_msgs/msg/detail/metric__traits.hpp\n'}
[2.867992] (cartographer_ros_msgs) StdoutLine: {'line': b'-- Up-to-date: /root/ros2_ws/install/cartographer_ros_msgs/include/cartographer_ros_msgs/cartographer_ros_msgs/msg/detail/metric_family__struct.hpp\n'}
[2.868201] (cartographer_ros_msgs) StdoutLine: {'line': b'-- Up-to-date: /root/ros2_ws/install/cartographer_ros_msgs/include/cartographer_ros_msgs/cartographer_ros_msgs/msg/detail/submap_list__struct.hpp\n'}
[2.868409] (cartographer_ros_msgs) StdoutLine: {'line': b'-- Up-to-date: /root/ros2_ws/install/cartographer_ros_msgs/include/cartographer_ros_msgs/cartographer_ros_msgs/msg/detail/metric_family__builder.hpp\n'}
[2.868610] (cartographer_ros_msgs) StdoutLine: {'line': b'-- Up-to-date: /root/ros2_ws/install/cartographer_ros_msgs/include/cartographer_ros_msgs/cartographer_ros_msgs/msg/detail/status_code__struct.hpp\n'}
[2.868820] (cartographer_ros_msgs) StdoutLine: {'line': b'-- Up-to-date: /root/ros2_ws/install/cartographer_ros_msgs/include/cartographer_ros_msgs/cartographer_ros_msgs/msg/detail/submap_entry__builder.hpp\n'}
[2.869050] (cartographer_ros_msgs) StdoutLine: {'line': b'-- Up-to-date: /root/ros2_ws/install/cartographer_ros_msgs/include/cartographer_ros_msgs/cartographer_ros_msgs/msg/detail/submap_list__type_support.hpp\n'}
[2.869254] (cartographer_ros_msgs) StdoutLine: {'line': b'-- Up-to-date: /root/ros2_ws/install/cartographer_ros_msgs/include/cartographer_ros_msgs/cartographer_ros_msgs/msg/detail/status_response__struct.hpp\n'}
[2.869476] (cartographer_ros_msgs) StdoutLine: {'line': b'-- Up-to-date: /root/ros2_ws/install/cartographer_ros_msgs/include/cartographer_ros_msgs/cartographer_ros_msgs/msg/detail/submap_texture__struct.hpp\n'}
[2.869680] (cartographer_ros_msgs) StdoutLine: {'line': b'-- Up-to-date: /root/ros2_ws/install/cartographer_ros_msgs/include/cartographer_ros_msgs/cartographer_ros_msgs/msg/detail/landmark_list__type_support.hpp\n'}
[2.869911] (cartographer_ros_msgs) StdoutLine: {'line': b'-- Up-to-date: /root/ros2_ws/install/cartographer_ros_msgs/include/cartographer_ros_msgs/cartographer_ros_msgs/msg/detail/histogram_bucket__traits.hpp\n'}
[2.870154] (cartographer_ros_msgs) StdoutLine: {'line': b'-- Up-to-date: /root/ros2_ws/install/cartographer_ros_msgs/include/cartographer_ros_msgs/cartographer_ros_msgs/msg/detail/status_code__type_support.hpp\n'}
[2.870361] (cartographer_ros_msgs) StdoutLine: {'line': b'-- Up-to-date: /root/ros2_ws/install/cartographer_ros_msgs/include/cartographer_ros_msgs/cartographer_ros_msgs/msg/detail/landmark_entry__type_support.hpp\n'}
[2.870570] (cartographer_ros_msgs) StdoutLine: {'line': b'-- Up-to-date: /root/ros2_ws/install/cartographer_ros_msgs/include/cartographer_ros_msgs/cartographer_ros_msgs/msg/detail/metric_label__builder.hpp\n'}
[2.870785] (cartographer_ros_msgs) StdoutLine: {'line': b'-- Up-to-date: /root/ros2_ws/install/cartographer_ros_msgs/include/cartographer_ros_msgs/cartographer_ros_msgs/msg/submap_texture.hpp\n'}
[2.871030] (cartographer_ros_msgs) StdoutLine: {'line': b'-- Up-to-date: /root/ros2_ws/install/cartographer_ros_msgs/include/cartographer_ros_msgs/cartographer_ros_msgs/msg/metric_label.hpp\n'}
[2.871243] (cartographer_ros_msgs) StdoutLine: {'line': b'-- Up-to-date: /root/ros2_ws/install/cartographer_ros_msgs/include/cartographer_ros_msgs/cartographer_ros_msgs\n'}
[2.871448] (cartographer_ros_msgs) StdoutLine: {'line': b'-- Up-to-date: /root/ros2_ws/install/cartographer_ros_msgs/include/cartographer_ros_msgs/cartographer_ros_msgs/srv\n'}
[2.871651] (cartographer_ros_msgs) StdoutLine: {'line': b'-- Up-to-date: /root/ros2_ws/install/cartographer_ros_msgs/include/cartographer_ros_msgs/cartographer_ros_msgs/srv/detail\n'}
[2.871884] (cartographer_ros_msgs) StdoutLine: {'line': b'-- Up-to-date: /root/ros2_ws/install/cartographer_ros_msgs/include/cartographer_ros_msgs/cartographer_ros_msgs/srv/detail/get_trajectory_states__rosidl_typesupport_fastrtps_cpp.hpp\n'}
[2.872135] (cartographer_ros_msgs) StdoutLine: {'line': b'-- Up-to-date: /root/ros2_ws/install/cartographer_ros_msgs/include/cartographer_ros_msgs/cartographer_ros_msgs/srv/detail/read_metrics__rosidl_typesupport_fastrtps_cpp.hpp\n'}
[2.872389] (cartographer_ros_msgs) StdoutLine: {'line': b'-- Up-to-date: /root/ros2_ws/install/cartographer_ros_msgs/include/cartographer_ros_msgs/cartographer_ros_msgs/srv/detail/trajectory_query__rosidl_typesupport_fastrtps_cpp.hpp\n'}
[2.872615] (cartographer_ros_msgs) StdoutLine: {'line': b'-- Up-to-date: /root/ros2_ws/install/cartographer_ros_msgs/include/cartographer_ros_msgs/cartographer_ros_msgs/srv/detail/write_state__rosidl_typesupport_fastrtps_cpp.hpp\n'}
[2.872878] (cartographer_ros_msgs) StdoutLine: {'line': b'-- Up-to-date: /root/ros2_ws/install/cartographer_ros_msgs/include/cartographer_ros_msgs/cartographer_ros_msgs/srv/detail/dds_fastrtps\n'}
[2.873147] (cartographer_ros_msgs) StdoutLine: {'line': b'-- Up-to-date: /root/ros2_ws/install/cartographer_ros_msgs/include/cartographer_ros_msgs/cartographer_ros_msgs/srv/detail/finish_trajectory__rosidl_typesupport_fastrtps_cpp.hpp\n'}
[2.873418] (cartographer_ros_msgs) StdoutLine: {'line': b'-- Up-to-date: /root/ros2_ws/install/cartographer_ros_msgs/include/cartographer_ros_msgs/cartographer_ros_msgs/srv/detail/submap_query__rosidl_typesupport_fastrtps_cpp.hpp\n'}
[2.873675] (cartographer_ros_msgs) StdoutLine: {'line': b'-- Up-to-date: /root/ros2_ws/install/cartographer_ros_msgs/include/cartographer_ros_msgs/cartographer_ros_msgs/srv/detail/start_trajectory__rosidl_typesupport_fastrtps_cpp.hpp\n'}
[2.874320] (cartographer_ros_msgs) StdoutLine: {'line': b'-- Up-to-date: /root/ros2_ws/install/cartographer_ros_msgs/include/cartographer_ros_msgs/cartographer_ros_msgs/msg\n'}
[2.874589] (cartographer_ros_msgs) StdoutLine: {'line': b'-- Up-to-date: /root/ros2_ws/install/cartographer_ros_msgs/include/cartographer_ros_msgs/cartographer_ros_msgs/msg/rosidl_typesupport_fastrtps_cpp__visibility_control.h\n'}
[2.874807] (cartographer_ros_msgs) StdoutLine: {'line': b'-- Up-to-date: /root/ros2_ws/install/cartographer_ros_msgs/include/cartographer_ros_msgs/cartographer_ros_msgs/msg/detail\n'}
[2.875068] (cartographer_ros_msgs) StdoutLine: {'line': b'-- Up-to-date: /root/ros2_ws/install/cartographer_ros_msgs/include/cartographer_ros_msgs/cartographer_ros_msgs/msg/detail/status_code__rosidl_typesupport_fastrtps_cpp.hpp\n'}
[2.875285] (cartographer_ros_msgs) StdoutLine: {'line': b'-- Up-to-date: /root/ros2_ws/install/cartographer_ros_msgs/include/cartographer_ros_msgs/cartographer_ros_msgs/msg/detail/metric_family__rosidl_typesupport_fastrtps_cpp.hpp\n'}
[2.875513] (cartographer_ros_msgs) StdoutLine: {'line': b'-- Up-to-date: /root/ros2_ws/install/cartographer_ros_msgs/include/cartographer_ros_msgs/cartographer_ros_msgs/msg/detail/submap_entry__rosidl_typesupport_fastrtps_cpp.hpp\n'}
[2.875723] (cartographer_ros_msgs) StdoutLine: {'line': b'-- Up-to-date: /root/ros2_ws/install/cartographer_ros_msgs/include/cartographer_ros_msgs/cartographer_ros_msgs/msg/detail/status_response__rosidl_typesupport_fastrtps_cpp.hpp\n'}
[2.875977] (cartographer_ros_msgs) StdoutLine: {'line': b'-- Up-to-date: /root/ros2_ws/install/cartographer_ros_msgs/include/cartographer_ros_msgs/cartographer_ros_msgs/msg/detail/bagfile_progress__rosidl_typesupport_fastrtps_cpp.hpp\n'}
[2.876185] (cartographer_ros_msgs) StdoutLine: {'line': b'-- Up-to-date: /root/ros2_ws/install/cartographer_ros_msgs/include/cartographer_ros_msgs/cartographer_ros_msgs/msg/detail/submap_texture__rosidl_typesupport_fastrtps_cpp.hpp\n'}
[2.876389] (cartographer_ros_msgs) StdoutLine: {'line': b'-- Up-to-date: /root/ros2_ws/install/cartographer_ros_msgs/include/cartographer_ros_msgs/cartographer_ros_msgs/msg/detail/metric_label__rosidl_typesupport_fastrtps_cpp.hpp\n'}
[2.876611] (cartographer_ros_msgs) StdoutLine: {'line': b'-- Up-to-date: /root/ros2_ws/install/cartographer_ros_msgs/include/cartographer_ros_msgs/cartographer_ros_msgs/msg/detail/histogram_bucket__rosidl_typesupport_fastrtps_cpp.hpp\n'}
[2.876827] (cartographer_ros_msgs) StdoutLine: {'line': b'-- Up-to-date: /root/ros2_ws/install/cartographer_ros_msgs/include/cartographer_ros_msgs/cartographer_ros_msgs/msg/detail/dds_fastrtps\n'}
[2.877063] (cartographer_ros_msgs) StdoutLine: {'line': b'-- Up-to-date: /root/ros2_ws/install/cartographer_ros_msgs/include/cartographer_ros_msgs/cartographer_ros_msgs/msg/detail/metric__rosidl_typesupport_fastrtps_cpp.hpp\n'}
[2.877270] (cartographer_ros_msgs) StdoutLine: {'line': b'-- Up-to-date: /root/ros2_ws/install/cartographer_ros_msgs/include/cartographer_ros_msgs/cartographer_ros_msgs/msg/detail/submap_list__rosidl_typesupport_fastrtps_cpp.hpp\n'}
[2.877476] (cartographer_ros_msgs) StdoutLine: {'line': b'-- Up-to-date: /root/ros2_ws/install/cartographer_ros_msgs/include/cartographer_ros_msgs/cartographer_ros_msgs/msg/detail/trajectory_states__rosidl_typesupport_fastrtps_cpp.hpp\n'}
[2.877679] (cartographer_ros_msgs) StdoutLine: {'line': b'-- Up-to-date: /root/ros2_ws/install/cartographer_ros_msgs/include/cartographer_ros_msgs/cartographer_ros_msgs/msg/detail/landmark_entry__rosidl_typesupport_fastrtps_cpp.hpp\n'}
[2.877906] (cartographer_ros_msgs) StdoutLine: {'line': b'-- Up-to-date: /root/ros2_ws/install/cartographer_ros_msgs/include/cartographer_ros_msgs/cartographer_ros_msgs/msg/detail/landmark_list__rosidl_typesupport_fastrtps_cpp.hpp\n'}
[2.878125] (cartographer_ros_msgs) StdoutLine: {'line': b'-- Up-to-date: /root/ros2_ws/install/cartographer_ros_msgs/lib/libcartographer_ros_msgs__rosidl_typesupport_fastrtps_cpp.so\n'}
[2.878332] (cartographer_ros_msgs) StdoutLine: {'line': b'-- Up-to-date: /root/ros2_ws/install/cartographer_ros_msgs/include/cartographer_ros_msgs/cartographer_ros_msgs\n'}
[2.878555] (cartographer_ros_msgs) StdoutLine: {'line': b'-- Up-to-date: /root/ros2_ws/install/cartographer_ros_msgs/include/cartographer_ros_msgs/cartographer_ros_msgs/srv\n'}
[2.878766] (cartographer_ros_msgs) StdoutLine: {'line': b'-- Up-to-date: /root/ros2_ws/install/cartographer_ros_msgs/include/cartographer_ros_msgs/cartographer_ros_msgs/srv/detail\n'}
[2.882832] (cartographer_ros_msgs) StdoutLine: {'line': b'-- Up-to-date: /root/ros2_ws/install/cartographer_ros_msgs/include/cartographer_ros_msgs/cartographer_ros_msgs/srv/detail/read_metrics__rosidl_typesupport_introspection_cpp.hpp\n'}
[2.883159] (cartographer_ros_msgs) StdoutLine: {'line': b'-- Up-to-date: /root/ros2_ws/install/cartographer_ros_msgs/include/cartographer_ros_msgs/cartographer_ros_msgs/srv/detail/trajectory_query__rosidl_typesupport_introspection_cpp.hpp\n'}
[2.883435] (cartographer_ros_msgs) StdoutLine: {'line': b'-- Up-to-date: /root/ros2_ws/install/cartographer_ros_msgs/include/cartographer_ros_msgs/cartographer_ros_msgs/srv/detail/get_trajectory_states__rosidl_typesupport_introspection_cpp.hpp\n'}
[2.883726] (cartographer_ros_msgs) StdoutLine: {'line': b'-- Up-to-date: /root/ros2_ws/install/cartographer_ros_msgs/include/cartographer_ros_msgs/cartographer_ros_msgs/srv/detail/finish_trajectory__rosidl_typesupport_introspection_cpp.hpp\n'}
[2.884217] (cartographer_ros_msgs) StdoutLine: {'line': b'-- Up-to-date: /root/ros2_ws/install/cartographer_ros_msgs/include/cartographer_ros_msgs/cartographer_ros_msgs/srv/detail/start_trajectory__type_support.cpp\n'}
[2.884522] (cartographer_ros_msgs) StdoutLine: {'line': b'-- Up-to-date: /root/ros2_ws/install/cartographer_ros_msgs/include/cartographer_ros_msgs/cartographer_ros_msgs/srv/detail/write_state__rosidl_typesupport_introspection_cpp.hpp\n'}
[2.884738] (cartographer_ros_msgs) StdoutLine: {'line': b'-- Up-to-date: /root/ros2_ws/install/cartographer_ros_msgs/include/cartographer_ros_msgs/cartographer_ros_msgs/srv/detail/start_trajectory__rosidl_typesupport_introspection_cpp.hpp\n'}
[2.884978] (cartographer_ros_msgs) StdoutLine: {'line': b'-- Up-to-date: /root/ros2_ws/install/cartographer_ros_msgs/include/cartographer_ros_msgs/cartographer_ros_msgs/srv/detail/finish_trajectory__type_support.cpp\n'}
[2.885191] (cartographer_ros_msgs) StdoutLine: {'line': b'-- Up-to-date: /root/ros2_ws/install/cartographer_ros_msgs/include/cartographer_ros_msgs/cartographer_ros_msgs/srv/detail/submap_query__rosidl_typesupport_introspection_cpp.hpp\n'}
[2.885403] (cartographer_ros_msgs) StdoutLine: {'line': b'-- Up-to-date: /root/ros2_ws/install/cartographer_ros_msgs/include/cartographer_ros_msgs/cartographer_ros_msgs/srv/detail/trajectory_query__type_support.cpp\n'}
[2.885607] (cartographer_ros_msgs) StdoutLine: {'line': b'-- Up-to-date: /root/ros2_ws/install/cartographer_ros_msgs/include/cartographer_ros_msgs/cartographer_ros_msgs/srv/detail/write_state__type_support.cpp\n'}
[2.885846] (cartographer_ros_msgs) StdoutLine: {'line': b'-- Up-to-date: /root/ros2_ws/install/cartographer_ros_msgs/include/cartographer_ros_msgs/cartographer_ros_msgs/srv/detail/get_trajectory_states__type_support.cpp\n'}
[2.886082] (cartographer_ros_msgs) StdoutLine: {'line': b'-- Up-to-date: /root/ros2_ws/install/cartographer_ros_msgs/include/cartographer_ros_msgs/cartographer_ros_msgs/srv/detail/read_metrics__type_support.cpp\n'}
[2.886292] (cartographer_ros_msgs) StdoutLine: {'line': b'-- Up-to-date: /root/ros2_ws/install/cartographer_ros_msgs/include/cartographer_ros_msgs/cartographer_ros_msgs/srv/detail/submap_query__type_support.cpp\n'}
[2.886498] (cartographer_ros_msgs) StdoutLine: {'line': b'-- Up-to-date: /root/ros2_ws/install/cartographer_ros_msgs/include/cartographer_ros_msgs/cartographer_ros_msgs/msg\n'}
[2.886742] (cartographer_ros_msgs) StdoutLine: {'line': b'-- Up-to-date: /root/ros2_ws/install/cartographer_ros_msgs/include/cartographer_ros_msgs/cartographer_ros_msgs/msg/detail\n'}
[2.887010] (cartographer_ros_msgs) StdoutLine: {'line': b'-- Up-to-date: /root/ros2_ws/install/cartographer_ros_msgs/include/cartographer_ros_msgs/cartographer_ros_msgs/msg/detail/metric__type_support.cpp\n'}
[2.887268] (cartographer_ros_msgs) StdoutLine: {'line': b'-- Up-to-date: /root/ros2_ws/install/cartographer_ros_msgs/include/cartographer_ros_msgs/cartographer_ros_msgs/msg/detail/landmark_list__rosidl_typesupport_introspection_cpp.hpp\n'}
[2.887538] (cartographer_ros_msgs) StdoutLine: {'line': b'-- Up-to-date: /root/ros2_ws/install/cartographer_ros_msgs/include/cartographer_ros_msgs/cartographer_ros_msgs/msg/detail/submap_list__type_support.cpp\n'}
[2.887779] (cartographer_ros_msgs) StdoutLine: {'line': b'-- Up-to-date: /root/ros2_ws/install/cartographer_ros_msgs/include/cartographer_ros_msgs/cartographer_ros_msgs/msg/detail/trajectory_states__type_support.cpp\n'}
[2.888122] (cartographer_ros_msgs) StdoutLine: {'line': b'-- Up-to-date: /root/ros2_ws/install/cartographer_ros_msgs/include/cartographer_ros_msgs/cartographer_ros_msgs/msg/detail/submap_entry__type_support.cpp\n'}
[2.888420] (cartographer_ros_msgs) StdoutLine: {'line': b'-- Up-to-date: /root/ros2_ws/install/cartographer_ros_msgs/include/cartographer_ros_msgs/cartographer_ros_msgs/msg/detail/bagfile_progress__type_support.cpp\n'}
[2.888697] (cartographer_ros_msgs) StdoutLine: {'line': b'-- Up-to-date: /root/ros2_ws/install/cartographer_ros_msgs/include/cartographer_ros_msgs/cartographer_ros_msgs/msg/detail/metric_family__rosidl_typesupport_introspection_cpp.hpp\n'}
[2.889064] (cartographer_ros_msgs) StdoutLine: {'line': b'-- Up-to-date: /root/ros2_ws/install/cartographer_ros_msgs/include/cartographer_ros_msgs/cartographer_ros_msgs/msg/detail/metric_label__rosidl_typesupport_introspection_cpp.hpp\n'}
[2.889367] (cartographer_ros_msgs) StdoutLine: {'line': b'-- Up-to-date: /root/ros2_ws/install/cartographer_ros_msgs/include/cartographer_ros_msgs/cartographer_ros_msgs/msg/detail/submap_list__rosidl_typesupport_introspection_cpp.hpp\n'}
[2.889661] (cartographer_ros_msgs) StdoutLine: {'line': b'-- Up-to-date: /root/ros2_ws/install/cartographer_ros_msgs/include/cartographer_ros_msgs/cartographer_ros_msgs/msg/detail/submap_texture__type_support.cpp\n'}
[2.889946] (cartographer_ros_msgs) StdoutLine: {'line': b'-- Up-to-date: /root/ros2_ws/install/cartographer_ros_msgs/include/cartographer_ros_msgs/cartographer_ros_msgs/msg/detail/histogram_bucket__type_support.cpp\n'}
[2.890389] (cartographer_ros_msgs) StdoutLine: {'line': b'-- Up-to-date: /root/ros2_ws/install/cartographer_ros_msgs/include/cartographer_ros_msgs/cartographer_ros_msgs/msg/detail/status_response__type_support.cpp\n'}
[2.890619] (cartographer_ros_msgs) StdoutLine: {'line': b'-- Up-to-date: /root/ros2_ws/install/cartographer_ros_msgs/include/cartographer_ros_msgs/cartographer_ros_msgs/msg/detail/metric_label__type_support.cpp\n'}
[2.890840] (cartographer_ros_msgs) StdoutLine: {'line': b'-- Up-to-date: /root/ros2_ws/install/cartographer_ros_msgs/include/cartographer_ros_msgs/cartographer_ros_msgs/msg/detail/metric__rosidl_typesupport_introspection_cpp.hpp\n'}
[2.891059] (cartographer_ros_msgs) StdoutLine: {'line': b'-- Up-to-date: /root/ros2_ws/install/cartographer_ros_msgs/include/cartographer_ros_msgs/cartographer_ros_msgs/msg/detail/landmark_list__type_support.cpp\n'}
[2.891371] (cartographer_ros_msgs) StdoutLine: {'line': b'-- Up-to-date: /root/ros2_ws/install/cartographer_ros_msgs/include/cartographer_ros_msgs/cartographer_ros_msgs/msg/detail/histogram_bucket__rosidl_typesupport_introspection_cpp.hpp\n'}
[2.891705] (cartographer_ros_msgs) StdoutLine: {'line': b'-- Up-to-date: /root/ros2_ws/install/cartographer_ros_msgs/include/cartographer_ros_msgs/cartographer_ros_msgs/msg/detail/bagfile_progress__rosidl_typesupport_introspection_cpp.hpp\n'}
[2.892138] (cartographer_ros_msgs) StdoutLine: {'line': b'-- Up-to-date: /root/ros2_ws/install/cartographer_ros_msgs/include/cartographer_ros_msgs/cartographer_ros_msgs/msg/detail/landmark_entry__type_support.cpp\n'}
[2.892520] (cartographer_ros_msgs) StdoutLine: {'line': b'-- Up-to-date: /root/ros2_ws/install/cartographer_ros_msgs/include/cartographer_ros_msgs/cartographer_ros_msgs/msg/detail/status_response__rosidl_typesupport_introspection_cpp.hpp\n'}
[2.892972] (cartographer_ros_msgs) StdoutLine: {'line': b'-- Up-to-date: /root/ros2_ws/install/cartographer_ros_msgs/include/cartographer_ros_msgs/cartographer_ros_msgs/msg/detail/status_code__type_support.cpp\n'}
[2.893775] (cartographer_ros_msgs) StdoutLine: {'line': b'-- Up-to-date: /root/ros2_ws/install/cartographer_ros_msgs/include/cartographer_ros_msgs/cartographer_ros_msgs/msg/detail/metric_family__type_support.cpp\n'}
[2.894068] (cartographer_ros_msgs) StdoutLine: {'line': b'-- Up-to-date: /root/ros2_ws/install/cartographer_ros_msgs/include/cartographer_ros_msgs/cartographer_ros_msgs/msg/detail/status_code__rosidl_typesupport_introspection_cpp.hpp\n'}
[2.894302] (cartographer_ros_msgs) StdoutLine: {'line': b'-- Up-to-date: /root/ros2_ws/install/cartographer_ros_msgs/include/cartographer_ros_msgs/cartographer_ros_msgs/msg/detail/trajectory_states__rosidl_typesupport_introspection_cpp.hpp\n'}
[2.894540] (cartographer_ros_msgs) StdoutLine: {'line': b'-- Up-to-date: /root/ros2_ws/install/cartographer_ros_msgs/include/cartographer_ros_msgs/cartographer_ros_msgs/msg/detail/submap_entry__rosidl_typesupport_introspection_cpp.hpp\n'}
[2.894755] (cartographer_ros_msgs) StdoutLine: {'line': b'-- Up-to-date: /root/ros2_ws/install/cartographer_ros_msgs/include/cartographer_ros_msgs/cartographer_ros_msgs/msg/detail/submap_texture__rosidl_typesupport_introspection_cpp.hpp\n'}
[2.895004] (cartographer_ros_msgs) StdoutLine: {'line': b'-- Up-to-date: /root/ros2_ws/install/cartographer_ros_msgs/include/cartographer_ros_msgs/cartographer_ros_msgs/msg/detail/landmark_entry__rosidl_typesupport_introspection_cpp.hpp\n'}
[2.895204] (cartographer_ros_msgs) StdoutLine: {'line': b'-- Up-to-date: /root/ros2_ws/install/cartographer_ros_msgs/lib/libcartographer_ros_msgs__rosidl_typesupport_introspection_cpp.so\n'}
[2.895428] (cartographer_ros_msgs) StdoutLine: {'line': b'-- Up-to-date: /root/ros2_ws/install/cartographer_ros_msgs/lib/libcartographer_ros_msgs__rosidl_typesupport_cpp.so\n'}
[2.895632] (cartographer_ros_msgs) StdoutLine: {'line': b'-- Up-to-date: /root/ros2_ws/install/cartographer_ros_msgs/share/cartographer_ros_msgs/environment/pythonpath.sh\n'}
[2.895854] (cartographer_ros_msgs) StdoutLine: {'line': b'-- Up-to-date: /root/ros2_ws/install/cartographer_ros_msgs/share/cartographer_ros_msgs/environment/pythonpath.dsv\n'}
[2.896084] (cartographer_ros_msgs) StdoutLine: {'line': b'-- Up-to-date: /root/ros2_ws/install/cartographer_ros_msgs/local/lib/python3.10/dist-packages/cartographer_ros_msgs-2.0.9003-py3.10.egg-info\n'}
[2.896304] (cartographer_ros_msgs) StdoutLine: {'line': b'-- Installing: /root/ros2_ws/install/cartographer_ros_msgs/local/lib/python3.10/dist-packages/cartographer_ros_msgs-2.0.9003-py3.10.egg-info/top_level.txt\n'}
[2.896568] (cartographer_ros_msgs) StdoutLine: {'line': b'-- Installing: /root/ros2_ws/install/cartographer_ros_msgs/local/lib/python3.10/dist-packages/cartographer_ros_msgs-2.0.9003-py3.10.egg-info/SOURCES.txt\n'}
[2.896875] (cartographer_ros_msgs) StdoutLine: {'line': b'-- Installing: /root/ros2_ws/install/cartographer_ros_msgs/local/lib/python3.10/dist-packages/cartographer_ros_msgs-2.0.9003-py3.10.egg-info/PKG-INFO\n'}
[2.897221] (cartographer_ros_msgs) StdoutLine: {'line': b'-- Installing: /root/ros2_ws/install/cartographer_ros_msgs/local/lib/python3.10/dist-packages/cartographer_ros_msgs-2.0.9003-py3.10.egg-info/dependency_links.txt\n'}
[2.897461] (cartographer_ros_msgs) StdoutLine: {'line': b'-- Up-to-date: /root/ros2_ws/install/cartographer_ros_msgs/local/lib/python3.10/dist-packages/cartographer_ros_msgs\n'}
[2.897832] (cartographer_ros_msgs) StdoutLine: {'line': b'-- Up-to-date: /root/ros2_ws/install/cartographer_ros_msgs/local/lib/python3.10/dist-packages/cartographer_ros_msgs/libcartographer_ros_msgs__rosidl_generator_py.so\n'}
[2.898203] (cartographer_ros_msgs) StdoutLine: {'line': b'-- Up-to-date: /root/ros2_ws/install/cartographer_ros_msgs/local/lib/python3.10/dist-packages/cartographer_ros_msgs/cartographer_ros_msgs_s__rosidl_typesupport_fastrtps_c.cpython-310-x86_64-linux-gnu.so\n'}
[2.898483] (cartographer_ros_msgs) StdoutLine: {'line': b'-- Up-to-date: /root/ros2_ws/install/cartographer_ros_msgs/local/lib/python3.10/dist-packages/cartographer_ros_msgs/_cartographer_ros_msgs_s.ep.rosidl_typesupport_c.c\n'}
[2.898804] (cartographer_ros_msgs) StdoutLine: {'line': b'-- Up-to-date: /root/ros2_ws/install/cartographer_ros_msgs/local/lib/python3.10/dist-packages/cartographer_ros_msgs/_cartographer_ros_msgs_s.ep.rosidl_typesupport_introspection_c.c\n'}
[2.899761] (cartographer_ros_msgs) StdoutLine: {'line': b'-- Up-to-date: /root/ros2_ws/install/cartographer_ros_msgs/local/lib/python3.10/dist-packages/cartographer_ros_msgs/cartographer_ros_msgs_s__rosidl_typesupport_c.cpython-310-x86_64-linux-gnu.so\n'}
[2.900140] (cartographer_ros_msgs) StdoutLine: {'line': b'-- Up-to-date: /root/ros2_ws/install/cartographer_ros_msgs/local/lib/python3.10/dist-packages/cartographer_ros_msgs/cartographer_ros_msgs_s__rosidl_typesupport_introspection_c.cpython-310-x86_64-linux-gnu.so\n'}
[2.900388] (cartographer_ros_msgs) StdoutLine: {'line': b'-- Up-to-date: /root/ros2_ws/install/cartographer_ros_msgs/local/lib/python3.10/dist-packages/cartographer_ros_msgs/srv\n'}
[2.900603] (cartographer_ros_msgs) StdoutLine: {'line': b'-- Up-to-date: /root/ros2_ws/install/cartographer_ros_msgs/local/lib/python3.10/dist-packages/cartographer_ros_msgs/srv/_write_state.py\n'}
[2.900809] (cartographer_ros_msgs) StdoutLine: {'line': b'-- Up-to-date: /root/ros2_ws/install/cartographer_ros_msgs/local/lib/python3.10/dist-packages/cartographer_ros_msgs/srv/_start_trajectory_s.c\n'}
[2.901047] (cartographer_ros_msgs) StdoutLine: {'line': b'-- Up-to-date: /root/ros2_ws/install/cartographer_ros_msgs/local/lib/python3.10/dist-packages/cartographer_ros_msgs/srv/_submap_query.py\n'}
[2.901251] (cartographer_ros_msgs) StdoutLine: {'line': b'-- Up-to-date: /root/ros2_ws/install/cartographer_ros_msgs/local/lib/python3.10/dist-packages/cartographer_ros_msgs/srv/_read_metrics_s.c\n'}
[2.901457] (cartographer_ros_msgs) StdoutLine: {'line': b'-- Up-to-date: /root/ros2_ws/install/cartographer_ros_msgs/local/lib/python3.10/dist-packages/cartographer_ros_msgs/srv/_finish_trajectory.py\n'}
[2.901676] (cartographer_ros_msgs) StdoutLine: {'line': b'-- Up-to-date: /root/ros2_ws/install/cartographer_ros_msgs/local/lib/python3.10/dist-packages/cartographer_ros_msgs/srv/_finish_trajectory_s.c\n'}
[2.901908] (cartographer_ros_msgs) StdoutLine: {'line': b'-- Up-to-date: /root/ros2_ws/install/cartographer_ros_msgs/local/lib/python3.10/dist-packages/cartographer_ros_msgs/srv/_get_trajectory_states_s.c\n'}
[2.902129] (cartographer_ros_msgs) StdoutLine: {'line': b'-- Up-to-date: /root/ros2_ws/install/cartographer_ros_msgs/local/lib/python3.10/dist-packages/cartographer_ros_msgs/srv/_get_trajectory_states.py\n'}
[2.902356] (cartographer_ros_msgs) StdoutLine: {'line': b'-- Up-to-date: /root/ros2_ws/install/cartographer_ros_msgs/local/lib/python3.10/dist-packages/cartographer_ros_msgs/srv/__init__.py\n'}
[2.902563] (cartographer_ros_msgs) StdoutLine: {'line': b'-- Up-to-date: /root/ros2_ws/install/cartographer_ros_msgs/local/lib/python3.10/dist-packages/cartographer_ros_msgs/srv/_write_state_s.c\n'}
[2.902762] (cartographer_ros_msgs) StdoutLine: {'line': b'-- Up-to-date: /root/ros2_ws/install/cartographer_ros_msgs/local/lib/python3.10/dist-packages/cartographer_ros_msgs/srv/_read_metrics.py\n'}
[2.903001] (cartographer_ros_msgs) StdoutLine: {'line': b'-- Up-to-date: /root/ros2_ws/install/cartographer_ros_msgs/local/lib/python3.10/dist-packages/cartographer_ros_msgs/srv/_trajectory_query_s.c\n'}
[2.903223] (cartographer_ros_msgs) StdoutLine: {'line': b'-- Up-to-date: /root/ros2_ws/install/cartographer_ros_msgs/local/lib/python3.10/dist-packages/cartographer_ros_msgs/srv/_start_trajectory.py\n'}
[2.903452] (cartographer_ros_msgs) StdoutLine: {'line': b'-- Up-to-date: /root/ros2_ws/install/cartographer_ros_msgs/local/lib/python3.10/dist-packages/cartographer_ros_msgs/srv/_trajectory_query.py\n'}
[2.903716] (cartographer_ros_msgs) StdoutLine: {'line': b'-- Up-to-date: /root/ros2_ws/install/cartographer_ros_msgs/local/lib/python3.10/dist-packages/cartographer_ros_msgs/srv/_submap_query_s.c\n'}
[2.903980] (cartographer_ros_msgs) StdoutLine: {'line': b'-- Up-to-date: /root/ros2_ws/install/cartographer_ros_msgs/local/lib/python3.10/dist-packages/cartographer_ros_msgs/msg\n'}
[2.904227] (cartographer_ros_msgs) StdoutLine: {'line': b'-- Up-to-date: /root/ros2_ws/install/cartographer_ros_msgs/local/lib/python3.10/dist-packages/cartographer_ros_msgs/msg/_submap_texture_s.c\n'}
[2.904454] (cartographer_ros_msgs) StdoutLine: {'line': b'-- Up-to-date: /root/ros2_ws/install/cartographer_ros_msgs/local/lib/python3.10/dist-packages/cartographer_ros_msgs/msg/_submap_texture.py\n'}
[2.904711] (cartographer_ros_msgs) StdoutLine: {'line': b'-- Up-to-date: /root/ros2_ws/install/cartographer_ros_msgs/local/lib/python3.10/dist-packages/cartographer_ros_msgs/msg/_metric.py\n'}
[2.904961] (cartographer_ros_msgs) StdoutLine: {'line': b'-- Up-to-date: /root/ros2_ws/install/cartographer_ros_msgs/local/lib/python3.10/dist-packages/cartographer_ros_msgs/msg/_status_code.py\n'}
[2.905218] (cartographer_ros_msgs) StdoutLine: {'line': b'-- Up-to-date: /root/ros2_ws/install/cartographer_ros_msgs/local/lib/python3.10/dist-packages/cartographer_ros_msgs/msg/_bagfile_progress.py\n'}
[2.905475] (cartographer_ros_msgs) StdoutLine: {'line': b'-- Up-to-date: /root/ros2_ws/install/cartographer_ros_msgs/local/lib/python3.10/dist-packages/cartographer_ros_msgs/msg/_landmark_entry.py\n'}
[2.905728] (cartographer_ros_msgs) StdoutLine: {'line': b'-- Up-to-date: /root/ros2_ws/install/cartographer_ros_msgs/local/lib/python3.10/dist-packages/cartographer_ros_msgs/msg/_trajectory_states.py\n'}
[2.906018] (cartographer_ros_msgs) StdoutLine: {'line': b'-- Up-to-date: /root/ros2_ws/install/cartographer_ros_msgs/local/lib/python3.10/dist-packages/cartographer_ros_msgs/msg/_bagfile_progress_s.c\n'}
[2.906304] (cartographer_ros_msgs) StdoutLine: {'line': b'-- Up-to-date: /root/ros2_ws/install/cartographer_ros_msgs/local/lib/python3.10/dist-packages/cartographer_ros_msgs/msg/_status_code_s.c\n'}
[2.906566] (cartographer_ros_msgs) StdoutLine: {'line': b'-- Up-to-date: /root/ros2_ws/install/cartographer_ros_msgs/local/lib/python3.10/dist-packages/cartographer_ros_msgs/msg/_submap_entry_s.c\n'}
[2.906805] (cartographer_ros_msgs) StdoutLine: {'line': b'-- Up-to-date: /root/ros2_ws/install/cartographer_ros_msgs/local/lib/python3.10/dist-packages/cartographer_ros_msgs/msg/_landmark_list.py\n'}
[2.907128] (cartographer_ros_msgs) StdoutLine: {'line': b'-- Up-to-date: /root/ros2_ws/install/cartographer_ros_msgs/local/lib/python3.10/dist-packages/cartographer_ros_msgs/msg/_metric_label_s.c\n'}
[2.907365] (cartographer_ros_msgs) StdoutLine: {'line': b'-- Up-to-date: /root/ros2_ws/install/cartographer_ros_msgs/local/lib/python3.10/dist-packages/cartographer_ros_msgs/msg/__init__.py\n'}
[2.907575] (cartographer_ros_msgs) StdoutLine: {'line': b'-- Up-to-date: /root/ros2_ws/install/cartographer_ros_msgs/local/lib/python3.10/dist-packages/cartographer_ros_msgs/msg/_metric_family_s.c\n'}
[2.907794] (cartographer_ros_msgs) StdoutLine: {'line': b'-- Up-to-date: /root/ros2_ws/install/cartographer_ros_msgs/local/lib/python3.10/dist-packages/cartographer_ros_msgs/msg/_submap_entry.py\n'}
[2.908036] (cartographer_ros_msgs) StdoutLine: {'line': b'-- Up-to-date: /root/ros2_ws/install/cartographer_ros_msgs/local/lib/python3.10/dist-packages/cartographer_ros_msgs/msg/_submap_list_s.c\n'}
[2.908254] (cartographer_ros_msgs) StdoutLine: {'line': b'-- Up-to-date: /root/ros2_ws/install/cartographer_ros_msgs/local/lib/python3.10/dist-packages/cartographer_ros_msgs/msg/_histogram_bucket_s.c\n'}
[2.908501] (cartographer_ros_msgs) StdoutLine: {'line': b'-- Up-to-date: /root/ros2_ws/install/cartographer_ros_msgs/local/lib/python3.10/dist-packages/cartographer_ros_msgs/msg/_submap_list.py\n'}
[2.908762] (cartographer_ros_msgs) StdoutLine: {'line': b'-- Up-to-date: /root/ros2_ws/install/cartographer_ros_msgs/local/lib/python3.10/dist-packages/cartographer_ros_msgs/msg/_metric_s.c\n'}
[2.909078] (cartographer_ros_msgs) StdoutLine: {'line': b'-- Up-to-date: /root/ros2_ws/install/cartographer_ros_msgs/local/lib/python3.10/dist-packages/cartographer_ros_msgs/msg/_histogram_bucket.py\n'}
[2.909344] (cartographer_ros_msgs) StdoutLine: {'line': b'-- Up-to-date: /root/ros2_ws/install/cartographer_ros_msgs/local/lib/python3.10/dist-packages/cartographer_ros_msgs/msg/_landmark_entry_s.c\n'}
[2.909678] (cartographer_ros_msgs) StdoutLine: {'line': b'-- Up-to-date: /root/ros2_ws/install/cartographer_ros_msgs/local/lib/python3.10/dist-packages/cartographer_ros_msgs/msg/_metric_label.py\n'}
[2.910587] (cartographer_ros_msgs) StdoutLine: {'line': b'-- Up-to-date: /root/ros2_ws/install/cartographer_ros_msgs/local/lib/python3.10/dist-packages/cartographer_ros_msgs/msg/_status_response_s.c\n'}
[2.910920] (cartographer_ros_msgs) StdoutLine: {'line': b'-- Up-to-date: /root/ros2_ws/install/cartographer_ros_msgs/local/lib/python3.10/dist-packages/cartographer_ros_msgs/msg/_status_response.py\n'}
[2.911170] (cartographer_ros_msgs) StdoutLine: {'line': b'-- Up-to-date: /root/ros2_ws/install/cartographer_ros_msgs/local/lib/python3.10/dist-packages/cartographer_ros_msgs/msg/_landmark_list_s.c\n'}
[2.911394] (cartographer_ros_msgs) StdoutLine: {'line': b'-- Up-to-date: /root/ros2_ws/install/cartographer_ros_msgs/local/lib/python3.10/dist-packages/cartographer_ros_msgs/msg/_metric_family.py\n'}
[2.911641] (cartographer_ros_msgs) StdoutLine: {'line': b'-- Up-to-date: /root/ros2_ws/install/cartographer_ros_msgs/local/lib/python3.10/dist-packages/cartographer_ros_msgs/msg/_trajectory_states_s.c\n'}
[2.911905] (cartographer_ros_msgs) StdoutLine: {'line': b'-- Up-to-date: /root/ros2_ws/install/cartographer_ros_msgs/local/lib/python3.10/dist-packages/cartographer_ros_msgs/_cartographer_ros_msgs_s.ep.rosidl_typesupport_fastrtps_c.c\n'}
[2.912239] (cartographer_ros_msgs) StdoutLine: {'line': b'-- Up-to-date: /root/ros2_ws/install/cartographer_ros_msgs/local/lib/python3.10/dist-packages/cartographer_ros_msgs/__init__.py\n'}
[2.954749] (-) TimerEvent: {}
[2.962393] (robocar_test_cpp) StdoutLine: {'line': b'-- Found FastRTPS: /opt/ros/humble/include  \n'}
[2.975918] (cartographer) StdoutLine: {'line': b'\x1b[01mRunning Sphinx v4.3.2\x1b[39;49;00m\n'}
[3.041117] (cartographer_ros_msgs) StdoutLine: {'line': b"Listing '/root/ros2_ws/install/cartographer_ros_msgs/local/lib/python3.10/dist-packages/cartographer_ros_msgs'...\n"}
[3.041564] (cartographer_ros_msgs) StdoutLine: {'line': b"Listing '/root/ros2_ws/install/cartographer_ros_msgs/local/lib/python3.10/dist-packages/cartographer_ros_msgs/msg'...\n"}
[3.041865] (cartographer_ros_msgs) StdoutLine: {'line': b"Listing '/root/ros2_ws/install/cartographer_ros_msgs/local/lib/python3.10/dist-packages/cartographer_ros_msgs/srv'...\n"}
[3.055050] (-) TimerEvent: {}
[3.064634] (cartographer_ros_msgs) StdoutLine: {'line': b'-- Up-to-date: /root/ros2_ws/install/cartographer_ros_msgs/local/lib/python3.10/dist-packages/cartographer_ros_msgs/cartographer_ros_msgs_s__rosidl_typesupport_fastrtps_c.cpython-310-x86_64-linux-gnu.so\n'}
[3.070889] (cartographer_ros_msgs) StdoutLine: {'line': b'-- Up-to-date: /root/ros2_ws/install/cartographer_ros_msgs/local/lib/python3.10/dist-packages/cartographer_ros_msgs/cartographer_ros_msgs_s__rosidl_typesupport_introspection_c.cpython-310-x86_64-linux-gnu.so\n'}
[3.078825] (cartographer_ros_msgs) StdoutLine: {'line': b'-- Up-to-date: /root/ros2_ws/install/cartographer_ros_msgs/local/lib/python3.10/dist-packages/cartographer_ros_msgs/cartographer_ros_msgs_s__rosidl_typesupport_c.cpython-310-x86_64-linux-gnu.so\n'}
[3.079869] (cartographer_ros_msgs) StdoutLine: {'line': b'-- Up-to-date: /root/ros2_ws/install/cartographer_ros_msgs/lib/libcartographer_ros_msgs__rosidl_generator_py.so\n'}
[3.081155] (cartographer_ros_msgs) StdoutLine: {'line': b'-- Up-to-date: /root/ros2_ws/install/cartographer_ros_msgs/share/cartographer_ros_msgs/msg/BagfileProgress.idl\n'}
[3.082408] (cartographer_ros_msgs) StdoutLine: {'line': b'-- Up-to-date: /root/ros2_ws/install/cartographer_ros_msgs/share/cartographer_ros_msgs/msg/HistogramBucket.idl\n'}
[3.083269] (cartographer_ros_msgs) StdoutLine: {'line': b'-- Up-to-date: /root/ros2_ws/install/cartographer_ros_msgs/share/cartographer_ros_msgs/msg/LandmarkEntry.idl\n'}
[3.084337] (cartographer_ros_msgs) StdoutLine: {'line': b'-- Up-to-date: /root/ros2_ws/install/cartographer_ros_msgs/share/cartographer_ros_msgs/msg/LandmarkList.idl\n'}
[3.085626] (cartographer_ros_msgs) StdoutLine: {'line': b'-- Up-to-date: /root/ros2_ws/install/cartographer_ros_msgs/share/cartographer_ros_msgs/msg/MetricFamily.idl\n'}
[3.087183] (cartographer_ros_msgs) StdoutLine: {'line': b'-- Up-to-date: /root/ros2_ws/install/cartographer_ros_msgs/share/cartographer_ros_msgs/msg/MetricLabel.idl\n'}
[3.089447] (cartographer_ros_msgs) StdoutLine: {'line': b'-- Up-to-date: /root/ros2_ws/install/cartographer_ros_msgs/share/cartographer_ros_msgs/msg/Metric.idl\n'}
[3.089775] (cartographer_ros_msgs) StdoutLine: {'line': b'-- Up-to-date: /root/ros2_ws/install/cartographer_ros_msgs/share/cartographer_ros_msgs/msg/StatusCode.idl\n'}
[3.092255] (cartographer_ros_msgs) StdoutLine: {'line': b'-- Up-to-date: /root/ros2_ws/install/cartographer_ros_msgs/share/cartographer_ros_msgs/msg/StatusResponse.idl\n'}
[3.092622] (cartographer_ros_msgs) StdoutLine: {'line': b'-- Up-to-date: /root/ros2_ws/install/cartographer_ros_msgs/share/cartographer_ros_msgs/msg/SubmapEntry.idl\n'}
[3.094139] (cartographer_ros_msgs) StdoutLine: {'line': b'-- Up-to-date: /root/ros2_ws/install/cartographer_ros_msgs/share/cartographer_ros_msgs/msg/SubmapList.idl\n'}
[3.094500] (cartographer_ros_msgs) StdoutLine: {'line': b'-- Up-to-date: /root/ros2_ws/install/cartographer_ros_msgs/share/cartographer_ros_msgs/msg/SubmapTexture.idl\n'}
[3.094747] (cartographer_ros_msgs) StdoutLine: {'line': b'-- Up-to-date: /root/ros2_ws/install/cartographer_ros_msgs/share/cartographer_ros_msgs/msg/TrajectoryStates.idl\n'}
[3.095108] (cartographer_ros_msgs) StdoutLine: {'line': b'-- Up-to-date: /root/ros2_ws/install/cartographer_ros_msgs/share/cartographer_ros_msgs/srv/FinishTrajectory.idl\n'}
[3.096987] (cartographer_ros_msgs) StdoutLine: {'line': b'-- Up-to-date: /root/ros2_ws/install/cartographer_ros_msgs/share/cartographer_ros_msgs/srv/GetTrajectoryStates.idl\n'}
[3.097560] (cartographer_ros_msgs) StdoutLine: {'line': b'-- Up-to-date: /root/ros2_ws/install/cartographer_ros_msgs/share/cartographer_ros_msgs/srv/ReadMetrics.idl\n'}
[3.097842] (cartographer_ros_msgs) StdoutLine: {'line': b'-- Up-to-date: /root/ros2_ws/install/cartographer_ros_msgs/share/cartographer_ros_msgs/srv/StartTrajectory.idl\n'}
[3.098216] (cartographer_ros_msgs) StdoutLine: {'line': b'-- Up-to-date: /root/ros2_ws/install/cartographer_ros_msgs/share/cartographer_ros_msgs/srv/TrajectoryQuery.idl\n'}
[3.101707] (cartographer_ros_msgs) StdoutLine: {'line': b'-- Up-to-date: /root/ros2_ws/install/cartographer_ros_msgs/share/cartographer_ros_msgs/srv/SubmapQuery.idl\n'}
[3.102123] (cartographer_ros_msgs) StdoutLine: {'line': b'-- Up-to-date: /root/ros2_ws/install/cartographer_ros_msgs/share/cartographer_ros_msgs/srv/WriteState.idl\n'}
[3.102363] (cartographer_ros_msgs) StdoutLine: {'line': b'-- Up-to-date: /root/ros2_ws/install/cartographer_ros_msgs/share/cartographer_ros_msgs/msg/BagfileProgress.msg\n'}
[3.102573] (cartographer_ros_msgs) StdoutLine: {'line': b'-- Up-to-date: /root/ros2_ws/install/cartographer_ros_msgs/share/cartographer_ros_msgs/msg/HistogramBucket.msg\n'}
[3.102786] (cartographer_ros_msgs) StdoutLine: {'line': b'-- Up-to-date: /root/ros2_ws/install/cartographer_ros_msgs/share/cartographer_ros_msgs/msg/LandmarkEntry.msg\n'}
[3.103025] (cartographer_ros_msgs) StdoutLine: {'line': b'-- Up-to-date: /root/ros2_ws/install/cartographer_ros_msgs/share/cartographer_ros_msgs/msg/LandmarkList.msg\n'}
[3.107940] (cartographer_ros_msgs) StdoutLine: {'line': b'-- Up-to-date: /root/ros2_ws/install/cartographer_ros_msgs/share/cartographer_ros_msgs/msg/MetricFamily.msg\n'}
[3.108595] (cartographer_ros_msgs) StdoutLine: {'line': b'-- Up-to-date: /root/ros2_ws/install/cartographer_ros_msgs/share/cartographer_ros_msgs/msg/MetricLabel.msg\n'}
[3.108863] (cartographer_ros_msgs) StdoutLine: {'line': b'-- Up-to-date: /root/ros2_ws/install/cartographer_ros_msgs/share/cartographer_ros_msgs/msg/Metric.msg\n'}
[3.109247] (cartographer_ros_msgs) StdoutLine: {'line': b'-- Up-to-date: /root/ros2_ws/install/cartographer_ros_msgs/share/cartographer_ros_msgs/msg/StatusCode.msg\n'}
[3.109615] (cartographer_ros_msgs) StdoutLine: {'line': b'-- Up-to-date: /root/ros2_ws/install/cartographer_ros_msgs/share/cartographer_ros_msgs/msg/StatusResponse.msg\n'}
[3.109971] (cartographer_ros_msgs) StdoutLine: {'line': b'-- Up-to-date: /root/ros2_ws/install/cartographer_ros_msgs/share/cartographer_ros_msgs/msg/SubmapEntry.msg\n'}
[3.110292] (cartographer_ros_msgs) StdoutLine: {'line': b'-- Up-to-date: /root/ros2_ws/install/cartographer_ros_msgs/share/cartographer_ros_msgs/msg/SubmapList.msg\n'}
[3.110582] (cartographer_ros_msgs) StdoutLine: {'line': b'-- Up-to-date: /root/ros2_ws/install/cartographer_ros_msgs/share/cartographer_ros_msgs/msg/SubmapTexture.msg\n'}
[3.110942] (cartographer_ros_msgs) StdoutLine: {'line': b'-- Up-to-date: /root/ros2_ws/install/cartographer_ros_msgs/share/cartographer_ros_msgs/msg/TrajectoryStates.msg\n'}
[3.111185] (cartographer_ros_msgs) StdoutLine: {'line': b'-- Up-to-date: /root/ros2_ws/install/cartographer_ros_msgs/share/cartographer_ros_msgs/srv/FinishTrajectory.srv\n'}
[3.111502] (cartographer_ros_msgs) StdoutLine: {'line': b'-- Up-to-date: /root/ros2_ws/install/cartographer_ros_msgs/share/cartographer_ros_msgs/srv/FinishTrajectory_Request.msg\n'}
[3.112177] (cartographer_ros_msgs) StdoutLine: {'line': b'-- Up-to-date: /root/ros2_ws/install/cartographer_ros_msgs/share/cartographer_ros_msgs/srv/FinishTrajectory_Response.msg\n'}
[3.113077] (cartographer_ros_msgs) StdoutLine: {'line': b'-- Up-to-date: /root/ros2_ws/install/cartographer_ros_msgs/share/cartographer_ros_msgs/srv/GetTrajectoryStates.srv\n'}
[3.113709] (cartographer_ros_msgs) StdoutLine: {'line': b'-- Up-to-date: /root/ros2_ws/install/cartographer_ros_msgs/share/cartographer_ros_msgs/srv/GetTrajectoryStates_Request.msg\n'}
[3.114724] (cartographer_ros_msgs) StdoutLine: {'line': b'-- Up-to-date: /root/ros2_ws/install/cartographer_ros_msgs/share/cartographer_ros_msgs/srv/GetTrajectoryStates_Response.msg\n'}
[3.115562] (cartographer_ros_msgs) StdoutLine: {'line': b'-- Up-to-date: /root/ros2_ws/install/cartographer_ros_msgs/share/cartographer_ros_msgs/srv/ReadMetrics.srv\n'}
[3.117037] (cartographer_ros_msgs) StdoutLine: {'line': b'-- Up-to-date: /root/ros2_ws/install/cartographer_ros_msgs/share/cartographer_ros_msgs/srv/ReadMetrics_Request.msg\n'}
[3.117295] (cartographer_ros_msgs) StdoutLine: {'line': b'-- Up-to-date: /root/ros2_ws/install/cartographer_ros_msgs/share/cartographer_ros_msgs/srv/ReadMetrics_Response.msg\n'}
[3.117514] (cartographer_ros_msgs) StdoutLine: {'line': b'-- Up-to-date: /root/ros2_ws/install/cartographer_ros_msgs/share/cartographer_ros_msgs/srv/StartTrajectory.srv\n'}
[3.117717] (cartographer_ros_msgs) StdoutLine: {'line': b'-- Up-to-date: /root/ros2_ws/install/cartographer_ros_msgs/share/cartographer_ros_msgs/srv/StartTrajectory_Request.msg\n'}
[3.117988] (cartographer_ros_msgs) StdoutLine: {'line': b'-- Up-to-date: /root/ros2_ws/install/cartographer_ros_msgs/share/cartographer_ros_msgs/srv/StartTrajectory_Response.msg\n'}
[3.118207] (cartographer_ros_msgs) StdoutLine: {'line': b'-- Up-to-date: /root/ros2_ws/install/cartographer_ros_msgs/share/cartographer_ros_msgs/srv/TrajectoryQuery.srv\n'}
[3.118414] (cartographer_ros_msgs) StdoutLine: {'line': b'-- Up-to-date: /root/ros2_ws/install/cartographer_ros_msgs/share/cartographer_ros_msgs/srv/TrajectoryQuery_Request.msg\n'}
[3.118716] (cartographer_ros_msgs) StdoutLine: {'line': b'-- Up-to-date: /root/ros2_ws/install/cartographer_ros_msgs/share/cartographer_ros_msgs/srv/TrajectoryQuery_Response.msg\n'}
[3.118994] (cartographer_ros_msgs) StdoutLine: {'line': b'-- Up-to-date: /root/ros2_ws/install/cartographer_ros_msgs/share/cartographer_ros_msgs/srv/SubmapQuery.srv\n'}
[3.119474] (cartographer_ros_msgs) StdoutLine: {'line': b'-- Up-to-date: /root/ros2_ws/install/cartographer_ros_msgs/share/cartographer_ros_msgs/srv/SubmapQuery_Request.msg\n'}
[3.119841] (cartographer_ros_msgs) StdoutLine: {'line': b'-- Up-to-date: /root/ros2_ws/install/cartographer_ros_msgs/share/cartographer_ros_msgs/srv/SubmapQuery_Response.msg\n'}
[3.120242] (cartographer_ros_msgs) StdoutLine: {'line': b'-- Up-to-date: /root/ros2_ws/install/cartographer_ros_msgs/share/cartographer_ros_msgs/srv/WriteState.srv\n'}
[3.120676] (cartographer_ros_msgs) StdoutLine: {'line': b'-- Up-to-date: /root/ros2_ws/install/cartographer_ros_msgs/share/cartographer_ros_msgs/srv/WriteState_Request.msg\n'}
[3.120980] (cartographer_ros_msgs) StdoutLine: {'line': b'-- Up-to-date: /root/ros2_ws/install/cartographer_ros_msgs/share/cartographer_ros_msgs/srv/WriteState_Response.msg\n'}
[3.121263] (cartographer_ros_msgs) StdoutLine: {'line': b'-- Up-to-date: /root/ros2_ws/install/cartographer_ros_msgs/share/ament_index/resource_index/package_run_dependencies/cartographer_ros_msgs\n'}
[3.121729] (cartographer_ros_msgs) StdoutLine: {'line': b'-- Up-to-date: /root/ros2_ws/install/cartographer_ros_msgs/share/ament_index/resource_index/parent_prefix_path/cartographer_ros_msgs\n'}
[3.122106] (cartographer_ros_msgs) StdoutLine: {'line': b'-- Up-to-date: /root/ros2_ws/install/cartographer_ros_msgs/share/cartographer_ros_msgs/environment/ament_prefix_path.sh\n'}
[3.122353] (cartographer_ros_msgs) StdoutLine: {'line': b'-- Up-to-date: /root/ros2_ws/install/cartographer_ros_msgs/share/cartographer_ros_msgs/environment/ament_prefix_path.dsv\n'}
[3.122597] (cartographer_ros_msgs) StdoutLine: {'line': b'-- Up-to-date: /root/ros2_ws/install/cartographer_ros_msgs/share/cartographer_ros_msgs/environment/path.sh\n'}
[3.122879] (cartographer_ros_msgs) StdoutLine: {'line': b'-- Up-to-date: /root/ros2_ws/install/cartographer_ros_msgs/share/cartographer_ros_msgs/environment/path.dsv\n'}
[3.123158] (cartographer_ros_msgs) StdoutLine: {'line': b'-- Up-to-date: /root/ros2_ws/install/cartographer_ros_msgs/share/cartographer_ros_msgs/local_setup.bash\n'}
[3.123391] (cartographer_ros_msgs) StdoutLine: {'line': b'-- Up-to-date: /root/ros2_ws/install/cartographer_ros_msgs/share/cartographer_ros_msgs/local_setup.sh\n'}
[3.123709] (cartographer_ros_msgs) StdoutLine: {'line': b'-- Up-to-date: /root/ros2_ws/install/cartographer_ros_msgs/share/cartographer_ros_msgs/local_setup.zsh\n'}
[3.124767] (cartographer_ros_msgs) StdoutLine: {'line': b'-- Up-to-date: /root/ros2_ws/install/cartographer_ros_msgs/share/cartographer_ros_msgs/local_setup.dsv\n'}
[3.125086] (cartographer_ros_msgs) StdoutLine: {'line': b'-- Installing: /root/ros2_ws/install/cartographer_ros_msgs/share/cartographer_ros_msgs/package.dsv\n'}
[3.127383] (cartographer_ros_msgs) StdoutLine: {'line': b'-- Up-to-date: /root/ros2_ws/install/cartographer_ros_msgs/share/ament_index/resource_index/packages/cartographer_ros_msgs\n'}
[3.127944] (cartographer_ros_msgs) StdoutLine: {'line': b'-- Up-to-date: /root/ros2_ws/install/cartographer_ros_msgs/share/cartographer_ros_msgs/cmake/export_cartographer_ros_msgs__rosidl_generator_cExport.cmake\n'}
[3.128330] (cartographer_ros_msgs) StdoutLine: {'line': b'-- Up-to-date: /root/ros2_ws/install/cartographer_ros_msgs/share/cartographer_ros_msgs/cmake/export_cartographer_ros_msgs__rosidl_generator_cExport-noconfig.cmake\n'}
[3.130332] (cartographer_ros_msgs) StdoutLine: {'line': b'-- Up-to-date: /root/ros2_ws/install/cartographer_ros_msgs/share/cartographer_ros_msgs/cmake/export_cartographer_ros_msgs__rosidl_typesupport_fastrtps_cExport.cmake\n'}
[3.130809] (cartographer_ros_msgs) StdoutLine: {'line': b'-- Up-to-date: /root/ros2_ws/install/cartographer_ros_msgs/share/cartographer_ros_msgs/cmake/export_cartographer_ros_msgs__rosidl_typesupport_fastrtps_cExport-noconfig.cmake\n'}
[3.134211] (cartographer_ros_msgs) StdoutLine: {'line': b'-- Up-to-date: /root/ros2_ws/install/cartographer_ros_msgs/share/cartographer_ros_msgs/cmake/cartographer_ros_msgs__rosidl_typesupport_introspection_cExport.cmake\n'}
[3.137018] (cartographer_ros_msgs) StdoutLine: {'line': b'-- Up-to-date: /root/ros2_ws/install/cartographer_ros_msgs/share/cartographer_ros_msgs/cmake/cartographer_ros_msgs__rosidl_typesupport_introspection_cExport-noconfig.cmake\n'}
[3.137408] (cartographer_ros_msgs) StdoutLine: {'line': b'-- Up-to-date: /root/ros2_ws/install/cartographer_ros_msgs/share/cartographer_ros_msgs/cmake/cartographer_ros_msgs__rosidl_typesupport_cExport.cmake\n'}
[3.137766] (cartographer_ros_msgs) StdoutLine: {'line': b'-- Up-to-date: /root/ros2_ws/install/cartographer_ros_msgs/share/cartographer_ros_msgs/cmake/cartographer_ros_msgs__rosidl_typesupport_cExport-noconfig.cmake\n'}
[3.141634] (cartographer_ros_msgs) StdoutLine: {'line': b'-- Up-to-date: /root/ros2_ws/install/cartographer_ros_msgs/share/cartographer_ros_msgs/cmake/export_cartographer_ros_msgs__rosidl_generator_cppExport.cmake\n'}
[3.141913] (cartographer_ros_msgs) StdoutLine: {'line': b'-- Up-to-date: /root/ros2_ws/install/cartographer_ros_msgs/share/cartographer_ros_msgs/cmake/export_cartographer_ros_msgs__rosidl_typesupport_fastrtps_cppExport.cmake\n'}
[3.142777] (cartographer_ros_msgs) StdoutLine: {'line': b'-- Up-to-date: /root/ros2_ws/install/cartographer_ros_msgs/share/cartographer_ros_msgs/cmake/export_cartographer_ros_msgs__rosidl_typesupport_fastrtps_cppExport-noconfig.cmake\n'}
[3.143068] (cartographer_ros_msgs) StdoutLine: {'line': b'-- Up-to-date: /root/ros2_ws/install/cartographer_ros_msgs/share/cartographer_ros_msgs/cmake/cartographer_ros_msgs__rosidl_typesupport_introspection_cppExport.cmake\n'}
[3.143459] (cartographer_ros_msgs) StdoutLine: {'line': b'-- Up-to-date: /root/ros2_ws/install/cartographer_ros_msgs/share/cartographer_ros_msgs/cmake/cartographer_ros_msgs__rosidl_typesupport_introspection_cppExport-noconfig.cmake\n'}
[3.144490] (cartographer_ros_msgs) StdoutLine: {'line': b'-- Up-to-date: /root/ros2_ws/install/cartographer_ros_msgs/share/cartographer_ros_msgs/cmake/cartographer_ros_msgs__rosidl_typesupport_cppExport.cmake\n'}
[3.144716] (cartographer_ros_msgs) StdoutLine: {'line': b'-- Up-to-date: /root/ros2_ws/install/cartographer_ros_msgs/share/cartographer_ros_msgs/cmake/cartographer_ros_msgs__rosidl_typesupport_cppExport-noconfig.cmake\n'}
[3.144962] (cartographer_ros_msgs) StdoutLine: {'line': b'-- Up-to-date: /root/ros2_ws/install/cartographer_ros_msgs/share/cartographer_ros_msgs/cmake/export_cartographer_ros_msgs__rosidl_generator_pyExport.cmake\n'}
[3.145171] (cartographer_ros_msgs) StdoutLine: {'line': b'-- Up-to-date: /root/ros2_ws/install/cartographer_ros_msgs/share/cartographer_ros_msgs/cmake/export_cartographer_ros_msgs__rosidl_generator_pyExport-noconfig.cmake\n'}
[3.145368] (cartographer_ros_msgs) StdoutLine: {'line': b'-- Up-to-date: /root/ros2_ws/install/cartographer_ros_msgs/share/cartographer_ros_msgs/cmake/rosidl_cmake-extras.cmake\n'}
[3.145705] (cartographer_ros_msgs) StdoutLine: {'line': b'-- Up-to-date: /root/ros2_ws/install/cartographer_ros_msgs/share/cartographer_ros_msgs/cmake/ament_cmake_export_dependencies-extras.cmake\n'}
[3.146051] (cartographer_ros_msgs) StdoutLine: {'line': b'-- Up-to-date: /root/ros2_ws/install/cartographer_ros_msgs/share/cartographer_ros_msgs/cmake/ament_cmake_export_include_directories-extras.cmake\n'}
[3.146405] (cartographer_ros_msgs) StdoutLine: {'line': b'-- Up-to-date: /root/ros2_ws/install/cartographer_ros_msgs/share/cartographer_ros_msgs/cmake/ament_cmake_export_libraries-extras.cmake\n'}
[3.146692] (cartographer_ros_msgs) StdoutLine: {'line': b'-- Up-to-date: /root/ros2_ws/install/cartographer_ros_msgs/share/cartographer_ros_msgs/cmake/ament_cmake_export_targets-extras.cmake\n'}
[3.147069] (cartographer_ros_msgs) StdoutLine: {'line': b'-- Up-to-date: /root/ros2_ws/install/cartographer_ros_msgs/share/cartographer_ros_msgs/cmake/rosidl_cmake_export_typesupport_targets-extras.cmake\n'}
[3.147415] (cartographer_ros_msgs) StdoutLine: {'line': b'-- Up-to-date: /root/ros2_ws/install/cartographer_ros_msgs/share/cartographer_ros_msgs/cmake/rosidl_cmake_export_typesupport_libraries-extras.cmake\n'}
[3.148231] (cartographer_ros_msgs) StdoutLine: {'line': b'-- Up-to-date: /root/ros2_ws/install/cartographer_ros_msgs/share/cartographer_ros_msgs/cmake/cartographer_ros_msgsConfig.cmake\n'}
[3.150522] (cartographer_ros_msgs) StdoutLine: {'line': b'-- Up-to-date: /root/ros2_ws/install/cartographer_ros_msgs/share/cartographer_ros_msgs/cmake/cartographer_ros_msgsConfig-version.cmake\n'}
[3.150773] (cartographer_ros_msgs) StdoutLine: {'line': b'-- Up-to-date: /root/ros2_ws/install/cartographer_ros_msgs/share/cartographer_ros_msgs/package.xml\n'}
[3.158535] (cartographer_ros_msgs) CommandEnded: {'returncode': 0}
[3.162488] (-) TimerEvent: {}
[3.173178] (robocar_test_cpp) StdoutLine: {'line': b"-- Using RMW implementation 'rmw_fastrtps_cpp' as default\n"}
[3.232457] (cartographer_ros_msgs) JobEnded: {'identifier': 'cartographer_ros_msgs', 'rc': 0}
[3.237728] (robocar_test_cpp) StdoutLine: {'line': b'-- Looking for pthread.h\n'}
[3.263024] (-) TimerEvent: {}
[3.363764] (-) TimerEvent: {}
[3.464415] (-) TimerEvent: {}
[3.484852] (cartographer) StdoutLine: {'line': b'[ 55%] Built target cartographer\n'}
[3.499177] (robocar_test_cpp) StdoutLine: {'line': b'-- Looking for pthread.h - found\n'}
[3.502936] (robocar_test_cpp) StdoutLine: {'line': b'-- Performing Test CMAKE_HAVE_LIBC_PTHREAD\n'}
[3.532061] (cartographer) StdoutLine: {'line': b'\x1b[35m\x1b[1mConsolidate compiler generated dependencies of target cartographer_compute_relations_metrics\x1b[0m\n'}
[3.532923] (cartographer) StdoutLine: {'line': b'\x1b[35m\x1b[1mConsolidate compiler generated dependencies of target cartographer_print_configuration\x1b[0m\n'}
[3.550796] (cartographer) StdoutLine: {'line': b'\x1b[35m\x1b[1mConsolidate compiler generated dependencies of target cartographer_pbstream\x1b[0m\n'}
[3.551525] (cartographer) StdoutLine: {'line': b'\x1b[35m\x1b[1mConsolidate compiler generated dependencies of target cartographer_autogenerate_ground_truth\x1b[0m\n'}
[3.564547] (-) TimerEvent: {}
[3.574475] (cartographer) StdoutLine: {'line': b'\x1b[35m\x1b[1mConsolidate compiler generated dependencies of target cartographer_test_library\x1b[0m\n'}
[3.626450] (cartographer) StdoutLine: {'line': b'[ 55%] Built target cartographer_print_configuration\n'}
[3.643350] (cartographer) StdoutLine: {'line': b'[ 55%] Built target cartographer_compute_relations_metrics\n'}
[3.646572] (cartographer) StdoutLine: {'line': b'[ 56%] Built target cartographer_pbstream\n'}
[3.665661] (-) TimerEvent: {}
[3.670902] (cartographer) StdoutLine: {'line': b'[ 57%] Built target cartographer_autogenerate_ground_truth\n'}
[3.700731] (cartographer) StdoutLine: {'line': b'[ 58%] Built target cartographer_test_library\n'}
[3.765014] (cartographer) StdoutLine: {'line': b'\x1b[35m\x1b[1mConsolidate compiler generated dependencies of target cartographer.common.math_test\x1b[0m\n'}
[3.768507] (-) TimerEvent: {}
[3.784390] (cartographer) StdoutLine: {'line': b'\x1b[35m\x1b[1mConsolidate compiler generated dependencies of target cartographer.common.internal.rate_timer_test\x1b[0m\n'}
[3.818488] (cartographer) StdoutLine: {'line': b'\x1b[35m\x1b[1mConsolidate compiler generated dependencies of target cartographer.common.fixed_ratio_sampler_test\x1b[0m\n'}
[3.821330] (cartographer) StdoutLine: {'line': b'\x1b[35m\x1b[1mConsolidate compiler generated dependencies of target cartographer.common.internal.blocking_queue_test\x1b[0m\n'}
[3.828978] (cartographer) StdoutLine: {'line': b'\x1b[35m\x1b[1mConsolidate compiler generated dependencies of target cartographer.common.task_test\x1b[0m\n'}
[3.838496] (cartographer) StdoutLine: {'line': b'\x1b[35m\x1b[1mConsolidate compiler generated dependencies of target cartographer.common.configuration_files_test\x1b[0m\n'}
[3.839210] (cartographer) StdoutLine: {'line': b'\x1b[35m\x1b[1mConsolidate compiler generated dependencies of target cartographer.common.lua_parameter_dictionary_test\x1b[0m\n'}
[3.871354] (-) TimerEvent: {}
[3.882907] (cartographer) StdoutLine: {'line': b'[ 59%] Built target cartographer.common.math_test\n'}
[3.891905] (robocar_test_cpp) StdoutLine: {'line': b'-- Performing Test CMAKE_HAVE_LIBC_PTHREAD - Success\n'}
[3.900316] (robocar_test_cpp) StdoutLine: {'line': b'-- Found Threads: TRUE  \n'}
[3.912480] (cartographer) StdoutLine: {'line': b'[ 60%] Built target cartographer.common.internal.rate_timer_test\n'}
[3.959006] (cartographer) StdoutLine: {'line': b'\x1b[35m\x1b[1mConsolidate compiler generated dependencies of target cartographer.common.thread_pool_test\x1b[0m\n'}
[3.968880] (cartographer) StdoutLine: {'line': b'[ 61%] Built target cartographer.common.fixed_ratio_sampler_test\n'}
[3.969415] (cartographer) StdoutLine: {'line': b'[ 61%] Built target cartographer.common.task_test\n'}
[3.971606] (-) TimerEvent: {}
[3.989232] (cartographer) StdoutLine: {'line': b'[ 61%] Built target cartographer.common.internal.blocking_queue_test\n'}
[4.022063] (cartographer) StdoutLine: {'line': b'\x1b[35m\x1b[1mConsolidate compiler generated dependencies of target cartographer.io.fake_file_writer_test\x1b[0m\n'}
[4.040506] (cartographer) StdoutLine: {'line': b'[ 61%] Built target cartographer.common.lua_parameter_dictionary_test\n'}
[4.041103] (cartographer) StdoutLine: {'line': b'[ 61%] Built target cartographer.common.configuration_files_test\n'}
[4.048015] (cartographer) StdoutLine: {'line': b'\x1b[35m\x1b[1mConsolidate compiler generated dependencies of target cartographer.io.internal.in_memory_proto_stream_test\x1b[0m\n'}
[4.073354] (cartographer) StdoutLine: {'line': b'\x1b[01mloading pickled environment... \x1b[39;49;00m\x1b[35m\x1b[1mConsolidate compiler generated dependencies of target cartographer.io.points_processor_pipeline_builder_test\x1b[0m\n'}
[4.073775] (-) TimerEvent: {}
[4.089180] (cartographer) StdoutLine: {'line': b'[ 62%] Built target cartographer.common.thread_pool_test\n'}
[4.110974] (cartographer) StdoutLine: {'line': b'done\n'}
[4.111672] (cartographer) StdoutLine: {'line': b'\x1b[35m\x1b[1mConsolidate compiler generated dependencies of target cartographer.io.proto_stream_deserializer_test\x1b[0m\n'}
[4.127040] (cartographer) StdoutLine: {'line': b'\x1b[35m\x1b[1mConsolidate compiler generated dependencies of target cartographer.io.probability_grid_points_processor_test\x1b[0m\n'}
[4.140017] (cartographer) StdoutLine: {'line': b'\x1b[35m\x1b[1mConsolidate compiler generated dependencies of target cartographer.io.proto_stream_test\x1b[0m\n'}
[4.143159] (cartographer) StdoutLine: {'line': b'[ 62%] Built target cartographer.io.fake_file_writer_test\n'}
[4.151796] (cartographer) StdoutLine: {'line': b'\x1b[01mbuilding [mo]: \x1b[39;49;00mtargets for 0 po files that are out of date\n'}
[4.169108] (cartographer) StdoutLine: {'line': b'\x1b[01mbuilding [html]: \x1b[39;49;00mtargets for 0 source files that are out of date\n'}
[4.187032] (-) TimerEvent: {}
[4.188783] (cartographer) StdoutLine: {'line': b'\x1b[01mupdating environment: \x1b[39;49;00m\x1b[35m\x1b[1mConsolidate compiler generated dependencies of target cartographer.io.serialization_format_migration_test\x1b[0m\n'}
[4.191930] (cartographer) StdoutLine: {'line': b'0 added, 0 changed, 0 removed\n'}
[4.200227] (cartographer) StdoutLine: {'line': b'\x1b[01mlooking for now-outdated files... \x1b[39;49;00mnone found\n'}
[4.201437] (cartographer) StdoutLine: {'line': b'\x1b[01mno targets are out of date.\x1b[39;49;00m\n'}
[4.202518] (cartographer) StdoutLine: {'line': b'\x1b[01mbuild succeeded.\x1b[39;49;00m\n'}
[4.202912] (cartographer) StdoutLine: {'line': b'\n'}
[4.203269] (cartographer) StdoutLine: {'line': b'The HTML pages are in html.\n'}
[4.228533] (cartographer) StdoutLine: {'line': b'[ 63%] Built target cartographer.io.internal.in_memory_proto_stream_test\n'}
[4.232548] (cartographer) StdoutLine: {'line': b'\x1b[35m\x1b[1mConsolidate compiler generated dependencies of target cartographer.mapping.2d.map_limits_test\x1b[0m\n'}
[4.263115] (cartographer) StdoutLine: {'line': b'[ 63%] Built target cartographer.io.proto_stream_deserializer_test\n'}
[4.290997] (-) TimerEvent: {}
[4.296053] (cartographer) StdoutLine: {'line': b'[ 63%] Built target cartographer.io.points_processor_pipeline_builder_test\n'}
[4.325882] (cartographer) StdoutLine: {'line': b'\x1b[35m\x1b[1mConsolidate compiler generated dependencies of target cartographer.mapping.2d.probability_grid_test\x1b[0m\n'}
[4.358119] (cartographer) StdoutLine: {'line': b'[ 64%] Built target cartographer.io.probability_grid_points_processor_test\n'}
[4.365989] (ros2_opencv) Command: {'cmd': ['/usr/bin/python3', '-W', 'ignore:setup.py install is deprecated', '-W', 'ignore:easy_install command is deprecated', 'setup.py', 'egg_info', '--egg-base', '../../build/ros2_opencv', 'build', '--build-base', '/root/ros2_ws/build/ros2_opencv/build', 'install', '--record', '/root/ros2_ws/build/ros2_opencv/install.log', '--single-version-externally-managed', 'install_data'], 'cwd': '/root/ros2_ws/src/ros2_opencv', 'env': {'HOSTNAME': 'warnie', 'GIT_ASKPASS': '/root/.vscode-server/bin/17baf841131aa23349f217ca7c570c76ee87b957/extensions/git/dist/askpass.sh', 'SHLVL': '2', 'LD_LIBRARY_PATH': '/root/ros2_ws/install/cartographer_rviz/lib:/root/ros2_ws/install/cartographer_ros/lib:/root/ros2_ws/install/cartographer_ros_msgs/lib:/opt/ros/humble/opt/rviz_ogre_vendor/lib:/opt/ros/humble/lib/x86_64-linux-gnu:/opt/ros/humble/lib', 'BROWSER': '/root/.vscode-server/bin/17baf841131aa23349f217ca7c570c76ee87b957/bin/helpers/browser.sh', 'HOME': '/root', 'OLDPWD': '/root/ros2_ws/src', 'TERM_PROGRAM_VERSION': '1.99.3', 'VSCODE_IPC_HOOK_CLI': '/tmp/vscode-ipc-db8667da-dddf-4b8b-9bef-966dbeab1878.sock', 'ROS_PYTHON_VERSION': '3', 'VSCODE_GIT_ASKPASS_MAIN': '/root/.vscode-server/bin/17baf841131aa23349f217ca7c570c76ee87b957/extensions/git/dist/askpass-main.js', 'VSCODE_GIT_ASKPASS_NODE': '/root/.vscode-server/bin/17baf841131aa23349f217ca7c570c76ee87b957/node', 'LC_CTYPE': 'C.UTF-8', 'COLORTERM': 'truecolor', 'REMOTE_CONTAINERS': 'true', 'COLCON_PREFIX_PATH': '/root/ros2_ws/install', 'ROS_DISTRO': 'humble', 'REMOTE_CONTAINERS_IPC': '/tmp/vscode-remote-containers-ipc-f285fd1d-9376-4a47-8352-1dbec715791d.sock', '_': '/usr/bin/colcon', 'ROS_VERSION': '2', 'PKG_CONFIG_PATH': '/root/ros2_ws/install/cartographer/lib/x86_64-linux-gnu/pkgconfig:/root/ros2_ws/install/cartographer/lib/pkgconfig', 'TERM': 'xterm-256color', 'ROS_LOCALHOST_ONLY': '0', 'PATH': '/root/ros2_ws/install/cartographer/bin:/root/.vscode-server/bin/17baf841131aa23349f217ca7c570c76ee87b957/bin/remote-cli:/opt/ros/humble/bin:/usr/local/sbin:/usr/local/bin:/usr/sbin:/usr/bin:/sbin:/bin:/root/.vscode-server/data/User/globalStorage/github.copilot-chat/debugCommand', 'REMOTE_CONTAINERS_SOCKETS': '["/tmp/vscode-ssh-auth-f285fd1d-9376-4a47-8352-1dbec715791d.sock","/root/.gnupg/S.gpg-agent"]', 'DISPLAY': 'unix:0', 'LANG': 'en_US.UTF-8', 'VSCODE_GIT_IPC_HANDLE': '/tmp/vscode-git-3ce2b43cc6.sock', 'TERM_PROGRAM': 'vscode', 'SSH_AUTH_SOCK': '/tmp/vscode-ssh-auth-f285fd1d-9376-4a47-8352-1dbec715791d.sock', 'AMENT_PREFIX_PATH': '/root/ros2_ws/install/ros2_opencv:/root/ros2_ws/install/Test_FirstPkg:/root/ros2_ws/install/rplidar_ros:/root/ros2_ws/install/cartographer_rviz:/root/ros2_ws/install/cartographer_ros:/root/ros2_ws/install/cartographer_ros_msgs:/opt/ros/humble', 'SHELL': '/bin/bash', 'VSCODE_GIT_ASKPASS_EXTRA_ARGS': '', 'PWD': '/root/ros2_ws/build/ros2_opencv', 'PYTHONPATH': '/root/ros2_ws/build/ros2_opencv/prefix_override:/usr/lib/python3/dist-packages/colcon_core/task/python/colcon_distutils_commands:/root/ros2_ws/install/ros2_opencv/lib/python3.10/site-packages:/root/ros2_ws/install/ros2_opencv/lib/python3.10/site-packages:/root/ros2_ws/install/cartographer_ros_msgs/local/lib/python3.10/dist-packages:/opt/ros/humble/lib/python3.10/site-packages:/opt/ros/humble/local/lib/python3.10/dist-packages', 'COLCON': '1', 'CMAKE_PREFIX_PATH': '/root/ros2_ws/install/Test_FirstPkg:/root/ros2_ws/install/rplidar_ros:/root/ros2_ws/install/cartographer_rviz:/root/ros2_ws/install/cartographer_ros:/root/ros2_ws/install/cartographer_ros_msgs:/root/ros2_ws/install/cartographer'}, 'shell': False}
[4.373263] (cartographer) StdoutLine: {'line': b'[ 65%] Built target cartographer.io.proto_stream_test\n'}
[4.377701] (cartographer) StdoutLine: {'line': b'\x1b[35m\x1b[1mConsolidate compiler generated dependencies of target cartographer.mapping.2d.range_data_inserter_2d_test\x1b[0m\n'}
[4.382239] (cartographer) StdoutLine: {'line': b'[ 65%] Built target cartographer.io.serialization_format_migration_test\n'}
[4.394935] (-) TimerEvent: {}
[4.398467] (cartographer) StdoutLine: {'line': b'\x1b[35m\x1b[1mConsolidate compiler generated dependencies of target cartographer.mapping.2d.submap_2d_test\x1b[0m\n'}
[4.423280] (cartographer) StdoutLine: {'line': b'[ 66%] Built target cartographer.mapping.2d.map_limits_test\n'}
[4.454137] (cartographer) StdoutLine: {'line': b'\x1b[35m\x1b[1mConsolidate compiler generated dependencies of target cartographer.mapping.2d.xy_index_test\x1b[0m\n'}
[4.469009] (cartographer) StdoutLine: {'line': b'\x1b[35m\x1b[1mConsolidate compiler generated dependencies of target cartographer.mapping.3d.hybrid_grid_test\x1b[0m\n'}
[4.489642] (cartographer) StdoutLine: {'line': b'\x1b[35m\x1b[1mConsolidate compiler generated dependencies of target cartographer.mapping.3d.range_data_inserter_3d_test\x1b[0m\n'}
[4.494931] (cartographer) StdoutLine: {'line': b'[ 66%] Built target cartographer.mapping.2d.probability_grid_test\n'}
[4.495371] (-) TimerEvent: {}
[4.519038] (cartographer) StdoutLine: {'line': b'[ 67%] Built target cartographer.mapping.2d.range_data_inserter_2d_test\n'}
[4.527139] (cartographer) StdoutLine: {'line': b'\x1b[35m\x1b[1mConsolidate compiler generated dependencies of target cartographer.mapping.3d.submap_3d_test\x1b[0m\n'}
[4.559636] (cartographer) StdoutLine: {'line': b'\x1b[35m\x1b[1mConsolidate compiler generated dependencies of target cartographer.mapping.id_test\x1b[0m\n'}
[4.594561] (cartographer) StdoutLine: {'line': b'[ 67%] Built target cartographer.mapping.2d.submap_2d_test\n'}
[4.596007] (-) TimerEvent: {}
[4.603412] (cartographer) StdoutLine: {'line': b'\x1b[35m\x1b[1mConsolidate compiler generated dependencies of target cartographer.mapping.imu_tracker_test\x1b[0m\n'}
[4.620485] (cartographer) StdoutLine: {'line': b'[ 68%] Built target cartographer.mapping.2d.xy_index_test\n'}
[4.633292] (robocar_test_cpp) StdoutLine: {'line': b'-- Found ament_lint_auto: 0.12.12 (/opt/ros/humble/share/ament_lint_auto/cmake)\n'}
[4.670046] (cartographer) StdoutLine: {'line': b'[ 68%] Built target cartographer.mapping.3d.submap_3d_test\n'}
[4.690419] (cartographer) StdoutLine: {'line': b'\x1b[35m\x1b[1mConsolidate compiler generated dependencies of target cartographer.mapping.internal.2d.normal_estimation_2d_test\x1b[0m\n'}
[4.696271] (-) TimerEvent: {}
[4.711051] (cartographer) StdoutLine: {'line': b'[ 69%] Built target cartographer.mapping.3d.range_data_inserter_3d_test\n'}
[4.735953] (cartographer) StdoutLine: {'line': b'[ 70%] Built target cartographer.mapping.id_test\n'}
[4.748899] (cartographer) StdoutLine: {'line': b'[ 70%] Built target cartographer.mapping.imu_tracker_test\n'}
[4.753446] (cartographer) StdoutLine: {'line': b'\x1b[35m\x1b[1mConsolidate compiler generated dependencies of target cartographer.mapping.internal.2d.overlapping_submaps_trimmer_2d_test\x1b[0m\n'}
[4.769982] (cartographer) StdoutLine: {'line': b'[ 70%] Built target cartographer.mapping.3d.hybrid_grid_test\n'}
[4.798635] (-) TimerEvent: {}
[4.807162] (cartographer) StdoutLine: {'line': b'\x1b[35m\x1b[1mConsolidate compiler generated dependencies of target cartographer.mapping.internal.2d.pose_graph_2d_test\x1b[0m\n'}
[4.808086] (cartographer) StdoutLine: {'line': b'\x1b[35m\x1b[1mConsolidate compiler generated dependencies of target cartographer.mapping.internal.2d.scan_matching.correlative_scan_matcher_test\x1b[0m\n'}
[4.826181] (cartographer) StdoutLine: {'line': b'\x1b[35m\x1b[1mConsolidate compiler generated dependencies of target cartographer.mapping.internal.2d.scan_matching.ceres_scan_matcher_2d_test\x1b[0m\n'}
[4.837941] (cartographer) StdoutLine: {'line': b'\x1b[35m\x1b[1mConsolidate compiler generated dependencies of target cartographer.mapping.internal.2d.ray_to_pixel_mask_test\x1b[0m\n'}
[4.875342] (cartographer) StdoutLine: {'line': b'\x1b[35m\x1b[1mConsolidate compiler generated dependencies of target cartographer.mapping.internal.2d.scan_matching.fast_correlative_scan_matcher_2d_test\x1b[0m\n'}
[4.906020] (cartographer) StdoutLine: {'line': b'[ 71%] Built target cartographer.mapping.internal.2d.normal_estimation_2d_test\n'}
[4.906506] (-) TimerEvent: {}
[4.909294] (cartographer) StdoutLine: {'line': b'[ 71%] Built target cartographer.mapping.internal.2d.overlapping_submaps_trimmer_2d_test\n'}
[4.959074] (cartographer) StdoutLine: {'line': b'[ 71%] Built target build_doc\n'}
[4.976147] (cartographer) StdoutLine: {'line': b'\x1b[35m\x1b[1mConsolidate compiler generated dependencies of target cartographer.mapping.internal.2d.scan_matching.occupied_space_cost_function_2d_test\x1b[0m\n'}
[4.981953] (cartographer) StdoutLine: {'line': b'[ 71%] Built target cartographer.mapping.internal.2d.ray_to_pixel_mask_test\n'}
[4.982493] (cartographer) StdoutLine: {'line': b'[ 72%] Built target cartographer.mapping.internal.2d.scan_matching.ceres_scan_matcher_2d_test\n'}
[4.995085] (cartographer) StdoutLine: {'line': b'[ 72%] Built target cartographer.mapping.internal.2d.scan_matching.correlative_scan_matcher_test\n'}
[5.006632] (cartographer) StdoutLine: {'line': b'[ 73%] Built target cartographer.mapping.internal.2d.pose_graph_2d_test\n'}
[5.007084] (-) TimerEvent: {}
[5.021953] (cartographer) StdoutLine: {'line': b'\x1b[35m\x1b[1mConsolidate compiler generated dependencies of target cartographer.mapping.internal.2d.scan_matching.interpolated_tsdf_2d_test\x1b[0m\n'}
[5.047576] (cartographer) StdoutLine: {'line': b'[ 74%] Built target cartographer.mapping.internal.2d.scan_matching.fast_correlative_scan_matcher_2d_test\n'}
[5.052107] (cartographer) StdoutLine: {'line': b'\x1b[35m\x1b[1mConsolidate compiler generated dependencies of target cartographer.mapping.internal.2d.scan_matching.tsdf_match_cost_function_2d_test\x1b[0m\n'}
[5.065763] (cartographer) StdoutLine: {'line': b'\x1b[35m\x1b[1mConsolidate compiler generated dependencies of target cartographer.mapping.internal.2d.scan_matching.real_time_correlative_scan_matcher_2d_test\x1b[0m\n'}
[5.075204] (cartographer) StdoutLine: {'line': b'\x1b[35m\x1b[1mConsolidate compiler generated dependencies of target cartographer.mapping.internal.2d.tsd_value_converter_test\x1b[0m\n'}
[5.081280] (cartographer) StdoutLine: {'line': b'\x1b[35m\x1b[1mConsolidate compiler generated dependencies of target cartographer.mapping.internal.2d.tsdf_range_data_inserter_2d_test\x1b[0m\n'}
[5.107226] (-) TimerEvent: {}
[5.113695] (cartographer) StdoutLine: {'line': b'\x1b[35m\x1b[1mConsolidate compiler generated dependencies of target cartographer.mapping.internal.2d.tsdf_2d_test\x1b[0m\n'}
[5.147132] (cartographer) StdoutLine: {'line': b'[ 75%] Built target cartographer.mapping.internal.2d.scan_matching.interpolated_tsdf_2d_test\n'}
[5.147620] (cartographer) StdoutLine: {'line': b'\x1b[35m\x1b[1mConsolidate compiler generated dependencies of target cartographer.mapping.internal.3d.local_trajectory_builder_3d_test\x1b[0m\n'}
[5.150961] (cartographer) StdoutLine: {'line': b'[ 75%] Built target cartographer.mapping.internal.2d.scan_matching.occupied_space_cost_function_2d_test\n'}
[5.212733] (-) TimerEvent: {}
[5.215151] (cartographer) StdoutLine: {'line': b'\x1b[35m\x1b[1mConsolidate compiler generated dependencies of target cartographer.mapping.internal.3d.rotation_parameterization_test\x1b[0m\n'}
[5.224187] (cartographer) StdoutLine: {'line': b'\x1b[35m\x1b[1mConsolidate compiler generated dependencies of target cartographer.mapping.internal.3d.pose_graph_3d_test\x1b[0m\n'}
[5.265912] (robocar_test_cpp) StdoutLine: {'line': b"-- Added test 'cppcheck' to perform static code analysis on C / C++ code\n"}
[5.266340] (robocar_test_cpp) StdoutLine: {'line': b'-- Configured cppcheck include dirs: \n'}
[5.266590] (robocar_test_cpp) StdoutLine: {'line': b'-- Configured cppcheck exclude dirs and/or files: \n'}
[5.266841] (cartographer) StdoutLine: {'line': b'[ 75%] Built target cartographer.mapping.internal.2d.scan_matching.tsdf_match_cost_function_2d_test\n'}
[5.267329] (cartographer) StdoutLine: {'line': b'[ 76%] Built target cartographer.mapping.internal.2d.tsdf_range_data_inserter_2d_test\n'}
[5.267665] (cartographer) StdoutLine: {'line': b'[ 77%] Built target cartographer.mapping.internal.2d.tsd_value_converter_test\n'}
[5.267978] (cartographer) StdoutLine: {'line': b'[ 78%] Built target cartographer.mapping.internal.2d.scan_matching.real_time_correlative_scan_matcher_2d_test\n'}
[5.273382] (cartographer) StdoutLine: {'line': b'[ 78%] Built target cartographer.mapping.internal.2d.tsdf_2d_test\n'}
[5.274743] (robocar_test_cpp) StdoutLine: {'line': b"-- Added test 'lint_cmake' to check CMake code style\n"}
[5.282300] (cartographer) StdoutLine: {'line': b'[ 78%] Built target cartographer.mapping.internal.3d.rotation_parameterization_test\n'}
[5.282900] (robocar_test_cpp) StdoutLine: {'line': b"-- Added test 'uncrustify' to check C / C++ code style\n"}
[5.286599] (robocar_test_cpp) StdoutLine: {'line': b'-- Configured uncrustify additional arguments: \n'}
[5.288026] (cartographer) StdoutLine: {'line': b'[ 78%] Built target cartographer.mapping.internal.3d.local_trajectory_builder_3d_test\n'}
[5.288463] (robocar_test_cpp) StdoutLine: {'line': b"-- Added test 'xmllint' to check XML markup files\n"}
[5.306305] (robocar_test_cpp) StdoutLine: {'line': b'-- Configuring done\n'}
[5.312913] (-) TimerEvent: {}
[5.336194] (cartographer) StdoutLine: {'line': b'\x1b[35m\x1b[1mConsolidate compiler generated dependencies of target cartographer.mapping.internal.3d.scan_matching.real_time_correlative_scan_matcher_3d_test\x1b[0m\n'}
[5.357924] (cartographer) StdoutLine: {'line': b'\x1b[35m\x1b[1mConsolidate compiler generated dependencies of target cartographer.mapping.internal.3d.scan_matching.interpolated_grid_test\x1b[0m\n'}
[5.363319] (cartographer) StdoutLine: {'line': b'\x1b[35m\x1b[1mConsolidate compiler generated dependencies of target cartographer.mapping.internal.3d.scan_matching.ceres_scan_matcher_3d_test\x1b[0m\n'}
[5.367969] (cartographer) StdoutLine: {'line': b'\x1b[35m\x1b[1mConsolidate compiler generated dependencies of target cartographer.mapping.internal.3d.scan_matching.intensity_cost_function_3d_test\x1b[0m\n'}
[5.372061] (cartographer) StdoutLine: {'line': b'\x1b[35m\x1b[1mConsolidate compiler generated dependencies of target cartographer.mapping.internal.3d.scan_matching.rotation_delta_cost_functor_3d_test\x1b[0m\n'}
[5.379037] (cartographer) StdoutLine: {'line': b'\x1b[35m\x1b[1mConsolidate compiler generated dependencies of target cartographer.mapping.internal.3d.scan_matching.fast_correlative_scan_matcher_3d_test\x1b[0m\n'}
[5.388006] (cartographer) StdoutLine: {'line': b'\x1b[35m\x1b[1mConsolidate compiler generated dependencies of target cartographer.mapping.internal.3d.scan_matching.precomputation_grid_3d_test\x1b[0m\n'}
[5.402906] (cartographer) StdoutLine: {'line': b'[ 79%] Built target cartographer.mapping.internal.3d.pose_graph_3d_test\n'}
[5.413031] (-) TimerEvent: {}
[5.416872] (robocar_test_cpp) StdoutLine: {'line': b'-- Generating done\n'}
[5.461932] (robocar_test_cpp) StdoutLine: {'line': b'-- Build files have been written to: /root/ros2_ws/build/robocar_test_cpp\n'}
[5.478923] (cartographer) StdoutLine: {'line': b'\x1b[35m\x1b[1mConsolidate compiler generated dependencies of target cartographer.mapping.internal.3d.scan_matching.rotational_scan_matcher_test\x1b[0m\n'}
[5.511304] (cartographer) StdoutLine: {'line': b'[ 79%] Built target cartographer.mapping.internal.3d.scan_matching.fast_correlative_scan_matcher_3d_test\n'}
[5.513135] (-) TimerEvent: {}
[5.529634] (cartographer) StdoutLine: {'line': b'[ 80%] Built target cartographer.mapping.internal.3d.scan_matching.intensity_cost_function_3d_test\n'}
[5.543283] (cartographer) StdoutLine: {'line': b'[ 81%] Built target cartographer.mapping.internal.3d.scan_matching.precomputation_grid_3d_test\n'}
[5.543867] (cartographer) StdoutLine: {'line': b'[ 82%] Built target cartographer.mapping.internal.3d.scan_matching.ceres_scan_matcher_3d_test\n'}
[5.549981] (cartographer) StdoutLine: {'line': b'[ 82%] Built target cartographer.mapping.internal.3d.scan_matching.real_time_correlative_scan_matcher_3d_test\n'}
[5.553924] (cartographer) StdoutLine: {'line': b'[ 82%] Built target cartographer.mapping.internal.3d.scan_matching.interpolated_grid_test\n'}
[5.573324] (cartographer) StdoutLine: {'line': b'[ 83%] Built target cartographer.mapping.internal.3d.scan_matching.rotation_delta_cost_functor_3d_test\n'}
[5.609044] (cartographer) StdoutLine: {'line': b'\x1b[35m\x1b[1mConsolidate compiler generated dependencies of target cartographer.mapping.internal.optimization.cost_functions.landmark_cost_function_2d_test\x1b[0m\n'}
[5.616300] (cartographer) StdoutLine: {'line': b'\x1b[35m\x1b[1mConsolidate compiler generated dependencies of target cartographer.mapping.internal.constraints.constraint_builder_2d_test\x1b[0m\n'}
[5.616675] (-) TimerEvent: {}
[5.619758] (cartographer) StdoutLine: {'line': b'\x1b[35m\x1b[1mConsolidate compiler generated dependencies of target cartographer.mapping.internal.motion_filter_test\x1b[0m\n'}
[5.627681] (cartographer) StdoutLine: {'line': b'\x1b[35m\x1b[1mConsolidate compiler generated dependencies of target cartographer.mapping.internal.optimization.cost_functions.landmark_cost_function_3d_test\x1b[0m\n'}
[5.640361] (cartographer) StdoutLine: {'line': b'[ 83%] Built target cartographer.mapping.internal.3d.scan_matching.rotational_scan_matcher_test\n'}
[5.644996] (cartographer) StdoutLine: {'line': b'\x1b[35m\x1b[1mConsolidate compiler generated dependencies of target cartographer.mapping.internal.connected_components_test\x1b[0m\n'}
[5.659794] (cartographer) StdoutLine: {'line': b'\x1b[35m\x1b[1mConsolidate compiler generated dependencies of target cartographer.mapping.internal.constraints.constraint_builder_3d_test\x1b[0m\n'}
[5.660340] (cartographer) StdoutLine: {'line': b'\x1b[35m\x1b[1mConsolidate compiler generated dependencies of target cartographer.mapping.internal.optimization.cost_functions.spa_cost_function_2d_test\x1b[0m\n'}
[5.718625] (-) TimerEvent: {}
[5.733862] (robocar_test_cpp) StdoutLine: {'line': b'[ 50%] \x1b[32mBuilding CXX object CMakeFiles/talker.dir/src/publisher_member_function.cpp.o\x1b[0m\n'}
[5.734356] (cartographer) StdoutLine: {'line': b'\x1b[35m\x1b[1mConsolidate compiler generated dependencies of target cartographer.mapping.internal.optimization.optimization_problem_3d_test\x1b[0m\n'}
[5.764644] (cartographer) StdoutLine: {'line': b'[ 84%] Built target cartographer.mapping.internal.motion_filter_test\n'}
[5.771238] (cartographer) StdoutLine: {'line': b'[ 84%] Built target cartographer.mapping.internal.optimization.cost_functions.landmark_cost_function_2d_test\n'}
[5.815295] (cartographer) StdoutLine: {'line': b'[ 85%] Built target cartographer.mapping.internal.optimization.cost_functions.spa_cost_function_2d_test\n'}
[5.815964] (cartographer) StdoutLine: {'line': b'[ 85%] Built target cartographer.mapping.internal.optimization.cost_functions.landmark_cost_function_3d_test\n'}
[5.819838] (-) TimerEvent: {}
[5.822488] (cartographer) StdoutLine: {'line': b'[ 85%] Built target cartographer.mapping.internal.constraints.constraint_builder_2d_test\n'}
[5.833193] (cartographer) StdoutLine: {'line': b'[ 86%] Built target cartographer.mapping.internal.constraints.constraint_builder_3d_test\n'}
[5.840606] (cartographer) StdoutLine: {'line': b'\x1b[35m\x1b[1mConsolidate compiler generated dependencies of target cartographer.mapping.internal.range_data_collator_test\x1b[0m\n'}
[5.849171] (cartographer) StdoutLine: {'line': b'\x1b[35m\x1b[1mConsolidate compiler generated dependencies of target cartographer.mapping.internal.trajectory_connectivity_state_test\x1b[0m\n'}
[5.861457] (cartographer) StdoutLine: {'line': b'[ 86%] Built target cartographer.mapping.internal.optimization.optimization_problem_3d_test\n'}
[5.879417] (cartographer) StdoutLine: {'line': b'\x1b[35m\x1b[1mConsolidate compiler generated dependencies of target cartographer.mapping.map_builder_test\x1b[0m\n'}
[5.890947] (cartographer) StdoutLine: {'line': b'[ 87%] Built target cartographer.mapping.internal.connected_components_test\n'}
[5.893114] (cartographer) StdoutLine: {'line': b'\x1b[35m\x1b[1mConsolidate compiler generated dependencies of target cartographer.mapping.pose_extrapolator_test\x1b[0m\n'}
[5.902921] (cartographer) StdoutLine: {'line': b'\x1b[35m\x1b[1mConsolidate compiler generated dependencies of target cartographer.mapping.pose_graph_trimmer_test\x1b[0m\n'}
[5.909919] (cartographer) StdoutLine: {'line': b'\x1b[35m\x1b[1mConsolidate compiler generated dependencies of target cartographer.mapping.pose_graph_test\x1b[0m\n'}
[5.922017] (-) TimerEvent: {}
[5.939475] (cartographer) StdoutLine: {'line': b'\x1b[35m\x1b[1mConsolidate compiler generated dependencies of target cartographer.mapping.probability_values_test\x1b[0m\n'}
[5.973318] (cartographer) StdoutLine: {'line': b'\x1b[35m\x1b[1mConsolidate compiler generated dependencies of target cartographer.mapping.submaps_test\x1b[0m\n'}
[5.989133] (cartographer) StdoutLine: {'line': b'[ 88%] Built target cartographer.mapping.internal.trajectory_connectivity_state_test\n'}
[5.989580] (cartographer) StdoutLine: {'line': b'[ 88%] Built target cartographer.mapping.internal.range_data_collator_test\n'}
[6.024920] (-) TimerEvent: {}
[6.039181] (cartographer) StdoutLine: {'line': b'\x1b[35m\x1b[1mConsolidate compiler generated dependencies of target cartographer.mapping.trajectory_node_test\x1b[0m\n'}
[6.059435] (cartographer) StdoutLine: {'line': b'[ 89%] Built target cartographer.mapping.map_builder_test\n'}
[6.060283] (cartographer) StdoutLine: {'line': b'[ 89%] Built target cartographer.mapping.pose_extrapolator_test\n'}
[6.063001] (cartographer) StdoutLine: {'line': b'[ 89%] Built target cartographer.mapping.pose_graph_trimmer_test\n'}
[6.094970] (cartographer) StdoutLine: {'line': b'\x1b[35m\x1b[1mConsolidate compiler generated dependencies of target cartographer.mapping.value_conversion_tables_test\x1b[0m\n'}
[6.106665] (ros2_opencv) StdoutLine: {'line': b'running egg_info\n'}
[6.109891] (ros2_opencv) StdoutLine: {'line': b'writing ../../build/ros2_opencv/ros2_opencv.egg-info/PKG-INFO\n'}
[6.111218] (ros2_opencv) StdoutLine: {'line': b'writing dependency_links to ../../build/ros2_opencv/ros2_opencv.egg-info/dependency_links.txt\n'}
[6.112460] (ros2_opencv) StdoutLine: {'line': b'writing entry points to ../../build/ros2_opencv/ros2_opencv.egg-info/entry_points.txt\n'}
[6.113980] (ros2_opencv) StdoutLine: {'line': b'writing requirements to ../../build/ros2_opencv/ros2_opencv.egg-info/requires.txt\n'}
[6.116793] (ros2_opencv) StdoutLine: {'line': b'writing top-level names to ../../build/ros2_opencv/ros2_opencv.egg-info/top_level.txt\n'}
[6.120097] (ros2_opencv) StdoutLine: {'line': b"reading manifest file '../../build/ros2_opencv/ros2_opencv.egg-info/SOURCES.txt'\n"}
[6.125990] (-) TimerEvent: {}
[6.128353] (ros2_opencv) StdoutLine: {'line': b"writing manifest file '../../build/ros2_opencv/ros2_opencv.egg-info/SOURCES.txt'\n"}
[6.128898] (ros2_opencv) StdoutLine: {'line': b'running build\n'}
[6.129162] (ros2_opencv) StdoutLine: {'line': b'running build_py\n'}
[6.129378] (ros2_opencv) StdoutLine: {'line': b'copying ros2_opencv/node_object.py -> /root/ros2_ws/build/ros2_opencv/build/lib/ros2_opencv\n'}
[6.130967] (cartographer) StdoutLine: {'line': b'[ 90%] Built target cartographer.mapping.probability_values_test\n'}
[6.131603] (ros2_opencv) StdoutLine: {'line': b'running install\n'}
[6.137135] (ros2_opencv) StdoutLine: {'line': b'running install_lib\n'}
[6.141709] (ros2_opencv) StdoutLine: {'line': b'copying /root/ros2_ws/build/ros2_opencv/build/lib/ros2_opencv/node_object.py -> /root/ros2_ws/install/ros2_opencv/lib/python3.10/site-packages/ros2_opencv\n'}
[6.148648] (cartographer) StdoutLine: {'line': b'[ 91%] Built target cartographer.mapping.pose_graph_test\n'}
[6.150232] (ros2_opencv) StdoutLine: {'line': b'byte-compiling /root/ros2_ws/install/ros2_opencv/lib/python3.10/site-packages/ros2_opencv/node_object.py to node_object.cpython-310.pyc\n'}
[6.150680] (cartographer) StdoutLine: {'line': b'\x1b[35m\x1b[1mConsolidate compiler generated dependencies of target cartographer.sensor.internal.collator_test\x1b[0m\n'}
[6.151540] (ros2_opencv) StdoutLine: {'line': b'running install_data\n'}
[6.151801] (ros2_opencv) StdoutLine: {'line': b'running install_egg_info\n'}
[6.153244] (cartographer) StdoutLine: {'line': b'[ 91%] Built target cartographer.mapping.submaps_test\n'}
[6.159933] (cartographer) StdoutLine: {'line': b'\x1b[35m\x1b[1mConsolidate compiler generated dependencies of target cartographer.sensor.compressed_point_cloud_test\x1b[0m\n'}
[6.164137] (ros2_opencv) StdoutLine: {'line': b"removing '/root/ros2_ws/install/ros2_opencv/lib/python3.10/site-packages/ros2_opencv-0.0.0-py3.10.egg-info' (and everything under it)\n"}
[6.165278] (ros2_opencv) StdoutLine: {'line': b'Copying ../../build/ros2_opencv/ros2_opencv.egg-info to /root/ros2_ws/install/ros2_opencv/lib/python3.10/site-packages/ros2_opencv-0.0.0-py3.10.egg-info\n'}
[6.181467] (ros2_opencv) StdoutLine: {'line': b'running install_scripts\n'}
[6.182249] (cartographer) StdoutLine: {'line': b'\x1b[35m\x1b[1mConsolidate compiler generated dependencies of target cartographer.sensor.internal.ordered_multi_queue_test\x1b[0m\n'}
[6.192038] (cartographer) StdoutLine: {'line': b'[ 92%] Built target cartographer.mapping.trajectory_node_test\n'}
[6.197576] (cartographer) StdoutLine: {'line': b'\x1b[35m\x1b[1mConsolidate compiler generated dependencies of target cartographer.sensor.internal.trajectory_collator_test\x1b[0m\n'}
[6.227971] (-) TimerEvent: {}
[6.233213] (cartographer) StdoutLine: {'line': b'\x1b[35m\x1b[1mConsolidate compiler generated dependencies of target cartographer.sensor.internal.voxel_filter_test\x1b[0m\n'}
[6.244417] (cartographer) StdoutLine: {'line': b'[ 92%] Built target cartographer.mapping.value_conversion_tables_test\n'}
[6.261021] (cartographer) StdoutLine: {'line': b'\x1b[35m\x1b[1mConsolidate compiler generated dependencies of target cartographer.sensor.landmark_data_test\x1b[0m\n'}
[6.275056] (cartographer) StdoutLine: {'line': b'\x1b[35m\x1b[1mConsolidate compiler generated dependencies of target cartographer.sensor.map_by_time_test\x1b[0m\n'}
[6.328109] (-) TimerEvent: {}
[6.344151] (cartographer) StdoutLine: {'line': b'[ 93%] Built target cartographer.sensor.internal.ordered_multi_queue_test\n'}
[6.348985] (cartographer) StdoutLine: {'line': b'[ 94%] Built target cartographer.sensor.internal.trajectory_collator_test\n'}
[6.362056] (cartographer) StdoutLine: {'line': b'[ 94%] Built target cartographer.sensor.internal.collator_test\n'}
[6.390011] (ros2_opencv) StdoutLine: {'line': b"writing list of installed files to '/root/ros2_ws/build/ros2_opencv/install.log'\n"}
[6.392874] (cartographer) StdoutLine: {'line': b'\x1b[35m\x1b[1mConsolidate compiler generated dependencies of target cartographer.sensor.point_cloud_test\x1b[0m\n'}
[6.400843] (cartographer) StdoutLine: {'line': b'[ 95%] Built target cartographer.sensor.compressed_point_cloud_test\n'}
[6.406898] (cartographer) StdoutLine: {'line': b'[ 96%] Built target cartographer.sensor.landmark_data_test\n'}
[6.416951] (cartographer) StdoutLine: {'line': b'\x1b[35m\x1b[1mConsolidate compiler generated dependencies of target cartographer.sensor.range_data_test\x1b[0m\n'}
[6.424942] (cartographer) StdoutLine: {'line': b'\x1b[35m\x1b[1mConsolidate compiler generated dependencies of target cartographer.transform.timestamped_transform_test\x1b[0m\n'}
[6.432653] (-) TimerEvent: {}
[6.444037] (cartographer) StdoutLine: {'line': b'\x1b[35m\x1b[1mConsolidate compiler generated dependencies of target cartographer.transform.rigid_transform_test\x1b[0m\n'}
[6.477417] (cartographer) StdoutLine: {'line': b'\x1b[35m\x1b[1mConsolidate compiler generated dependencies of target cartographer.transform.transform_test\x1b[0m\n'}
[6.485293] (cartographer) StdoutLine: {'line': b'[ 96%] Built target cartographer.sensor.map_by_time_test\n'}
[6.487681] (cartographer) StdoutLine: {'line': b'[ 96%] Built target cartographer.sensor.internal.voxel_filter_test\n'}
[6.496329] (cartographer) StdoutLine: {'line': b'\x1b[35m\x1b[1mConsolidate compiler generated dependencies of target cartographer.transform.transform_interpolation_buffer_test\x1b[0m\n'}
[6.515299] (ros2_opencv) CommandEnded: {'returncode': 0}
[6.536166] (-) TimerEvent: {}
[6.570876] (cartographer) StdoutLine: {'line': b'[ 96%] Built target cartographer.transform.timestamped_transform_test\n'}
[6.590803] (ros2_opencv) JobEnded: {'identifier': 'ros2_opencv', 'rc': 0}
[6.597408] (cartographer) StdoutLine: {'line': b'[ 96%] Built target cartographer.sensor.range_data_test\n'}
[6.600508] (cartographer) StdoutLine: {'line': b'[ 97%] Built target cartographer.sensor.point_cloud_test\n'}
[6.601301] (cartographer) StdoutLine: {'line': b'[ 97%] Built target cartographer.transform.transform_test\n'}
[6.603054] (cartographer) StdoutLine: {'line': b'[ 98%] Built target cartographer.transform.rigid_transform_test\n'}
[6.607340] (cartographer) StdoutLine: {'line': b'[100%] Built target cartographer.transform.transform_interpolation_buffer_test\n'}
[6.636303] (-) TimerEvent: {}
[6.655869] (cartographer) CommandEnded: {'returncode': 0}
[6.662560] (cartographer) JobProgress: {'identifier': 'cartographer', 'progress': 'install'}
[6.669263] (cartographer) Command: {'cmd': ['/usr/bin/cmake', '--install', '/root/ros2_ws/build/cartographer'], 'cwd': '/root/ros2_ws/build/cartographer', 'env': OrderedDict([('HOSTNAME', 'warnie'), ('GIT_ASKPASS', '/root/.vscode-server/bin/17baf841131aa23349f217ca7c570c76ee87b957/extensions/git/dist/askpass.sh'), ('SHLVL', '2'), ('LD_LIBRARY_PATH', '/root/ros2_ws/install/cartographer_rviz/lib:/root/ros2_ws/install/cartographer_ros/lib:/root/ros2_ws/install/cartographer_ros_msgs/lib:/opt/ros/humble/opt/rviz_ogre_vendor/lib:/opt/ros/humble/lib/x86_64-linux-gnu:/opt/ros/humble/lib'), ('BROWSER', '/root/.vscode-server/bin/17baf841131aa23349f217ca7c570c76ee87b957/bin/helpers/browser.sh'), ('HOME', '/root'), ('OLDPWD', '/root/ros2_ws/src'), ('TERM_PROGRAM_VERSION', '1.99.3'), ('VSCODE_IPC_HOOK_CLI', '/tmp/vscode-ipc-db8667da-dddf-4b8b-9bef-966dbeab1878.sock'), ('ROS_PYTHON_VERSION', '3'), ('VSCODE_GIT_ASKPASS_MAIN', '/root/.vscode-server/bin/17baf841131aa23349f217ca7c570c76ee87b957/extensions/git/dist/askpass-main.js'), ('VSCODE_GIT_ASKPASS_NODE', '/root/.vscode-server/bin/17baf841131aa23349f217ca7c570c76ee87b957/node'), ('LC_CTYPE', 'C.UTF-8'), ('COLORTERM', 'truecolor'), ('REMOTE_CONTAINERS', 'true'), ('COLCON_PREFIX_PATH', '/root/ros2_ws/install'), ('ROS_DISTRO', 'humble'), ('REMOTE_CONTAINERS_IPC', '/tmp/vscode-remote-containers-ipc-f285fd1d-9376-4a47-8352-1dbec715791d.sock'), ('_', '/usr/bin/colcon'), ('ROS_VERSION', '2'), ('PKG_CONFIG_PATH', '/root/ros2_ws/install/cartographer/lib/x86_64-linux-gnu/pkgconfig:/root/ros2_ws/install/cartographer/lib/pkgconfig'), ('TERM', 'xterm-256color'), ('ROS_LOCALHOST_ONLY', '0'), ('PATH', '/root/ros2_ws/install/cartographer/bin:/root/.vscode-server/bin/17baf841131aa23349f217ca7c570c76ee87b957/bin/remote-cli:/opt/ros/humble/bin:/usr/local/sbin:/usr/local/bin:/usr/sbin:/usr/bin:/sbin:/bin:/root/.vscode-server/data/User/globalStorage/github.copilot-chat/debugCommand'), ('REMOTE_CONTAINERS_SOCKETS', '["/tmp/vscode-ssh-auth-f285fd1d-9376-4a47-8352-1dbec715791d.sock","/root/.gnupg/S.gpg-agent"]'), ('DISPLAY', 'unix:0'), ('LANG', 'en_US.UTF-8'), ('VSCODE_GIT_IPC_HANDLE', '/tmp/vscode-git-3ce2b43cc6.sock'), ('TERM_PROGRAM', 'vscode'), ('SSH_AUTH_SOCK', '/tmp/vscode-ssh-auth-f285fd1d-9376-4a47-8352-1dbec715791d.sock'), ('AMENT_PREFIX_PATH', '/root/ros2_ws/install/ros2_opencv:/root/ros2_ws/install/Test_FirstPkg:/root/ros2_ws/install/rplidar_ros:/root/ros2_ws/install/cartographer_rviz:/root/ros2_ws/install/cartographer_ros:/root/ros2_ws/install/cartographer_ros_msgs:/opt/ros/humble'), ('SHELL', '/bin/bash'), ('VSCODE_GIT_ASKPASS_EXTRA_ARGS', ''), ('PWD', '/root/ros2_ws/build/cartographer'), ('PYTHONPATH', '/root/ros2_ws/install/ros2_opencv/lib/python3.10/site-packages:/root/ros2_ws/install/cartographer_ros_msgs/local/lib/python3.10/dist-packages:/opt/ros/humble/lib/python3.10/site-packages:/opt/ros/humble/local/lib/python3.10/dist-packages'), ('COLCON', '1'), ('CMAKE_PREFIX_PATH', '/root/ros2_ws/install/Test_FirstPkg:/root/ros2_ws/install/rplidar_ros:/root/ros2_ws/install/cartographer_rviz:/root/ros2_ws/install/cartographer_ros:/root/ros2_ws/install/cartographer_ros_msgs:/root/ros2_ws/install/cartographer:/root/ros2_ws/install/ros2_opencv:/opt/ros/humble')]), 'shell': False}
[6.694866] (cartographer) StdoutLine: {'line': b'-- Install configuration: "Release"\n'}
[6.695967] (cartographer) StdoutLine: {'line': b'-- Up-to-date: /root/ros2_ws/install/cartographer/share/cartographer/package.xml\n'}
[6.696580] (cartographer) StdoutLine: {'line': b'-- Up-to-date: /root/ros2_ws/install/cartographer/share/cartographer//configuration_files\n'}
[6.697148] (cartographer) StdoutLine: {'line': b'-- Up-to-date: /root/ros2_ws/install/cartographer/share/cartographer//configuration_files/trajectory_builder_3d.lua\n'}
[6.698374] (cartographer) StdoutLine: {'line': b'-- Up-to-date: /root/ros2_ws/install/cartographer/share/cartographer//configuration_files/map_builder_server.lua\n'}
[6.698786] (cartographer) StdoutLine: {'line': b'-- Up-to-date: /root/ros2_ws/install/cartographer/share/cartographer//configuration_files/trajectory_builder_2d.lua\n'}
[6.699129] (cartographer) StdoutLine: {'line': b'-- Up-to-date: /root/ros2_ws/install/cartographer/share/cartographer//configuration_files/trajectory_builder.lua\n'}
[6.699416] (cartographer) StdoutLine: {'line': b'-- Up-to-date: /root/ros2_ws/install/cartographer/share/cartographer//configuration_files/map_builder.lua\n'}
[6.699664] (cartographer) StdoutLine: {'line': b'-- Up-to-date: /root/ros2_ws/install/cartographer/share/cartographer//configuration_files/laser_2d.lua\n'}
[6.700420] (cartographer) StdoutLine: {'line': b'-- Up-to-date: /root/ros2_ws/install/cartographer/share/cartographer//configuration_files/pose_graph.lua\n'}
[6.702052] (cartographer) StdoutLine: {'line': b'-- Up-to-date: /root/ros2_ws/install/cartographer/share/cartographer//cmake\n'}
[6.702364] (cartographer) StdoutLine: {'line': b'-- Up-to-date: /root/ros2_ws/install/cartographer/share/cartographer//cmake/modules\n'}
[6.702626] (cartographer) StdoutLine: {'line': b'-- Up-to-date: /root/ros2_ws/install/cartographer/share/cartographer//cmake/modules/FindSphinx.cmake\n'}
[6.702883] (cartographer) StdoutLine: {'line': b'-- Up-to-date: /root/ros2_ws/install/cartographer/share/cartographer//cmake/modules/FindLuaGoogle.cmake\n'}
[6.703211] (cartographer) StdoutLine: {'line': b'-- Up-to-date: /root/ros2_ws/install/cartographer/share/cartographer//cmake/modules/FindGMock.cmake\n'}
[6.703532] (cartographer) StdoutLine: {'line': b'-- Up-to-date: /root/ros2_ws/install/cartographer/share/cartographer//cmake/modules/FindEigen3.cmake\n'}
[6.703807] (cartographer) StdoutLine: {'line': b'-- Up-to-date: /root/ros2_ws/install/cartographer/share/cartographer//cmake/functions.cmake\n'}
[6.704329] (cartographer) StdoutLine: {'line': b'-- Up-to-date: /root/ros2_ws/install/cartographer/bin/cartographer_autogenerate_ground_truth\n'}
[6.704740] (cartographer) StdoutLine: {'line': b'-- Up-to-date: /root/ros2_ws/install/cartographer/bin/cartographer_compute_relations_metrics\n'}
[6.705049] (cartographer) StdoutLine: {'line': b'-- Up-to-date: /root/ros2_ws/install/cartographer/bin/cartographer_pbstream\n'}
[6.707002] (cartographer) StdoutLine: {'line': b'-- Up-to-date: /root/ros2_ws/install/cartographer/bin/cartographer_print_configuration\n'}
[6.708541] (cartographer) StdoutLine: {'line': b'-- Up-to-date: /root/ros2_ws/install/cartographer/lib/libcartographer.a\n'}
[6.709094] (cartographer) StdoutLine: {'line': b'-- Up-to-date: /root/ros2_ws/install/cartographer/include/cartographer/common/configuration_file_resolver.h\n'}
[6.709458] (cartographer) StdoutLine: {'line': b'-- Up-to-date: /root/ros2_ws/install/cartographer/include/cartographer/common/fixed_ratio_sampler.h\n'}
[6.710111] (cartographer) StdoutLine: {'line': b'-- Up-to-date: /root/ros2_ws/install/cartographer/include/cartographer/common/histogram.h\n'}
[6.710896] (cartographer) StdoutLine: {'line': b'-- Up-to-date: /root/ros2_ws/install/cartographer/include/cartographer/common/lua.h\n'}
[6.711530] (cartographer) StdoutLine: {'line': b'-- Up-to-date: /root/ros2_ws/install/cartographer/include/cartographer/common/lua_parameter_dictionary.h\n'}
[6.712058] (cartographer) StdoutLine: {'line': b'-- Up-to-date: /root/ros2_ws/install/cartographer/include/cartographer/common/math.h\n'}
[6.712227] (cartographer) StdoutLine: {'line': b'-- Up-to-date: /root/ros2_ws/install/cartographer/include/cartographer/common/port.h\n'}
[6.712430] (cartographer) StdoutLine: {'line': b'-- Up-to-date: /root/ros2_ws/install/cartographer/include/cartographer/common/task.h\n'}
[6.712655] (cartographer) StdoutLine: {'line': b'-- Up-to-date: /root/ros2_ws/install/cartographer/include/cartographer/common/thread_pool.h\n'}
[6.712955] (cartographer) StdoutLine: {'line': b'-- Up-to-date: /root/ros2_ws/install/cartographer/include/cartographer/common/time.h\n'}
[6.713257] (cartographer) StdoutLine: {'line': b'-- Up-to-date: /root/ros2_ws/install/cartographer/include/cartographer/ground_truth/autogenerate_ground_truth.h\n'}
[6.713494] (cartographer) StdoutLine: {'line': b'-- Up-to-date: /root/ros2_ws/install/cartographer/include/cartographer/ground_truth/relations_text_file.h\n'}
[6.713725] (cartographer) StdoutLine: {'line': b'-- Up-to-date: /root/ros2_ws/install/cartographer/include/cartographer/io/color.h\n'}
[6.716071] (cartographer) StdoutLine: {'line': b'-- Up-to-date: /root/ros2_ws/install/cartographer/include/cartographer/io/coloring_points_processor.h\n'}
[6.716827] (cartographer) StdoutLine: {'line': b'-- Up-to-date: /root/ros2_ws/install/cartographer/include/cartographer/io/counting_points_processor.h\n'}
[6.717630] (cartographer) StdoutLine: {'line': b'-- Up-to-date: /root/ros2_ws/install/cartographer/include/cartographer/io/draw_trajectories.h\n'}
[6.718258] (cartographer) StdoutLine: {'line': b'-- Up-to-date: /root/ros2_ws/install/cartographer/include/cartographer/io/file_writer.h\n'}
[6.718894] (cartographer) StdoutLine: {'line': b'-- Up-to-date: /root/ros2_ws/install/cartographer/include/cartographer/io/fixed_ratio_sampling_points_processor.h\n'}
[6.719431] (cartographer) StdoutLine: {'line': b'-- Up-to-date: /root/ros2_ws/install/cartographer/include/cartographer/io/frame_id_filtering_points_processor.h\n'}
[6.719851] (cartographer) StdoutLine: {'line': b'-- Up-to-date: /root/ros2_ws/install/cartographer/include/cartographer/io/hybrid_grid_points_processor.h\n'}
[6.720269] (cartographer) StdoutLine: {'line': b'-- Up-to-date: /root/ros2_ws/install/cartographer/include/cartographer/io/image.h\n'}
[6.720662] (cartographer) StdoutLine: {'line': b'-- Up-to-date: /root/ros2_ws/install/cartographer/include/cartographer/io/intensity_to_color_points_processor.h\n'}
[6.721043] (cartographer) StdoutLine: {'line': b'-- Up-to-date: /root/ros2_ws/install/cartographer/include/cartographer/io/min_max_range_filtering_points_processor.h\n'}
[6.721415] (cartographer) StdoutLine: {'line': b'-- Up-to-date: /root/ros2_ws/install/cartographer/include/cartographer/io/null_points_processor.h\n'}
[6.721722] (cartographer) StdoutLine: {'line': b'-- Up-to-date: /root/ros2_ws/install/cartographer/include/cartographer/io/outlier_removing_points_processor.h\n'}
[6.722152] (cartographer) StdoutLine: {'line': b'-- Up-to-date: /root/ros2_ws/install/cartographer/include/cartographer/io/pcd_writing_points_processor.h\n'}
[6.722744] (cartographer) StdoutLine: {'line': b'-- Up-to-date: /root/ros2_ws/install/cartographer/include/cartographer/io/ply_writing_points_processor.h\n'}
[6.724579] (cartographer) StdoutLine: {'line': b'-- Up-to-date: /root/ros2_ws/install/cartographer/include/cartographer/io/points_batch.h\n'}
[6.724910] (cartographer) StdoutLine: {'line': b'-- Up-to-date: /root/ros2_ws/install/cartographer/include/cartographer/io/points_processor.h\n'}
[6.726499] (cartographer) StdoutLine: {'line': b'-- Up-to-date: /root/ros2_ws/install/cartographer/include/cartographer/io/points_processor_pipeline_builder.h\n'}
[6.727565] (cartographer) StdoutLine: {'line': b'-- Up-to-date: /root/ros2_ws/install/cartographer/include/cartographer/io/probability_grid_points_processor.h\n'}
[6.727859] (cartographer) StdoutLine: {'line': b'-- Up-to-date: /root/ros2_ws/install/cartographer/include/cartographer/io/proto_stream.h\n'}
[6.728144] (cartographer) StdoutLine: {'line': b'-- Up-to-date: /root/ros2_ws/install/cartographer/include/cartographer/io/proto_stream_deserializer.h\n'}
[6.728318] (cartographer) StdoutLine: {'line': b'-- Up-to-date: /root/ros2_ws/install/cartographer/include/cartographer/io/proto_stream_interface.h\n'}
[6.728493] (cartographer) StdoutLine: {'line': b'-- Up-to-date: /root/ros2_ws/install/cartographer/include/cartographer/io/serialization_format_migration.h\n'}
[6.728749] (cartographer) StdoutLine: {'line': b'-- Up-to-date: /root/ros2_ws/install/cartographer/include/cartographer/io/submap_painter.h\n'}
[6.728918] (cartographer) StdoutLine: {'line': b'-- Up-to-date: /root/ros2_ws/install/cartographer/include/cartographer/io/vertical_range_filtering_points_processor.h\n'}
[6.729042] (cartographer) StdoutLine: {'line': b'-- Up-to-date: /root/ros2_ws/install/cartographer/include/cartographer/io/xray_points_processor.h\n'}
[6.729181] (cartographer) StdoutLine: {'line': b'-- Up-to-date: /root/ros2_ws/install/cartographer/include/cartographer/io/xyz_writing_points_processor.h\n'}
[6.729303] (cartographer) StdoutLine: {'line': b'-- Up-to-date: /root/ros2_ws/install/cartographer/include/cartographer/mapping/2d/grid_2d.h\n'}
[6.729423] (cartographer) StdoutLine: {'line': b'-- Up-to-date: /root/ros2_ws/install/cartographer/include/cartographer/mapping/2d/map_limits.h\n'}
[6.729542] (cartographer) StdoutLine: {'line': b'-- Up-to-date: /root/ros2_ws/install/cartographer/include/cartographer/mapping/2d/probability_grid.h\n'}
[6.729663] (cartographer) StdoutLine: {'line': b'-- Up-to-date: /root/ros2_ws/install/cartographer/include/cartographer/mapping/2d/probability_grid_range_data_inserter_2d.h\n'}
[6.729798] (cartographer) StdoutLine: {'line': b'-- Up-to-date: /root/ros2_ws/install/cartographer/include/cartographer/mapping/2d/submap_2d.h\n'}
[6.729959] (cartographer) StdoutLine: {'line': b'-- Up-to-date: /root/ros2_ws/install/cartographer/include/cartographer/mapping/2d/xy_index.h\n'}
[6.730083] (cartographer) StdoutLine: {'line': b'-- Up-to-date: /root/ros2_ws/install/cartographer/include/cartographer/mapping/3d/hybrid_grid.h\n'}
[6.730359] (cartographer) StdoutLine: {'line': b'-- Up-to-date: /root/ros2_ws/install/cartographer/include/cartographer/mapping/3d/range_data_inserter_3d.h\n'}
[6.730892] (cartographer) StdoutLine: {'line': b'-- Up-to-date: /root/ros2_ws/install/cartographer/include/cartographer/mapping/3d/submap_3d.h\n'}
[6.732257] (cartographer) StdoutLine: {'line': b'-- Up-to-date: /root/ros2_ws/install/cartographer/include/cartographer/mapping/detect_floors.h\n'}
[6.732557] (cartographer) StdoutLine: {'line': b'-- Up-to-date: /root/ros2_ws/install/cartographer/include/cartographer/mapping/grid_interface.h\n'}
[6.732794] (cartographer) StdoutLine: {'line': b'-- Up-to-date: /root/ros2_ws/install/cartographer/include/cartographer/mapping/id.h\n'}
[6.733057] (cartographer) StdoutLine: {'line': b'-- Up-to-date: /root/ros2_ws/install/cartographer/include/cartographer/mapping/imu_tracker.h\n'}
[6.733287] (cartographer) StdoutLine: {'line': b'-- Up-to-date: /root/ros2_ws/install/cartographer/include/cartographer/mapping/map_builder.h\n'}
[6.733513] (cartographer) StdoutLine: {'line': b'-- Up-to-date: /root/ros2_ws/install/cartographer/include/cartographer/mapping/map_builder_interface.h\n'}
[6.733718] (cartographer) StdoutLine: {'line': b'-- Up-to-date: /root/ros2_ws/install/cartographer/include/cartographer/mapping/pose_extrapolator.h\n'}
[6.734064] (cartographer) StdoutLine: {'line': b'-- Up-to-date: /root/ros2_ws/install/cartographer/include/cartographer/mapping/pose_extrapolator_interface.h\n'}
[6.734317] (cartographer) StdoutLine: {'line': b'-- Up-to-date: /root/ros2_ws/install/cartographer/include/cartographer/mapping/pose_graph.h\n'}
[6.734552] (cartographer) StdoutLine: {'line': b'-- Up-to-date: /root/ros2_ws/install/cartographer/include/cartographer/mapping/pose_graph_interface.h\n'}
[6.734798] (cartographer) StdoutLine: {'line': b'-- Up-to-date: /root/ros2_ws/install/cartographer/include/cartographer/mapping/pose_graph_trimmer.h\n'}
[6.736293] (-) TimerEvent: {}
[6.736710] (cartographer) StdoutLine: {'line': b'-- Up-to-date: /root/ros2_ws/install/cartographer/include/cartographer/mapping/probability_values.h\n'}
[6.737517] (cartographer) StdoutLine: {'line': b'-- Up-to-date: /root/ros2_ws/install/cartographer/include/cartographer/mapping/range_data_inserter_interface.h\n'}
[6.737706] (cartographer) StdoutLine: {'line': b'-- Up-to-date: /root/ros2_ws/install/cartographer/include/cartographer/mapping/submaps.h\n'}
[6.737934] (cartographer) StdoutLine: {'line': b'-- Up-to-date: /root/ros2_ws/install/cartographer/include/cartographer/mapping/trajectory_builder_interface.h\n'}
[6.738094] (cartographer) StdoutLine: {'line': b'-- Up-to-date: /root/ros2_ws/install/cartographer/include/cartographer/mapping/trajectory_node.h\n'}
[6.738271] (cartographer) StdoutLine: {'line': b'-- Up-to-date: /root/ros2_ws/install/cartographer/include/cartographer/mapping/value_conversion_tables.h\n'}
[6.738540] (cartographer) StdoutLine: {'line': b'-- Up-to-date: /root/ros2_ws/install/cartographer/include/cartographer/metrics/counter.h\n'}
[6.739281] (cartographer) StdoutLine: {'line': b'-- Up-to-date: /root/ros2_ws/install/cartographer/include/cartographer/metrics/family_factory.h\n'}
[6.740269] (cartographer) StdoutLine: {'line': b'-- Up-to-date: /root/ros2_ws/install/cartographer/include/cartographer/metrics/gauge.h\n'}
[6.740526] (cartographer) StdoutLine: {'line': b'-- Up-to-date: /root/ros2_ws/install/cartographer/include/cartographer/metrics/histogram.h\n'}
[6.740797] (cartographer) StdoutLine: {'line': b'-- Up-to-date: /root/ros2_ws/install/cartographer/include/cartographer/metrics/register.h\n'}
[6.744297] (cartographer) StdoutLine: {'line': b'-- Up-to-date: /root/ros2_ws/install/cartographer/include/cartographer/sensor/collator_interface.h\n'}
[6.745798] (cartographer) StdoutLine: {'line': b'-- Up-to-date: /root/ros2_ws/install/cartographer/include/cartographer/sensor/compressed_point_cloud.h\n'}
[6.746741] (cartographer) StdoutLine: {'line': b'-- Up-to-date: /root/ros2_ws/install/cartographer/include/cartographer/sensor/data.h\n'}
[6.747306] (cartographer) StdoutLine: {'line': b'-- Up-to-date: /root/ros2_ws/install/cartographer/include/cartographer/sensor/fixed_frame_pose_data.h\n'}
[6.748324] (cartographer) StdoutLine: {'line': b'-- Up-to-date: /root/ros2_ws/install/cartographer/include/cartographer/sensor/imu_data.h\n'}
[6.748835] (cartographer) StdoutLine: {'line': b'-- Up-to-date: /root/ros2_ws/install/cartographer/include/cartographer/sensor/landmark_data.h\n'}
[6.749107] (cartographer) StdoutLine: {'line': b'-- Up-to-date: /root/ros2_ws/install/cartographer/include/cartographer/sensor/map_by_time.h\n'}
[6.749340] (cartographer) StdoutLine: {'line': b'-- Up-to-date: /root/ros2_ws/install/cartographer/include/cartographer/sensor/odometry_data.h\n'}
[6.751734] (cartographer) StdoutLine: {'line': b'-- Up-to-date: /root/ros2_ws/install/cartographer/include/cartographer/sensor/point_cloud.h\n'}
[6.752141] (cartographer) StdoutLine: {'line': b'-- Up-to-date: /root/ros2_ws/install/cartographer/include/cartographer/sensor/range_data.h\n'}
[6.752443] (cartographer) StdoutLine: {'line': b'-- Up-to-date: /root/ros2_ws/install/cartographer/include/cartographer/sensor/rangefinder_point.h\n'}
[6.752753] (cartographer) StdoutLine: {'line': b'-- Up-to-date: /root/ros2_ws/install/cartographer/include/cartographer/sensor/timed_point_cloud_data.h\n'}
[6.753174] (cartographer) StdoutLine: {'line': b'-- Up-to-date: /root/ros2_ws/install/cartographer/include/cartographer/transform/rigid_transform.h\n'}
[6.753468] (cartographer) StdoutLine: {'line': b'-- Up-to-date: /root/ros2_ws/install/cartographer/include/cartographer/transform/timestamped_transform.h\n'}
[6.753637] (cartographer) StdoutLine: {'line': b'-- Up-to-date: /root/ros2_ws/install/cartographer/include/cartographer/transform/transform.h\n'}
[6.755201] (cartographer) StdoutLine: {'line': b'-- Up-to-date: /root/ros2_ws/install/cartographer/include/cartographer/transform/transform_interpolation_buffer.h\n'}
[6.759400] (cartographer) StdoutLine: {'line': b'-- Up-to-date: /root/ros2_ws/install/cartographer/include/cartographer/io/fake_file_writer.h\n'}
[6.760611] (cartographer) StdoutLine: {'line': b'-- Up-to-date: /root/ros2_ws/install/cartographer/include/cartographer/transform/rigid_transform_test_helpers.h\n'}
[6.760969] (cartographer) StdoutLine: {'line': b'-- Up-to-date: /root/ros2_ws/install/cartographer/include/cartographer/common/proto/ceres_solver_options.pb.h\n'}
[6.761540] (cartographer) StdoutLine: {'line': b'-- Up-to-date: /root/ros2_ws/install/cartographer/include/cartographer/ground_truth/proto/relations.pb.h\n'}
[6.763514] (cartographer) StdoutLine: {'line': b'-- Up-to-date: /root/ros2_ws/install/cartographer/include/cartographer/mapping/proto/cell_limits_2d.pb.h\n'}
[6.764278] (cartographer) StdoutLine: {'line': b'-- Up-to-date: /root/ros2_ws/install/cartographer/include/cartographer/mapping/proto/connected_components.pb.h\n'}
[6.767735] (cartographer) StdoutLine: {'line': b'-- Up-to-date: /root/ros2_ws/install/cartographer/include/cartographer/mapping/proto/grid_2d.pb.h\n'}
[6.768418] (cartographer) StdoutLine: {'line': b'-- Up-to-date: /root/ros2_ws/install/cartographer/include/cartographer/mapping/proto/grid_2d_options.pb.h\n'}
[6.768993] (cartographer) StdoutLine: {'line': b'-- Up-to-date: /root/ros2_ws/install/cartographer/include/cartographer/mapping/proto/hybrid_grid.pb.h\n'}
[6.769582] (cartographer) StdoutLine: {'line': b'-- Up-to-date: /root/ros2_ws/install/cartographer/include/cartographer/mapping/proto/local_trajectory_builder_options_2d.pb.h\n'}
[6.769894] (cartographer) StdoutLine: {'line': b'-- Up-to-date: /root/ros2_ws/install/cartographer/include/cartographer/mapping/proto/local_trajectory_builder_options_3d.pb.h\n'}
[6.770693] (cartographer) StdoutLine: {'line': b'-- Up-to-date: /root/ros2_ws/install/cartographer/include/cartographer/mapping/proto/map_builder_options.pb.h\n'}
[6.771200] (cartographer) StdoutLine: {'line': b'-- Up-to-date: /root/ros2_ws/install/cartographer/include/cartographer/mapping/proto/map_limits.pb.h\n'}
[6.773904] (cartographer) StdoutLine: {'line': b'-- Up-to-date: /root/ros2_ws/install/cartographer/include/cartographer/mapping/proto/motion_filter_options.pb.h\n'}
[6.774254] (cartographer) StdoutLine: {'line': b'-- Up-to-date: /root/ros2_ws/install/cartographer/include/cartographer/mapping/proto/normal_estimation_options_2d.pb.h\n'}
[6.774513] (cartographer) StdoutLine: {'line': b'-- Up-to-date: /root/ros2_ws/install/cartographer/include/cartographer/mapping/proto/pose_extrapolator_options.pb.h\n'}
[6.774748] (cartographer) StdoutLine: {'line': b'-- Up-to-date: /root/ros2_ws/install/cartographer/include/cartographer/mapping/proto/pose_graph.pb.h\n'}
[6.775024] (cartographer) StdoutLine: {'line': b'-- Up-to-date: /root/ros2_ws/install/cartographer/include/cartographer/mapping/proto/pose_graph/constraint_builder_options.pb.h\n'}
[6.776620] (cartographer) StdoutLine: {'line': b'-- Up-to-date: /root/ros2_ws/install/cartographer/include/cartographer/mapping/proto/pose_graph/optimization_problem_options.pb.h\n'}
[6.777404] (cartographer) StdoutLine: {'line': b'-- Up-to-date: /root/ros2_ws/install/cartographer/include/cartographer/mapping/proto/pose_graph_options.pb.h\n'}
[6.778002] (cartographer) StdoutLine: {'line': b'-- Up-to-date: /root/ros2_ws/install/cartographer/include/cartographer/mapping/proto/probability_grid.pb.h\n'}
[6.778788] (cartographer) StdoutLine: {'line': b'-- Up-to-date: /root/ros2_ws/install/cartographer/include/cartographer/mapping/proto/probability_grid_range_data_inserter_options_2d.pb.h\n'}
[6.779186] (cartographer) StdoutLine: {'line': b'-- Up-to-date: /root/ros2_ws/install/cartographer/include/cartographer/mapping/proto/range_data_inserter_options.pb.h\n'}
[6.779593] (cartographer) StdoutLine: {'line': b'-- Up-to-date: /root/ros2_ws/install/cartographer/include/cartographer/mapping/proto/range_data_inserter_options_3d.pb.h\n'}
[6.780007] (cartographer) StdoutLine: {'line': b'-- Up-to-date: /root/ros2_ws/install/cartographer/include/cartographer/mapping/proto/scan_matching/ceres_scan_matcher_options_2d.pb.h\n'}
[6.783732] (cartographer) StdoutLine: {'line': b'-- Up-to-date: /root/ros2_ws/install/cartographer/include/cartographer/mapping/proto/scan_matching/ceres_scan_matcher_options_3d.pb.h\n'}
[6.784109] (cartographer) StdoutLine: {'line': b'-- Up-to-date: /root/ros2_ws/install/cartographer/include/cartographer/mapping/proto/scan_matching/fast_correlative_scan_matcher_options_2d.pb.h\n'}
[6.784381] (cartographer) StdoutLine: {'line': b'-- Up-to-date: /root/ros2_ws/install/cartographer/include/cartographer/mapping/proto/scan_matching/fast_correlative_scan_matcher_options_3d.pb.h\n'}
[6.784657] (cartographer) StdoutLine: {'line': b'-- Up-to-date: /root/ros2_ws/install/cartographer/include/cartographer/mapping/proto/scan_matching/real_time_correlative_scan_matcher_options.pb.h\n'}
[6.785159] (cartographer) StdoutLine: {'line': b'-- Up-to-date: /root/ros2_ws/install/cartographer/include/cartographer/mapping/proto/serialization.pb.h\n'}
[6.785861] (cartographer) StdoutLine: {'line': b'-- Up-to-date: /root/ros2_ws/install/cartographer/include/cartographer/mapping/proto/submap.pb.h\n'}
[6.786706] (cartographer) StdoutLine: {'line': b'-- Up-to-date: /root/ros2_ws/install/cartographer/include/cartographer/mapping/proto/submap_visualization.pb.h\n'}
[6.787534] (cartographer) StdoutLine: {'line': b'-- Up-to-date: /root/ros2_ws/install/cartographer/include/cartographer/mapping/proto/submaps_options_2d.pb.h\n'}
[6.788027] (cartographer) StdoutLine: {'line': b'-- Up-to-date: /root/ros2_ws/install/cartographer/include/cartographer/mapping/proto/submaps_options_3d.pb.h\n'}
[6.789302] (cartographer) StdoutLine: {'line': b'-- Up-to-date: /root/ros2_ws/install/cartographer/include/cartographer/mapping/proto/trajectory.pb.h\n'}
[6.790021] (cartographer) StdoutLine: {'line': b'-- Up-to-date: /root/ros2_ws/install/cartographer/include/cartographer/mapping/proto/trajectory_builder_options.pb.h\n'}
[6.790280] (cartographer) StdoutLine: {'line': b'-- Up-to-date: /root/ros2_ws/install/cartographer/include/cartographer/mapping/proto/trajectory_node_data.pb.h\n'}
[6.790527] (cartographer) StdoutLine: {'line': b'-- Up-to-date: /root/ros2_ws/install/cartographer/include/cartographer/mapping/proto/tsdf_2d.pb.h\n'}
[6.790876] (cartographer) StdoutLine: {'line': b'-- Up-to-date: /root/ros2_ws/install/cartographer/include/cartographer/mapping/proto/tsdf_range_data_inserter_options_2d.pb.h\n'}
[6.791383] (cartographer) StdoutLine: {'line': b'-- Up-to-date: /root/ros2_ws/install/cartographer/include/cartographer/sensor/proto/adaptive_voxel_filter_options.pb.h\n'}
[6.791650] (cartographer) StdoutLine: {'line': b'-- Up-to-date: /root/ros2_ws/install/cartographer/include/cartographer/sensor/proto/sensor.pb.h\n'}
[6.792510] (cartographer) StdoutLine: {'line': b'-- Up-to-date: /root/ros2_ws/install/cartographer/include/cartographer/transform/proto/timestamped_transform.pb.h\n'}
[6.793520] (cartographer) StdoutLine: {'line': b'-- Up-to-date: /root/ros2_ws/install/cartographer/include/cartographer/transform/proto/transform.pb.h\n'}
[6.794622] (cartographer) StdoutLine: {'line': b'-- Up-to-date: /root/ros2_ws/install/cartographer/share/cartographer/cmake/CartographerTargets.cmake\n'}
[6.795297] (cartographer) StdoutLine: {'line': b'-- Up-to-date: /root/ros2_ws/install/cartographer/share/cartographer/cmake/CartographerTargets-release.cmake\n'}
[6.795876] (cartographer) StdoutLine: {'line': b'-- Up-to-date: /root/ros2_ws/install/cartographer/share/cartographer/cartographer-config.cmake\n'}
[6.796421] (cartographer) CommandEnded: {'returncode': 0}
[6.823464] (cartographer) JobEnded: {'identifier': 'cartographer', 'rc': 0}
[6.827250] (cartographer_ros) JobStarted: {'identifier': 'cartographer_ros'}
[6.836455] (-) TimerEvent: {}
[6.861476] (cartographer_ros) JobProgress: {'identifier': 'cartographer_ros', 'progress': 'cmake'}
[6.866379] (cartographer_ros) JobProgress: {'identifier': 'cartographer_ros', 'progress': 'build'}
[6.866560] (cartographer_ros) Command: {'cmd': ['/usr/bin/cmake', '--build', '/root/ros2_ws/build/cartographer_ros', '--', '-j8', '-l8'], 'cwd': '/root/ros2_ws/build/cartographer_ros', 'env': OrderedDict([('HOSTNAME', 'warnie'), ('GIT_ASKPASS', '/root/.vscode-server/bin/17baf841131aa23349f217ca7c570c76ee87b957/extensions/git/dist/askpass.sh'), ('SHLVL', '2'), ('LD_LIBRARY_PATH', '/root/ros2_ws/install/cartographer_ros_msgs/lib:/root/ros2_ws/install/cartographer_rviz/lib:/root/ros2_ws/install/cartographer_ros/lib:/opt/ros/humble/opt/rviz_ogre_vendor/lib:/opt/ros/humble/lib/x86_64-linux-gnu:/opt/ros/humble/lib'), ('BROWSER', '/root/.vscode-server/bin/17baf841131aa23349f217ca7c570c76ee87b957/bin/helpers/browser.sh'), ('HOME', '/root'), ('OLDPWD', '/root/ros2_ws/src'), ('TERM_PROGRAM_VERSION', '1.99.3'), ('VSCODE_IPC_HOOK_CLI', '/tmp/vscode-ipc-db8667da-dddf-4b8b-9bef-966dbeab1878.sock'), ('ROS_PYTHON_VERSION', '3'), ('VSCODE_GIT_ASKPASS_MAIN', '/root/.vscode-server/bin/17baf841131aa23349f217ca7c570c76ee87b957/extensions/git/dist/askpass-main.js'), ('VSCODE_GIT_ASKPASS_NODE', '/root/.vscode-server/bin/17baf841131aa23349f217ca7c570c76ee87b957/node'), ('LC_CTYPE', 'C.UTF-8'), ('COLORTERM', 'truecolor'), ('REMOTE_CONTAINERS', 'true'), ('COLCON_PREFIX_PATH', '/root/ros2_ws/install'), ('ROS_DISTRO', 'humble'), ('REMOTE_CONTAINERS_IPC', '/tmp/vscode-remote-containers-ipc-f285fd1d-9376-4a47-8352-1dbec715791d.sock'), ('_', '/usr/bin/colcon'), ('ROS_VERSION', '2'), ('PKG_CONFIG_PATH', '/root/ros2_ws/install/cartographer/lib/x86_64-linux-gnu/pkgconfig:/root/ros2_ws/install/cartographer/lib/pkgconfig'), ('TERM', 'xterm-256color'), ('ROS_LOCALHOST_ONLY', '0'), ('PATH', '/root/ros2_ws/install/cartographer/bin:/root/.vscode-server/bin/17baf841131aa23349f217ca7c570c76ee87b957/bin/remote-cli:/opt/ros/humble/bin:/usr/local/sbin:/usr/local/bin:/usr/sbin:/usr/bin:/sbin:/bin:/root/.vscode-server/data/User/globalStorage/github.copilot-chat/debugCommand'), ('REMOTE_CONTAINERS_SOCKETS', '["/tmp/vscode-ssh-auth-f285fd1d-9376-4a47-8352-1dbec715791d.sock","/root/.gnupg/S.gpg-agent"]'), ('DISPLAY', 'unix:0'), ('LANG', 'en_US.UTF-8'), ('VSCODE_GIT_IPC_HANDLE', '/tmp/vscode-git-3ce2b43cc6.sock'), ('TERM_PROGRAM', 'vscode'), ('SSH_AUTH_SOCK', '/tmp/vscode-ssh-auth-f285fd1d-9376-4a47-8352-1dbec715791d.sock'), ('AMENT_PREFIX_PATH', '/root/ros2_ws/install/ros2_opencv:/root/ros2_ws/install/Test_FirstPkg:/root/ros2_ws/install/rplidar_ros:/root/ros2_ws/install/cartographer_rviz:/root/ros2_ws/install/cartographer_ros:/root/ros2_ws/install/cartographer_ros_msgs:/opt/ros/humble'), ('SHELL', '/bin/bash'), ('VSCODE_GIT_ASKPASS_EXTRA_ARGS', ''), ('PWD', '/root/ros2_ws/build/cartographer_ros'), ('PYTHONPATH', '/root/ros2_ws/install/ros2_opencv/lib/python3.10/site-packages:/root/ros2_ws/install/cartographer_ros_msgs/local/lib/python3.10/dist-packages:/opt/ros/humble/lib/python3.10/site-packages:/opt/ros/humble/local/lib/python3.10/dist-packages'), ('COLCON', '1'), ('CMAKE_PREFIX_PATH', '/root/ros2_ws/install/cartographer_ros_msgs:/root/ros2_ws/install/cartographer:/root/ros2_ws/install/Test_FirstPkg:/root/ros2_ws/install/rplidar_ros:/root/ros2_ws/install/cartographer_rviz:/root/ros2_ws/install/cartographer_ros:/root/ros2_ws/install/ros2_opencv:/opt/ros/humble')]), 'shell': False}
[6.936636] (-) TimerEvent: {}
[7.037154] (-) TimerEvent: {}
[7.077703] (cartographer_ros) StdoutLine: {'line': b'\x1b[35m\x1b[1mConsolidate compiler generated dependencies of target cartographer_ros\x1b[0m\n'}
[7.137281] (-) TimerEvent: {}
[7.237648] (-) TimerEvent: {}
[7.338170] (-) TimerEvent: {}
[7.362474] (cartographer_ros) StdoutLine: {'line': b'[ 60%] Built target cartographer_ros\n'}
[7.425643] (cartographer_ros) StdoutLine: {'line': b'\x1b[35m\x1b[1mConsolidate compiler generated dependencies of target cartographer_pbstream_map_publisher\x1b[0m\n'}
[7.426509] (cartographer_ros) StdoutLine: {'line': b'\x1b[35m\x1b[1mConsolidate compiler generated dependencies of target cartographer_occupancy_grid_node\x1b[0m\n'}
[7.437485] (cartographer_ros) StdoutLine: {'line': b'\x1b[35m\x1b[1mConsolidate compiler generated dependencies of target cartographer_node\x1b[0m\n'}
[7.438274] (-) TimerEvent: {}
[7.444171] (cartographer_ros) StdoutLine: {'line': b'\x1b[35m\x1b[1mConsolidate compiler generated dependencies of target cartographer_assets_writer\x1b[0m\n'}
[7.451617] (cartographer_ros) StdoutLine: {'line': b'\x1b[35m\x1b[1mConsolidate compiler generated dependencies of target cartographer_offline_node\x1b[0m\n'}
[7.485941] (cartographer_ros) StdoutLine: {'line': b'\x1b[35m\x1b[1mConsolidate compiler generated dependencies of target cartographer_rosbag_validate\x1b[0m\n'}
[7.490917] (cartographer_ros) StdoutLine: {'line': b'\x1b[35m\x1b[1mConsolidate compiler generated dependencies of target cartographer_pbstream_to_ros_map\x1b[0m\n'}
[7.538418] (-) TimerEvent: {}
[7.551861] (cartographer_ros) StdoutLine: {'line': b'[ 65%] Built target cartographer_offline_node\n'}
[7.558347] (cartographer_ros) StdoutLine: {'line': b'[ 71%] Built target cartographer_pbstream_map_publisher\n'}
[7.576863] (cartographer_ros) StdoutLine: {'line': b'[ 77%] Built target cartographer_occupancy_grid_node\n'}
[7.588006] (cartographer_ros) StdoutLine: {'line': b'[ 82%] Built target cartographer_assets_writer\n'}
[7.595031] (cartographer_ros) StdoutLine: {'line': b'[ 88%] Built target cartographer_node\n'}
[7.627366] (cartographer_ros) StdoutLine: {'line': b'[ 94%] Built target cartographer_rosbag_validate\n'}
[7.630794] (cartographer_ros) StdoutLine: {'line': b'[100%] Built target cartographer_pbstream_to_ros_map\n'}
[7.638656] (-) TimerEvent: {}
[7.661200] (cartographer_ros) CommandEnded: {'returncode': 0}
[7.664570] (cartographer_ros) JobProgress: {'identifier': 'cartographer_ros', 'progress': 'install'}
[7.665301] (cartographer_ros) Command: {'cmd': ['/usr/bin/cmake', '--install', '/root/ros2_ws/build/cartographer_ros'], 'cwd': '/root/ros2_ws/build/cartographer_ros', 'env': OrderedDict([('HOSTNAME', 'warnie'), ('GIT_ASKPASS', '/root/.vscode-server/bin/17baf841131aa23349f217ca7c570c76ee87b957/extensions/git/dist/askpass.sh'), ('SHLVL', '2'), ('LD_LIBRARY_PATH', '/root/ros2_ws/install/cartographer_ros_msgs/lib:/root/ros2_ws/install/cartographer_rviz/lib:/root/ros2_ws/install/cartographer_ros/lib:/opt/ros/humble/opt/rviz_ogre_vendor/lib:/opt/ros/humble/lib/x86_64-linux-gnu:/opt/ros/humble/lib'), ('BROWSER', '/root/.vscode-server/bin/17baf841131aa23349f217ca7c570c76ee87b957/bin/helpers/browser.sh'), ('HOME', '/root'), ('OLDPWD', '/root/ros2_ws/src'), ('TERM_PROGRAM_VERSION', '1.99.3'), ('VSCODE_IPC_HOOK_CLI', '/tmp/vscode-ipc-db8667da-dddf-4b8b-9bef-966dbeab1878.sock'), ('ROS_PYTHON_VERSION', '3'), ('VSCODE_GIT_ASKPASS_MAIN', '/root/.vscode-server/bin/17baf841131aa23349f217ca7c570c76ee87b957/extensions/git/dist/askpass-main.js'), ('VSCODE_GIT_ASKPASS_NODE', '/root/.vscode-server/bin/17baf841131aa23349f217ca7c570c76ee87b957/node'), ('LC_CTYPE', 'C.UTF-8'), ('COLORTERM', 'truecolor'), ('REMOTE_CONTAINERS', 'true'), ('COLCON_PREFIX_PATH', '/root/ros2_ws/install'), ('ROS_DISTRO', 'humble'), ('REMOTE_CONTAINERS_IPC', '/tmp/vscode-remote-containers-ipc-f285fd1d-9376-4a47-8352-1dbec715791d.sock'), ('_', '/usr/bin/colcon'), ('ROS_VERSION', '2'), ('PKG_CONFIG_PATH', '/root/ros2_ws/install/cartographer/lib/x86_64-linux-gnu/pkgconfig:/root/ros2_ws/install/cartographer/lib/pkgconfig'), ('TERM', 'xterm-256color'), ('ROS_LOCALHOST_ONLY', '0'), ('PATH', '/root/ros2_ws/install/cartographer/bin:/root/.vscode-server/bin/17baf841131aa23349f217ca7c570c76ee87b957/bin/remote-cli:/opt/ros/humble/bin:/usr/local/sbin:/usr/local/bin:/usr/sbin:/usr/bin:/sbin:/bin:/root/.vscode-server/data/User/globalStorage/github.copilot-chat/debugCommand'), ('REMOTE_CONTAINERS_SOCKETS', '["/tmp/vscode-ssh-auth-f285fd1d-9376-4a47-8352-1dbec715791d.sock","/root/.gnupg/S.gpg-agent"]'), ('DISPLAY', 'unix:0'), ('LANG', 'en_US.UTF-8'), ('VSCODE_GIT_IPC_HANDLE', '/tmp/vscode-git-3ce2b43cc6.sock'), ('TERM_PROGRAM', 'vscode'), ('SSH_AUTH_SOCK', '/tmp/vscode-ssh-auth-f285fd1d-9376-4a47-8352-1dbec715791d.sock'), ('AMENT_PREFIX_PATH', '/root/ros2_ws/install/ros2_opencv:/root/ros2_ws/install/Test_FirstPkg:/root/ros2_ws/install/rplidar_ros:/root/ros2_ws/install/cartographer_rviz:/root/ros2_ws/install/cartographer_ros:/root/ros2_ws/install/cartographer_ros_msgs:/opt/ros/humble'), ('SHELL', '/bin/bash'), ('VSCODE_GIT_ASKPASS_EXTRA_ARGS', ''), ('PWD', '/root/ros2_ws/build/cartographer_ros'), ('PYTHONPATH', '/root/ros2_ws/install/ros2_opencv/lib/python3.10/site-packages:/root/ros2_ws/install/cartographer_ros_msgs/local/lib/python3.10/dist-packages:/opt/ros/humble/lib/python3.10/site-packages:/opt/ros/humble/local/lib/python3.10/dist-packages'), ('COLCON', '1'), ('CMAKE_PREFIX_PATH', '/root/ros2_ws/install/cartographer_ros_msgs:/root/ros2_ws/install/cartographer:/root/ros2_ws/install/Test_FirstPkg:/root/ros2_ws/install/rplidar_ros:/root/ros2_ws/install/cartographer_rviz:/root/ros2_ws/install/cartographer_ros:/root/ros2_ws/install/ros2_opencv:/opt/ros/humble')]), 'shell': False}
[7.686835] (cartographer_ros) StdoutLine: {'line': b'-- Install configuration: ""\n'}
[7.687286] (cartographer_ros) StdoutLine: {'line': b'-- Up-to-date: /root/ros2_ws/install/cartographer_ros/lib/libcartographer_ros.a\n'}
[7.687597] (cartographer_ros) StdoutLine: {'line': b'-- Up-to-date: /root/ros2_ws/install/cartographer_ros/lib/cartographer_ros/cartographer_node\n'}
[7.688319] (cartographer_ros) StdoutLine: {'line': b'-- Up-to-date: /root/ros2_ws/install/cartographer_ros/lib/cartographer_ros/cartographer_occupancy_grid_node\n'}
[7.689211] (cartographer_ros) StdoutLine: {'line': b'-- Up-to-date: /root/ros2_ws/install/cartographer_ros/lib/cartographer_ros/cartographer_offline_node\n'}
[7.691190] (cartographer_ros) StdoutLine: {'line': b'-- Up-to-date: /root/ros2_ws/install/cartographer_ros/lib/cartographer_ros/cartographer_assets_writer\n'}
[7.692098] (cartographer_ros) StdoutLine: {'line': b'-- Up-to-date: /root/ros2_ws/install/cartographer_ros/lib/cartographer_ros/cartographer_pbstream_map_publisher\n'}
[7.693089] (cartographer_ros) StdoutLine: {'line': b'-- Up-to-date: /root/ros2_ws/install/cartographer_ros/lib/cartographer_ros/cartographer_pbstream_to_ros_map\n'}
[7.693927] (cartographer_ros) StdoutLine: {'line': b'-- Up-to-date: /root/ros2_ws/install/cartographer_ros/lib/cartographer_ros/cartographer_rosbag_validate\n'}
[7.694420] (cartographer_ros) StdoutLine: {'line': b'-- Up-to-date: /root/ros2_ws/install/cartographer_ros/include/\n'}
[7.694870] (cartographer_ros) StdoutLine: {'line': b'-- Up-to-date: /root/ros2_ws/install/cartographer_ros/include//cartographer_ros\n'}
[7.695283] (cartographer_ros) StdoutLine: {'line': b'-- Up-to-date: /root/ros2_ws/install/cartographer_ros/include//cartographer_ros/offline_node.h\n'}
[7.695457] (cartographer_ros) StdoutLine: {'line': b'-- Up-to-date: /root/ros2_ws/install/cartographer_ros/include//cartographer_ros/ros_log_sink.h\n'}
[7.695589] (cartographer_ros) StdoutLine: {'line': b'-- Up-to-date: /root/ros2_ws/install/cartographer_ros/include//cartographer_ros/msg_conversion.h\n'}
[7.695794] (cartographer_ros) StdoutLine: {'line': b'-- Up-to-date: /root/ros2_ws/install/cartographer_ros/include//cartographer_ros/map_builder_bridge.h\n'}
[7.696438] (cartographer_ros) StdoutLine: {'line': b'-- Up-to-date: /root/ros2_ws/install/cartographer_ros/include//cartographer_ros/ros_map_writing_points_processor.h\n'}
[7.697033] (cartographer_ros) StdoutLine: {'line': b'-- Up-to-date: /root/ros2_ws/install/cartographer_ros/include//cartographer_ros/time_conversion.h\n'}
[7.697564] (cartographer_ros) StdoutLine: {'line': b'-- Up-to-date: /root/ros2_ws/install/cartographer_ros/include//cartographer_ros/node_constants.h\n'}
[7.697899] (cartographer_ros) StdoutLine: {'line': b'-- Up-to-date: /root/ros2_ws/install/cartographer_ros/include//cartographer_ros/trajectory_options.h\n'}
[7.698445] (cartographer_ros) StdoutLine: {'line': b'-- Up-to-date: /root/ros2_ws/install/cartographer_ros/include//cartographer_ros/node_options.h\n'}
[7.699073] (cartographer_ros) StdoutLine: {'line': b'-- Up-to-date: /root/ros2_ws/install/cartographer_ros/include//cartographer_ros/urdf_reader.h\n'}
[7.699367] (cartographer_ros) StdoutLine: {'line': b'-- Up-to-date: /root/ros2_ws/install/cartographer_ros/include//cartographer_ros/submap.h\n'}
[7.699605] (cartographer_ros) StdoutLine: {'line': b'-- Up-to-date: /root/ros2_ws/install/cartographer_ros/include//cartographer_ros/assets_writer.h\n'}
[7.699828] (cartographer_ros) StdoutLine: {'line': b'-- Up-to-date: /root/ros2_ws/install/cartographer_ros/include//cartographer_ros/playable_bag.h\n'}
[7.700722] (cartographer_ros) StdoutLine: {'line': b'-- Up-to-date: /root/ros2_ws/install/cartographer_ros/include//cartographer_ros/tf_bridge.h\n'}
[7.701084] (cartographer_ros) StdoutLine: {'line': b'-- Up-to-date: /root/ros2_ws/install/cartographer_ros/include//cartographer_ros/node.h\n'}
[7.701368] (cartographer_ros) StdoutLine: {'line': b'-- Up-to-date: /root/ros2_ws/install/cartographer_ros/include//cartographer_ros/ros_map.h\n'}
[7.702074] (cartographer_ros) StdoutLine: {'line': b'-- Up-to-date: /root/ros2_ws/install/cartographer_ros/include//cartographer_ros/metrics\n'}
[7.702562] (cartographer_ros) StdoutLine: {'line': b'-- Up-to-date: /root/ros2_ws/install/cartographer_ros/include//cartographer_ros/metrics/internal\n'}
[7.702840] (cartographer_ros) StdoutLine: {'line': b'-- Up-to-date: /root/ros2_ws/install/cartographer_ros/include//cartographer_ros/metrics/internal/counter.h\n'}
[7.703001] (cartographer_ros) StdoutLine: {'line': b'-- Up-to-date: /root/ros2_ws/install/cartographer_ros/include//cartographer_ros/metrics/internal/histogram.h\n'}
[7.703124] (cartographer_ros) StdoutLine: {'line': b'-- Up-to-date: /root/ros2_ws/install/cartographer_ros/include//cartographer_ros/metrics/internal/family.h\n'}
[7.703270] (cartographer_ros) StdoutLine: {'line': b'-- Up-to-date: /root/ros2_ws/install/cartographer_ros/include//cartographer_ros/metrics/internal/gauge.h\n'}
[7.703389] (cartographer_ros) StdoutLine: {'line': b'-- Up-to-date: /root/ros2_ws/install/cartographer_ros/include//cartographer_ros/metrics/family_factory.h\n'}
[7.703504] (cartographer_ros) StdoutLine: {'line': b'-- Up-to-date: /root/ros2_ws/install/cartographer_ros/include//cartographer_ros/sensor_bridge.h\n'}
[7.703618] (cartographer_ros) StdoutLine: {'line': b'-- Up-to-date: /root/ros2_ws/install/cartographer_ros/share/cartographer_ros//configuration_files\n'}
[7.703752] (cartographer_ros) StdoutLine: {'line': b'-- Up-to-date: /root/ros2_ws/install/cartographer_ros/share/cartographer_ros//configuration_files/transform.lua\n'}
[7.703983] (cartographer_ros) StdoutLine: {'line': b'-- Up-to-date: /root/ros2_ws/install/cartographer_ros/share/cartographer_ros//configuration_files/visualize_pbstream.lua\n'}
[7.704194] (cartographer_ros) StdoutLine: {'line': b'-- Up-to-date: /root/ros2_ws/install/cartographer_ros/share/cartographer_ros//configuration_files/taurob_tracker.lua\n'}
[7.704370] (cartographer_ros) StdoutLine: {'line': b'-- Up-to-date: /root/ros2_ws/install/cartographer_ros/share/cartographer_ros//configuration_files/assets_writer_backpack_3d.lua\n'}
[7.704554] (cartographer_ros) StdoutLine: {'line': b'-- Up-to-date: /root/ros2_ws/install/cartographer_ros/share/cartographer_ros//configuration_files/demo_2d.rviz\n'}
[7.704777] (cartographer_ros) StdoutLine: {'line': b'-- Up-to-date: /root/ros2_ws/install/cartographer_ros/share/cartographer_ros//configuration_files/assets_writer_backpack_2d_ci.lua\n'}
[7.705038] (cartographer_ros) StdoutLine: {'line': b'-- Up-to-date: /root/ros2_ws/install/cartographer_ros/share/cartographer_ros//configuration_files/backpack_2d.lua\n'}
[7.705313] (cartographer_ros) StdoutLine: {'line': b'-- Up-to-date: /root/ros2_ws/install/cartographer_ros/share/cartographer_ros//configuration_files/backpack_2d_localization.lua\n'}
[7.705647] (cartographer_ros) StdoutLine: {'line': b'-- Up-to-date: /root/ros2_ws/install/cartographer_ros/share/cartographer_ros//configuration_files/assets_writer_backpack_2d.lua\n'}
[7.707482] (cartographer_ros) StdoutLine: {'line': b'-- Up-to-date: /root/ros2_ws/install/cartographer_ros/share/cartographer_ros//configuration_files/revo_lds.lua\n'}
[7.707855] (cartographer_ros) StdoutLine: {'line': b'-- Up-to-date: /root/ros2_ws/install/cartographer_ros/share/cartographer_ros//configuration_files/demo_3d.rviz\n'}
[7.708584] (cartographer_ros) StdoutLine: {'line': b'-- Up-to-date: /root/ros2_ws/install/cartographer_ros/share/cartographer_ros//configuration_files/assets_writer_ros_map.lua\n'}
[7.711359] (cartographer_ros) StdoutLine: {'line': b'-- Up-to-date: /root/ros2_ws/install/cartographer_ros/share/cartographer_ros//configuration_files/backpack_3d.lua\n'}
[7.711658] (cartographer_ros) StdoutLine: {'line': b'-- Up-to-date: /root/ros2_ws/install/cartographer_ros/share/cartographer_ros//configuration_files/mir-100-mapping.lua\n'}
[7.711808] (cartographer_ros) StdoutLine: {'line': b'-- Up-to-date: /root/ros2_ws/install/cartographer_ros/share/cartographer_ros//configuration_files/backpack_3d_localization.lua\n'}
[7.712146] (cartographer_ros) StdoutLine: {'line': b'-- Up-to-date: /root/ros2_ws/install/cartographer_ros/share/cartographer_ros//configuration_files/pr2.lua\n'}
[7.712317] (cartographer_ros) StdoutLine: {'line': b'-- Up-to-date: /root/ros2_ws/install/cartographer_ros/share/cartographer_ros//configuration_files/backpack_2d_localization_evaluation.lua\n'}
[7.712450] (cartographer_ros) StdoutLine: {'line': b'-- Up-to-date: /root/ros2_ws/install/cartographer_ros/share/cartographer_ros//configuration_files/backpack_2d_server.lua\n'}
[7.712599] (cartographer_ros) StdoutLine: {'line': b'-- Up-to-date: /root/ros2_ws/install/cartographer_ros/share/cartographer_ros//urdf\n'}
[7.712726] (cartographer_ros) StdoutLine: {'line': b'-- Up-to-date: /root/ros2_ws/install/cartographer_ros/share/cartographer_ros//urdf/backpack_3d.urdf\n'}
[7.713142] (cartographer_ros) StdoutLine: {'line': b'-- Up-to-date: /root/ros2_ws/install/cartographer_ros/share/cartographer_ros//urdf/backpack_2d.urdf\n'}
[7.713420] (cartographer_ros) StdoutLine: {'line': b'-- Up-to-date: /root/ros2_ws/install/cartographer_ros/share/cartographer_ros//urdf/mir-100.urdf\n'}
[7.713636] (cartographer_ros) StdoutLine: {'line': b'-- Up-to-date: /root/ros2_ws/install/cartographer_ros/share/cartographer_ros//launch\n'}
[7.714020] (cartographer_ros) StdoutLine: {'line': b'-- Up-to-date: /root/ros2_ws/install/cartographer_ros/share/cartographer_ros//launch/offline_backpack_3d.launch.py\n'}
[7.714508] (cartographer_ros) StdoutLine: {'line': b'-- Up-to-date: /root/ros2_ws/install/cartographer_ros/share/cartographer_ros//launch/__pycache__\n'}
[7.715308] (cartographer_ros) StdoutLine: {'line': b'-- Up-to-date: /root/ros2_ws/install/cartographer_ros/share/cartographer_ros//launch/__pycache__/demo_revo_lds.launch.cpython-310.pyc\n'}
[7.715796] (cartographer_ros) StdoutLine: {'line': b'-- Up-to-date: /root/ros2_ws/install/cartographer_ros/share/cartographer_ros//launch/taurob_tracker.launch.py\n'}
[7.716080] (cartographer_ros) StdoutLine: {'line': b'-- Up-to-date: /root/ros2_ws/install/cartographer_ros/share/cartographer_ros//launch/demo_taurob_tracker.launch.py\n'}
[7.716308] (cartographer_ros) StdoutLine: {'line': b'-- Up-to-date: /root/ros2_ws/install/cartographer_ros/share/cartographer_ros//launch/offline_mir_100_rviz.launch.py\n'}
[7.716630] (cartographer_ros) StdoutLine: {'line': b'-- Up-to-date: /root/ros2_ws/install/cartographer_ros/share/cartographer_ros//launch/assets_writer_backpack_2d.launch.py\n'}
[7.717130] (cartographer_ros) StdoutLine: {'line': b'-- Up-to-date: /root/ros2_ws/install/cartographer_ros/share/cartographer_ros//launch/offline_backpack_2d.launch.py\n'}
[7.717384] (cartographer_ros) StdoutLine: {'line': b'-- Up-to-date: /root/ros2_ws/install/cartographer_ros/share/cartographer_ros//launch/demo_backpack_3d.launch.py\n'}
[7.717646] (cartographer_ros) StdoutLine: {'line': b'-- Up-to-date: /root/ros2_ws/install/cartographer_ros/share/cartographer_ros//launch/backpack_3d.launch.py\n'}
[7.717857] (cartographer_ros) StdoutLine: {'line': b'-- Up-to-date: /root/ros2_ws/install/cartographer_ros/share/cartographer_ros//launch/grpc_demo_backpack_2d.launch\n'}
[7.718331] (cartographer_ros) StdoutLine: {'line': b'-- Up-to-date: /root/ros2_ws/install/cartographer_ros/share/cartographer_ros//launch/demo_backpack_3d_localization.launch.py\n'}
[7.718489] (cartographer_ros) StdoutLine: {'line': b'-- Up-to-date: /root/ros2_ws/install/cartographer_ros/share/cartographer_ros//launch/offline_node.launch.py\n'}
[7.718648] (cartographer_ros) StdoutLine: {'line': b'-- Up-to-date: /root/ros2_ws/install/cartographer_ros/share/cartographer_ros//launch/backpack_2d.launch.py\n'}
[7.718836] (cartographer_ros) StdoutLine: {'line': b'-- Up-to-date: /root/ros2_ws/install/cartographer_ros/share/cartographer_ros//launch/assets_writer_backpack_3d.launch.py\n'}
[7.719091] (cartographer_ros) StdoutLine: {'line': b'-- Up-to-date: /root/ros2_ws/install/cartographer_ros/share/cartographer_ros//launch/demo_backpack_2d.launch.py\n'}
[7.719249] (cartographer_ros) StdoutLine: {'line': b'-- Up-to-date: /root/ros2_ws/install/cartographer_ros/share/cartographer_ros//launch/assets_writer_ros_map.launch.py\n'}
[7.719387] (cartographer_ros) StdoutLine: {'line': b'-- Up-to-date: /root/ros2_ws/install/cartographer_ros/share/cartographer_ros//launch/demo_pr2.launch\n'}
[7.719574] (cartographer_ros) StdoutLine: {'line': b'-- Up-to-date: /root/ros2_ws/install/cartographer_ros/share/cartographer_ros//launch/demo_revo_lds.launch.py\n'}
[7.719712] (cartographer_ros) StdoutLine: {'line': b'-- Up-to-date: /root/ros2_ws/install/cartographer_ros/share/cartographer_ros//launch/visualize_pbstream.launch.py\n'}
[7.720001] (cartographer_ros) StdoutLine: {'line': b'-- Up-to-date: /root/ros2_ws/install/cartographer_ros/share/cartographer_ros//launch/demo_backpack_2d_localization.launch.py\n'}
[7.720169] (cartographer_ros) StdoutLine: {'line': b'-- Up-to-date: /root/ros2_ws/install/cartographer_ros/share/cartographer_ros//launch/grpc_demo_backpack_2d_localization.launch\n'}
[7.720317] (cartographer_ros) StdoutLine: {'line': b'-- Up-to-date: /root/ros2_ws/install/cartographer_ros/share/cartographer_ros/environment/library_path.sh\n'}
[7.720488] (cartographer_ros) StdoutLine: {'line': b'-- Up-to-date: /root/ros2_ws/install/cartographer_ros/share/cartographer_ros/environment/library_path.dsv\n'}
[7.720619] (cartographer_ros) StdoutLine: {'line': b'-- Up-to-date: /root/ros2_ws/install/cartographer_ros/share/ament_index/resource_index/package_run_dependencies/cartographer_ros\n'}
[7.720785] (cartographer_ros) StdoutLine: {'line': b'-- Up-to-date: /root/ros2_ws/install/cartographer_ros/share/ament_index/resource_index/parent_prefix_path/cartographer_ros\n'}
[7.721022] (cartographer_ros) StdoutLine: {'line': b'-- Up-to-date: /root/ros2_ws/install/cartographer_ros/share/cartographer_ros/environment/ament_prefix_path.sh\n'}
[7.721161] (cartographer_ros) StdoutLine: {'line': b'-- Up-to-date: /root/ros2_ws/install/cartographer_ros/share/cartographer_ros/environment/ament_prefix_path.dsv\n'}
[7.721308] (cartographer_ros) StdoutLine: {'line': b'-- Up-to-date: /root/ros2_ws/install/cartographer_ros/share/cartographer_ros/environment/path.sh\n'}
[7.721443] (cartographer_ros) StdoutLine: {'line': b'-- Up-to-date: /root/ros2_ws/install/cartographer_ros/share/cartographer_ros/environment/path.dsv\n'}
[7.721717] (cartographer_ros) StdoutLine: {'line': b'-- Up-to-date: /root/ros2_ws/install/cartographer_ros/share/cartographer_ros/local_setup.bash\n'}
[7.725001] (cartographer_ros) StdoutLine: {'line': b'-- Up-to-date: /root/ros2_ws/install/cartographer_ros/share/cartographer_ros/local_setup.sh\n'}
[7.725573] (cartographer_ros) StdoutLine: {'line': b'-- Up-to-date: /root/ros2_ws/install/cartographer_ros/share/cartographer_ros/local_setup.zsh\n'}
[7.726569] (cartographer_ros) StdoutLine: {'line': b'-- Up-to-date: /root/ros2_ws/install/cartographer_ros/share/cartographer_ros/local_setup.dsv\n'}
[7.726800] (cartographer_ros) StdoutLine: {'line': b'-- Installing: /root/ros2_ws/install/cartographer_ros/share/cartographer_ros/package.dsv\n'}
[7.727524] (cartographer_ros) StdoutLine: {'line': b'-- Up-to-date: /root/ros2_ws/install/cartographer_ros/share/ament_index/resource_index/packages/cartographer_ros\n'}
[7.727808] (cartographer_ros) StdoutLine: {'line': b'-- Up-to-date: /root/ros2_ws/install/cartographer_ros/share/cartographer_ros/cmake/ament_cmake_export_include_directories-extras.cmake\n'}
[7.728191] (cartographer_ros) StdoutLine: {'line': b'-- Up-to-date: /root/ros2_ws/install/cartographer_ros/share/cartographer_ros/cmake/ament_cmake_export_libraries-extras.cmake\n'}
[7.728424] (cartographer_ros) StdoutLine: {'line': b'-- Up-to-date: /root/ros2_ws/install/cartographer_ros/share/cartographer_ros/cmake/ament_cmake_export_dependencies-extras.cmake\n'}
[7.728860] (cartographer_ros) StdoutLine: {'line': b'-- Up-to-date: /root/ros2_ws/install/cartographer_ros/share/cartographer_ros/cmake/cartographer_rosConfig.cmake\n'}
[7.729261] (cartographer_ros) StdoutLine: {'line': b'-- Up-to-date: /root/ros2_ws/install/cartographer_ros/share/cartographer_ros/cmake/cartographer_rosConfig-version.cmake\n'}
[7.729404] (cartographer_ros) StdoutLine: {'line': b'-- Up-to-date: /root/ros2_ws/install/cartographer_ros/share/cartographer_ros/package.xml\n'}
[7.730411] (cartographer_ros) CommandEnded: {'returncode': 0}
[7.739130] (-) TimerEvent: {}
[7.768743] (cartographer_ros) JobEnded: {'identifier': 'cartographer_ros', 'rc': 0}
[7.771360] (cartographer_rviz) JobStarted: {'identifier': 'cartographer_rviz'}
[7.803112] (cartographer_rviz) JobProgress: {'identifier': 'cartographer_rviz', 'progress': 'cmake'}
[7.806274] (cartographer_rviz) JobProgress: {'identifier': 'cartographer_rviz', 'progress': 'build'}
[7.809636] (cartographer_rviz) Command: {'cmd': ['/usr/bin/cmake', '--build', '/root/ros2_ws/build/cartographer_rviz', '--', '-j8', '-l8'], 'cwd': '/root/ros2_ws/build/cartographer_rviz', 'env': OrderedDict([('HOSTNAME', 'warnie'), ('GIT_ASKPASS', '/root/.vscode-server/bin/17baf841131aa23349f217ca7c570c76ee87b957/extensions/git/dist/askpass.sh'), ('SHLVL', '2'), ('LD_LIBRARY_PATH', '/root/ros2_ws/install/cartographer_ros_msgs/lib:/root/ros2_ws/install/cartographer_rviz/lib:/root/ros2_ws/install/cartographer_ros/lib:/opt/ros/humble/opt/rviz_ogre_vendor/lib:/opt/ros/humble/lib/x86_64-linux-gnu:/opt/ros/humble/lib'), ('BROWSER', '/root/.vscode-server/bin/17baf841131aa23349f217ca7c570c76ee87b957/bin/helpers/browser.sh'), ('HOME', '/root'), ('OLDPWD', '/root/ros2_ws/src'), ('TERM_PROGRAM_VERSION', '1.99.3'), ('VSCODE_IPC_HOOK_CLI', '/tmp/vscode-ipc-db8667da-dddf-4b8b-9bef-966dbeab1878.sock'), ('ROS_PYTHON_VERSION', '3'), ('VSCODE_GIT_ASKPASS_MAIN', '/root/.vscode-server/bin/17baf841131aa23349f217ca7c570c76ee87b957/extensions/git/dist/askpass-main.js'), ('VSCODE_GIT_ASKPASS_NODE', '/root/.vscode-server/bin/17baf841131aa23349f217ca7c570c76ee87b957/node'), ('LC_CTYPE', 'C.UTF-8'), ('COLORTERM', 'truecolor'), ('REMOTE_CONTAINERS', 'true'), ('COLCON_PREFIX_PATH', '/root/ros2_ws/install'), ('ROS_DISTRO', 'humble'), ('REMOTE_CONTAINERS_IPC', '/tmp/vscode-remote-containers-ipc-f285fd1d-9376-4a47-8352-1dbec715791d.sock'), ('_', '/usr/bin/colcon'), ('ROS_VERSION', '2'), ('PKG_CONFIG_PATH', '/root/ros2_ws/install/cartographer/lib/x86_64-linux-gnu/pkgconfig:/root/ros2_ws/install/cartographer/lib/pkgconfig'), ('TERM', 'xterm-256color'), ('ROS_LOCALHOST_ONLY', '0'), ('PATH', '/root/ros2_ws/install/cartographer/bin:/root/.vscode-server/bin/17baf841131aa23349f217ca7c570c76ee87b957/bin/remote-cli:/opt/ros/humble/bin:/usr/local/sbin:/usr/local/bin:/usr/sbin:/usr/bin:/sbin:/bin:/root/.vscode-server/data/User/globalStorage/github.copilot-chat/debugCommand'), ('REMOTE_CONTAINERS_SOCKETS', '["/tmp/vscode-ssh-auth-f285fd1d-9376-4a47-8352-1dbec715791d.sock","/root/.gnupg/S.gpg-agent"]'), ('DISPLAY', 'unix:0'), ('LANG', 'en_US.UTF-8'), ('VSCODE_GIT_IPC_HANDLE', '/tmp/vscode-git-3ce2b43cc6.sock'), ('TERM_PROGRAM', 'vscode'), ('SSH_AUTH_SOCK', '/tmp/vscode-ssh-auth-f285fd1d-9376-4a47-8352-1dbec715791d.sock'), ('AMENT_PREFIX_PATH', '/root/ros2_ws/install/ros2_opencv:/root/ros2_ws/install/Test_FirstPkg:/root/ros2_ws/install/rplidar_ros:/root/ros2_ws/install/cartographer_rviz:/root/ros2_ws/install/cartographer_ros:/root/ros2_ws/install/cartographer_ros_msgs:/opt/ros/humble'), ('SHELL', '/bin/bash'), ('VSCODE_GIT_ASKPASS_EXTRA_ARGS', ''), ('PWD', '/root/ros2_ws/build/cartographer_rviz'), ('PYTHONPATH', '/root/ros2_ws/install/ros2_opencv/lib/python3.10/site-packages:/root/ros2_ws/install/cartographer_ros_msgs/local/lib/python3.10/dist-packages:/opt/ros/humble/lib/python3.10/site-packages:/opt/ros/humble/local/lib/python3.10/dist-packages'), ('COLCON', '1'), ('CMAKE_PREFIX_PATH', '/root/ros2_ws/install/cartographer_ros:/root/ros2_ws/install/cartographer_ros_msgs:/root/ros2_ws/install/cartographer:/root/ros2_ws/install/Test_FirstPkg:/root/ros2_ws/install/rplidar_ros:/root/ros2_ws/install/cartographer_rviz:/root/ros2_ws/install/ros2_opencv:/opt/ros/humble')]), 'shell': False}
[7.839322] (-) TimerEvent: {}
[7.940596] (-) TimerEvent: {}
[7.971303] (cartographer_rviz) StdoutLine: {'line': b'[ 16%] \x1b[34m\x1b[1mAutomatic MOC for target cartographer_rviz\x1b[0m\n'}
[7.985951] (cartographer_rviz) StdoutLine: {'line': b'[ 16%] Built target cartographer_rviz_detect_changes\n'}
[8.041065] (-) TimerEvent: {}
[8.045985] (cartographer_rviz) StdoutLine: {'line': b'[ 16%] Built target cartographer_rviz_autogen\n'}
[8.092785] (cartographer_rviz) StdoutLine: {'line': b'\x1b[35m\x1b[1mConsolidate compiler generated dependencies of target cartographer_rviz\x1b[0m\n'}
[8.141188] (-) TimerEvent: {}
[8.216647] (cartographer_rviz) StdoutLine: {'line': b'[100%] Built target cartographer_rviz\n'}
[8.241836] (-) TimerEvent: {}
[8.244014] (cartographer_rviz) CommandEnded: {'returncode': 0}
[8.245260] (cartographer_rviz) JobProgress: {'identifier': 'cartographer_rviz', 'progress': 'install'}
[8.246775] (cartographer_rviz) Command: {'cmd': ['/usr/bin/cmake', '--install', '/root/ros2_ws/build/cartographer_rviz'], 'cwd': '/root/ros2_ws/build/cartographer_rviz', 'env': OrderedDict([('HOSTNAME', 'warnie'), ('GIT_ASKPASS', '/root/.vscode-server/bin/17baf841131aa23349f217ca7c570c76ee87b957/extensions/git/dist/askpass.sh'), ('SHLVL', '2'), ('LD_LIBRARY_PATH', '/root/ros2_ws/install/cartographer_ros_msgs/lib:/root/ros2_ws/install/cartographer_rviz/lib:/root/ros2_ws/install/cartographer_ros/lib:/opt/ros/humble/opt/rviz_ogre_vendor/lib:/opt/ros/humble/lib/x86_64-linux-gnu:/opt/ros/humble/lib'), ('BROWSER', '/root/.vscode-server/bin/17baf841131aa23349f217ca7c570c76ee87b957/bin/helpers/browser.sh'), ('HOME', '/root'), ('OLDPWD', '/root/ros2_ws/src'), ('TERM_PROGRAM_VERSION', '1.99.3'), ('VSCODE_IPC_HOOK_CLI', '/tmp/vscode-ipc-db8667da-dddf-4b8b-9bef-966dbeab1878.sock'), ('ROS_PYTHON_VERSION', '3'), ('VSCODE_GIT_ASKPASS_MAIN', '/root/.vscode-server/bin/17baf841131aa23349f217ca7c570c76ee87b957/extensions/git/dist/askpass-main.js'), ('VSCODE_GIT_ASKPASS_NODE', '/root/.vscode-server/bin/17baf841131aa23349f217ca7c570c76ee87b957/node'), ('LC_CTYPE', 'C.UTF-8'), ('COLORTERM', 'truecolor'), ('REMOTE_CONTAINERS', 'true'), ('COLCON_PREFIX_PATH', '/root/ros2_ws/install'), ('ROS_DISTRO', 'humble'), ('REMOTE_CONTAINERS_IPC', '/tmp/vscode-remote-containers-ipc-f285fd1d-9376-4a47-8352-1dbec715791d.sock'), ('_', '/usr/bin/colcon'), ('ROS_VERSION', '2'), ('PKG_CONFIG_PATH', '/root/ros2_ws/install/cartographer/lib/x86_64-linux-gnu/pkgconfig:/root/ros2_ws/install/cartographer/lib/pkgconfig'), ('TERM', 'xterm-256color'), ('ROS_LOCALHOST_ONLY', '0'), ('PATH', '/root/ros2_ws/install/cartographer/bin:/root/.vscode-server/bin/17baf841131aa23349f217ca7c570c76ee87b957/bin/remote-cli:/opt/ros/humble/bin:/usr/local/sbin:/usr/local/bin:/usr/sbin:/usr/bin:/sbin:/bin:/root/.vscode-server/data/User/globalStorage/github.copilot-chat/debugCommand'), ('REMOTE_CONTAINERS_SOCKETS', '["/tmp/vscode-ssh-auth-f285fd1d-9376-4a47-8352-1dbec715791d.sock","/root/.gnupg/S.gpg-agent"]'), ('DISPLAY', 'unix:0'), ('LANG', 'en_US.UTF-8'), ('VSCODE_GIT_IPC_HANDLE', '/tmp/vscode-git-3ce2b43cc6.sock'), ('TERM_PROGRAM', 'vscode'), ('SSH_AUTH_SOCK', '/tmp/vscode-ssh-auth-f285fd1d-9376-4a47-8352-1dbec715791d.sock'), ('AMENT_PREFIX_PATH', '/root/ros2_ws/install/ros2_opencv:/root/ros2_ws/install/Test_FirstPkg:/root/ros2_ws/install/rplidar_ros:/root/ros2_ws/install/cartographer_rviz:/root/ros2_ws/install/cartographer_ros:/root/ros2_ws/install/cartographer_ros_msgs:/opt/ros/humble'), ('SHELL', '/bin/bash'), ('VSCODE_GIT_ASKPASS_EXTRA_ARGS', ''), ('PWD', '/root/ros2_ws/build/cartographer_rviz'), ('PYTHONPATH', '/root/ros2_ws/install/ros2_opencv/lib/python3.10/site-packages:/root/ros2_ws/install/cartographer_ros_msgs/local/lib/python3.10/dist-packages:/opt/ros/humble/lib/python3.10/site-packages:/opt/ros/humble/local/lib/python3.10/dist-packages'), ('COLCON', '1'), ('CMAKE_PREFIX_PATH', '/root/ros2_ws/install/cartographer_ros:/root/ros2_ws/install/cartographer_ros_msgs:/root/ros2_ws/install/cartographer:/root/ros2_ws/install/Test_FirstPkg:/root/ros2_ws/install/rplidar_ros:/root/ros2_ws/install/cartographer_rviz:/root/ros2_ws/install/ros2_opencv:/opt/ros/humble')]), 'shell': False}
[8.271396] (cartographer_rviz) StdoutLine: {'line': b'-- Install configuration: "Release"\n'}
[8.272147] (cartographer_rviz) StdoutLine: {'line': b'-- Up-to-date: /root/ros2_ws/install/cartographer_rviz/share/cartographer_rviz/rviz_plugin_description.xml\n'}
[8.272612] (cartographer_rviz) StdoutLine: {'line': b'-- Up-to-date: /root/ros2_ws/install/cartographer_rviz/lib/libcartographer_rviz.so\n'}
[8.273443] (cartographer_rviz) StdoutLine: {'line': b'-- Up-to-date: /root/ros2_ws/install/cartographer_rviz/include/\n'}
[8.276861] (cartographer_rviz) StdoutLine: {'line': b'-- Up-to-date: /root/ros2_ws/install/cartographer_rviz/include//cartographer_rviz\n'}
[8.277218] (cartographer_rviz) StdoutLine: {'line': b'-- Up-to-date: /root/ros2_ws/install/cartographer_rviz/include//cartographer_rviz/ogre_slice.h\n'}
[8.277478] (cartographer_rviz) StdoutLine: {'line': b'-- Up-to-date: /root/ros2_ws/install/cartographer_rviz/include//cartographer_rviz/submaps_display.h\n'}
[8.277711] (cartographer_rviz) StdoutLine: {'line': b'-- Up-to-date: /root/ros2_ws/install/cartographer_rviz/include//cartographer_rviz/drawable_submap.h\n'}
[8.277981] (cartographer_rviz) StdoutLine: {'line': b'-- Up-to-date: /root/ros2_ws/install/cartographer_rviz/share/cartographer_rviz/environment/library_path.sh\n'}
[8.278230] (cartographer_rviz) StdoutLine: {'line': b'-- Up-to-date: /root/ros2_ws/install/cartographer_rviz/share/cartographer_rviz/environment/library_path.dsv\n'}
[8.278463] (cartographer_rviz) StdoutLine: {'line': b'-- Up-to-date: /root/ros2_ws/install/cartographer_rviz/share/ament_index/resource_index/package_run_dependencies/cartographer_rviz\n'}
[8.278701] (cartographer_rviz) StdoutLine: {'line': b'-- Up-to-date: /root/ros2_ws/install/cartographer_rviz/share/ament_index/resource_index/parent_prefix_path/cartographer_rviz\n'}
[8.278965] (cartographer_rviz) StdoutLine: {'line': b'-- Up-to-date: /root/ros2_ws/install/cartographer_rviz/share/cartographer_rviz/environment/ament_prefix_path.sh\n'}
[8.279216] (cartographer_rviz) StdoutLine: {'line': b'-- Up-to-date: /root/ros2_ws/install/cartographer_rviz/share/cartographer_rviz/environment/ament_prefix_path.dsv\n'}
[8.279454] (cartographer_rviz) StdoutLine: {'line': b'-- Up-to-date: /root/ros2_ws/install/cartographer_rviz/share/cartographer_rviz/environment/path.sh\n'}
[8.279679] (cartographer_rviz) StdoutLine: {'line': b'-- Up-to-date: /root/ros2_ws/install/cartographer_rviz/share/cartographer_rviz/environment/path.dsv\n'}
[8.280195] (cartographer_rviz) StdoutLine: {'line': b'-- Up-to-date: /root/ros2_ws/install/cartographer_rviz/share/cartographer_rviz/local_setup.bash\n'}
[8.280423] (cartographer_rviz) StdoutLine: {'line': b'-- Up-to-date: /root/ros2_ws/install/cartographer_rviz/share/cartographer_rviz/local_setup.sh\n'}
[8.280630] (cartographer_rviz) StdoutLine: {'line': b'-- Up-to-date: /root/ros2_ws/install/cartographer_rviz/share/cartographer_rviz/local_setup.zsh\n'}
[8.280844] (cartographer_rviz) StdoutLine: {'line': b'-- Up-to-date: /root/ros2_ws/install/cartographer_rviz/share/cartographer_rviz/local_setup.dsv\n'}
[8.281103] (cartographer_rviz) StdoutLine: {'line': b'-- Installing: /root/ros2_ws/install/cartographer_rviz/share/cartographer_rviz/package.dsv\n'}
[8.281348] (cartographer_rviz) StdoutLine: {'line': b'-- Up-to-date: /root/ros2_ws/install/cartographer_rviz/share/ament_index/resource_index/packages/cartographer_rviz\n'}
[8.281594] (cartographer_rviz) StdoutLine: {'line': b'-- Up-to-date: /root/ros2_ws/install/cartographer_rviz/share/ament_index/resource_index/rviz_common__pluginlib__plugin/cartographer_rviz\n'}
[8.281962] (cartographer_rviz) StdoutLine: {'line': b'-- Up-to-date: /root/ros2_ws/install/cartographer_rviz/share/cartographer_rviz/ogre_media/materials/glsl120\n'}
[8.282410] (cartographer_rviz) StdoutLine: {'line': b'-- Up-to-date: /root/ros2_ws/install/cartographer_rviz/share/cartographer_rviz/ogre_media/materials/glsl120/submap.vert\n'}
[8.282882] (cartographer_rviz) StdoutLine: {'line': b'-- Up-to-date: /root/ros2_ws/install/cartographer_rviz/share/cartographer_rviz/ogre_media/materials/glsl120/glsl120.program\n'}
[8.283456] (cartographer_rviz) StdoutLine: {'line': b'-- Up-to-date: /root/ros2_ws/install/cartographer_rviz/share/cartographer_rviz/ogre_media/materials/glsl120/submap.frag\n'}
[8.283999] (cartographer_rviz) StdoutLine: {'line': b'-- Up-to-date: /root/ros2_ws/install/cartographer_rviz/share/cartographer_rviz/ogre_media/materials/scripts\n'}
[8.284856] (cartographer_rviz) StdoutLine: {'line': b'-- Up-to-date: /root/ros2_ws/install/cartographer_rviz/share/cartographer_rviz/ogre_media/materials/scripts/submap.material\n'}
[8.286781] (cartographer_rviz) StdoutLine: {'line': b'-- Up-to-date: /root/ros2_ws/install/cartographer_rviz/share/ament_index/resource_index/rviz_ogre_media_exports/cartographer_rviz\n'}
[8.287111] (cartographer_rviz) StdoutLine: {'line': b'-- Up-to-date: /root/ros2_ws/install/cartographer_rviz/share/cartographer_rviz/cmake/cartographer_rvizExport.cmake\n'}
[8.287321] (cartographer_rviz) StdoutLine: {'line': b'-- Up-to-date: /root/ros2_ws/install/cartographer_rviz/share/cartographer_rviz/cmake/cartographer_rvizExport-release.cmake\n'}
[8.287517] (cartographer_rviz) StdoutLine: {'line': b'-- Up-to-date: /root/ros2_ws/install/cartographer_rviz/share/cartographer_rviz/cmake/ament_cmake_export_include_directories-extras.cmake\n'}
[8.287695] (cartographer_rviz) StdoutLine: {'line': b'-- Up-to-date: /root/ros2_ws/install/cartographer_rviz/share/cartographer_rviz/cmake/ament_cmake_export_targets-extras.cmake\n'}
[8.287885] (cartographer_rviz) StdoutLine: {'line': b'-- Up-to-date: /root/ros2_ws/install/cartographer_rviz/share/cartographer_rviz/cmake/ament_cmake_export_dependencies-extras.cmake\n'}
[8.288166] (cartographer_rviz) StdoutLine: {'line': b'-- Up-to-date: /root/ros2_ws/install/cartographer_rviz/share/cartographer_rviz/cmake/cartographer_rvizConfig.cmake\n'}
[8.288658] (cartographer_rviz) StdoutLine: {'line': b'-- Up-to-date: /root/ros2_ws/install/cartographer_rviz/share/cartographer_rviz/cmake/cartographer_rvizConfig-version.cmake\n'}
[8.289046] (cartographer_rviz) StdoutLine: {'line': b'-- Up-to-date: /root/ros2_ws/install/cartographer_rviz/share/cartographer_rviz/package.xml\n'}
[8.289300] (cartographer_rviz) CommandEnded: {'returncode': 0}
[8.323207] (cartographer_rviz) JobEnded: {'identifier': 'cartographer_rviz', 'rc': 0}
[8.341898] (-) TimerEvent: {}
[8.442262] (-) TimerEvent: {}
[8.542665] (-) TimerEvent: {}
[8.643198] (-) TimerEvent: {}
[8.743583] (-) TimerEvent: {}
[8.844015] (-) TimerEvent: {}
[8.944398] (-) TimerEvent: {}
[9.044768] (-) TimerEvent: {}
[9.145163] (-) TimerEvent: {}
[9.245549] (-) TimerEvent: {}
[9.346018] (-) TimerEvent: {}
[9.446485] (-) TimerEvent: {}
[9.546905] (-) TimerEvent: {}
[9.647379] (-) TimerEvent: {}
[9.747784] (-) TimerEvent: {}
[9.848216] (-) TimerEvent: {}
[9.948618] (-) TimerEvent: {}
[10.049003] (-) TimerEvent: {}
[10.149366] (-) TimerEvent: {}
[10.249735] (-) TimerEvent: {}
[10.350174] (-) TimerEvent: {}
[10.450576] (-) TimerEvent: {}
[10.551036] (-) TimerEvent: {}
[10.651424] (-) TimerEvent: {}
[10.751790] (-) TimerEvent: {}
[10.852169] (-) TimerEvent: {}
[10.952553] (-) TimerEvent: {}
[11.052894] (-) TimerEvent: {}
[11.153262] (-) TimerEvent: {}
[11.253656] (-) TimerEvent: {}
[11.354054] (-) TimerEvent: {}
[11.454452] (-) TimerEvent: {}
[11.555364] (-) TimerEvent: {}
[11.656167] (-) TimerEvent: {}
[11.756792] (-) TimerEvent: {}
[11.857357] (-) TimerEvent: {}
[11.957938] (-) TimerEvent: {}
[12.058464] (-) TimerEvent: {}
[12.159108] (-) TimerEvent: {}
[12.259662] (-) TimerEvent: {}
[12.360347] (-) TimerEvent: {}
[12.460860] (-) TimerEvent: {}
[12.561211] (-) TimerEvent: {}
[12.661593] (-) TimerEvent: {}
[12.761994] (-) TimerEvent: {}
[12.862420] (-) TimerEvent: {}
[12.962853] (-) TimerEvent: {}
[13.063269] (-) TimerEvent: {}
[13.164192] (-) TimerEvent: {}
[13.265234] (-) TimerEvent: {}
[13.365747] (-) TimerEvent: {}
[13.466246] (-) TimerEvent: {}
[13.566686] (-) TimerEvent: {}
[13.667129] (-) TimerEvent: {}
[13.767500] (-) TimerEvent: {}
[13.867884] (-) TimerEvent: {}
[13.968248] (-) TimerEvent: {}
[14.068629] (-) TimerEvent: {}
[14.169164] (-) TimerEvent: {}
[14.269581] (-) TimerEvent: {}
[14.370005] (-) TimerEvent: {}
[14.470442] (-) TimerEvent: {}
[14.570910] (-) TimerEvent: {}
[14.671312] (-) TimerEvent: {}
[14.771691] (-) TimerEvent: {}
[14.872088] (-) TimerEvent: {}
[14.972474] (-) TimerEvent: {}
[15.072878] (-) TimerEvent: {}
[15.173259] (-) TimerEvent: {}
[15.273649] (-) TimerEvent: {}
[15.374093] (-) TimerEvent: {}
[15.474458] (-) TimerEvent: {}
[15.574872] (-) TimerEvent: {}
[15.675241] (-) TimerEvent: {}
[15.775695] (-) TimerEvent: {}
[15.876117] (-) TimerEvent: {}
[15.976500] (-) TimerEvent: {}
[16.076878] (-) TimerEvent: {}
[16.177247] (-) TimerEvent: {}
[16.277645] (-) TimerEvent: {}
[16.378177] (-) TimerEvent: {}
[16.479178] (-) TimerEvent: {}
[16.579601] (-) TimerEvent: {}
[16.679988] (-) TimerEvent: {}
[16.780348] (-) TimerEvent: {}
[16.880708] (-) TimerEvent: {}
[16.981106] (-) TimerEvent: {}
[17.081463] (-) TimerEvent: {}
[17.181848] (-) TimerEvent: {}
[17.282238] (-) TimerEvent: {}
[17.382644] (-) TimerEvent: {}
[17.483036] (-) TimerEvent: {}
[17.583401] (-) TimerEvent: {}
[17.637940] (robocar_test_cpp) StdoutLine: {'line': b'[100%] \x1b[32m\x1b[1mLinking CXX executable talker\x1b[0m\n'}
[17.683581] (-) TimerEvent: {}
[17.783960] (-) TimerEvent: {}
[17.884391] (-) TimerEvent: {}
[17.985309] (-) TimerEvent: {}
[18.086036] (-) TimerEvent: {}
[18.098906] (robocar_test_cpp) StdoutLine: {'line': b'[100%] Built target talker\n'}
[18.128205] (robocar_test_cpp) CommandEnded: {'returncode': 0}
[18.129554] (robocar_test_cpp) JobProgress: {'identifier': 'robocar_test_cpp', 'progress': 'install'}
[18.131052] (robocar_test_cpp) Command: {'cmd': ['/usr/bin/cmake', '--install', '/root/ros2_ws/build/robocar_test_cpp'], 'cwd': '/root/ros2_ws/build/robocar_test_cpp', 'env': OrderedDict([('HOSTNAME', 'warnie'), ('GIT_ASKPASS', '/root/.vscode-server/bin/17baf841131aa23349f217ca7c570c76ee87b957/extensions/git/dist/askpass.sh'), ('SHLVL', '2'), ('LD_LIBRARY_PATH', '/root/ros2_ws/install/cartographer_rviz/lib:/root/ros2_ws/install/cartographer_ros/lib:/root/ros2_ws/install/cartographer_ros_msgs/lib:/opt/ros/humble/opt/rviz_ogre_vendor/lib:/opt/ros/humble/lib/x86_64-linux-gnu:/opt/ros/humble/lib'), ('BROWSER', '/root/.vscode-server/bin/17baf841131aa23349f217ca7c570c76ee87b957/bin/helpers/browser.sh'), ('HOME', '/root'), ('OLDPWD', '/root/ros2_ws/src'), ('TERM_PROGRAM_VERSION', '1.99.3'), ('VSCODE_IPC_HOOK_CLI', '/tmp/vscode-ipc-db8667da-dddf-4b8b-9bef-966dbeab1878.sock'), ('ROS_PYTHON_VERSION', '3'), ('VSCODE_GIT_ASKPASS_MAIN', '/root/.vscode-server/bin/17baf841131aa23349f217ca7c570c76ee87b957/extensions/git/dist/askpass-main.js'), ('VSCODE_GIT_ASKPASS_NODE', '/root/.vscode-server/bin/17baf841131aa23349f217ca7c570c76ee87b957/node'), ('LC_CTYPE', 'C.UTF-8'), ('COLORTERM', 'truecolor'), ('REMOTE_CONTAINERS', 'true'), ('COLCON_PREFIX_PATH', '/root/ros2_ws/install'), ('ROS_DISTRO', 'humble'), ('REMOTE_CONTAINERS_IPC', '/tmp/vscode-remote-containers-ipc-f285fd1d-9376-4a47-8352-1dbec715791d.sock'), ('_', '/usr/bin/colcon'), ('ROS_VERSION', '2'), ('PKG_CONFIG_PATH', '/root/ros2_ws/install/cartographer/lib/x86_64-linux-gnu/pkgconfig:/root/ros2_ws/install/cartographer/lib/pkgconfig'), ('TERM', 'xterm-256color'), ('ROS_LOCALHOST_ONLY', '0'), ('PATH', '/root/ros2_ws/install/cartographer/bin:/root/.vscode-server/bin/17baf841131aa23349f217ca7c570c76ee87b957/bin/remote-cli:/opt/ros/humble/bin:/usr/local/sbin:/usr/local/bin:/usr/sbin:/usr/bin:/sbin:/bin:/root/.vscode-server/data/User/globalStorage/github.copilot-chat/debugCommand'), ('REMOTE_CONTAINERS_SOCKETS', '["/tmp/vscode-ssh-auth-f285fd1d-9376-4a47-8352-1dbec715791d.sock","/root/.gnupg/S.gpg-agent"]'), ('DISPLAY', 'unix:0'), ('LANG', 'en_US.UTF-8'), ('VSCODE_GIT_IPC_HANDLE', '/tmp/vscode-git-3ce2b43cc6.sock'), ('TERM_PROGRAM', 'vscode'), ('SSH_AUTH_SOCK', '/tmp/vscode-ssh-auth-f285fd1d-9376-4a47-8352-1dbec715791d.sock'), ('AMENT_PREFIX_PATH', '/root/ros2_ws/install/ros2_opencv:/root/ros2_ws/install/Test_FirstPkg:/root/ros2_ws/install/rplidar_ros:/root/ros2_ws/install/cartographer_rviz:/root/ros2_ws/install/cartographer_ros:/root/ros2_ws/install/cartographer_ros_msgs:/opt/ros/humble'), ('SHELL', '/bin/bash'), ('VSCODE_GIT_ASKPASS_EXTRA_ARGS', ''), ('PWD', '/root/ros2_ws/build/robocar_test_cpp'), ('PYTHONPATH', '/root/ros2_ws/install/ros2_opencv/lib/python3.10/site-packages:/root/ros2_ws/install/cartographer_ros_msgs/local/lib/python3.10/dist-packages:/opt/ros/humble/lib/python3.10/site-packages:/opt/ros/humble/local/lib/python3.10/dist-packages'), ('COLCON', '1'), ('CMAKE_PREFIX_PATH', '/root/ros2_ws/install/Test_FirstPkg:/root/ros2_ws/install/rplidar_ros:/root/ros2_ws/install/cartographer_rviz:/root/ros2_ws/install/cartographer_ros:/root/ros2_ws/install/cartographer_ros_msgs:/root/ros2_ws/install/cartographer:/root/ros2_ws/install/ros2_opencv:/opt/ros/humble')]), 'shell': False}
[18.157188] (robocar_test_cpp) StdoutLine: {'line': b'-- Install configuration: ""\n'}
[18.158151] (robocar_test_cpp) StdoutLine: {'line': b'-- Installing: /root/ros2_ws/install/robocar_test_cpp/lib/robocar_test_cpp/talker\n'}
[18.161879] (robocar_test_cpp) StdoutLine: {'line': b'-- Set runtime path of "/root/ros2_ws/install/robocar_test_cpp/lib/robocar_test_cpp/talker" to ""\n'}
[18.162264] (robocar_test_cpp) StdoutLine: {'line': b'-- Installing: /root/ros2_ws/install/robocar_test_cpp/share/ament_index/resource_index/package_run_dependencies/robocar_test_cpp\n'}
[18.162837] (robocar_test_cpp) StdoutLine: {'line': b'-- Installing: /root/ros2_ws/install/robocar_test_cpp/share/ament_index/resource_index/parent_prefix_path/robocar_test_cpp\n'}
[18.163708] (robocar_test_cpp) StdoutLine: {'line': b'-- Up-to-date: /root/ros2_ws/install/robocar_test_cpp/share/robocar_test_cpp/environment/ament_prefix_path.sh\n'}
[18.164997] (robocar_test_cpp) StdoutLine: {'line': b'-- Installing: /root/ros2_ws/install/robocar_test_cpp/share/robocar_test_cpp/environment/ament_prefix_path.dsv\n'}
[18.165930] (robocar_test_cpp) StdoutLine: {'line': b'-- Up-to-date: /root/ros2_ws/install/robocar_test_cpp/share/robocar_test_cpp/environment/path.sh\n'}
[18.166331] (robocar_test_cpp) StdoutLine: {'line': b'-- Installing: /root/ros2_ws/install/robocar_test_cpp/share/robocar_test_cpp/environment/path.dsv\n'}
[18.166670] (robocar_test_cpp) StdoutLine: {'line': b'-- Up-to-date: /root/ros2_ws/install/robocar_test_cpp/share/robocar_test_cpp/local_setup.bash\n'}
[18.167015] (robocar_test_cpp) StdoutLine: {'line': b'-- Up-to-date: /root/ros2_ws/install/robocar_test_cpp/share/robocar_test_cpp/local_setup.sh\n'}
[18.167315] (robocar_test_cpp) StdoutLine: {'line': b'-- Up-to-date: /root/ros2_ws/install/robocar_test_cpp/share/robocar_test_cpp/local_setup.zsh\n'}
[18.167723] (robocar_test_cpp) StdoutLine: {'line': b'-- Installing: /root/ros2_ws/install/robocar_test_cpp/share/robocar_test_cpp/local_setup.dsv\n'}
[18.167958] (robocar_test_cpp) StdoutLine: {'line': b'-- Installing: /root/ros2_ws/install/robocar_test_cpp/share/robocar_test_cpp/package.dsv\n'}
[18.168435] (robocar_test_cpp) StdoutLine: {'line': b'-- Up-to-date: /root/ros2_ws/install/robocar_test_cpp/share/ament_index/resource_index/packages/robocar_test_cpp\n'}
[18.168872] (robocar_test_cpp) StdoutLine: {'line': b'-- Up-to-date: /root/ros2_ws/install/robocar_test_cpp/share/robocar_test_cpp/cmake/robocar_test_cppConfig.cmake\n'}
[18.169211] (robocar_test_cpp) StdoutLine: {'line': b'-- Up-to-date: /root/ros2_ws/install/robocar_test_cpp/share/robocar_test_cpp/cmake/robocar_test_cppConfig-version.cmake\n'}
[18.169411] (robocar_test_cpp) StdoutLine: {'line': b'-- Installing: /root/ros2_ws/install/robocar_test_cpp/share/robocar_test_cpp/package.xml\n'}
[18.174767] (robocar_test_cpp) CommandEnded: {'returncode': 0}
[18.186216] (-) TimerEvent: {}
[18.219083] (robocar_test_cpp) JobEnded: {'identifier': 'robocar_test_cpp', 'rc': 0}
[18.220959] (-) EventReactorShutdown: {}
