[0.000000] (-) TimerEvent: {}
[0.004808] (car_launch) JobQueued: {'identifier': 'car_launch', 'dependencies': OrderedDict()}
[0.005007] (cartographer) JobQueued: {'identifier': 'cartographer', 'dependencies': OrderedDict()}
[0.005085] (cartographer_ros_msgs) JobQueued: {'identifier': 'cartographer_ros_msgs', 'dependencies': OrderedDict()}
[0.005164] (robocar_test_cpp) JobQueued: {'identifier': 'robocar_test_cpp', 'dependencies': OrderedDict()}
[0.005254] (ros2_opencv) JobQueued: {'identifier': 'ros2_opencv', 'dependencies': OrderedDict()}
[0.005315] (rplidar_ros) JobQueued: {'identifier': 'rplidar_ros', 'dependencies': OrderedDict()}
[0.005373] (cartographer_ros) JobQueued: {'identifier': 'cartographer_ros', 'dependencies': OrderedDict([('cartographer', '/root/ros2_ws/install/cartographer'), ('cartographer_ros_msgs', '/root/ros2_ws/install/cartographer_ros_msgs')])}
[0.005459] (cartographer_rviz) JobQueued: {'identifier': 'cartographer_rviz', 'dependencies': OrderedDict([('cartographer', '/root/ros2_ws/install/cartographer'), ('cartographer_ros_msgs', '/root/ros2_ws/install/cartographer_ros_msgs'), ('cartographer_ros', '/root/ros2_ws/install/cartographer_ros')])}
[0.005533] (cartographer) JobStarted: {'identifier': 'cartographer'}
[0.031030] (cartographer_ros_msgs) JobStarted: {'identifier': 'cartographer_ros_msgs'}
[0.046177] (car_launch) JobStarted: {'identifier': 'car_launch'}
[0.060849] (robocar_test_cpp) JobStarted: {'identifier': 'robocar_test_cpp'}
[0.076352] (ros2_opencv) JobStarted: {'identifier': 'ros2_opencv'}
[0.100010] (-) TimerEvent: {}
[0.110538] (rplidar_ros) JobStarted: {'identifier': 'rplidar_ros'}
[0.134642] (cartographer) JobProgress: {'identifier': 'cartographer', 'progress': 'cmake'}
[0.137334] (cartographer) JobProgress: {'identifier': 'cartographer', 'progress': 'build'}
[0.139986] (cartographer) Command: {'cmd': ['/usr/bin/cmake', '--build', '/root/ros2_ws/build/cartographer', '--', '-j8', '-l8'], 'cwd': '/root/ros2_ws/build/cartographer', 'env': OrderedDict([('HOSTNAME', 'warnie'), ('GIT_ASKPASS', '/root/.vscode-server/bin/17baf841131aa23349f217ca7c570c76ee87b957/extensions/git/dist/askpass.sh'), ('SHLVL', '2'), ('LD_LIBRARY_PATH', '/root/ros2_ws/install/cartographer_rviz/lib:/root/ros2_ws/install/cartographer_ros/lib:/root/ros2_ws/install/cartographer_ros_msgs/lib:/opt/ros/humble/opt/rviz_ogre_vendor/lib:/opt/ros/humble/lib/x86_64-linux-gnu:/opt/ros/humble/lib'), ('BROWSER', '/root/.vscode-server/bin/17baf841131aa23349f217ca7c570c76ee87b957/bin/helpers/browser.sh'), ('HOME', '/root'), ('OLDPWD', '/root/ros2_ws/src'), ('TERM_PROGRAM_VERSION', '1.99.3'), ('VSCODE_IPC_HOOK_CLI', '/tmp/vscode-ipc-68549143-8077-4743-9875-84966345cd0e.sock'), ('ROS_PYTHON_VERSION', '3'), ('VSCODE_GIT_ASKPASS_MAIN', '/root/.vscode-server/bin/17baf841131aa23349f217ca7c570c76ee87b957/extensions/git/dist/askpass-main.js'), ('VSCODE_GIT_ASKPASS_NODE', '/root/.vscode-server/bin/17baf841131aa23349f217ca7c570c76ee87b957/node'), ('LC_CTYPE', 'C.UTF-8'), ('COLORTERM', 'truecolor'), ('REMOTE_CONTAINERS', 'true'), ('COLCON_PREFIX_PATH', '/root/ros2_ws/install'), ('ROS_DISTRO', 'humble'), ('REMOTE_CONTAINERS_IPC', '/tmp/vscode-remote-containers-ipc-f285fd1d-9376-4a47-8352-1dbec715791d.sock'), ('_', '/usr/bin/colcon'), ('ROS_VERSION', '2'), ('PKG_CONFIG_PATH', '/root/ros2_ws/install/cartographer/lib/x86_64-linux-gnu/pkgconfig:/root/ros2_ws/install/cartographer/lib/pkgconfig'), ('TERM', 'xterm-256color'), ('ROS_LOCALHOST_ONLY', '0'), ('PATH', '/root/ros2_ws/install/cartographer/bin:/root/.vscode-server/bin/17baf841131aa23349f217ca7c570c76ee87b957/bin/remote-cli:/opt/ros/humble/bin:/usr/local/sbin:/usr/local/bin:/usr/sbin:/usr/bin:/sbin:/bin:/root/.vscode-server/data/User/globalStorage/github.copilot-chat/debugCommand'), ('REMOTE_CONTAINERS_SOCKETS', '["/tmp/vscode-ssh-auth-f285fd1d-9376-4a47-8352-1dbec715791d.sock","/root/.gnupg/S.gpg-agent"]'), ('DISPLAY', 'unix:0'), ('LANG', 'en_US.UTF-8'), ('VSCODE_GIT_IPC_HANDLE', '/tmp/vscode-git-3ce2b43cc6.sock'), ('TERM_PROGRAM', 'vscode'), ('SSH_AUTH_SOCK', '/tmp/vscode-ssh-auth-f285fd1d-9376-4a47-8352-1dbec715791d.sock'), ('AMENT_PREFIX_PATH', '/root/ros2_ws/install/car_launch:/root/ros2_ws/install/robocar_test_cpp:/root/ros2_ws/install/rplidar_ros:/root/ros2_ws/install/ros2_opencv:/root/ros2_ws/install/cartographer_rviz:/root/ros2_ws/install/cartographer_ros:/root/ros2_ws/install/cartographer_ros_msgs:/root/ros2_ws/install/Test_FirstPkg:/opt/ros/humble'), ('SHELL', '/bin/bash'), ('VSCODE_GIT_ASKPASS_EXTRA_ARGS', ''), ('PWD', '/root/ros2_ws/build/cartographer'), ('PYTHONPATH', '/root/ros2_ws/install/ros2_opencv/lib/python3.10/site-packages:/root/ros2_ws/install/cartographer_ros_msgs/local/lib/python3.10/dist-packages:/opt/ros/humble/lib/python3.10/site-packages:/opt/ros/humble/local/lib/python3.10/dist-packages'), ('COLCON', '1'), ('CMAKE_PREFIX_PATH', '/root/ros2_ws/install/car_launch:/root/ros2_ws/install/robocar_test_cpp:/root/ros2_ws/install/rplidar_ros:/root/ros2_ws/install/cartographer_rviz:/root/ros2_ws/install/cartographer_ros:/root/ros2_ws/install/cartographer_ros_msgs:/root/ros2_ws/install/cartographer:/root/ros2_ws/install/Test_FirstPkg:/root/ros2_ws/install/ros2_opencv:/opt/ros/humble')]), 'shell': False}
[0.147184] (cartographer_ros_msgs) JobProgress: {'identifier': 'cartographer_ros_msgs', 'progress': 'cmake'}
[0.149084] (cartographer_ros_msgs) JobProgress: {'identifier': 'cartographer_ros_msgs', 'progress': 'build'}
[0.150829] (cartographer_ros_msgs) Command: {'cmd': ['/usr/bin/cmake', '--build', '/root/ros2_ws/build/cartographer_ros_msgs', '--', '-j8', '-l8'], 'cwd': '/root/ros2_ws/build/cartographer_ros_msgs', 'env': OrderedDict([('HOSTNAME', 'warnie'), ('GIT_ASKPASS', '/root/.vscode-server/bin/17baf841131aa23349f217ca7c570c76ee87b957/extensions/git/dist/askpass.sh'), ('SHLVL', '2'), ('LD_LIBRARY_PATH', '/root/ros2_ws/install/cartographer_rviz/lib:/root/ros2_ws/install/cartographer_ros/lib:/root/ros2_ws/install/cartographer_ros_msgs/lib:/opt/ros/humble/opt/rviz_ogre_vendor/lib:/opt/ros/humble/lib/x86_64-linux-gnu:/opt/ros/humble/lib'), ('BROWSER', '/root/.vscode-server/bin/17baf841131aa23349f217ca7c570c76ee87b957/bin/helpers/browser.sh'), ('HOME', '/root'), ('OLDPWD', '/root/ros2_ws/src'), ('TERM_PROGRAM_VERSION', '1.99.3'), ('VSCODE_IPC_HOOK_CLI', '/tmp/vscode-ipc-68549143-8077-4743-9875-84966345cd0e.sock'), ('ROS_PYTHON_VERSION', '3'), ('VSCODE_GIT_ASKPASS_MAIN', '/root/.vscode-server/bin/17baf841131aa23349f217ca7c570c76ee87b957/extensions/git/dist/askpass-main.js'), ('VSCODE_GIT_ASKPASS_NODE', '/root/.vscode-server/bin/17baf841131aa23349f217ca7c570c76ee87b957/node'), ('LC_CTYPE', 'C.UTF-8'), ('COLORTERM', 'truecolor'), ('REMOTE_CONTAINERS', 'true'), ('COLCON_PREFIX_PATH', '/root/ros2_ws/install'), ('ROS_DISTRO', 'humble'), ('REMOTE_CONTAINERS_IPC', '/tmp/vscode-remote-containers-ipc-f285fd1d-9376-4a47-8352-1dbec715791d.sock'), ('_', '/usr/bin/colcon'), ('ROS_VERSION', '2'), ('PKG_CONFIG_PATH', '/root/ros2_ws/install/cartographer/lib/x86_64-linux-gnu/pkgconfig:/root/ros2_ws/install/cartographer/lib/pkgconfig'), ('TERM', 'xterm-256color'), ('ROS_LOCALHOST_ONLY', '0'), ('PATH', '/root/ros2_ws/install/cartographer/bin:/root/.vscode-server/bin/17baf841131aa23349f217ca7c570c76ee87b957/bin/remote-cli:/opt/ros/humble/bin:/usr/local/sbin:/usr/local/bin:/usr/sbin:/usr/bin:/sbin:/bin:/root/.vscode-server/data/User/globalStorage/github.copilot-chat/debugCommand'), ('REMOTE_CONTAINERS_SOCKETS', '["/tmp/vscode-ssh-auth-f285fd1d-9376-4a47-8352-1dbec715791d.sock","/root/.gnupg/S.gpg-agent"]'), ('DISPLAY', 'unix:0'), ('LANG', 'en_US.UTF-8'), ('VSCODE_GIT_IPC_HANDLE', '/tmp/vscode-git-3ce2b43cc6.sock'), ('TERM_PROGRAM', 'vscode'), ('SSH_AUTH_SOCK', '/tmp/vscode-ssh-auth-f285fd1d-9376-4a47-8352-1dbec715791d.sock'), ('AMENT_PREFIX_PATH', '/root/ros2_ws/install/car_launch:/root/ros2_ws/install/robocar_test_cpp:/root/ros2_ws/install/rplidar_ros:/root/ros2_ws/install/ros2_opencv:/root/ros2_ws/install/cartographer_rviz:/root/ros2_ws/install/cartographer_ros:/root/ros2_ws/install/cartographer_ros_msgs:/root/ros2_ws/install/Test_FirstPkg:/opt/ros/humble'), ('SHELL', '/bin/bash'), ('VSCODE_GIT_ASKPASS_EXTRA_ARGS', ''), ('PWD', '/root/ros2_ws/build/cartographer_ros_msgs'), ('PYTHONPATH', '/root/ros2_ws/install/ros2_opencv/lib/python3.10/site-packages:/root/ros2_ws/install/cartographer_ros_msgs/local/lib/python3.10/dist-packages:/opt/ros/humble/lib/python3.10/site-packages:/opt/ros/humble/local/lib/python3.10/dist-packages'), ('COLCON', '1'), ('CMAKE_PREFIX_PATH', '/root/ros2_ws/install/car_launch:/root/ros2_ws/install/robocar_test_cpp:/root/ros2_ws/install/rplidar_ros:/root/ros2_ws/install/cartographer_rviz:/root/ros2_ws/install/cartographer_ros:/root/ros2_ws/install/cartographer_ros_msgs:/root/ros2_ws/install/cartographer:/root/ros2_ws/install/Test_FirstPkg:/root/ros2_ws/install/ros2_opencv:/opt/ros/humble')]), 'shell': False}
[0.156564] (car_launch) JobProgress: {'identifier': 'car_launch', 'progress': 'cmake'}
[0.157385] (car_launch) JobProgress: {'identifier': 'car_launch', 'progress': 'build'}
[0.158533] (car_launch) Command: {'cmd': ['/usr/bin/cmake', '--build', '/root/ros2_ws/build/car_launch', '--', '-j8', '-l8'], 'cwd': '/root/ros2_ws/build/car_launch', 'env': OrderedDict([('HOSTNAME', 'warnie'), ('GIT_ASKPASS', '/root/.vscode-server/bin/17baf841131aa23349f217ca7c570c76ee87b957/extensions/git/dist/askpass.sh'), ('SHLVL', '2'), ('LD_LIBRARY_PATH', '/root/ros2_ws/install/cartographer_rviz/lib:/root/ros2_ws/install/cartographer_ros/lib:/root/ros2_ws/install/cartographer_ros_msgs/lib:/opt/ros/humble/opt/rviz_ogre_vendor/lib:/opt/ros/humble/lib/x86_64-linux-gnu:/opt/ros/humble/lib'), ('BROWSER', '/root/.vscode-server/bin/17baf841131aa23349f217ca7c570c76ee87b957/bin/helpers/browser.sh'), ('HOME', '/root'), ('OLDPWD', '/root/ros2_ws/src'), ('TERM_PROGRAM_VERSION', '1.99.3'), ('VSCODE_IPC_HOOK_CLI', '/tmp/vscode-ipc-68549143-8077-4743-9875-84966345cd0e.sock'), ('ROS_PYTHON_VERSION', '3'), ('VSCODE_GIT_ASKPASS_MAIN', '/root/.vscode-server/bin/17baf841131aa23349f217ca7c570c76ee87b957/extensions/git/dist/askpass-main.js'), ('VSCODE_GIT_ASKPASS_NODE', '/root/.vscode-server/bin/17baf841131aa23349f217ca7c570c76ee87b957/node'), ('LC_CTYPE', 'C.UTF-8'), ('COLORTERM', 'truecolor'), ('REMOTE_CONTAINERS', 'true'), ('COLCON_PREFIX_PATH', '/root/ros2_ws/install'), ('ROS_DISTRO', 'humble'), ('REMOTE_CONTAINERS_IPC', '/tmp/vscode-remote-containers-ipc-f285fd1d-9376-4a47-8352-1dbec715791d.sock'), ('_', '/usr/bin/colcon'), ('ROS_VERSION', '2'), ('PKG_CONFIG_PATH', '/root/ros2_ws/install/cartographer/lib/x86_64-linux-gnu/pkgconfig:/root/ros2_ws/install/cartographer/lib/pkgconfig'), ('TERM', 'xterm-256color'), ('ROS_LOCALHOST_ONLY', '0'), ('PATH', '/root/ros2_ws/install/cartographer/bin:/root/.vscode-server/bin/17baf841131aa23349f217ca7c570c76ee87b957/bin/remote-cli:/opt/ros/humble/bin:/usr/local/sbin:/usr/local/bin:/usr/sbin:/usr/bin:/sbin:/bin:/root/.vscode-server/data/User/globalStorage/github.copilot-chat/debugCommand'), ('REMOTE_CONTAINERS_SOCKETS', '["/tmp/vscode-ssh-auth-f285fd1d-9376-4a47-8352-1dbec715791d.sock","/root/.gnupg/S.gpg-agent"]'), ('DISPLAY', 'unix:0'), ('LANG', 'en_US.UTF-8'), ('VSCODE_GIT_IPC_HANDLE', '/tmp/vscode-git-3ce2b43cc6.sock'), ('TERM_PROGRAM', 'vscode'), ('SSH_AUTH_SOCK', '/tmp/vscode-ssh-auth-f285fd1d-9376-4a47-8352-1dbec715791d.sock'), ('AMENT_PREFIX_PATH', '/root/ros2_ws/install/car_launch:/root/ros2_ws/install/robocar_test_cpp:/root/ros2_ws/install/rplidar_ros:/root/ros2_ws/install/ros2_opencv:/root/ros2_ws/install/cartographer_rviz:/root/ros2_ws/install/cartographer_ros:/root/ros2_ws/install/cartographer_ros_msgs:/root/ros2_ws/install/Test_FirstPkg:/opt/ros/humble'), ('SHELL', '/bin/bash'), ('VSCODE_GIT_ASKPASS_EXTRA_ARGS', ''), ('PWD', '/root/ros2_ws/build/car_launch'), ('PYTHONPATH', '/root/ros2_ws/install/ros2_opencv/lib/python3.10/site-packages:/root/ros2_ws/install/cartographer_ros_msgs/local/lib/python3.10/dist-packages:/opt/ros/humble/lib/python3.10/site-packages:/opt/ros/humble/local/lib/python3.10/dist-packages'), ('COLCON', '1'), ('CMAKE_PREFIX_PATH', '/root/ros2_ws/install/car_launch:/root/ros2_ws/install/robocar_test_cpp:/root/ros2_ws/install/rplidar_ros:/root/ros2_ws/install/cartographer_rviz:/root/ros2_ws/install/cartographer_ros:/root/ros2_ws/install/cartographer_ros_msgs:/root/ros2_ws/install/cartographer:/root/ros2_ws/install/Test_FirstPkg:/root/ros2_ws/install/ros2_opencv:/opt/ros/humble')]), 'shell': False}
[0.165815] (robocar_test_cpp) JobProgress: {'identifier': 'robocar_test_cpp', 'progress': 'cmake'}
[0.170593] (robocar_test_cpp) JobProgress: {'identifier': 'robocar_test_cpp', 'progress': 'build'}
[0.171293] (robocar_test_cpp) Command: {'cmd': ['/usr/bin/cmake', '--build', '/root/ros2_ws/build/robocar_test_cpp', '--', '-j8', '-l8'], 'cwd': '/root/ros2_ws/build/robocar_test_cpp', 'env': OrderedDict([('HOSTNAME', 'warnie'), ('GIT_ASKPASS', '/root/.vscode-server/bin/17baf841131aa23349f217ca7c570c76ee87b957/extensions/git/dist/askpass.sh'), ('SHLVL', '2'), ('LD_LIBRARY_PATH', '/root/ros2_ws/install/cartographer_rviz/lib:/root/ros2_ws/install/cartographer_ros/lib:/root/ros2_ws/install/cartographer_ros_msgs/lib:/opt/ros/humble/opt/rviz_ogre_vendor/lib:/opt/ros/humble/lib/x86_64-linux-gnu:/opt/ros/humble/lib'), ('BROWSER', '/root/.vscode-server/bin/17baf841131aa23349f217ca7c570c76ee87b957/bin/helpers/browser.sh'), ('HOME', '/root'), ('OLDPWD', '/root/ros2_ws/src'), ('TERM_PROGRAM_VERSION', '1.99.3'), ('VSCODE_IPC_HOOK_CLI', '/tmp/vscode-ipc-68549143-8077-4743-9875-84966345cd0e.sock'), ('ROS_PYTHON_VERSION', '3'), ('VSCODE_GIT_ASKPASS_MAIN', '/root/.vscode-server/bin/17baf841131aa23349f217ca7c570c76ee87b957/extensions/git/dist/askpass-main.js'), ('VSCODE_GIT_ASKPASS_NODE', '/root/.vscode-server/bin/17baf841131aa23349f217ca7c570c76ee87b957/node'), ('LC_CTYPE', 'C.UTF-8'), ('COLORTERM', 'truecolor'), ('REMOTE_CONTAINERS', 'true'), ('COLCON_PREFIX_PATH', '/root/ros2_ws/install'), ('ROS_DISTRO', 'humble'), ('REMOTE_CONTAINERS_IPC', '/tmp/vscode-remote-containers-ipc-f285fd1d-9376-4a47-8352-1dbec715791d.sock'), ('_', '/usr/bin/colcon'), ('ROS_VERSION', '2'), ('PKG_CONFIG_PATH', '/root/ros2_ws/install/cartographer/lib/x86_64-linux-gnu/pkgconfig:/root/ros2_ws/install/cartographer/lib/pkgconfig'), ('TERM', 'xterm-256color'), ('ROS_LOCALHOST_ONLY', '0'), ('PATH', '/root/ros2_ws/install/cartographer/bin:/root/.vscode-server/bin/17baf841131aa23349f217ca7c570c76ee87b957/bin/remote-cli:/opt/ros/humble/bin:/usr/local/sbin:/usr/local/bin:/usr/sbin:/usr/bin:/sbin:/bin:/root/.vscode-server/data/User/globalStorage/github.copilot-chat/debugCommand'), ('REMOTE_CONTAINERS_SOCKETS', '["/tmp/vscode-ssh-auth-f285fd1d-9376-4a47-8352-1dbec715791d.sock","/root/.gnupg/S.gpg-agent"]'), ('DISPLAY', 'unix:0'), ('LANG', 'en_US.UTF-8'), ('VSCODE_GIT_IPC_HANDLE', '/tmp/vscode-git-3ce2b43cc6.sock'), ('TERM_PROGRAM', 'vscode'), ('SSH_AUTH_SOCK', '/tmp/vscode-ssh-auth-f285fd1d-9376-4a47-8352-1dbec715791d.sock'), ('AMENT_PREFIX_PATH', '/root/ros2_ws/install/car_launch:/root/ros2_ws/install/robocar_test_cpp:/root/ros2_ws/install/rplidar_ros:/root/ros2_ws/install/ros2_opencv:/root/ros2_ws/install/cartographer_rviz:/root/ros2_ws/install/cartographer_ros:/root/ros2_ws/install/cartographer_ros_msgs:/root/ros2_ws/install/Test_FirstPkg:/opt/ros/humble'), ('SHELL', '/bin/bash'), ('VSCODE_GIT_ASKPASS_EXTRA_ARGS', ''), ('PWD', '/root/ros2_ws/build/robocar_test_cpp'), ('PYTHONPATH', '/root/ros2_ws/install/ros2_opencv/lib/python3.10/site-packages:/root/ros2_ws/install/cartographer_ros_msgs/local/lib/python3.10/dist-packages:/opt/ros/humble/lib/python3.10/site-packages:/opt/ros/humble/local/lib/python3.10/dist-packages'), ('COLCON', '1'), ('CMAKE_PREFIX_PATH', '/root/ros2_ws/install/car_launch:/root/ros2_ws/install/robocar_test_cpp:/root/ros2_ws/install/rplidar_ros:/root/ros2_ws/install/cartographer_rviz:/root/ros2_ws/install/cartographer_ros:/root/ros2_ws/install/cartographer_ros_msgs:/root/ros2_ws/install/cartographer:/root/ros2_ws/install/Test_FirstPkg:/root/ros2_ws/install/ros2_opencv:/opt/ros/humble')]), 'shell': False}
[0.200593] (-) TimerEvent: {}
[0.301307] (-) TimerEvent: {}
[0.405583] (-) TimerEvent: {}
[0.506579] (-) TimerEvent: {}
[0.608391] (-) TimerEvent: {}
[0.710296] (-) TimerEvent: {}
[0.811028] (-) TimerEvent: {}
[0.913236] (-) TimerEvent: {}
[1.014056] (-) TimerEvent: {}
[1.115547] (-) TimerEvent: {}
[1.218750] (-) TimerEvent: {}
[1.325505] (-) TimerEvent: {}
[1.388427] (cartographer) StdoutLine: {'line': b'[  0%] Built target cartographer_detect_changes\n'}
[1.388881] (cartographer) StdoutLine: {'line': b'[  0%] \x1b[34m\x1b[1mBuilding documentation.\x1b[0m\n'}
[1.389167] (cartographer) StdoutLine: {'line': b'[  1%] Built target gtest\n'}
[1.389450] (cartographer) StdoutLine: {'line': b'[  2%] Built target gmock\n'}
[1.392263] (cartographer) StdoutLine: {'line': b'[  2%] Built target gmock_main\n'}
[1.401669] (cartographer_ros_msgs) StdoutLine: {'line': b'[ 12%] Built target cartographer_ros_msgs__rosidl_generator_c\n'}
[1.402778] (cartographer_ros_msgs) StdoutLine: {'line': b'[ 12%] Built target cartographer_ros_msgs__cpp\n'}
[1.406166] (cartographer_ros_msgs) StdoutLine: {'line': b'[ 12%] Built target ament_cmake_python_copy_cartographer_ros_msgs\n'}
[1.406562] (cartographer_ros_msgs) StdoutLine: {'line': b'[ 24%] Built target cartographer_ros_msgs__rosidl_typesupport_introspection_c\n'}
[1.406956] (cartographer_ros_msgs) StdoutLine: {'line': b'[ 36%] Built target cartographer_ros_msgs__rosidl_typesupport_c\n'}
[1.410242] (cartographer_ros_msgs) StdoutLine: {'line': b'[ 48%] Built target cartographer_ros_msgs__rosidl_typesupport_fastrtps_cpp\n'}
[1.410590] (cartographer_ros_msgs) StdoutLine: {'line': b'[ 60%] Built target cartographer_ros_msgs__rosidl_typesupport_cpp\n'}
[1.410929] (cartographer_ros_msgs) StdoutLine: {'line': b'[ 72%] Built target cartographer_ros_msgs__rosidl_typesupport_fastrtps_c\n'}
[1.411367] (cartographer_ros_msgs) StdoutLine: {'line': b'[ 85%] Built target cartographer_ros_msgs__rosidl_typesupport_introspection_cpp\n'}
[1.411651] (cartographer_ros_msgs) StdoutLine: {'line': b'[ 85%] Built target cartographer_ros_msgs\n'}
[1.411898] (cartographer_ros_msgs) StdoutLine: {'line': b'[ 86%] Built target cartographer_ros_msgs__py\n'}
[1.412141] (cartographer_ros_msgs) StdoutLine: {'line': b'[ 97%] Built target cartographer_ros_msgs__rosidl_generator_py\n'}
[1.424689] (robocar_test_cpp) StdoutLine: {'line': b'\x1b[35m\x1b[1mConsolidate compiler generated dependencies of target lidar_listener\x1b[0m\n'}
[1.425385] (robocar_test_cpp) StdoutLine: {'line': b'[ 33%] Built target talker\n'}
[1.425921] (-) TimerEvent: {}
[1.431341] (robocar_test_cpp) StdoutLine: {'line': b'[ 66%] Built target listener\n'}
[1.431754] (robocar_test_cpp) StdoutLine: {'line': b'[ 83%] \x1b[32mBuilding CXX object CMakeFiles/lidar_listener.dir/src/receive_lidar_function.cpp.o\x1b[0m\n'}
[1.447923] (rplidar_ros) JobProgress: {'identifier': 'rplidar_ros', 'progress': 'cmake'}
[1.448083] (rplidar_ros) JobProgress: {'identifier': 'rplidar_ros', 'progress': 'build'}
[1.448190] (rplidar_ros) Command: {'cmd': ['/usr/bin/cmake', '--build', '/root/ros2_ws/build/rplidar_ros', '--', '-j8', '-l8'], 'cwd': '/root/ros2_ws/build/rplidar_ros', 'env': OrderedDict([('HOSTNAME', 'warnie'), ('GIT_ASKPASS', '/root/.vscode-server/bin/17baf841131aa23349f217ca7c570c76ee87b957/extensions/git/dist/askpass.sh'), ('SHLVL', '2'), ('LD_LIBRARY_PATH', '/root/ros2_ws/install/cartographer_rviz/lib:/root/ros2_ws/install/cartographer_ros/lib:/root/ros2_ws/install/cartographer_ros_msgs/lib:/opt/ros/humble/opt/rviz_ogre_vendor/lib:/opt/ros/humble/lib/x86_64-linux-gnu:/opt/ros/humble/lib'), ('BROWSER', '/root/.vscode-server/bin/17baf841131aa23349f217ca7c570c76ee87b957/bin/helpers/browser.sh'), ('HOME', '/root'), ('OLDPWD', '/root/ros2_ws/src'), ('TERM_PROGRAM_VERSION', '1.99.3'), ('VSCODE_IPC_HOOK_CLI', '/tmp/vscode-ipc-68549143-8077-4743-9875-84966345cd0e.sock'), ('ROS_PYTHON_VERSION', '3'), ('VSCODE_GIT_ASKPASS_MAIN', '/root/.vscode-server/bin/17baf841131aa23349f217ca7c570c76ee87b957/extensions/git/dist/askpass-main.js'), ('VSCODE_GIT_ASKPASS_NODE', '/root/.vscode-server/bin/17baf841131aa23349f217ca7c570c76ee87b957/node'), ('LC_CTYPE', 'C.UTF-8'), ('COLORTERM', 'truecolor'), ('REMOTE_CONTAINERS', 'true'), ('COLCON_PREFIX_PATH', '/root/ros2_ws/install'), ('ROS_DISTRO', 'humble'), ('REMOTE_CONTAINERS_IPC', '/tmp/vscode-remote-containers-ipc-f285fd1d-9376-4a47-8352-1dbec715791d.sock'), ('_', '/usr/bin/colcon'), ('ROS_VERSION', '2'), ('PKG_CONFIG_PATH', '/root/ros2_ws/install/cartographer/lib/x86_64-linux-gnu/pkgconfig:/root/ros2_ws/install/cartographer/lib/pkgconfig'), ('TERM', 'xterm-256color'), ('ROS_LOCALHOST_ONLY', '0'), ('PATH', '/root/ros2_ws/install/cartographer/bin:/root/.vscode-server/bin/17baf841131aa23349f217ca7c570c76ee87b957/bin/remote-cli:/opt/ros/humble/bin:/usr/local/sbin:/usr/local/bin:/usr/sbin:/usr/bin:/sbin:/bin:/root/.vscode-server/data/User/globalStorage/github.copilot-chat/debugCommand'), ('REMOTE_CONTAINERS_SOCKETS', '["/tmp/vscode-ssh-auth-f285fd1d-9376-4a47-8352-1dbec715791d.sock","/root/.gnupg/S.gpg-agent"]'), ('DISPLAY', 'unix:0'), ('LANG', 'en_US.UTF-8'), ('VSCODE_GIT_IPC_HANDLE', '/tmp/vscode-git-3ce2b43cc6.sock'), ('TERM_PROGRAM', 'vscode'), ('SSH_AUTH_SOCK', '/tmp/vscode-ssh-auth-f285fd1d-9376-4a47-8352-1dbec715791d.sock'), ('AMENT_PREFIX_PATH', '/root/ros2_ws/install/car_launch:/root/ros2_ws/install/robocar_test_cpp:/root/ros2_ws/install/rplidar_ros:/root/ros2_ws/install/ros2_opencv:/root/ros2_ws/install/cartographer_rviz:/root/ros2_ws/install/cartographer_ros:/root/ros2_ws/install/cartographer_ros_msgs:/root/ros2_ws/install/Test_FirstPkg:/opt/ros/humble'), ('SHELL', '/bin/bash'), ('VSCODE_GIT_ASKPASS_EXTRA_ARGS', ''), ('PWD', '/root/ros2_ws/build/rplidar_ros'), ('PYTHONPATH', '/root/ros2_ws/install/ros2_opencv/lib/python3.10/site-packages:/root/ros2_ws/install/cartographer_ros_msgs/local/lib/python3.10/dist-packages:/opt/ros/humble/lib/python3.10/site-packages:/opt/ros/humble/local/lib/python3.10/dist-packages'), ('COLCON', '1'), ('CMAKE_PREFIX_PATH', '/root/ros2_ws/install/car_launch:/root/ros2_ws/install/robocar_test_cpp:/root/ros2_ws/install/rplidar_ros:/root/ros2_ws/install/cartographer_rviz:/root/ros2_ws/install/cartographer_ros:/root/ros2_ws/install/cartographer_ros_msgs:/root/ros2_ws/install/cartographer:/root/ros2_ws/install/Test_FirstPkg:/root/ros2_ws/install/ros2_opencv:/opt/ros/humble')]), 'shell': False}
[1.461356] (car_launch) CommandEnded: {'returncode': 0}
[1.471826] (car_launch) JobProgress: {'identifier': 'car_launch', 'progress': 'install'}
[1.472041] (cartographer_ros_msgs) StdoutLine: {'line': b'[ 99%] Built target cartographer_ros_msgs__rosidl_typesupport_fastrtps_c__pyext\n'}
[1.472520] (cartographer_ros_msgs) StdoutLine: {'line': b'[ 99%] Built target cartographer_ros_msgs__rosidl_typesupport_c__pyext\n'}
[1.477452] (cartographer_ros_msgs) StdoutLine: {'line': b'[100%] Built target cartographer_ros_msgs__rosidl_typesupport_introspection_c__pyext\n'}
[1.523630] (car_launch) Command: {'cmd': ['/usr/bin/cmake', '--install', '/root/ros2_ws/build/car_launch'], 'cwd': '/root/ros2_ws/build/car_launch', 'env': OrderedDict([('HOSTNAME', 'warnie'), ('GIT_ASKPASS', '/root/.vscode-server/bin/17baf841131aa23349f217ca7c570c76ee87b957/extensions/git/dist/askpass.sh'), ('SHLVL', '2'), ('LD_LIBRARY_PATH', '/root/ros2_ws/install/cartographer_rviz/lib:/root/ros2_ws/install/cartographer_ros/lib:/root/ros2_ws/install/cartographer_ros_msgs/lib:/opt/ros/humble/opt/rviz_ogre_vendor/lib:/opt/ros/humble/lib/x86_64-linux-gnu:/opt/ros/humble/lib'), ('BROWSER', '/root/.vscode-server/bin/17baf841131aa23349f217ca7c570c76ee87b957/bin/helpers/browser.sh'), ('HOME', '/root'), ('OLDPWD', '/root/ros2_ws/src'), ('TERM_PROGRAM_VERSION', '1.99.3'), ('VSCODE_IPC_HOOK_CLI', '/tmp/vscode-ipc-68549143-8077-4743-9875-84966345cd0e.sock'), ('ROS_PYTHON_VERSION', '3'), ('VSCODE_GIT_ASKPASS_MAIN', '/root/.vscode-server/bin/17baf841131aa23349f217ca7c570c76ee87b957/extensions/git/dist/askpass-main.js'), ('VSCODE_GIT_ASKPASS_NODE', '/root/.vscode-server/bin/17baf841131aa23349f217ca7c570c76ee87b957/node'), ('LC_CTYPE', 'C.UTF-8'), ('COLORTERM', 'truecolor'), ('REMOTE_CONTAINERS', 'true'), ('COLCON_PREFIX_PATH', '/root/ros2_ws/install'), ('ROS_DISTRO', 'humble'), ('REMOTE_CONTAINERS_IPC', '/tmp/vscode-remote-containers-ipc-f285fd1d-9376-4a47-8352-1dbec715791d.sock'), ('_', '/usr/bin/colcon'), ('ROS_VERSION', '2'), ('PKG_CONFIG_PATH', '/root/ros2_ws/install/cartographer/lib/x86_64-linux-gnu/pkgconfig:/root/ros2_ws/install/cartographer/lib/pkgconfig'), ('TERM', 'xterm-256color'), ('ROS_LOCALHOST_ONLY', '0'), ('PATH', '/root/ros2_ws/install/cartographer/bin:/root/.vscode-server/bin/17baf841131aa23349f217ca7c570c76ee87b957/bin/remote-cli:/opt/ros/humble/bin:/usr/local/sbin:/usr/local/bin:/usr/sbin:/usr/bin:/sbin:/bin:/root/.vscode-server/data/User/globalStorage/github.copilot-chat/debugCommand'), ('REMOTE_CONTAINERS_SOCKETS', '["/tmp/vscode-ssh-auth-f285fd1d-9376-4a47-8352-1dbec715791d.sock","/root/.gnupg/S.gpg-agent"]'), ('DISPLAY', 'unix:0'), ('LANG', 'en_US.UTF-8'), ('VSCODE_GIT_IPC_HANDLE', '/tmp/vscode-git-3ce2b43cc6.sock'), ('TERM_PROGRAM', 'vscode'), ('SSH_AUTH_SOCK', '/tmp/vscode-ssh-auth-f285fd1d-9376-4a47-8352-1dbec715791d.sock'), ('AMENT_PREFIX_PATH', '/root/ros2_ws/install/car_launch:/root/ros2_ws/install/robocar_test_cpp:/root/ros2_ws/install/rplidar_ros:/root/ros2_ws/install/ros2_opencv:/root/ros2_ws/install/cartographer_rviz:/root/ros2_ws/install/cartographer_ros:/root/ros2_ws/install/cartographer_ros_msgs:/root/ros2_ws/install/Test_FirstPkg:/opt/ros/humble'), ('SHELL', '/bin/bash'), ('VSCODE_GIT_ASKPASS_EXTRA_ARGS', ''), ('PWD', '/root/ros2_ws/build/car_launch'), ('PYTHONPATH', '/root/ros2_ws/install/ros2_opencv/lib/python3.10/site-packages:/root/ros2_ws/install/cartographer_ros_msgs/local/lib/python3.10/dist-packages:/opt/ros/humble/lib/python3.10/site-packages:/opt/ros/humble/local/lib/python3.10/dist-packages'), ('COLCON', '1'), ('CMAKE_PREFIX_PATH', '/root/ros2_ws/install/car_launch:/root/ros2_ws/install/robocar_test_cpp:/root/ros2_ws/install/rplidar_ros:/root/ros2_ws/install/cartographer_rviz:/root/ros2_ws/install/cartographer_ros:/root/ros2_ws/install/cartographer_ros_msgs:/root/ros2_ws/install/cartographer:/root/ros2_ws/install/Test_FirstPkg:/root/ros2_ws/install/ros2_opencv:/opt/ros/humble')]), 'shell': False}
[1.528376] (-) TimerEvent: {}
[1.564459] (car_launch) StdoutLine: {'line': b'-- Install configuration: ""\n'}
[1.565245] (car_launch) StdoutLine: {'line': b'-- Up-to-date: /root/ros2_ws/install/car_launch/share/car_launch//launch\n'}
[1.565642] (car_launch) StdoutLine: {'line': b'-- Up-to-date: /root/ros2_ws/install/car_launch/share/car_launch//launch/car_launch.launch.py\n'}
[1.566687] (car_launch) StdoutLine: {'line': b'-- Up-to-date: /root/ros2_ws/install/car_launch/share/ament_index/resource_index/package_run_dependencies/car_launch\n'}
[1.567070] (car_launch) StdoutLine: {'line': b'-- Up-to-date: /root/ros2_ws/install/car_launch/share/ament_index/resource_index/parent_prefix_path/car_launch\n'}
[1.567435] (car_launch) StdoutLine: {'line': b'-- Up-to-date: /root/ros2_ws/install/car_launch/share/car_launch/environment/ament_prefix_path.sh\n'}
[1.567742] (car_launch) StdoutLine: {'line': b'-- Up-to-date: /root/ros2_ws/install/car_launch/share/car_launch/environment/ament_prefix_path.dsv\n'}
[1.568022] (car_launch) StdoutLine: {'line': b'-- Up-to-date: /root/ros2_ws/install/car_launch/share/car_launch/environment/path.sh\n'}
[1.572488] (car_launch) StdoutLine: {'line': b'-- Up-to-date: /root/ros2_ws/install/car_launch/share/car_launch/environment/path.dsv\n'}
[1.572806] (car_launch) StdoutLine: {'line': b'-- Up-to-date: /root/ros2_ws/install/car_launch/share/car_launch/local_setup.bash\n'}
[1.573076] (car_launch) StdoutLine: {'line': b'-- Up-to-date: /root/ros2_ws/install/car_launch/share/car_launch/local_setup.sh\n'}
[1.573359] (car_launch) StdoutLine: {'line': b'-- Up-to-date: /root/ros2_ws/install/car_launch/share/car_launch/local_setup.zsh\n'}
[1.573613] (car_launch) StdoutLine: {'line': b'-- Up-to-date: /root/ros2_ws/install/car_launch/share/car_launch/local_setup.dsv\n'}
[1.573866] (car_launch) StdoutLine: {'line': b'-- Installing: /root/ros2_ws/install/car_launch/share/car_launch/package.dsv\n'}
[1.574142] (car_launch) StdoutLine: {'line': b'-- Up-to-date: /root/ros2_ws/install/car_launch/share/ament_index/resource_index/packages/car_launch\n'}
[1.574495] (car_launch) StdoutLine: {'line': b'-- Up-to-date: /root/ros2_ws/install/car_launch/share/car_launch/cmake/car_launchConfig.cmake\n'}
[1.574887] (car_launch) StdoutLine: {'line': b'-- Up-to-date: /root/ros2_ws/install/car_launch/share/car_launch/cmake/car_launchConfig-version.cmake\n'}
[1.578280] (car_launch) StdoutLine: {'line': b'-- Up-to-date: /root/ros2_ws/install/car_launch/share/car_launch/package.xml\n'}
[1.582417] (car_launch) CommandEnded: {'returncode': 0}
[1.642269] (-) TimerEvent: {}
[1.742930] (-) TimerEvent: {}
[1.760628] (rplidar_ros) StdoutLine: {'line': b'[  5%] Built target rplidar_client\n'}
[1.806254] (rplidar_ros) StdoutLine: {'line': b'[ 52%] Built target rplidar_node\n'}
[1.826008] (rplidar_ros) StdoutLine: {'line': b'[100%] Built target rplidar_composition\n'}
[1.834467] (car_launch) JobEnded: {'identifier': 'car_launch', 'rc': 0}
[1.844465] (-) TimerEvent: {}
[1.885830] (rplidar_ros) CommandEnded: {'returncode': 0}
[1.893825] (rplidar_ros) JobProgress: {'identifier': 'rplidar_ros', 'progress': 'install'}
[1.894143] (rplidar_ros) Command: {'cmd': ['/usr/bin/cmake', '--install', '/root/ros2_ws/build/rplidar_ros'], 'cwd': '/root/ros2_ws/build/rplidar_ros', 'env': OrderedDict([('HOSTNAME', 'warnie'), ('GIT_ASKPASS', '/root/.vscode-server/bin/17baf841131aa23349f217ca7c570c76ee87b957/extensions/git/dist/askpass.sh'), ('SHLVL', '2'), ('LD_LIBRARY_PATH', '/root/ros2_ws/install/cartographer_rviz/lib:/root/ros2_ws/install/cartographer_ros/lib:/root/ros2_ws/install/cartographer_ros_msgs/lib:/opt/ros/humble/opt/rviz_ogre_vendor/lib:/opt/ros/humble/lib/x86_64-linux-gnu:/opt/ros/humble/lib'), ('BROWSER', '/root/.vscode-server/bin/17baf841131aa23349f217ca7c570c76ee87b957/bin/helpers/browser.sh'), ('HOME', '/root'), ('OLDPWD', '/root/ros2_ws/src'), ('TERM_PROGRAM_VERSION', '1.99.3'), ('VSCODE_IPC_HOOK_CLI', '/tmp/vscode-ipc-68549143-8077-4743-9875-84966345cd0e.sock'), ('ROS_PYTHON_VERSION', '3'), ('VSCODE_GIT_ASKPASS_MAIN', '/root/.vscode-server/bin/17baf841131aa23349f217ca7c570c76ee87b957/extensions/git/dist/askpass-main.js'), ('VSCODE_GIT_ASKPASS_NODE', '/root/.vscode-server/bin/17baf841131aa23349f217ca7c570c76ee87b957/node'), ('LC_CTYPE', 'C.UTF-8'), ('COLORTERM', 'truecolor'), ('REMOTE_CONTAINERS', 'true'), ('COLCON_PREFIX_PATH', '/root/ros2_ws/install'), ('ROS_DISTRO', 'humble'), ('REMOTE_CONTAINERS_IPC', '/tmp/vscode-remote-containers-ipc-f285fd1d-9376-4a47-8352-1dbec715791d.sock'), ('_', '/usr/bin/colcon'), ('ROS_VERSION', '2'), ('PKG_CONFIG_PATH', '/root/ros2_ws/install/cartographer/lib/x86_64-linux-gnu/pkgconfig:/root/ros2_ws/install/cartographer/lib/pkgconfig'), ('TERM', 'xterm-256color'), ('ROS_LOCALHOST_ONLY', '0'), ('PATH', '/root/ros2_ws/install/cartographer/bin:/root/.vscode-server/bin/17baf841131aa23349f217ca7c570c76ee87b957/bin/remote-cli:/opt/ros/humble/bin:/usr/local/sbin:/usr/local/bin:/usr/sbin:/usr/bin:/sbin:/bin:/root/.vscode-server/data/User/globalStorage/github.copilot-chat/debugCommand'), ('REMOTE_CONTAINERS_SOCKETS', '["/tmp/vscode-ssh-auth-f285fd1d-9376-4a47-8352-1dbec715791d.sock","/root/.gnupg/S.gpg-agent"]'), ('DISPLAY', 'unix:0'), ('LANG', 'en_US.UTF-8'), ('VSCODE_GIT_IPC_HANDLE', '/tmp/vscode-git-3ce2b43cc6.sock'), ('TERM_PROGRAM', 'vscode'), ('SSH_AUTH_SOCK', '/tmp/vscode-ssh-auth-f285fd1d-9376-4a47-8352-1dbec715791d.sock'), ('AMENT_PREFIX_PATH', '/root/ros2_ws/install/car_launch:/root/ros2_ws/install/robocar_test_cpp:/root/ros2_ws/install/rplidar_ros:/root/ros2_ws/install/ros2_opencv:/root/ros2_ws/install/cartographer_rviz:/root/ros2_ws/install/cartographer_ros:/root/ros2_ws/install/cartographer_ros_msgs:/root/ros2_ws/install/Test_FirstPkg:/opt/ros/humble'), ('SHELL', '/bin/bash'), ('VSCODE_GIT_ASKPASS_EXTRA_ARGS', ''), ('PWD', '/root/ros2_ws/build/rplidar_ros'), ('PYTHONPATH', '/root/ros2_ws/install/ros2_opencv/lib/python3.10/site-packages:/root/ros2_ws/install/cartographer_ros_msgs/local/lib/python3.10/dist-packages:/opt/ros/humble/lib/python3.10/site-packages:/opt/ros/humble/local/lib/python3.10/dist-packages'), ('COLCON', '1'), ('CMAKE_PREFIX_PATH', '/root/ros2_ws/install/car_launch:/root/ros2_ws/install/robocar_test_cpp:/root/ros2_ws/install/rplidar_ros:/root/ros2_ws/install/cartographer_rviz:/root/ros2_ws/install/cartographer_ros:/root/ros2_ws/install/cartographer_ros_msgs:/root/ros2_ws/install/cartographer:/root/ros2_ws/install/Test_FirstPkg:/root/ros2_ws/install/ros2_opencv:/opt/ros/humble')]), 'shell': False}
[1.923266] (rplidar_ros) StdoutLine: {'line': b'-- Install configuration: ""\n'}
[1.925611] (rplidar_ros) StdoutLine: {'line': b'-- Up-to-date: /root/ros2_ws/install/rplidar_ros/share/rplidar_ros/launch\n'}
[1.928880] (rplidar_ros) StdoutLine: {'line': b'-- Up-to-date: /root/ros2_ws/install/rplidar_ros/share/rplidar_ros/launch/rplidar_a2m8_launch.py\n'}
[1.930889] (rplidar_ros) StdoutLine: {'line': b'-- Up-to-date: /root/ros2_ws/install/rplidar_ros/share/rplidar_ros/launch/__pycache__\n'}
[1.933428] (rplidar_ros) StdoutLine: {'line': b'-- Up-to-date: /root/ros2_ws/install/rplidar_ros/share/rplidar_ros/launch/__pycache__/rplidar_c1_launch.cpython-310.pyc\n'}
[1.937193] (rplidar_ros) StdoutLine: {'line': b'-- Up-to-date: /root/ros2_ws/install/rplidar_ros/share/rplidar_ros/launch/__pycache__/view_rplidar_c1_launch.cpython-310.pyc\n'}
[1.937609] (rplidar_ros) StdoutLine: {'line': b'-- Up-to-date: /root/ros2_ws/install/rplidar_ros/share/rplidar_ros/launch/rplidar_a3_launch.py\n'}
[1.941344] (rplidar_ros) StdoutLine: {'line': b'-- Up-to-date: /root/ros2_ws/install/rplidar_ros/share/rplidar_ros/launch/rplidar_s2_launch.py\n'}
[1.942832] (rplidar_ros) StdoutLine: {'line': b'-- Up-to-date: /root/ros2_ws/install/rplidar_ros/share/rplidar_ros/launch/rplidar_a2m7_launch.py\n'}
[1.943149] (rplidar_ros) StdoutLine: {'line': b'-- Up-to-date: /root/ros2_ws/install/rplidar_ros/share/rplidar_ros/launch/rplidar_s3_launch.py\n'}
[1.948783] (-) TimerEvent: {}
[1.950431] (rplidar_ros) StdoutLine: {'line': b'-- Up-to-date: /root/ros2_ws/install/rplidar_ros/share/rplidar_ros/launch/rplidar_c1_launch.py\n'}
[1.951128] (rplidar_ros) StdoutLine: {'line': b'-- Up-to-date: /root/ros2_ws/install/rplidar_ros/share/rplidar_ros/launch/rplidar_a1_launch.py\n'}
[1.953488] (rplidar_ros) StdoutLine: {'line': b'-- Up-to-date: /root/ros2_ws/install/rplidar_ros/share/rplidar_ros/launch/rplidar_a2m12_launch.py\n'}
[1.953812] (rplidar_ros) StdoutLine: {'line': b'-- Up-to-date: /root/ros2_ws/install/rplidar_ros/share/rplidar_ros/launch/view_rplidar_a2m12_launch.py\n'}
[1.954059] (rplidar_ros) StdoutLine: {'line': b'-- Up-to-date: /root/ros2_ws/install/rplidar_ros/share/rplidar_ros/launch/view_rplidar_t1_launch.py\n'}
[1.958560] (rplidar_ros) StdoutLine: {'line': b'-- Up-to-date: /root/ros2_ws/install/rplidar_ros/share/rplidar_ros/launch/view_rplidar_a1_launch.py\n'}
[1.959024] (rplidar_ros) StdoutLine: {'line': b'-- Up-to-date: /root/ros2_ws/install/rplidar_ros/share/rplidar_ros/launch/view_rplidar_a3_launch.py\n'}
[1.962340] (rplidar_ros) StdoutLine: {'line': b'-- Up-to-date: /root/ros2_ws/install/rplidar_ros/share/rplidar_ros/launch/rplidar_s2e_launch.py\n'}
[1.970721] (rplidar_ros) StdoutLine: {'line': b'-- Up-to-date: /root/ros2_ws/install/rplidar_ros/share/rplidar_ros/launch/view_rplidar_c1_launch.py\n'}
[1.971046] (rplidar_ros) StdoutLine: {'line': b'-- Up-to-date: /root/ros2_ws/install/rplidar_ros/share/rplidar_ros/launch/view_rplidar_s3_launch.py\n'}
[1.971318] (rplidar_ros) StdoutLine: {'line': b'-- Up-to-date: /root/ros2_ws/install/rplidar_ros/share/rplidar_ros/launch/view_rplidar_a2m7_launch.py\n'}
[1.971550] (rplidar_ros) StdoutLine: {'line': b'-- Up-to-date: /root/ros2_ws/install/rplidar_ros/share/rplidar_ros/launch/view_rplidar_s2_launch.py\n'}
[1.971775] (rplidar_ros) StdoutLine: {'line': b'-- Up-to-date: /root/ros2_ws/install/rplidar_ros/share/rplidar_ros/launch/rplidar_s1_tcp_launch.py\n'}
[1.971998] (rplidar_ros) StdoutLine: {'line': b'-- Up-to-date: /root/ros2_ws/install/rplidar_ros/share/rplidar_ros/launch/view_rplidar_a2m8_launch.py\n'}
[1.979372] (rplidar_ros) StdoutLine: {'line': b'-- Up-to-date: /root/ros2_ws/install/rplidar_ros/share/rplidar_ros/launch/rplidar_s1_launch.py\n'}
[1.979748] (rplidar_ros) StdoutLine: {'line': b'-- Up-to-date: /root/ros2_ws/install/rplidar_ros/share/rplidar_ros/launch/view_rplidar_s2e_launch.py\n'}
[1.980040] (rplidar_ros) StdoutLine: {'line': b'-- Up-to-date: /root/ros2_ws/install/rplidar_ros/share/rplidar_ros/launch/view_rplidar_s1_tcp_launch.py\n'}
[1.980324] (rplidar_ros) StdoutLine: {'line': b'-- Up-to-date: /root/ros2_ws/install/rplidar_ros/share/rplidar_ros/launch/rplidar_t1_launch.py\n'}
[1.980602] (rplidar_ros) StdoutLine: {'line': b'-- Up-to-date: /root/ros2_ws/install/rplidar_ros/share/rplidar_ros/launch/view_rplidar_s1_launch.py\n'}
[1.980894] (rplidar_ros) StdoutLine: {'line': b'-- Up-to-date: /root/ros2_ws/install/rplidar_ros/share/rplidar_ros/rviz\n'}
[1.981576] (rplidar_ros) StdoutLine: {'line': b'-- Up-to-date: /root/ros2_ws/install/rplidar_ros/share/rplidar_ros/rviz/rplidar_ros.rviz\n'}
[1.984224] (rplidar_ros) StdoutLine: {'line': b'-- Up-to-date: /root/ros2_ws/install/rplidar_ros/lib/rplidar_ros/rplidar_node\n'}
[1.984707] (rplidar_ros) StdoutLine: {'line': b'-- Up-to-date: /root/ros2_ws/install/rplidar_ros/lib/rplidar_ros/rplidar_composition\n'}
[1.985084] (rplidar_ros) StdoutLine: {'line': b'-- Up-to-date: /root/ros2_ws/install/rplidar_ros/lib/rplidar_ros/rplidar_client\n'}
[1.988298] (rplidar_ros) StdoutLine: {'line': b'-- Up-to-date: /root/ros2_ws/install/rplidar_ros/share/ament_index/resource_index/package_run_dependencies/rplidar_ros\n'}
[1.988671] (rplidar_ros) StdoutLine: {'line': b'-- Up-to-date: /root/ros2_ws/install/rplidar_ros/share/ament_index/resource_index/parent_prefix_path/rplidar_ros\n'}
[1.988922] (rplidar_ros) StdoutLine: {'line': b'-- Up-to-date: /root/ros2_ws/install/rplidar_ros/share/rplidar_ros/environment/ament_prefix_path.sh\n'}
[1.989145] (rplidar_ros) StdoutLine: {'line': b'-- Up-to-date: /root/ros2_ws/install/rplidar_ros/share/rplidar_ros/environment/ament_prefix_path.dsv\n'}
[1.989499] (rplidar_ros) StdoutLine: {'line': b'-- Up-to-date: /root/ros2_ws/install/rplidar_ros/share/rplidar_ros/environment/path.sh\n'}
[1.989725] (rplidar_ros) StdoutLine: {'line': b'-- Up-to-date: /root/ros2_ws/install/rplidar_ros/share/rplidar_ros/environment/path.dsv\n'}
[1.989945] (rplidar_ros) StdoutLine: {'line': b'-- Up-to-date: /root/ros2_ws/install/rplidar_ros/share/rplidar_ros/local_setup.bash\n'}
[1.990171] (rplidar_ros) StdoutLine: {'line': b'-- Up-to-date: /root/ros2_ws/install/rplidar_ros/share/rplidar_ros/local_setup.sh\n'}
[1.990434] (rplidar_ros) StdoutLine: {'line': b'-- Up-to-date: /root/ros2_ws/install/rplidar_ros/share/rplidar_ros/local_setup.zsh\n'}
[1.990708] (rplidar_ros) StdoutLine: {'line': b'-- Up-to-date: /root/ros2_ws/install/rplidar_ros/share/rplidar_ros/local_setup.dsv\n'}
[1.990956] (rplidar_ros) StdoutLine: {'line': b'-- Installing: /root/ros2_ws/install/rplidar_ros/share/rplidar_ros/package.dsv\n'}
[1.991269] (rplidar_ros) StdoutLine: {'line': b'-- Up-to-date: /root/ros2_ws/install/rplidar_ros/share/ament_index/resource_index/packages/rplidar_ros\n'}
[1.995687] (rplidar_ros) StdoutLine: {'line': b'-- Up-to-date: /root/ros2_ws/install/rplidar_ros/share/rplidar_ros/cmake/ament_cmake_export_dependencies-extras.cmake\n'}
[1.995963] (rplidar_ros) StdoutLine: {'line': b'-- Up-to-date: /root/ros2_ws/install/rplidar_ros/share/rplidar_ros/cmake/ament_cmake_export_include_directories-extras.cmake\n'}
[1.996225] (rplidar_ros) StdoutLine: {'line': b'-- Up-to-date: /root/ros2_ws/install/rplidar_ros/share/rplidar_ros/cmake/rplidar_rosConfig.cmake\n'}
[1.996477] (rplidar_ros) StdoutLine: {'line': b'-- Up-to-date: /root/ros2_ws/install/rplidar_ros/share/rplidar_ros/cmake/rplidar_rosConfig-version.cmake\n'}
[1.996694] (rplidar_ros) StdoutLine: {'line': b'-- Up-to-date: /root/ros2_ws/install/rplidar_ros/share/rplidar_ros/package.xml\n'}
[1.996922] (rplidar_ros) CommandEnded: {'returncode': 0}
[2.000006] (cartographer) StdoutLine: {'line': b'[ 55%] Built target cartographer\n'}
[2.035903] (rplidar_ros) JobEnded: {'identifier': 'rplidar_ros', 'rc': 0}
[2.050361] (-) TimerEvent: {}
[2.127989] (cartographer) StdoutLine: {'line': b'[ 56%] Built target cartographer_pbstream\n'}
[2.140905] (cartographer) StdoutLine: {'line': b'[ 57%] Built target cartographer_autogenerate_ground_truth\n'}
[2.150470] (-) TimerEvent: {}
[2.153908] (cartographer) StdoutLine: {'line': b'[ 57%] Built target cartographer_compute_relations_metrics\n'}
[2.168041] (cartographer) StdoutLine: {'line': b'[ 57%] Built target cartographer_print_configuration\n'}
[2.221299] (cartographer) StdoutLine: {'line': b'[ 58%] Built target cartographer_test_library\n'}
[2.244430] (cartographer_ros_msgs) StdoutLine: {'line': b'running egg_info\n'}
[2.251632] (cartographer_ros_msgs) StdoutLine: {'line': b'writing cartographer_ros_msgs.egg-info/PKG-INFO\n'}
[2.256583] (-) TimerEvent: {}
[2.261618] (cartographer_ros_msgs) StdoutLine: {'line': b'writing dependency_links to cartographer_ros_msgs.egg-info/dependency_links.txt\n'}
[2.269778] (cartographer_ros_msgs) StdoutLine: {'line': b'writing top-level names to cartographer_ros_msgs.egg-info/top_level.txt\n'}
[2.287733] (cartographer_ros_msgs) StdoutLine: {'line': b"reading manifest file 'cartographer_ros_msgs.egg-info/SOURCES.txt'\n"}
[2.289394] (cartographer_ros_msgs) StdoutLine: {'line': b"writing manifest file 'cartographer_ros_msgs.egg-info/SOURCES.txt'\n"}
[2.356686] (-) TimerEvent: {}
[2.405285] (cartographer) StdoutLine: {'line': b'[ 58%] Built target cartographer.common.task_test\n'}
[2.450855] (cartographer) StdoutLine: {'line': b'[ 58%] Built target cartographer.common.configuration_files_test\n'}
[2.457528] (-) TimerEvent: {}
[2.475124] (cartographer) StdoutLine: {'line': b'[ 59%] Built target cartographer.common.math_test\n'}
[2.503265] (cartographer) StdoutLine: {'line': b'[ 59%] Built target cartographer.common.lua_parameter_dictionary_test\n'}
[2.520560] (cartographer) StdoutLine: {'line': b'[ 59%] Built target cartographer.common.internal.blocking_queue_test\n'}
[2.529568] (cartographer_ros_msgs) StdoutLine: {'line': b'[100%] Built target ament_cmake_python_build_cartographer_ros_msgs_egg\n'}
[2.557691] (-) TimerEvent: {}
[2.577435] (cartographer) StdoutLine: {'line': b'[ 60%] Built target cartographer.common.internal.rate_timer_test\n'}
[2.587295] (cartographer) StdoutLine: {'line': b'[ 61%] Built target cartographer.common.fixed_ratio_sampler_test\n'}
[2.598293] (cartographer_ros_msgs) CommandEnded: {'returncode': 0}
[2.616308] (cartographer_ros_msgs) JobProgress: {'identifier': 'cartographer_ros_msgs', 'progress': 'install'}
[2.616503] (cartographer_ros_msgs) Command: {'cmd': ['/usr/bin/cmake', '--install', '/root/ros2_ws/build/cartographer_ros_msgs'], 'cwd': '/root/ros2_ws/build/cartographer_ros_msgs', 'env': OrderedDict([('HOSTNAME', 'warnie'), ('GIT_ASKPASS', '/root/.vscode-server/bin/17baf841131aa23349f217ca7c570c76ee87b957/extensions/git/dist/askpass.sh'), ('SHLVL', '2'), ('LD_LIBRARY_PATH', '/root/ros2_ws/install/cartographer_rviz/lib:/root/ros2_ws/install/cartographer_ros/lib:/root/ros2_ws/install/cartographer_ros_msgs/lib:/opt/ros/humble/opt/rviz_ogre_vendor/lib:/opt/ros/humble/lib/x86_64-linux-gnu:/opt/ros/humble/lib'), ('BROWSER', '/root/.vscode-server/bin/17baf841131aa23349f217ca7c570c76ee87b957/bin/helpers/browser.sh'), ('HOME', '/root'), ('OLDPWD', '/root/ros2_ws/src'), ('TERM_PROGRAM_VERSION', '1.99.3'), ('VSCODE_IPC_HOOK_CLI', '/tmp/vscode-ipc-68549143-8077-4743-9875-84966345cd0e.sock'), ('ROS_PYTHON_VERSION', '3'), ('VSCODE_GIT_ASKPASS_MAIN', '/root/.vscode-server/bin/17baf841131aa23349f217ca7c570c76ee87b957/extensions/git/dist/askpass-main.js'), ('VSCODE_GIT_ASKPASS_NODE', '/root/.vscode-server/bin/17baf841131aa23349f217ca7c570c76ee87b957/node'), ('LC_CTYPE', 'C.UTF-8'), ('COLORTERM', 'truecolor'), ('REMOTE_CONTAINERS', 'true'), ('COLCON_PREFIX_PATH', '/root/ros2_ws/install'), ('ROS_DISTRO', 'humble'), ('REMOTE_CONTAINERS_IPC', '/tmp/vscode-remote-containers-ipc-f285fd1d-9376-4a47-8352-1dbec715791d.sock'), ('_', '/usr/bin/colcon'), ('ROS_VERSION', '2'), ('PKG_CONFIG_PATH', '/root/ros2_ws/install/cartographer/lib/x86_64-linux-gnu/pkgconfig:/root/ros2_ws/install/cartographer/lib/pkgconfig'), ('TERM', 'xterm-256color'), ('ROS_LOCALHOST_ONLY', '0'), ('PATH', '/root/ros2_ws/install/cartographer/bin:/root/.vscode-server/bin/17baf841131aa23349f217ca7c570c76ee87b957/bin/remote-cli:/opt/ros/humble/bin:/usr/local/sbin:/usr/local/bin:/usr/sbin:/usr/bin:/sbin:/bin:/root/.vscode-server/data/User/globalStorage/github.copilot-chat/debugCommand'), ('REMOTE_CONTAINERS_SOCKETS', '["/tmp/vscode-ssh-auth-f285fd1d-9376-4a47-8352-1dbec715791d.sock","/root/.gnupg/S.gpg-agent"]'), ('DISPLAY', 'unix:0'), ('LANG', 'en_US.UTF-8'), ('VSCODE_GIT_IPC_HANDLE', '/tmp/vscode-git-3ce2b43cc6.sock'), ('TERM_PROGRAM', 'vscode'), ('SSH_AUTH_SOCK', '/tmp/vscode-ssh-auth-f285fd1d-9376-4a47-8352-1dbec715791d.sock'), ('AMENT_PREFIX_PATH', '/root/ros2_ws/install/car_launch:/root/ros2_ws/install/robocar_test_cpp:/root/ros2_ws/install/rplidar_ros:/root/ros2_ws/install/ros2_opencv:/root/ros2_ws/install/cartographer_rviz:/root/ros2_ws/install/cartographer_ros:/root/ros2_ws/install/cartographer_ros_msgs:/root/ros2_ws/install/Test_FirstPkg:/opt/ros/humble'), ('SHELL', '/bin/bash'), ('VSCODE_GIT_ASKPASS_EXTRA_ARGS', ''), ('PWD', '/root/ros2_ws/build/cartographer_ros_msgs'), ('PYTHONPATH', '/root/ros2_ws/install/ros2_opencv/lib/python3.10/site-packages:/root/ros2_ws/install/cartographer_ros_msgs/local/lib/python3.10/dist-packages:/opt/ros/humble/lib/python3.10/site-packages:/opt/ros/humble/local/lib/python3.10/dist-packages'), ('COLCON', '1'), ('CMAKE_PREFIX_PATH', '/root/ros2_ws/install/car_launch:/root/ros2_ws/install/robocar_test_cpp:/root/ros2_ws/install/rplidar_ros:/root/ros2_ws/install/cartographer_rviz:/root/ros2_ws/install/cartographer_ros:/root/ros2_ws/install/cartographer_ros_msgs:/root/ros2_ws/install/cartographer:/root/ros2_ws/install/Test_FirstPkg:/root/ros2_ws/install/ros2_opencv:/opt/ros/humble')]), 'shell': False}
[2.654776] (cartographer) StdoutLine: {'line': b'[ 62%] Built target cartographer.common.thread_pool_test\n'}
[2.663335] (-) TimerEvent: {}
[2.693649] (cartographer) StdoutLine: {'line': b'[ 62%] Built target cartographer.io.fake_file_writer_test\n'}
[2.713771] (cartographer_ros_msgs) StdoutLine: {'line': b'-- Install configuration: ""\n'}
[2.714926] (cartographer_ros_msgs) StdoutLine: {'line': b'-- Up-to-date: /root/ros2_ws/install/cartographer_ros_msgs/share/ament_index/resource_index/rosidl_interfaces/cartographer_ros_msgs\n'}
[2.718018] (cartographer_ros_msgs) StdoutLine: {'line': b'-- Up-to-date: /root/ros2_ws/install/cartographer_ros_msgs/include/cartographer_ros_msgs/cartographer_ros_msgs\n'}
[2.718567] (cartographer_ros_msgs) StdoutLine: {'line': b'-- Up-to-date: /root/ros2_ws/install/cartographer_ros_msgs/include/cartographer_ros_msgs/cartographer_ros_msgs/srv\n'}
[2.718903] (cartographer_ros_msgs) StdoutLine: {'line': b'-- Up-to-date: /root/ros2_ws/install/cartographer_ros_msgs/include/cartographer_ros_msgs/cartographer_ros_msgs/srv/get_trajectory_states.h\n'}
[2.725857] (cartographer_ros_msgs) StdoutLine: {'line': b'-- Up-to-date: /root/ros2_ws/install/cartographer_ros_msgs/include/cartographer_ros_msgs/cartographer_ros_msgs/srv/read_metrics.h\n'}
[2.726282] (cartographer_ros_msgs) StdoutLine: {'line': b'-- Up-to-date: /root/ros2_ws/install/cartographer_ros_msgs/include/cartographer_ros_msgs/cartographer_ros_msgs/srv/finish_trajectory.h\n'}
[2.726581] (cartographer_ros_msgs) StdoutLine: {'line': b'-- Up-to-date: /root/ros2_ws/install/cartographer_ros_msgs/include/cartographer_ros_msgs/cartographer_ros_msgs/srv/write_state.h\n'}
[2.726836] (cartographer_ros_msgs) StdoutLine: {'line': b'-- Up-to-date: /root/ros2_ws/install/cartographer_ros_msgs/include/cartographer_ros_msgs/cartographer_ros_msgs/srv/submap_query.h\n'}
[2.728956] (cartographer_ros_msgs) StdoutLine: {'line': b'-- Up-to-date: /root/ros2_ws/install/cartographer_ros_msgs/include/cartographer_ros_msgs/cartographer_ros_msgs/srv/start_trajectory.h\n'}
[2.730593] (cartographer_ros_msgs) StdoutLine: {'line': b'-- Up-to-date: /root/ros2_ws/install/cartographer_ros_msgs/include/cartographer_ros_msgs/cartographer_ros_msgs/srv/detail\n'}
[2.730890] (cartographer_ros_msgs) StdoutLine: {'line': b'-- Up-to-date: /root/ros2_ws/install/cartographer_ros_msgs/include/cartographer_ros_msgs/cartographer_ros_msgs/srv/detail/write_state__type_support.h\n'}
[2.731123] (cartographer_ros_msgs) StdoutLine: {'line': b'-- Up-to-date: /root/ros2_ws/install/cartographer_ros_msgs/include/cartographer_ros_msgs/cartographer_ros_msgs/srv/detail/get_trajectory_states__struct.h\n'}
[2.731376] (cartographer_ros_msgs) StdoutLine: {'line': b'-- Up-to-date: /root/ros2_ws/install/cartographer_ros_msgs/include/cartographer_ros_msgs/cartographer_ros_msgs/srv/detail/start_trajectory__functions.h\n'}
[2.731639] (cartographer_ros_msgs) StdoutLine: {'line': b'-- Up-to-date: /root/ros2_ws/install/cartographer_ros_msgs/include/cartographer_ros_msgs/cartographer_ros_msgs/srv/detail/finish_trajectory__functions.h\n'}
[2.731869] (cartographer_ros_msgs) StdoutLine: {'line': b'-- Up-to-date: /root/ros2_ws/install/cartographer_ros_msgs/include/cartographer_ros_msgs/cartographer_ros_msgs/srv/detail/get_trajectory_states__functions.c\n'}
[2.748140] (cartographer_ros_msgs) StdoutLine: {'line': b'-- Up-to-date: /root/ros2_ws/install/cartographer_ros_msgs/include/cartographer_ros_msgs/cartographer_ros_msgs/srv/detail/submap_query__type_support.h\n'}
[2.748497] (cartographer_ros_msgs) StdoutLine: {'line': b'-- Up-to-date: /root/ros2_ws/install/cartographer_ros_msgs/include/cartographer_ros_msgs/cartographer_ros_msgs/srv/detail/trajectory_query__functions.h\n'}
[2.748748] (cartographer_ros_msgs) StdoutLine: {'line': b'-- Up-to-date: /root/ros2_ws/install/cartographer_ros_msgs/include/cartographer_ros_msgs/cartographer_ros_msgs/srv/detail/trajectory_query__functions.c\n'}
[2.748984] (cartographer_ros_msgs) StdoutLine: {'line': b'-- Up-to-date: /root/ros2_ws/install/cartographer_ros_msgs/include/cartographer_ros_msgs/cartographer_ros_msgs/srv/detail/get_trajectory_states__functions.h\n'}
[2.754887] (cartographer_ros_msgs) StdoutLine: {'line': b'-- Up-to-date: /root/ros2_ws/install/cartographer_ros_msgs/include/cartographer_ros_msgs/cartographer_ros_msgs/srv/detail/trajectory_query__struct.h\n'}
[2.755277] (cartographer_ros_msgs) StdoutLine: {'line': b'-- Up-to-date: /root/ros2_ws/install/cartographer_ros_msgs/include/cartographer_ros_msgs/cartographer_ros_msgs/srv/detail/read_metrics__type_support.h\n'}
[2.755574] (cartographer_ros_msgs) StdoutLine: {'line': b'-- Up-to-date: /root/ros2_ws/install/cartographer_ros_msgs/include/cartographer_ros_msgs/cartographer_ros_msgs/srv/detail/trajectory_query__type_support.h\n'}
[2.755823] (cartographer_ros_msgs) StdoutLine: {'line': b'-- Up-to-date: /root/ros2_ws/install/cartographer_ros_msgs/include/cartographer_ros_msgs/cartographer_ros_msgs/srv/detail/start_trajectory__functions.c\n'}
[2.756050] (cartographer_ros_msgs) StdoutLine: {'line': b'-- Up-to-date: /root/ros2_ws/install/cartographer_ros_msgs/include/cartographer_ros_msgs/cartographer_ros_msgs/srv/detail/start_trajectory__struct.h\n'}
[2.766903] (-) TimerEvent: {}
[2.767330] (cartographer_ros_msgs) StdoutLine: {'line': b'-- Up-to-date: /root/ros2_ws/install/cartographer_ros_msgs/include/cartographer_ros_msgs/cartographer_ros_msgs/srv/detail/read_metrics__struct.h\n'}
[2.767722] (cartographer) StdoutLine: {'line': b'[ 63%] Built target cartographer.io.probability_grid_points_processor_test\n'}
[2.768033] (cartographer_ros_msgs) StdoutLine: {'line': b'-- Up-to-date: /root/ros2_ws/install/cartographer_ros_msgs/include/cartographer_ros_msgs/cartographer_ros_msgs/srv/detail/submap_query__functions.h\n'}
[2.768415] (cartographer_ros_msgs) StdoutLine: {'line': b'-- Up-to-date: /root/ros2_ws/install/cartographer_ros_msgs/include/cartographer_ros_msgs/cartographer_ros_msgs/srv/detail/submap_query__struct.h\n'}
[2.768749] (cartographer_ros_msgs) StdoutLine: {'line': b'-- Up-to-date: /root/ros2_ws/install/cartographer_ros_msgs/include/cartographer_ros_msgs/cartographer_ros_msgs/srv/detail/write_state__functions.c\n'}
[2.769078] (cartographer_ros_msgs) StdoutLine: {'line': b'-- Up-to-date: /root/ros2_ws/install/cartographer_ros_msgs/include/cartographer_ros_msgs/cartographer_ros_msgs/srv/detail/write_state__struct.h\n'}
[2.769497] (cartographer_ros_msgs) StdoutLine: {'line': b'-- Up-to-date: /root/ros2_ws/install/cartographer_ros_msgs/include/cartographer_ros_msgs/cartographer_ros_msgs/srv/detail/read_metrics__functions.h\n'}
[2.789938] (cartographer_ros_msgs) StdoutLine: {'line': b'-- Up-to-date: /root/ros2_ws/install/cartographer_ros_msgs/include/cartographer_ros_msgs/cartographer_ros_msgs/srv/detail/get_trajectory_states__type_support.h\n'}
[2.790441] (cartographer_ros_msgs) StdoutLine: {'line': b'-- Up-to-date: /root/ros2_ws/install/cartographer_ros_msgs/include/cartographer_ros_msgs/cartographer_ros_msgs/srv/detail/read_metrics__functions.c\n'}
[2.790716] (cartographer_ros_msgs) StdoutLine: {'line': b'-- Up-to-date: /root/ros2_ws/install/cartographer_ros_msgs/include/cartographer_ros_msgs/cartographer_ros_msgs/srv/detail/finish_trajectory__type_support.h\n'}
[2.790962] (cartographer_ros_msgs) StdoutLine: {'line': b'-- Up-to-date: /root/ros2_ws/install/cartographer_ros_msgs/include/cartographer_ros_msgs/cartographer_ros_msgs/srv/detail/write_state__functions.h\n'}
[2.794123] (cartographer_ros_msgs) StdoutLine: {'line': b'-- Up-to-date: /root/ros2_ws/install/cartographer_ros_msgs/include/cartographer_ros_msgs/cartographer_ros_msgs/srv/detail/start_trajectory__type_support.h\n'}
[2.797673] (cartographer_ros_msgs) StdoutLine: {'line': b'-- Up-to-date: /root/ros2_ws/install/cartographer_ros_msgs/include/cartographer_ros_msgs/cartographer_ros_msgs/srv/detail/finish_trajectory__functions.c\n'}
[2.799407] (cartographer_ros_msgs) StdoutLine: {'line': b'-- Up-to-date: /root/ros2_ws/install/cartographer_ros_msgs/include/cartographer_ros_msgs/cartographer_ros_msgs/srv/detail/submap_query__functions.c\n'}
[2.799697] (cartographer_ros_msgs) StdoutLine: {'line': b'-- Up-to-date: /root/ros2_ws/install/cartographer_ros_msgs/include/cartographer_ros_msgs/cartographer_ros_msgs/srv/detail/finish_trajectory__struct.h\n'}
[2.810791] (cartographer_ros_msgs) StdoutLine: {'line': b'-- Up-to-date: /root/ros2_ws/install/cartographer_ros_msgs/include/cartographer_ros_msgs/cartographer_ros_msgs/srv/trajectory_query.h\n'}
[2.811472] (cartographer_ros_msgs) StdoutLine: {'line': b'-- Up-to-date: /root/ros2_ws/install/cartographer_ros_msgs/include/cartographer_ros_msgs/cartographer_ros_msgs/msg\n'}
[2.813467] (cartographer_ros_msgs) StdoutLine: {'line': b'-- Up-to-date: /root/ros2_ws/install/cartographer_ros_msgs/include/cartographer_ros_msgs/cartographer_ros_msgs/msg/landmark_list.h\n'}
[2.813755] (cartographer_ros_msgs) StdoutLine: {'line': b'-- Up-to-date: /root/ros2_ws/install/cartographer_ros_msgs/include/cartographer_ros_msgs/cartographer_ros_msgs/msg/landmark_entry.h\n'}
[2.814017] (cartographer_ros_msgs) StdoutLine: {'line': b'-- Up-to-date: /root/ros2_ws/install/cartographer_ros_msgs/include/cartographer_ros_msgs/cartographer_ros_msgs/msg/metric_family.h\n'}
[2.816602] (cartographer_ros_msgs) StdoutLine: {'line': b'-- Up-to-date: /root/ros2_ws/install/cartographer_ros_msgs/include/cartographer_ros_msgs/cartographer_ros_msgs/msg/bagfile_progress.h\n'}
[2.816917] (cartographer_ros_msgs) StdoutLine: {'line': b'-- Up-to-date: /root/ros2_ws/install/cartographer_ros_msgs/include/cartographer_ros_msgs/cartographer_ros_msgs/msg/trajectory_states.h\n'}
[2.827239] (cartographer_ros_msgs) StdoutLine: {'line': b'-- Up-to-date: /root/ros2_ws/install/cartographer_ros_msgs/include/cartographer_ros_msgs/cartographer_ros_msgs/msg/submap_texture.h\n'}
[2.827749] (cartographer_ros_msgs) StdoutLine: {'line': b'-- Up-to-date: /root/ros2_ws/install/cartographer_ros_msgs/include/cartographer_ros_msgs/cartographer_ros_msgs/msg/rosidl_generator_c__visibility_control.h\n'}
[2.828096] (cartographer_ros_msgs) StdoutLine: {'line': b'-- Up-to-date: /root/ros2_ws/install/cartographer_ros_msgs/include/cartographer_ros_msgs/cartographer_ros_msgs/msg/status_response.h\n'}
[2.828710] (cartographer_ros_msgs) StdoutLine: {'line': b'-- Up-to-date: /root/ros2_ws/install/cartographer_ros_msgs/include/cartographer_ros_msgs/cartographer_ros_msgs/msg/submap_entry.h\n'}
[2.829203] (cartographer_ros_msgs) StdoutLine: {'line': b'-- Up-to-date: /root/ros2_ws/install/cartographer_ros_msgs/include/cartographer_ros_msgs/cartographer_ros_msgs/msg/status_code.h\n'}
[2.829560] (cartographer_ros_msgs) StdoutLine: {'line': b'-- Up-to-date: /root/ros2_ws/install/cartographer_ros_msgs/include/cartographer_ros_msgs/cartographer_ros_msgs/msg/metric_label.h\n'}
[2.841101] (cartographer_ros_msgs) StdoutLine: {'line': b'-- Up-to-date: /root/ros2_ws/install/cartographer_ros_msgs/include/cartographer_ros_msgs/cartographer_ros_msgs/msg/detail\n'}
[2.844038] (cartographer_ros_msgs) StdoutLine: {'line': b'-- Up-to-date: /root/ros2_ws/install/cartographer_ros_msgs/include/cartographer_ros_msgs/cartographer_ros_msgs/msg/detail/histogram_bucket__type_support.h\n'}
[2.847582] (cartographer_ros_msgs) StdoutLine: {'line': b'-- Up-to-date: /root/ros2_ws/install/cartographer_ros_msgs/include/cartographer_ros_msgs/cartographer_ros_msgs/msg/detail/status_code__struct.h\n'}
[2.847910] (cartographer_ros_msgs) StdoutLine: {'line': b'-- Up-to-date: /root/ros2_ws/install/cartographer_ros_msgs/include/cartographer_ros_msgs/cartographer_ros_msgs/msg/detail/landmark_entry__struct.h\n'}
[2.848231] (cartographer_ros_msgs) StdoutLine: {'line': b'-- Up-to-date: /root/ros2_ws/install/cartographer_ros_msgs/include/cartographer_ros_msgs/cartographer_ros_msgs/msg/detail/status_response__struct.h\n'}
[2.849616] (cartographer_ros_msgs) StdoutLine: {'line': b'-- Up-to-date: /root/ros2_ws/install/cartographer_ros_msgs/include/cartographer_ros_msgs/cartographer_ros_msgs/msg/detail/landmark_entry__type_support.h\n'}
[2.849926] (cartographer_ros_msgs) StdoutLine: {'line': b'-- Up-to-date: /root/ros2_ws/install/cartographer_ros_msgs/include/cartographer_ros_msgs/cartographer_ros_msgs/msg/detail/metric_family__struct.h\n'}
[2.850148] (cartographer_ros_msgs) StdoutLine: {'line': b'-- Up-to-date: /root/ros2_ws/install/cartographer_ros_msgs/include/cartographer_ros_msgs/cartographer_ros_msgs/msg/detail/metric_family__functions.c\n'}
[2.853446] (cartographer_ros_msgs) StdoutLine: {'line': b'-- Up-to-date: /root/ros2_ws/install/cartographer_ros_msgs/include/cartographer_ros_msgs/cartographer_ros_msgs/msg/detail/submap_texture__functions.h\n'}
[2.853788] (cartographer_ros_msgs) StdoutLine: {'line': b'-- Up-to-date: /root/ros2_ws/install/cartographer_ros_msgs/include/cartographer_ros_msgs/cartographer_ros_msgs/msg/detail/histogram_bucket__struct.h\n'}
[2.856608] (cartographer_ros_msgs) StdoutLine: {'line': b'-- Up-to-date: /root/ros2_ws/install/cartographer_ros_msgs/include/cartographer_ros_msgs/cartographer_ros_msgs/msg/detail/status_code__type_support.h\n'}
[2.858393] (cartographer_ros_msgs) StdoutLine: {'line': b'-- Up-to-date: /root/ros2_ws/install/cartographer_ros_msgs/include/cartographer_ros_msgs/cartographer_ros_msgs/msg/detail/metric_family__type_support.h\n'}
[2.860847] (cartographer_ros_msgs) StdoutLine: {'line': b'-- Up-to-date: /root/ros2_ws/install/cartographer_ros_msgs/include/cartographer_ros_msgs/cartographer_ros_msgs/msg/detail/metric_label__struct.h\n'}
[2.861572] (cartographer_ros_msgs) StdoutLine: {'line': b'-- Up-to-date: /root/ros2_ws/install/cartographer_ros_msgs/include/cartographer_ros_msgs/cartographer_ros_msgs/msg/detail/submap_list__functions.h\n'}
[2.862007] (cartographer_ros_msgs) StdoutLine: {'line': b'-- Up-to-date: /root/ros2_ws/install/cartographer_ros_msgs/include/cartographer_ros_msgs/cartographer_ros_msgs/msg/detail/bagfile_progress__type_support.h\n'}
[2.862433] (cartographer_ros_msgs) StdoutLine: {'line': b'-- Up-to-date: /root/ros2_ws/install/cartographer_ros_msgs/include/cartographer_ros_msgs/cartographer_ros_msgs/msg/detail/status_response__functions.c\n'}
[2.862754] (cartographer_ros_msgs) StdoutLine: {'line': b'-- Up-to-date: /root/ros2_ws/install/cartographer_ros_msgs/include/cartographer_ros_msgs/cartographer_ros_msgs/msg/detail/submap_list__type_support.h\n'}
[2.863068] (cartographer_ros_msgs) StdoutLine: {'line': b'-- Up-to-date: /root/ros2_ws/install/cartographer_ros_msgs/include/cartographer_ros_msgs/cartographer_ros_msgs/msg/detail/submap_texture__functions.c\n'}
[2.866602] (cartographer_ros_msgs) StdoutLine: {'line': b'-- Up-to-date: /root/ros2_ws/install/cartographer_ros_msgs/include/cartographer_ros_msgs/cartographer_ros_msgs/msg/detail/submap_entry__struct.h\n'}
[2.866912] (-) TimerEvent: {}
[2.867288] (cartographer_ros_msgs) StdoutLine: {'line': b'-- Up-to-date: /root/ros2_ws/install/cartographer_ros_msgs/include/cartographer_ros_msgs/cartographer_ros_msgs/msg/detail/status_response__functions.h\n'}
[2.867638] (cartographer_ros_msgs) StdoutLine: {'line': b'-- Up-to-date: /root/ros2_ws/install/cartographer_ros_msgs/include/cartographer_ros_msgs/cartographer_ros_msgs/msg/detail/histogram_bucket__functions.c\n'}
[2.867916] (cartographer_ros_msgs) StdoutLine: {'line': b'-- Up-to-date: /root/ros2_ws/install/cartographer_ros_msgs/include/cartographer_ros_msgs/cartographer_ros_msgs/msg/detail/trajectory_states__functions.c\n'}
[2.873916] (cartographer_ros_msgs) StdoutLine: {'line': b'-- Up-to-date: /root/ros2_ws/install/cartographer_ros_msgs/include/cartographer_ros_msgs/cartographer_ros_msgs/msg/detail/landmark_list__functions.h\n'}
[2.874458] (cartographer_ros_msgs) StdoutLine: {'line': b'-- Up-to-date: /root/ros2_ws/install/cartographer_ros_msgs/include/cartographer_ros_msgs/cartographer_ros_msgs/msg/detail/landmark_list__struct.h\n'}
[2.874790] (cartographer_ros_msgs) StdoutLine: {'line': b'-- Up-to-date: /root/ros2_ws/install/cartographer_ros_msgs/include/cartographer_ros_msgs/cartographer_ros_msgs/msg/detail/landmark_list__type_support.h\n'}
[2.875126] (cartographer_ros_msgs) StdoutLine: {'line': b'-- Up-to-date: /root/ros2_ws/install/cartographer_ros_msgs/include/cartographer_ros_msgs/cartographer_ros_msgs/msg/detail/status_code__functions.h\n'}
[2.875461] (cartographer_ros_msgs) StdoutLine: {'line': b'-- Up-to-date: /root/ros2_ws/install/cartographer_ros_msgs/include/cartographer_ros_msgs/cartographer_ros_msgs/msg/detail/metric__functions.h\n'}
[2.875761] (cartographer_ros_msgs) StdoutLine: {'line': b'-- Up-to-date: /root/ros2_ws/install/cartographer_ros_msgs/include/cartographer_ros_msgs/cartographer_ros_msgs/msg/detail/landmark_list__functions.c\n'}
[2.876048] (cartographer_ros_msgs) StdoutLine: {'line': b'-- Up-to-date: /root/ros2_ws/install/cartographer_ros_msgs/include/cartographer_ros_msgs/cartographer_ros_msgs/msg/detail/submap_entry__type_support.h\n'}
[2.876470] (cartographer_ros_msgs) StdoutLine: {'line': b'-- Up-to-date: /root/ros2_ws/install/cartographer_ros_msgs/include/cartographer_ros_msgs/cartographer_ros_msgs/msg/detail/status_response__type_support.h\n'}
[2.876794] (cartographer_ros_msgs) StdoutLine: {'line': b'-- Up-to-date: /root/ros2_ws/install/cartographer_ros_msgs/include/cartographer_ros_msgs/cartographer_ros_msgs/msg/detail/metric_label__type_support.h\n'}
[2.877034] (cartographer_ros_msgs) StdoutLine: {'line': b'-- Up-to-date: /root/ros2_ws/install/cartographer_ros_msgs/include/cartographer_ros_msgs/cartographer_ros_msgs/msg/detail/submap_entry__functions.h\n'}
[2.879884] (cartographer_ros_msgs) StdoutLine: {'line': b'-- Up-to-date: /root/ros2_ws/install/cartographer_ros_msgs/include/cartographer_ros_msgs/cartographer_ros_msgs/msg/detail/submap_texture__struct.h\n'}
[2.880180] (cartographer_ros_msgs) StdoutLine: {'line': b'-- Up-to-date: /root/ros2_ws/install/cartographer_ros_msgs/include/cartographer_ros_msgs/cartographer_ros_msgs/msg/detail/histogram_bucket__functions.h\n'}
[2.880464] (cartographer_ros_msgs) StdoutLine: {'line': b'-- Up-to-date: /root/ros2_ws/install/cartographer_ros_msgs/include/cartographer_ros_msgs/cartographer_ros_msgs/msg/detail/trajectory_states__type_support.h\n'}
[2.880714] (cartographer_ros_msgs) StdoutLine: {'line': b'-- Up-to-date: /root/ros2_ws/install/cartographer_ros_msgs/include/cartographer_ros_msgs/cartographer_ros_msgs/msg/detail/submap_list__struct.h\n'}
[2.880948] (cartographer_ros_msgs) StdoutLine: {'line': b'-- Up-to-date: /root/ros2_ws/install/cartographer_ros_msgs/include/cartographer_ros_msgs/cartographer_ros_msgs/msg/detail/submap_entry__functions.c\n'}
[2.881227] (cartographer_ros_msgs) StdoutLine: {'line': b'-- Up-to-date: /root/ros2_ws/install/cartographer_ros_msgs/include/cartographer_ros_msgs/cartographer_ros_msgs/msg/detail/bagfile_progress__functions.c\n'}
[2.881523] (cartographer_ros_msgs) StdoutLine: {'line': b'-- Up-to-date: /root/ros2_ws/install/cartographer_ros_msgs/include/cartographer_ros_msgs/cartographer_ros_msgs/msg/detail/submap_list__functions.c\n'}
[2.881825] (cartographer_ros_msgs) StdoutLine: {'line': b'-- Up-to-date: /root/ros2_ws/install/cartographer_ros_msgs/include/cartographer_ros_msgs/cartographer_ros_msgs/msg/detail/trajectory_states__struct.h\n'}
[2.882086] (cartographer_ros_msgs) StdoutLine: {'line': b'-- Up-to-date: /root/ros2_ws/install/cartographer_ros_msgs/include/cartographer_ros_msgs/cartographer_ros_msgs/msg/detail/trajectory_states__functions.h\n'}
[2.882392] (cartographer_ros_msgs) StdoutLine: {'line': b'-- Up-to-date: /root/ros2_ws/install/cartographer_ros_msgs/include/cartographer_ros_msgs/cartographer_ros_msgs/msg/detail/submap_texture__type_support.h\n'}
[2.891658] (cartographer_ros_msgs) StdoutLine: {'line': b'-- Up-to-date: /root/ros2_ws/install/cartographer_ros_msgs/include/cartographer_ros_msgs/cartographer_ros_msgs/msg/detail/bagfile_progress__functions.h\n'}
[2.892041] (cartographer_ros_msgs) StdoutLine: {'line': b'-- Up-to-date: /root/ros2_ws/install/cartographer_ros_msgs/include/cartographer_ros_msgs/cartographer_ros_msgs/msg/detail/bagfile_progress__struct.h\n'}
[2.892376] (cartographer_ros_msgs) StdoutLine: {'line': b'-- Up-to-date: /root/ros2_ws/install/cartographer_ros_msgs/include/cartographer_ros_msgs/cartographer_ros_msgs/msg/detail/landmark_entry__functions.h\n'}
[2.892658] (cartographer_ros_msgs) StdoutLine: {'line': b'-- Up-to-date: /root/ros2_ws/install/cartographer_ros_msgs/include/cartographer_ros_msgs/cartographer_ros_msgs/msg/detail/metric__functions.c\n'}
[2.892980] (cartographer_ros_msgs) StdoutLine: {'line': b'-- Up-to-date: /root/ros2_ws/install/cartographer_ros_msgs/include/cartographer_ros_msgs/cartographer_ros_msgs/msg/detail/metric__struct.h\n'}
[2.893371] (cartographer_ros_msgs) StdoutLine: {'line': b'-- Up-to-date: /root/ros2_ws/install/cartographer_ros_msgs/include/cartographer_ros_msgs/cartographer_ros_msgs/msg/detail/status_code__functions.c\n'}
[2.893776] (cartographer_ros_msgs) StdoutLine: {'line': b'-- Up-to-date: /root/ros2_ws/install/cartographer_ros_msgs/include/cartographer_ros_msgs/cartographer_ros_msgs/msg/detail/metric_family__functions.h\n'}
[2.898386] (cartographer_ros_msgs) StdoutLine: {'line': b'-- Up-to-date: /root/ros2_ws/install/cartographer_ros_msgs/include/cartographer_ros_msgs/cartographer_ros_msgs/msg/detail/metric_label__functions.h\n'}
[2.898725] (cartographer) StdoutLine: {'line': b'[ 63%] Built target cartographer.io.points_processor_pipeline_builder_test\n'}
[2.899025] (cartographer_ros_msgs) StdoutLine: {'line': b'-- Up-to-date: /root/ros2_ws/install/cartographer_ros_msgs/include/cartographer_ros_msgs/cartographer_ros_msgs/msg/detail/metric_label__functions.c\n'}
[2.903674] (cartographer_ros_msgs) StdoutLine: {'line': b'-- Up-to-date: /root/ros2_ws/install/cartographer_ros_msgs/include/cartographer_ros_msgs/cartographer_ros_msgs/msg/detail/metric__type_support.h\n'}
[2.904096] (cartographer) StdoutLine: {'line': b'[ 64%] Built target cartographer.io.internal.in_memory_proto_stream_test\n'}
[2.904899] (cartographer_ros_msgs) StdoutLine: {'line': b'-- Up-to-date: /root/ros2_ws/install/cartographer_ros_msgs/include/cartographer_ros_msgs/cartographer_ros_msgs/msg/detail/landmark_entry__functions.c\n'}
[2.905313] (cartographer_ros_msgs) StdoutLine: {'line': b'-- Up-to-date: /root/ros2_ws/install/cartographer_ros_msgs/include/cartographer_ros_msgs/cartographer_ros_msgs/msg/metric.h\n'}
[2.905594] (cartographer_ros_msgs) StdoutLine: {'line': b'-- Up-to-date: /root/ros2_ws/install/cartographer_ros_msgs/include/cartographer_ros_msgs/cartographer_ros_msgs/msg/submap_list.h\n'}
[2.905878] (cartographer_ros_msgs) StdoutLine: {'line': b'-- Up-to-date: /root/ros2_ws/install/cartographer_ros_msgs/include/cartographer_ros_msgs/cartographer_ros_msgs/msg/histogram_bucket.h\n'}
[2.913742] (cartographer_ros_msgs) StdoutLine: {'line': b'-- Up-to-date: /root/ros2_ws/install/cartographer_ros_msgs/share/cartographer_ros_msgs/environment/library_path.sh\n'}
[2.914073] (cartographer_ros_msgs) StdoutLine: {'line': b'-- Up-to-date: /root/ros2_ws/install/cartographer_ros_msgs/share/cartographer_ros_msgs/environment/library_path.dsv\n'}
[2.919346] (cartographer_ros_msgs) StdoutLine: {'line': b'-- Up-to-date: /root/ros2_ws/install/cartographer_ros_msgs/lib/libcartographer_ros_msgs__rosidl_generator_c.so\n'}
[2.919911] (cartographer_ros_msgs) StdoutLine: {'line': b'-- Up-to-date: /root/ros2_ws/install/cartographer_ros_msgs/include/cartographer_ros_msgs/cartographer_ros_msgs\n'}
[2.920241] (cartographer_ros_msgs) StdoutLine: {'line': b'-- Up-to-date: /root/ros2_ws/install/cartographer_ros_msgs/include/cartographer_ros_msgs/cartographer_ros_msgs/srv\n'}
[2.920536] (cartographer_ros_msgs) StdoutLine: {'line': b'-- Up-to-date: /root/ros2_ws/install/cartographer_ros_msgs/include/cartographer_ros_msgs/cartographer_ros_msgs/srv/detail\n'}
[2.920785] (cartographer_ros_msgs) StdoutLine: {'line': b'-- Up-to-date: /root/ros2_ws/install/cartographer_ros_msgs/include/cartographer_ros_msgs/cartographer_ros_msgs/srv/detail/start_trajectory__rosidl_typesupport_fastrtps_c.h\n'}
[2.921030] (cartographer_ros_msgs) StdoutLine: {'line': b'-- Up-to-date: /root/ros2_ws/install/cartographer_ros_msgs/include/cartographer_ros_msgs/cartographer_ros_msgs/srv/detail/get_trajectory_states__rosidl_typesupport_fastrtps_c.h\n'}
[2.921322] (cartographer_ros_msgs) StdoutLine: {'line': b'-- Up-to-date: /root/ros2_ws/install/cartographer_ros_msgs/include/cartographer_ros_msgs/cartographer_ros_msgs/srv/detail/trajectory_query__rosidl_typesupport_fastrtps_c.h\n'}
[2.928975] (cartographer_ros_msgs) StdoutLine: {'line': b'-- Up-to-date: /root/ros2_ws/install/cartographer_ros_msgs/include/cartographer_ros_msgs/cartographer_ros_msgs/srv/detail/write_state__rosidl_typesupport_fastrtps_c.h\n'}
[2.932724] (cartographer_ros_msgs) StdoutLine: {'line': b'-- Up-to-date: /root/ros2_ws/install/cartographer_ros_msgs/include/cartographer_ros_msgs/cartographer_ros_msgs/srv/detail/read_metrics__rosidl_typesupport_fastrtps_c.h\n'}
[2.933109] (cartographer_ros_msgs) StdoutLine: {'line': b'-- Up-to-date: /root/ros2_ws/install/cartographer_ros_msgs/include/cartographer_ros_msgs/cartographer_ros_msgs/srv/detail/submap_query__rosidl_typesupport_fastrtps_c.h\n'}
[2.933503] (cartographer_ros_msgs) StdoutLine: {'line': b'-- Up-to-date: /root/ros2_ws/install/cartographer_ros_msgs/include/cartographer_ros_msgs/cartographer_ros_msgs/srv/detail/finish_trajectory__rosidl_typesupport_fastrtps_c.h\n'}
[2.933786] (cartographer_ros_msgs) StdoutLine: {'line': b'-- Up-to-date: /root/ros2_ws/install/cartographer_ros_msgs/include/cartographer_ros_msgs/cartographer_ros_msgs/msg\n'}
[2.934041] (cartographer_ros_msgs) StdoutLine: {'line': b'-- Up-to-date: /root/ros2_ws/install/cartographer_ros_msgs/include/cartographer_ros_msgs/cartographer_ros_msgs/msg/detail\n'}
[2.934383] (cartographer_ros_msgs) StdoutLine: {'line': b'-- Up-to-date: /root/ros2_ws/install/cartographer_ros_msgs/include/cartographer_ros_msgs/cartographer_ros_msgs/msg/detail/status_response__rosidl_typesupport_fastrtps_c.h\n'}
[2.934702] (cartographer_ros_msgs) StdoutLine: {'line': b'-- Up-to-date: /root/ros2_ws/install/cartographer_ros_msgs/include/cartographer_ros_msgs/cartographer_ros_msgs/msg/detail/status_code__rosidl_typesupport_fastrtps_c.h\n'}
[2.942676] (cartographer_ros_msgs) StdoutLine: {'line': b'-- Up-to-date: /root/ros2_ws/install/cartographer_ros_msgs/include/cartographer_ros_msgs/cartographer_ros_msgs/msg/detail/histogram_bucket__rosidl_typesupport_fastrtps_c.h\n'}
[2.948063] (cartographer_ros_msgs) StdoutLine: {'line': b'-- Up-to-date: /root/ros2_ws/install/cartographer_ros_msgs/include/cartographer_ros_msgs/cartographer_ros_msgs/msg/detail/metric_family__rosidl_typesupport_fastrtps_c.h\n'}
[2.948537] (cartographer_ros_msgs) StdoutLine: {'line': b'-- Up-to-date: /root/ros2_ws/install/cartographer_ros_msgs/include/cartographer_ros_msgs/cartographer_ros_msgs/msg/detail/metric_label__rosidl_typesupport_fastrtps_c.h\n'}
[2.949036] (cartographer_ros_msgs) StdoutLine: {'line': b'-- Up-to-date: /root/ros2_ws/install/cartographer_ros_msgs/include/cartographer_ros_msgs/cartographer_ros_msgs/msg/detail/submap_entry__rosidl_typesupport_fastrtps_c.h\n'}
[2.949430] (cartographer_ros_msgs) StdoutLine: {'line': b'-- Up-to-date: /root/ros2_ws/install/cartographer_ros_msgs/include/cartographer_ros_msgs/cartographer_ros_msgs/msg/detail/landmark_list__rosidl_typesupport_fastrtps_c.h\n'}
[2.949684] (cartographer_ros_msgs) StdoutLine: {'line': b'-- Up-to-date: /root/ros2_ws/install/cartographer_ros_msgs/include/cartographer_ros_msgs/cartographer_ros_msgs/msg/detail/submap_list__rosidl_typesupport_fastrtps_c.h\n'}
[2.949918] (cartographer_ros_msgs) StdoutLine: {'line': b'-- Up-to-date: /root/ros2_ws/install/cartographer_ros_msgs/include/cartographer_ros_msgs/cartographer_ros_msgs/msg/detail/metric__rosidl_typesupport_fastrtps_c.h\n'}
[2.954250] (cartographer_ros_msgs) StdoutLine: {'line': b'-- Up-to-date: /root/ros2_ws/install/cartographer_ros_msgs/include/cartographer_ros_msgs/cartographer_ros_msgs/msg/detail/landmark_entry__rosidl_typesupport_fastrtps_c.h\n'}
[2.954681] (cartographer_ros_msgs) StdoutLine: {'line': b'-- Up-to-date: /root/ros2_ws/install/cartographer_ros_msgs/include/cartographer_ros_msgs/cartographer_ros_msgs/msg/detail/submap_texture__rosidl_typesupport_fastrtps_c.h\n'}
[2.954963] (cartographer_ros_msgs) StdoutLine: {'line': b'-- Up-to-date: /root/ros2_ws/install/cartographer_ros_msgs/include/cartographer_ros_msgs/cartographer_ros_msgs/msg/detail/trajectory_states__rosidl_typesupport_fastrtps_c.h\n'}
[2.956063] (cartographer_ros_msgs) StdoutLine: {'line': b'-- Up-to-date: /root/ros2_ws/install/cartographer_ros_msgs/include/cartographer_ros_msgs/cartographer_ros_msgs/msg/detail/bagfile_progress__rosidl_typesupport_fastrtps_c.h\n'}
[2.960096] (cartographer_ros_msgs) StdoutLine: {'line': b'-- Up-to-date: /root/ros2_ws/install/cartographer_ros_msgs/include/cartographer_ros_msgs/cartographer_ros_msgs/msg/rosidl_typesupport_fastrtps_c__visibility_control.h\n'}
[2.961003] (cartographer_ros_msgs) StdoutLine: {'line': b'-- Up-to-date: /root/ros2_ws/install/cartographer_ros_msgs/lib/libcartographer_ros_msgs__rosidl_typesupport_fastrtps_c.so\n'}
[2.961443] (cartographer_ros_msgs) StdoutLine: {'line': b'-- Up-to-date: /root/ros2_ws/install/cartographer_ros_msgs/include/cartographer_ros_msgs/cartographer_ros_msgs\n'}
[2.961735] (cartographer_ros_msgs) StdoutLine: {'line': b'-- Up-to-date: /root/ros2_ws/install/cartographer_ros_msgs/include/cartographer_ros_msgs/cartographer_ros_msgs/srv\n'}
[2.961986] (cartographer_ros_msgs) StdoutLine: {'line': b'-- Up-to-date: /root/ros2_ws/install/cartographer_ros_msgs/include/cartographer_ros_msgs/cartographer_ros_msgs/srv/detail\n'}
[2.962248] (cartographer) StdoutLine: {'line': b'[ 65%] Built target cartographer.io.proto_stream_test\n'}
[2.962516] (cartographer) StdoutLine: {'line': b'[ 65%] Built target cartographer.io.proto_stream_deserializer_test\n'}
[2.962772] (cartographer_ros_msgs) StdoutLine: {'line': b'-- Up-to-date: /root/ros2_ws/install/cartographer_ros_msgs/include/cartographer_ros_msgs/cartographer_ros_msgs/srv/detail/finish_trajectory__type_support.c\n'}
[2.963023] (cartographer_ros_msgs) StdoutLine: {'line': b'-- Up-to-date: /root/ros2_ws/install/cartographer_ros_msgs/include/cartographer_ros_msgs/cartographer_ros_msgs/srv/detail/get_trajectory_states__rosidl_typesupport_introspection_c.h\n'}
[2.969331] (-) TimerEvent: {}
[2.973280] (cartographer_ros_msgs) StdoutLine: {'line': b'-- Up-to-date: /root/ros2_ws/install/cartographer_ros_msgs/include/cartographer_ros_msgs/cartographer_ros_msgs/srv/detail/start_trajectory__type_support.c\n'}
[2.973702] (cartographer_ros_msgs) StdoutLine: {'line': b'-- Up-to-date: /root/ros2_ws/install/cartographer_ros_msgs/include/cartographer_ros_msgs/cartographer_ros_msgs/srv/detail/read_metrics__type_support.c\n'}
[2.973961] (cartographer_ros_msgs) StdoutLine: {'line': b'-- Up-to-date: /root/ros2_ws/install/cartographer_ros_msgs/include/cartographer_ros_msgs/cartographer_ros_msgs/srv/detail/write_state__rosidl_typesupport_introspection_c.h\n'}
[2.974193] (cartographer_ros_msgs) StdoutLine: {'line': b'-- Up-to-date: /root/ros2_ws/install/cartographer_ros_msgs/include/cartographer_ros_msgs/cartographer_ros_msgs/srv/detail/submap_query__type_support.c\n'}
[2.974496] (cartographer_ros_msgs) StdoutLine: {'line': b'-- Up-to-date: /root/ros2_ws/install/cartographer_ros_msgs/include/cartographer_ros_msgs/cartographer_ros_msgs/srv/detail/get_trajectory_states__type_support.c\n'}
[2.974745] (cartographer_ros_msgs) StdoutLine: {'line': b'-- Up-to-date: /root/ros2_ws/install/cartographer_ros_msgs/include/cartographer_ros_msgs/cartographer_ros_msgs/srv/detail/submap_query__rosidl_typesupport_introspection_c.h\n'}
[2.975009] (cartographer_ros_msgs) StdoutLine: {'line': b'-- Up-to-date: /root/ros2_ws/install/cartographer_ros_msgs/include/cartographer_ros_msgs/cartographer_ros_msgs/srv/detail/start_trajectory__rosidl_typesupport_introspection_c.h\n'}
[2.980046] (cartographer_ros_msgs) StdoutLine: {'line': b'-- Up-to-date: /root/ros2_ws/install/cartographer_ros_msgs/include/cartographer_ros_msgs/cartographer_ros_msgs/srv/detail/trajectory_query__rosidl_typesupport_introspection_c.h\n'}
[2.980418] (cartographer_ros_msgs) StdoutLine: {'line': b'-- Up-to-date: /root/ros2_ws/install/cartographer_ros_msgs/include/cartographer_ros_msgs/cartographer_ros_msgs/srv/detail/trajectory_query__type_support.c\n'}
[2.983244] (cartographer_ros_msgs) StdoutLine: {'line': b'-- Up-to-date: /root/ros2_ws/install/cartographer_ros_msgs/include/cartographer_ros_msgs/cartographer_ros_msgs/srv/detail/read_metrics__rosidl_typesupport_introspection_c.h\n'}
[2.983724] (cartographer_ros_msgs) StdoutLine: {'line': b'-- Up-to-date: /root/ros2_ws/install/cartographer_ros_msgs/include/cartographer_ros_msgs/cartographer_ros_msgs/srv/detail/finish_trajectory__rosidl_typesupport_introspection_c.h\n'}
[2.984007] (cartographer_ros_msgs) StdoutLine: {'line': b'-- Up-to-date: /root/ros2_ws/install/cartographer_ros_msgs/include/cartographer_ros_msgs/cartographer_ros_msgs/srv/detail/write_state__type_support.c\n'}
[2.985563] (cartographer_ros_msgs) StdoutLine: {'line': b'-- Up-to-date: /root/ros2_ws/install/cartographer_ros_msgs/include/cartographer_ros_msgs/cartographer_ros_msgs/msg\n'}
[2.988575] (cartographer_ros_msgs) StdoutLine: {'line': b'-- Up-to-date: /root/ros2_ws/install/cartographer_ros_msgs/include/cartographer_ros_msgs/cartographer_ros_msgs/msg/detail\n'}
[2.988892] (cartographer_ros_msgs) StdoutLine: {'line': b'-- Up-to-date: /root/ros2_ws/install/cartographer_ros_msgs/include/cartographer_ros_msgs/cartographer_ros_msgs/msg/detail/landmark_list__rosidl_typesupport_introspection_c.h\n'}
[2.990310] (cartographer_ros_msgs) StdoutLine: {'line': b'-- Up-to-date: /root/ros2_ws/install/cartographer_ros_msgs/include/cartographer_ros_msgs/cartographer_ros_msgs/msg/detail/metric_label__rosidl_typesupport_introspection_c.h\n'}
[2.990788] (cartographer_ros_msgs) StdoutLine: {'line': b'-- Up-to-date: /root/ros2_ws/install/cartographer_ros_msgs/include/cartographer_ros_msgs/cartographer_ros_msgs/msg/detail/submap_entry__rosidl_typesupport_introspection_c.h\n'}
[2.991115] (cartographer_ros_msgs) StdoutLine: {'line': b'-- Up-to-date: /root/ros2_ws/install/cartographer_ros_msgs/include/cartographer_ros_msgs/cartographer_ros_msgs/msg/detail/status_code__rosidl_typesupport_introspection_c.h\n'}
[2.991395] (cartographer_ros_msgs) StdoutLine: {'line': b'-- Up-to-date: /root/ros2_ws/install/cartographer_ros_msgs/include/cartographer_ros_msgs/cartographer_ros_msgs/msg/detail/status_response__rosidl_typesupport_introspection_c.h\n'}
[2.991639] (cartographer_ros_msgs) StdoutLine: {'line': b'-- Up-to-date: /root/ros2_ws/install/cartographer_ros_msgs/include/cartographer_ros_msgs/cartographer_ros_msgs/msg/detail/metric_family__rosidl_typesupport_introspection_c.h\n'}
[2.991861] (cartographer_ros_msgs) StdoutLine: {'line': b'-- Up-to-date: /root/ros2_ws/install/cartographer_ros_msgs/include/cartographer_ros_msgs/cartographer_ros_msgs/msg/detail/metric_label__type_support.c\n'}
[2.992095] (cartographer_ros_msgs) StdoutLine: {'line': b'-- Up-to-date: /root/ros2_ws/install/cartographer_ros_msgs/include/cartographer_ros_msgs/cartographer_ros_msgs/msg/detail/submap_list__type_support.c\n'}
[2.996448] (cartographer_ros_msgs) StdoutLine: {'line': b'-- Up-to-date: /root/ros2_ws/install/cartographer_ros_msgs/include/cartographer_ros_msgs/cartographer_ros_msgs/msg/detail/histogram_bucket__type_support.c\n'}
[2.996779] (cartographer_ros_msgs) StdoutLine: {'line': b'-- Up-to-date: /root/ros2_ws/install/cartographer_ros_msgs/include/cartographer_ros_msgs/cartographer_ros_msgs/msg/detail/bagfile_progress__rosidl_typesupport_introspection_c.h\n'}
[2.997083] (cartographer_ros_msgs) StdoutLine: {'line': b'-- Up-to-date: /root/ros2_ws/install/cartographer_ros_msgs/include/cartographer_ros_msgs/cartographer_ros_msgs/msg/detail/landmark_entry__type_support.c\n'}
[3.015696] (cartographer_ros_msgs) StdoutLine: {'line': b'-- Up-to-date: /root/ros2_ws/install/cartographer_ros_msgs/include/cartographer_ros_msgs/cartographer_ros_msgs/msg/detail/metric__rosidl_typesupport_introspection_c.h\n'}
[3.016017] (cartographer_ros_msgs) StdoutLine: {'line': b'-- Up-to-date: /root/ros2_ws/install/cartographer_ros_msgs/include/cartographer_ros_msgs/cartographer_ros_msgs/msg/detail/submap_texture__rosidl_typesupport_introspection_c.h\n'}
[3.016381] (cartographer_ros_msgs) StdoutLine: {'line': b'-- Up-to-date: /root/ros2_ws/install/cartographer_ros_msgs/include/cartographer_ros_msgs/cartographer_ros_msgs/msg/detail/histogram_bucket__rosidl_typesupport_introspection_c.h\n'}
[3.016850] (cartographer_ros_msgs) StdoutLine: {'line': b'-- Up-to-date: /root/ros2_ws/install/cartographer_ros_msgs/include/cartographer_ros_msgs/cartographer_ros_msgs/msg/detail/landmark_list__type_support.c\n'}
[3.017304] (cartographer_ros_msgs) StdoutLine: {'line': b'-- Up-to-date: /root/ros2_ws/install/cartographer_ros_msgs/include/cartographer_ros_msgs/cartographer_ros_msgs/msg/detail/bagfile_progress__type_support.c\n'}
[3.017750] (cartographer_ros_msgs) StdoutLine: {'line': b'-- Up-to-date: /root/ros2_ws/install/cartographer_ros_msgs/include/cartographer_ros_msgs/cartographer_ros_msgs/msg/detail/trajectory_states__rosidl_typesupport_introspection_c.h\n'}
[3.018073] (cartographer_ros_msgs) StdoutLine: {'line': b'-- Up-to-date: /root/ros2_ws/install/cartographer_ros_msgs/include/cartographer_ros_msgs/cartographer_ros_msgs/msg/detail/metric_family__type_support.c\n'}
[3.018447] (cartographer_ros_msgs) StdoutLine: {'line': b'-- Up-to-date: /root/ros2_ws/install/cartographer_ros_msgs/include/cartographer_ros_msgs/cartographer_ros_msgs/msg/detail/metric__type_support.c\n'}
[3.018799] (cartographer_ros_msgs) StdoutLine: {'line': b'-- Up-to-date: /root/ros2_ws/install/cartographer_ros_msgs/include/cartographer_ros_msgs/cartographer_ros_msgs/msg/detail/landmark_entry__rosidl_typesupport_introspection_c.h\n'}
[3.033007] (cartographer_ros_msgs) StdoutLine: {'line': b'-- Up-to-date: /root/ros2_ws/install/cartographer_ros_msgs/include/cartographer_ros_msgs/cartographer_ros_msgs/msg/detail/status_response__type_support.c\n'}
[3.033569] (cartographer_ros_msgs) StdoutLine: {'line': b'-- Up-to-date: /root/ros2_ws/install/cartographer_ros_msgs/include/cartographer_ros_msgs/cartographer_ros_msgs/msg/detail/submap_entry__type_support.c\n'}
[3.033842] (cartographer_ros_msgs) StdoutLine: {'line': b'-- Up-to-date: /root/ros2_ws/install/cartographer_ros_msgs/include/cartographer_ros_msgs/cartographer_ros_msgs/msg/detail/submap_list__rosidl_typesupport_introspection_c.h\n'}
[3.034134] (cartographer_ros_msgs) StdoutLine: {'line': b'-- Up-to-date: /root/ros2_ws/install/cartographer_ros_msgs/include/cartographer_ros_msgs/cartographer_ros_msgs/msg/detail/trajectory_states__type_support.c\n'}
[3.034463] (cartographer_ros_msgs) StdoutLine: {'line': b'-- Up-to-date: /root/ros2_ws/install/cartographer_ros_msgs/include/cartographer_ros_msgs/cartographer_ros_msgs/msg/detail/status_code__type_support.c\n'}
[3.034791] (cartographer_ros_msgs) StdoutLine: {'line': b'-- Up-to-date: /root/ros2_ws/install/cartographer_ros_msgs/include/cartographer_ros_msgs/cartographer_ros_msgs/msg/detail/submap_texture__type_support.c\n'}
[3.035075] (cartographer_ros_msgs) StdoutLine: {'line': b'-- Up-to-date: /root/ros2_ws/install/cartographer_ros_msgs/include/cartographer_ros_msgs/cartographer_ros_msgs/msg/rosidl_typesupport_introspection_c__visibility_control.h\n'}
[3.035375] (cartographer_ros_msgs) StdoutLine: {'line': b'-- Up-to-date: /root/ros2_ws/install/cartographer_ros_msgs/lib/libcartographer_ros_msgs__rosidl_typesupport_introspection_c.so\n'}
[3.035647] (cartographer_ros_msgs) StdoutLine: {'line': b'-- Up-to-date: /root/ros2_ws/install/cartographer_ros_msgs/lib/libcartographer_ros_msgs__rosidl_typesupport_c.so\n'}
[3.035914] (cartographer_ros_msgs) StdoutLine: {'line': b'-- Up-to-date: /root/ros2_ws/install/cartographer_ros_msgs/include/cartographer_ros_msgs/cartographer_ros_msgs\n'}
[3.046872] (cartographer_ros_msgs) StdoutLine: {'line': b'-- Up-to-date: /root/ros2_ws/install/cartographer_ros_msgs/include/cartographer_ros_msgs/cartographer_ros_msgs/srv\n'}
[3.047469] (cartographer_ros_msgs) StdoutLine: {'line': b'-- Up-to-date: /root/ros2_ws/install/cartographer_ros_msgs/include/cartographer_ros_msgs/cartographer_ros_msgs/srv/trajectory_query.hpp\n'}
[3.047844] (cartographer_ros_msgs) StdoutLine: {'line': b'-- Up-to-date: /root/ros2_ws/install/cartographer_ros_msgs/include/cartographer_ros_msgs/cartographer_ros_msgs/srv/start_trajectory.hpp\n'}
[3.048172] (cartographer_ros_msgs) StdoutLine: {'line': b'-- Up-to-date: /root/ros2_ws/install/cartographer_ros_msgs/include/cartographer_ros_msgs/cartographer_ros_msgs/srv/read_metrics.hpp\n'}
[3.048571] (cartographer_ros_msgs) StdoutLine: {'line': b'-- Up-to-date: /root/ros2_ws/install/cartographer_ros_msgs/include/cartographer_ros_msgs/cartographer_ros_msgs/srv/finish_trajectory.hpp\n'}
[3.048897] (cartographer_ros_msgs) StdoutLine: {'line': b'-- Up-to-date: /root/ros2_ws/install/cartographer_ros_msgs/include/cartographer_ros_msgs/cartographer_ros_msgs/srv/submap_query.hpp\n'}
[3.049235] (cartographer_ros_msgs) StdoutLine: {'line': b'-- Up-to-date: /root/ros2_ws/install/cartographer_ros_msgs/include/cartographer_ros_msgs/cartographer_ros_msgs/srv/get_trajectory_states.hpp\n'}
[3.049579] (cartographer_ros_msgs) StdoutLine: {'line': b'-- Up-to-date: /root/ros2_ws/install/cartographer_ros_msgs/include/cartographer_ros_msgs/cartographer_ros_msgs/srv/detail\n'}
[3.049778] (cartographer_ros_msgs) StdoutLine: {'line': b'-- Up-to-date: /root/ros2_ws/install/cartographer_ros_msgs/include/cartographer_ros_msgs/cartographer_ros_msgs/srv/detail/trajectory_query__builder.hpp\n'}
[3.049969] (cartographer_ros_msgs) StdoutLine: {'line': b'-- Up-to-date: /root/ros2_ws/install/cartographer_ros_msgs/include/cartographer_ros_msgs/cartographer_ros_msgs/srv/detail/submap_query__struct.hpp\n'}
[3.062292] (cartographer_ros_msgs) StdoutLine: {'line': b'-- Up-to-date: /root/ros2_ws/install/cartographer_ros_msgs/include/cartographer_ros_msgs/cartographer_ros_msgs/srv/detail/submap_query__builder.hpp\n'}
[3.062704] (cartographer_ros_msgs) StdoutLine: {'line': b'-- Up-to-date: /root/ros2_ws/install/cartographer_ros_msgs/include/cartographer_ros_msgs/cartographer_ros_msgs/srv/detail/submap_query__traits.hpp\n'}
[3.062960] (cartographer_ros_msgs) StdoutLine: {'line': b'-- Up-to-date: /root/ros2_ws/install/cartographer_ros_msgs/include/cartographer_ros_msgs/cartographer_ros_msgs/srv/detail/write_state__traits.hpp\n'}
[3.063311] (cartographer_ros_msgs) StdoutLine: {'line': b'-- Up-to-date: /root/ros2_ws/install/cartographer_ros_msgs/include/cartographer_ros_msgs/cartographer_ros_msgs/srv/detail/start_trajectory__struct.hpp\n'}
[3.063590] (cartographer_ros_msgs) StdoutLine: {'line': b'-- Up-to-date: /root/ros2_ws/install/cartographer_ros_msgs/include/cartographer_ros_msgs/cartographer_ros_msgs/srv/detail/get_trajectory_states__builder.hpp\n'}
[3.063865] (cartographer_ros_msgs) StdoutLine: {'line': b'-- Up-to-date: /root/ros2_ws/install/cartographer_ros_msgs/include/cartographer_ros_msgs/cartographer_ros_msgs/srv/detail/get_trajectory_states__struct.hpp\n'}
[3.064104] (cartographer_ros_msgs) StdoutLine: {'line': b'-- Up-to-date: /root/ros2_ws/install/cartographer_ros_msgs/include/cartographer_ros_msgs/cartographer_ros_msgs/srv/detail/trajectory_query__traits.hpp\n'}
[3.064394] (cartographer_ros_msgs) StdoutLine: {'line': b'-- Up-to-date: /root/ros2_ws/install/cartographer_ros_msgs/include/cartographer_ros_msgs/cartographer_ros_msgs/srv/detail/finish_trajectory__type_support.hpp\n'}
[3.064629] (cartographer_ros_msgs) StdoutLine: {'line': b'-- Up-to-date: /root/ros2_ws/install/cartographer_ros_msgs/include/cartographer_ros_msgs/cartographer_ros_msgs/srv/detail/finish_trajectory__struct.hpp\n'}
[3.064854] (cartographer_ros_msgs) StdoutLine: {'line': b'-- Up-to-date: /root/ros2_ws/install/cartographer_ros_msgs/include/cartographer_ros_msgs/cartographer_ros_msgs/srv/detail/read_metrics__builder.hpp\n'}
[3.065088] (cartographer_ros_msgs) StdoutLine: {'line': b'-- Up-to-date: /root/ros2_ws/install/cartographer_ros_msgs/include/cartographer_ros_msgs/cartographer_ros_msgs/srv/detail/read_metrics__traits.hpp\n'}
[3.065974] (cartographer_ros_msgs) StdoutLine: {'line': b'-- Up-to-date: /root/ros2_ws/install/cartographer_ros_msgs/include/cartographer_ros_msgs/cartographer_ros_msgs/srv/detail/read_metrics__type_support.hpp\n'}
[3.069047] (cartographer_ros_msgs) StdoutLine: {'line': b'-- Up-to-date: /root/ros2_ws/install/cartographer_ros_msgs/include/cartographer_ros_msgs/cartographer_ros_msgs/srv/detail/start_trajectory__traits.hpp\n'}
[3.069431] (-) TimerEvent: {}
[3.070404] (cartographer_ros_msgs) StdoutLine: {'line': b'-- Up-to-date: /root/ros2_ws/install/cartographer_ros_msgs/include/cartographer_ros_msgs/cartographer_ros_msgs/srv/detail/write_state__builder.hpp\n'}
[3.071989] (cartographer_ros_msgs) StdoutLine: {'line': b'-- Up-to-date: /root/ros2_ws/install/cartographer_ros_msgs/include/cartographer_ros_msgs/cartographer_ros_msgs/srv/detail/trajectory_query__type_support.hpp\n'}
[3.077864] (cartographer_ros_msgs) StdoutLine: {'line': b'-- Up-to-date: /root/ros2_ws/install/cartographer_ros_msgs/include/cartographer_ros_msgs/cartographer_ros_msgs/srv/detail/finish_trajectory__traits.hpp\n'}
[3.080450] (cartographer_ros_msgs) StdoutLine: {'line': b'-- Up-to-date: /root/ros2_ws/install/cartographer_ros_msgs/include/cartographer_ros_msgs/cartographer_ros_msgs/srv/detail/submap_query__type_support.hpp\n'}
[3.080736] (cartographer_ros_msgs) StdoutLine: {'line': b'-- Up-to-date: /root/ros2_ws/install/cartographer_ros_msgs/include/cartographer_ros_msgs/cartographer_ros_msgs/srv/detail/finish_trajectory__builder.hpp\n'}
[3.081036] (cartographer_ros_msgs) StdoutLine: {'line': b'-- Up-to-date: /root/ros2_ws/install/cartographer_ros_msgs/include/cartographer_ros_msgs/cartographer_ros_msgs/srv/detail/start_trajectory__builder.hpp\n'}
[3.081300] (cartographer_ros_msgs) StdoutLine: {'line': b'-- Up-to-date: /root/ros2_ws/install/cartographer_ros_msgs/include/cartographer_ros_msgs/cartographer_ros_msgs/srv/detail/trajectory_query__struct.hpp\n'}
[3.081550] (cartographer_ros_msgs) StdoutLine: {'line': b'-- Up-to-date: /root/ros2_ws/install/cartographer_ros_msgs/include/cartographer_ros_msgs/cartographer_ros_msgs/srv/detail/start_trajectory__type_support.hpp\n'}
[3.081786] (cartographer_ros_msgs) StdoutLine: {'line': b'-- Up-to-date: /root/ros2_ws/install/cartographer_ros_msgs/include/cartographer_ros_msgs/cartographer_ros_msgs/srv/detail/write_state__type_support.hpp\n'}
[3.082034] (cartographer_ros_msgs) StdoutLine: {'line': b'-- Up-to-date: /root/ros2_ws/install/cartographer_ros_msgs/include/cartographer_ros_msgs/cartographer_ros_msgs/srv/detail/write_state__struct.hpp\n'}
[3.083442] (cartographer_ros_msgs) StdoutLine: {'line': b'-- Up-to-date: /root/ros2_ws/install/cartographer_ros_msgs/include/cartographer_ros_msgs/cartographer_ros_msgs/srv/detail/get_trajectory_states__type_support.hpp\n'}
[3.083876] (cartographer_ros_msgs) StdoutLine: {'line': b'-- Up-to-date: /root/ros2_ws/install/cartographer_ros_msgs/include/cartographer_ros_msgs/cartographer_ros_msgs/srv/detail/get_trajectory_states__traits.hpp\n'}
[3.084393] (cartographer_ros_msgs) StdoutLine: {'line': b'-- Up-to-date: /root/ros2_ws/install/cartographer_ros_msgs/include/cartographer_ros_msgs/cartographer_ros_msgs/srv/detail/read_metrics__struct.hpp\n'}
[3.084830] (cartographer_ros_msgs) StdoutLine: {'line': b'-- Up-to-date: /root/ros2_ws/install/cartographer_ros_msgs/include/cartographer_ros_msgs/cartographer_ros_msgs/srv/write_state.hpp\n'}
[3.089300] (cartographer_ros_msgs) StdoutLine: {'line': b'-- Up-to-date: /root/ros2_ws/install/cartographer_ros_msgs/include/cartographer_ros_msgs/cartographer_ros_msgs/msg\n'}
[3.089816] (cartographer_ros_msgs) StdoutLine: {'line': b'-- Up-to-date: /root/ros2_ws/install/cartographer_ros_msgs/include/cartographer_ros_msgs/cartographer_ros_msgs/msg/landmark_entry.hpp\n'}
[3.090105] (cartographer_ros_msgs) StdoutLine: {'line': b'-- Up-to-date: /root/ros2_ws/install/cartographer_ros_msgs/include/cartographer_ros_msgs/cartographer_ros_msgs/msg/status_code.hpp\n'}
[3.090382] (cartographer_ros_msgs) StdoutLine: {'line': b'-- Up-to-date: /root/ros2_ws/install/cartographer_ros_msgs/include/cartographer_ros_msgs/cartographer_ros_msgs/msg/metric_family.hpp\n'}
[3.090583] (cartographer_ros_msgs) StdoutLine: {'line': b'-- Up-to-date: /root/ros2_ws/install/cartographer_ros_msgs/include/cartographer_ros_msgs/cartographer_ros_msgs/msg/trajectory_states.hpp\n'}
[3.090820] (cartographer_ros_msgs) StdoutLine: {'line': b'-- Up-to-date: /root/ros2_ws/install/cartographer_ros_msgs/include/cartographer_ros_msgs/cartographer_ros_msgs/msg/histogram_bucket.hpp\n'}
[3.091068] (cartographer_ros_msgs) StdoutLine: {'line': b'-- Up-to-date: /root/ros2_ws/install/cartographer_ros_msgs/include/cartographer_ros_msgs/cartographer_ros_msgs/msg/status_response.hpp\n'}
[3.091377] (cartographer_ros_msgs) StdoutLine: {'line': b'-- Up-to-date: /root/ros2_ws/install/cartographer_ros_msgs/include/cartographer_ros_msgs/cartographer_ros_msgs/msg/rosidl_generator_cpp__visibility_control.hpp\n'}
[3.091620] (cartographer_ros_msgs) StdoutLine: {'line': b'-- Up-to-date: /root/ros2_ws/install/cartographer_ros_msgs/include/cartographer_ros_msgs/cartographer_ros_msgs/msg/metric.hpp\n'}
[3.093694] (cartographer_ros_msgs) StdoutLine: {'line': b'-- Up-to-date: /root/ros2_ws/install/cartographer_ros_msgs/include/cartographer_ros_msgs/cartographer_ros_msgs/msg/submap_list.hpp\n'}
[3.094209] (cartographer_ros_msgs) StdoutLine: {'line': b'-- Up-to-date: /root/ros2_ws/install/cartographer_ros_msgs/include/cartographer_ros_msgs/cartographer_ros_msgs/msg/bagfile_progress.hpp\n'}
[3.094599] (cartographer_ros_msgs) StdoutLine: {'line': b'-- Up-to-date: /root/ros2_ws/install/cartographer_ros_msgs/include/cartographer_ros_msgs/cartographer_ros_msgs/msg/landmark_list.hpp\n'}
[3.094866] (cartographer_ros_msgs) StdoutLine: {'line': b'-- Up-to-date: /root/ros2_ws/install/cartographer_ros_msgs/include/cartographer_ros_msgs/cartographer_ros_msgs/msg/submap_entry.hpp\n'}
[3.095114] (cartographer_ros_msgs) StdoutLine: {'line': b'-- Up-to-date: /root/ros2_ws/install/cartographer_ros_msgs/include/cartographer_ros_msgs/cartographer_ros_msgs/msg/detail\n'}
[3.096449] (cartographer_ros_msgs) StdoutLine: {'line': b'-- Up-to-date: /root/ros2_ws/install/cartographer_ros_msgs/include/cartographer_ros_msgs/cartographer_ros_msgs/msg/detail/submap_texture__builder.hpp\n'}
[3.096822] (cartographer_ros_msgs) StdoutLine: {'line': b'-- Up-to-date: /root/ros2_ws/install/cartographer_ros_msgs/include/cartographer_ros_msgs/cartographer_ros_msgs/msg/detail/landmark_list__traits.hpp\n'}
[3.097572] (cartographer_ros_msgs) StdoutLine: {'line': b'-- Up-to-date: /root/ros2_ws/install/cartographer_ros_msgs/include/cartographer_ros_msgs/cartographer_ros_msgs/msg/detail/histogram_bucket__builder.hpp\n'}
[3.097958] (cartographer_ros_msgs) StdoutLine: {'line': b'-- Up-to-date: /root/ros2_ws/install/cartographer_ros_msgs/include/cartographer_ros_msgs/cartographer_ros_msgs/msg/detail/status_code__builder.hpp\n'}
[3.098417] (cartographer_ros_msgs) StdoutLine: {'line': b'-- Up-to-date: /root/ros2_ws/install/cartographer_ros_msgs/include/cartographer_ros_msgs/cartographer_ros_msgs/msg/detail/metric_family__traits.hpp\n'}
[3.098820] (cartographer_ros_msgs) StdoutLine: {'line': b'-- Up-to-date: /root/ros2_ws/install/cartographer_ros_msgs/include/cartographer_ros_msgs/cartographer_ros_msgs/msg/detail/landmark_list__struct.hpp\n'}
[3.099083] (cartographer_ros_msgs) StdoutLine: {'line': b'-- Up-to-date: /root/ros2_ws/install/cartographer_ros_msgs/include/cartographer_ros_msgs/cartographer_ros_msgs/msg/detail/metric__builder.hpp\n'}
[3.102636] (cartographer_ros_msgs) StdoutLine: {'line': b'-- Up-to-date: /root/ros2_ws/install/cartographer_ros_msgs/include/cartographer_ros_msgs/cartographer_ros_msgs/msg/detail/landmark_entry__struct.hpp\n'}
[3.104226] (cartographer_ros_msgs) StdoutLine: {'line': b'-- Up-to-date: /root/ros2_ws/install/cartographer_ros_msgs/include/cartographer_ros_msgs/cartographer_ros_msgs/msg/detail/submap_texture__traits.hpp\n'}
[3.104766] (cartographer_ros_msgs) StdoutLine: {'line': b'-- Up-to-date: /root/ros2_ws/install/cartographer_ros_msgs/include/cartographer_ros_msgs/cartographer_ros_msgs/msg/detail/status_code__traits.hpp\n'}
[3.105119] (cartographer_ros_msgs) StdoutLine: {'line': b'-- Up-to-date: /root/ros2_ws/install/cartographer_ros_msgs/include/cartographer_ros_msgs/cartographer_ros_msgs/msg/detail/metric__struct.hpp\n'}
[3.107631] (cartographer_ros_msgs) StdoutLine: {'line': b'-- Up-to-date: /root/ros2_ws/install/cartographer_ros_msgs/include/cartographer_ros_msgs/cartographer_ros_msgs/msg/detail/submap_texture__type_support.hpp\n'}
[3.107961] (cartographer_ros_msgs) StdoutLine: {'line': b'-- Up-to-date: /root/ros2_ws/install/cartographer_ros_msgs/include/cartographer_ros_msgs/cartographer_ros_msgs/msg/detail/trajectory_states__builder.hpp\n'}
[3.108328] (cartographer_ros_msgs) StdoutLine: {'line': b'-- Up-to-date: /root/ros2_ws/install/cartographer_ros_msgs/include/cartographer_ros_msgs/cartographer_ros_msgs/msg/detail/trajectory_states__type_support.hpp\n'}
[3.108603] (cartographer_ros_msgs) StdoutLine: {'line': b'-- Up-to-date: /root/ros2_ws/install/cartographer_ros_msgs/include/cartographer_ros_msgs/cartographer_ros_msgs/msg/detail/histogram_bucket__struct.hpp\n'}
[3.108840] (cartographer_ros_msgs) StdoutLine: {'line': b'-- Up-to-date: /root/ros2_ws/install/cartographer_ros_msgs/include/cartographer_ros_msgs/cartographer_ros_msgs/msg/detail/bagfile_progress__traits.hpp\n'}
[3.110566] (cartographer_ros_msgs) StdoutLine: {'line': b'-- Up-to-date: /root/ros2_ws/install/cartographer_ros_msgs/include/cartographer_ros_msgs/cartographer_ros_msgs/msg/detail/metric_label__struct.hpp\n'}
[3.110889] (cartographer_ros_msgs) StdoutLine: {'line': b'-- Up-to-date: /root/ros2_ws/install/cartographer_ros_msgs/include/cartographer_ros_msgs/cartographer_ros_msgs/msg/detail/submap_entry__type_support.hpp\n'}
[3.111135] (cartographer_ros_msgs) StdoutLine: {'line': b'-- Up-to-date: /root/ros2_ws/install/cartographer_ros_msgs/include/cartographer_ros_msgs/cartographer_ros_msgs/msg/detail/metric_label__traits.hpp\n'}
[3.111396] (cartographer_ros_msgs) StdoutLine: {'line': b'-- Up-to-date: /root/ros2_ws/install/cartographer_ros_msgs/include/cartographer_ros_msgs/cartographer_ros_msgs/msg/detail/bagfile_progress__builder.hpp\n'}
[3.111630] (cartographer_ros_msgs) StdoutLine: {'line': b'-- Up-to-date: /root/ros2_ws/install/cartographer_ros_msgs/include/cartographer_ros_msgs/cartographer_ros_msgs/msg/detail/landmark_entry__traits.hpp\n'}
[3.111855] (cartographer_ros_msgs) StdoutLine: {'line': b'-- Up-to-date: /root/ros2_ws/install/cartographer_ros_msgs/include/cartographer_ros_msgs/cartographer_ros_msgs/msg/detail/trajectory_states__struct.hpp\n'}
[3.112082] (cartographer_ros_msgs) StdoutLine: {'line': b'-- Up-to-date: /root/ros2_ws/install/cartographer_ros_msgs/include/cartographer_ros_msgs/cartographer_ros_msgs/msg/detail/landmark_list__builder.hpp\n'}
[3.115016] (cartographer_ros_msgs) StdoutLine: {'line': b'-- Up-to-date: /root/ros2_ws/install/cartographer_ros_msgs/include/cartographer_ros_msgs/cartographer_ros_msgs/msg/detail/submap_list__builder.hpp\n'}
[3.117662] (cartographer_ros_msgs) StdoutLine: {'line': b'-- Up-to-date: /root/ros2_ws/install/cartographer_ros_msgs/include/cartographer_ros_msgs/cartographer_ros_msgs/msg/detail/bagfile_progress__struct.hpp\n'}
[3.118030] (cartographer_ros_msgs) StdoutLine: {'line': b'-- Up-to-date: /root/ros2_ws/install/cartographer_ros_msgs/include/cartographer_ros_msgs/cartographer_ros_msgs/msg/detail/submap_entry__traits.hpp\n'}
[3.118326] (cartographer_ros_msgs) StdoutLine: {'line': b'-- Up-to-date: /root/ros2_ws/install/cartographer_ros_msgs/include/cartographer_ros_msgs/cartographer_ros_msgs/msg/detail/landmark_entry__builder.hpp\n'}
[3.118593] (cartographer_ros_msgs) StdoutLine: {'line': b'-- Up-to-date: /root/ros2_ws/install/cartographer_ros_msgs/include/cartographer_ros_msgs/cartographer_ros_msgs/msg/detail/status_response__builder.hpp\n'}
[3.118840] (cartographer_ros_msgs) StdoutLine: {'line': b'-- Up-to-date: /root/ros2_ws/install/cartographer_ros_msgs/include/cartographer_ros_msgs/cartographer_ros_msgs/msg/detail/metric_family__type_support.hpp\n'}
[3.119112] (cartographer_ros_msgs) StdoutLine: {'line': b'-- Up-to-date: /root/ros2_ws/install/cartographer_ros_msgs/include/cartographer_ros_msgs/cartographer_ros_msgs/msg/detail/submap_entry__struct.hpp\n'}
[3.119534] (cartographer_ros_msgs) StdoutLine: {'line': b'-- Up-to-date: /root/ros2_ws/install/cartographer_ros_msgs/include/cartographer_ros_msgs/cartographer_ros_msgs/msg/detail/metric_label__type_support.hpp\n'}
[3.119885] (cartographer_ros_msgs) StdoutLine: {'line': b'-- Up-to-date: /root/ros2_ws/install/cartographer_ros_msgs/include/cartographer_ros_msgs/cartographer_ros_msgs/msg/detail/bagfile_progress__type_support.hpp\n'}
[3.121785] (cartographer_ros_msgs) StdoutLine: {'line': b'-- Up-to-date: /root/ros2_ws/install/cartographer_ros_msgs/include/cartographer_ros_msgs/cartographer_ros_msgs/msg/detail/status_response__type_support.hpp\n'}
[3.125258] (cartographer_ros_msgs) StdoutLine: {'line': b'-- Up-to-date: /root/ros2_ws/install/cartographer_ros_msgs/include/cartographer_ros_msgs/cartographer_ros_msgs/msg/detail/histogram_bucket__type_support.hpp\n'}
[3.125654] (cartographer_ros_msgs) StdoutLine: {'line': b'-- Up-to-date: /root/ros2_ws/install/cartographer_ros_msgs/include/cartographer_ros_msgs/cartographer_ros_msgs/msg/detail/metric__type_support.hpp\n'}
[3.125925] (cartographer_ros_msgs) StdoutLine: {'line': b'-- Up-to-date: /root/ros2_ws/install/cartographer_ros_msgs/include/cartographer_ros_msgs/cartographer_ros_msgs/msg/detail/submap_list__traits.hpp\n'}
[3.126217] (cartographer_ros_msgs) StdoutLine: {'line': b'-- Up-to-date: /root/ros2_ws/install/cartographer_ros_msgs/include/cartographer_ros_msgs/cartographer_ros_msgs/msg/detail/trajectory_states__traits.hpp\n'}
[3.126513] (cartographer_ros_msgs) StdoutLine: {'line': b'-- Up-to-date: /root/ros2_ws/install/cartographer_ros_msgs/include/cartographer_ros_msgs/cartographer_ros_msgs/msg/detail/status_response__traits.hpp\n'}
[3.128418] (cartographer_ros_msgs) StdoutLine: {'line': b'-- Up-to-date: /root/ros2_ws/install/cartographer_ros_msgs/include/cartographer_ros_msgs/cartographer_ros_msgs/msg/detail/metric__traits.hpp\n'}
[3.128931] (cartographer_ros_msgs) StdoutLine: {'line': b'-- Up-to-date: /root/ros2_ws/install/cartographer_ros_msgs/include/cartographer_ros_msgs/cartographer_ros_msgs/msg/detail/metric_family__struct.hpp\n'}
[3.129766] (cartographer_ros_msgs) StdoutLine: {'line': b'-- Up-to-date: /root/ros2_ws/install/cartographer_ros_msgs/include/cartographer_ros_msgs/cartographer_ros_msgs/msg/detail/submap_list__struct.hpp\n'}
[3.130102] (cartographer_ros_msgs) StdoutLine: {'line': b'-- Up-to-date: /root/ros2_ws/install/cartographer_ros_msgs/include/cartographer_ros_msgs/cartographer_ros_msgs/msg/detail/metric_family__builder.hpp\n'}
[3.135335] (cartographer_ros_msgs) StdoutLine: {'line': b'-- Up-to-date: /root/ros2_ws/install/cartographer_ros_msgs/include/cartographer_ros_msgs/cartographer_ros_msgs/msg/detail/status_code__struct.hpp\n'}
[3.136700] (cartographer_ros_msgs) StdoutLine: {'line': b'-- Up-to-date: /root/ros2_ws/install/cartographer_ros_msgs/include/cartographer_ros_msgs/cartographer_ros_msgs/msg/detail/submap_entry__builder.hpp\n'}
[3.138321] (cartographer_ros_msgs) StdoutLine: {'line': b'-- Up-to-date: /root/ros2_ws/install/cartographer_ros_msgs/include/cartographer_ros_msgs/cartographer_ros_msgs/msg/detail/submap_list__type_support.hpp\n'}
[3.138662] (cartographer_ros_msgs) StdoutLine: {'line': b'-- Up-to-date: /root/ros2_ws/install/cartographer_ros_msgs/include/cartographer_ros_msgs/cartographer_ros_msgs/msg/detail/status_response__struct.hpp\n'}
[3.138893] (cartographer_ros_msgs) StdoutLine: {'line': b'-- Up-to-date: /root/ros2_ws/install/cartographer_ros_msgs/include/cartographer_ros_msgs/cartographer_ros_msgs/msg/detail/submap_texture__struct.hpp\n'}
[3.139119] (cartographer_ros_msgs) StdoutLine: {'line': b'-- Up-to-date: /root/ros2_ws/install/cartographer_ros_msgs/include/cartographer_ros_msgs/cartographer_ros_msgs/msg/detail/landmark_list__type_support.hpp\n'}
[3.139366] (cartographer_ros_msgs) StdoutLine: {'line': b'-- Up-to-date: /root/ros2_ws/install/cartographer_ros_msgs/include/cartographer_ros_msgs/cartographer_ros_msgs/msg/detail/histogram_bucket__traits.hpp\n'}
[3.141795] (cartographer_ros_msgs) StdoutLine: {'line': b'-- Up-to-date: /root/ros2_ws/install/cartographer_ros_msgs/include/cartographer_ros_msgs/cartographer_ros_msgs/msg/detail/status_code__type_support.hpp\n'}
[3.142867] (cartographer_ros_msgs) StdoutLine: {'line': b'-- Up-to-date: /root/ros2_ws/install/cartographer_ros_msgs/include/cartographer_ros_msgs/cartographer_ros_msgs/msg/detail/landmark_entry__type_support.hpp\n'}
[3.143420] (cartographer_ros_msgs) StdoutLine: {'line': b'-- Up-to-date: /root/ros2_ws/install/cartographer_ros_msgs/include/cartographer_ros_msgs/cartographer_ros_msgs/msg/detail/metric_label__builder.hpp\n'}
[3.143799] (cartographer_ros_msgs) StdoutLine: {'line': b'-- Up-to-date: /root/ros2_ws/install/cartographer_ros_msgs/include/cartographer_ros_msgs/cartographer_ros_msgs/msg/submap_texture.hpp\n'}
[3.144100] (cartographer_ros_msgs) StdoutLine: {'line': b'-- Up-to-date: /root/ros2_ws/install/cartographer_ros_msgs/include/cartographer_ros_msgs/cartographer_ros_msgs/msg/metric_label.hpp\n'}
[3.144456] (cartographer_ros_msgs) StdoutLine: {'line': b'-- Up-to-date: /root/ros2_ws/install/cartographer_ros_msgs/include/cartographer_ros_msgs/cartographer_ros_msgs\n'}
[3.144763] (cartographer_ros_msgs) StdoutLine: {'line': b'-- Up-to-date: /root/ros2_ws/install/cartographer_ros_msgs/include/cartographer_ros_msgs/cartographer_ros_msgs/srv\n'}
[3.145058] (cartographer_ros_msgs) StdoutLine: {'line': b'-- Up-to-date: /root/ros2_ws/install/cartographer_ros_msgs/include/cartographer_ros_msgs/cartographer_ros_msgs/srv/detail\n'}
[3.145730] (cartographer_ros_msgs) StdoutLine: {'line': b'-- Up-to-date: /root/ros2_ws/install/cartographer_ros_msgs/include/cartographer_ros_msgs/cartographer_ros_msgs/srv/detail/get_trajectory_states__rosidl_typesupport_fastrtps_cpp.hpp\n'}
[3.146151] (cartographer_ros_msgs) StdoutLine: {'line': b'-- Up-to-date: /root/ros2_ws/install/cartographer_ros_msgs/include/cartographer_ros_msgs/cartographer_ros_msgs/srv/detail/read_metrics__rosidl_typesupport_fastrtps_cpp.hpp\n'}
[3.146589] (cartographer_ros_msgs) StdoutLine: {'line': b'-- Up-to-date: /root/ros2_ws/install/cartographer_ros_msgs/include/cartographer_ros_msgs/cartographer_ros_msgs/srv/detail/trajectory_query__rosidl_typesupport_fastrtps_cpp.hpp\n'}
[3.147675] (cartographer_ros_msgs) StdoutLine: {'line': b'-- Up-to-date: /root/ros2_ws/install/cartographer_ros_msgs/include/cartographer_ros_msgs/cartographer_ros_msgs/srv/detail/write_state__rosidl_typesupport_fastrtps_cpp.hpp\n'}
[3.148082] (cartographer_ros_msgs) StdoutLine: {'line': b'-- Up-to-date: /root/ros2_ws/install/cartographer_ros_msgs/include/cartographer_ros_msgs/cartographer_ros_msgs/srv/detail/dds_fastrtps\n'}
[3.148399] (cartographer_ros_msgs) StdoutLine: {'line': b'-- Up-to-date: /root/ros2_ws/install/cartographer_ros_msgs/include/cartographer_ros_msgs/cartographer_ros_msgs/srv/detail/finish_trajectory__rosidl_typesupport_fastrtps_cpp.hpp\n'}
[3.148670] (cartographer_ros_msgs) StdoutLine: {'line': b'-- Up-to-date: /root/ros2_ws/install/cartographer_ros_msgs/include/cartographer_ros_msgs/cartographer_ros_msgs/srv/detail/submap_query__rosidl_typesupport_fastrtps_cpp.hpp\n'}
[3.152649] (cartographer_ros_msgs) StdoutLine: {'line': b'-- Up-to-date: /root/ros2_ws/install/cartographer_ros_msgs/include/cartographer_ros_msgs/cartographer_ros_msgs/srv/detail/start_trajectory__rosidl_typesupport_fastrtps_cpp.hpp\n'}
[3.154822] (cartographer_ros_msgs) StdoutLine: {'line': b'-- Up-to-date: /root/ros2_ws/install/cartographer_ros_msgs/include/cartographer_ros_msgs/cartographer_ros_msgs/msg\n'}
[3.155665] (cartographer_ros_msgs) StdoutLine: {'line': b'-- Up-to-date: /root/ros2_ws/install/cartographer_ros_msgs/include/cartographer_ros_msgs/cartographer_ros_msgs/msg/rosidl_typesupport_fastrtps_cpp__visibility_control.h\n'}
[3.156041] (cartographer_ros_msgs) StdoutLine: {'line': b'-- Up-to-date: /root/ros2_ws/install/cartographer_ros_msgs/include/cartographer_ros_msgs/cartographer_ros_msgs/msg/detail\n'}
[3.158122] (cartographer_ros_msgs) StdoutLine: {'line': b'-- Up-to-date: /root/ros2_ws/install/cartographer_ros_msgs/include/cartographer_ros_msgs/cartographer_ros_msgs/msg/detail/status_code__rosidl_typesupport_fastrtps_cpp.hpp\n'}
[3.164233] (cartographer_ros_msgs) StdoutLine: {'line': b'-- Up-to-date: /root/ros2_ws/install/cartographer_ros_msgs/include/cartographer_ros_msgs/cartographer_ros_msgs/msg/detail/metric_family__rosidl_typesupport_fastrtps_cpp.hpp\n'}
[3.164612] (cartographer_ros_msgs) StdoutLine: {'line': b'-- Up-to-date: /root/ros2_ws/install/cartographer_ros_msgs/include/cartographer_ros_msgs/cartographer_ros_msgs/msg/detail/submap_entry__rosidl_typesupport_fastrtps_cpp.hpp\n'}
[3.164896] (cartographer_ros_msgs) StdoutLine: {'line': b'-- Up-to-date: /root/ros2_ws/install/cartographer_ros_msgs/include/cartographer_ros_msgs/cartographer_ros_msgs/msg/detail/status_response__rosidl_typesupport_fastrtps_cpp.hpp\n'}
[3.165195] (cartographer_ros_msgs) StdoutLine: {'line': b'-- Up-to-date: /root/ros2_ws/install/cartographer_ros_msgs/include/cartographer_ros_msgs/cartographer_ros_msgs/msg/detail/bagfile_progress__rosidl_typesupport_fastrtps_cpp.hpp\n'}
[3.165541] (cartographer_ros_msgs) StdoutLine: {'line': b'-- Up-to-date: /root/ros2_ws/install/cartographer_ros_msgs/include/cartographer_ros_msgs/cartographer_ros_msgs/msg/detail/submap_texture__rosidl_typesupport_fastrtps_cpp.hpp\n'}
[3.165869] (cartographer_ros_msgs) StdoutLine: {'line': b'-- Up-to-date: /root/ros2_ws/install/cartographer_ros_msgs/include/cartographer_ros_msgs/cartographer_ros_msgs/msg/detail/metric_label__rosidl_typesupport_fastrtps_cpp.hpp\n'}
[3.166233] (cartographer_ros_msgs) StdoutLine: {'line': b'-- Up-to-date: /root/ros2_ws/install/cartographer_ros_msgs/include/cartographer_ros_msgs/cartographer_ros_msgs/msg/detail/histogram_bucket__rosidl_typesupport_fastrtps_cpp.hpp\n'}
[3.166636] (cartographer_ros_msgs) StdoutLine: {'line': b'-- Up-to-date: /root/ros2_ws/install/cartographer_ros_msgs/include/cartographer_ros_msgs/cartographer_ros_msgs/msg/detail/dds_fastrtps\n'}
[3.166949] (cartographer_ros_msgs) StdoutLine: {'line': b'-- Up-to-date: /root/ros2_ws/install/cartographer_ros_msgs/include/cartographer_ros_msgs/cartographer_ros_msgs/msg/detail/metric__rosidl_typesupport_fastrtps_cpp.hpp\n'}
[3.174539] (-) TimerEvent: {}
[3.174963] (cartographer_ros_msgs) StdoutLine: {'line': b'-- Up-to-date: /root/ros2_ws/install/cartographer_ros_msgs/include/cartographer_ros_msgs/cartographer_ros_msgs/msg/detail/submap_list__rosidl_typesupport_fastrtps_cpp.hpp\n'}
[3.175380] (cartographer_ros_msgs) StdoutLine: {'line': b'-- Up-to-date: /root/ros2_ws/install/cartographer_ros_msgs/include/cartographer_ros_msgs/cartographer_ros_msgs/msg/detail/trajectory_states__rosidl_typesupport_fastrtps_cpp.hpp\n'}
[3.175756] (cartographer_ros_msgs) StdoutLine: {'line': b'-- Up-to-date: /root/ros2_ws/install/cartographer_ros_msgs/include/cartographer_ros_msgs/cartographer_ros_msgs/msg/detail/landmark_entry__rosidl_typesupport_fastrtps_cpp.hpp\n'}
[3.176084] (cartographer_ros_msgs) StdoutLine: {'line': b'-- Up-to-date: /root/ros2_ws/install/cartographer_ros_msgs/include/cartographer_ros_msgs/cartographer_ros_msgs/msg/detail/landmark_list__rosidl_typesupport_fastrtps_cpp.hpp\n'}
[3.177654] (cartographer_ros_msgs) StdoutLine: {'line': b'-- Up-to-date: /root/ros2_ws/install/cartographer_ros_msgs/lib/libcartographer_ros_msgs__rosidl_typesupport_fastrtps_cpp.so\n'}
[3.178141] (cartographer_ros_msgs) StdoutLine: {'line': b'-- Up-to-date: /root/ros2_ws/install/cartographer_ros_msgs/include/cartographer_ros_msgs/cartographer_ros_msgs\n'}
[3.178596] (cartographer_ros_msgs) StdoutLine: {'line': b'-- Up-to-date: /root/ros2_ws/install/cartographer_ros_msgs/include/cartographer_ros_msgs/cartographer_ros_msgs/srv\n'}
[3.178944] (cartographer_ros_msgs) StdoutLine: {'line': b'-- Up-to-date: /root/ros2_ws/install/cartographer_ros_msgs/include/cartographer_ros_msgs/cartographer_ros_msgs/srv/detail\n'}
[3.183550] (cartographer_ros_msgs) StdoutLine: {'line': b'-- Up-to-date: /root/ros2_ws/install/cartographer_ros_msgs/include/cartographer_ros_msgs/cartographer_ros_msgs/srv/detail/read_metrics__rosidl_typesupport_introspection_cpp.hpp\n'}
[3.184091] (cartographer_ros_msgs) StdoutLine: {'line': b'-- Up-to-date: /root/ros2_ws/install/cartographer_ros_msgs/include/cartographer_ros_msgs/cartographer_ros_msgs/srv/detail/trajectory_query__rosidl_typesupport_introspection_cpp.hpp\n'}
[3.187006] (cartographer_ros_msgs) StdoutLine: {'line': b'-- Up-to-date: /root/ros2_ws/install/cartographer_ros_msgs/include/cartographer_ros_msgs/cartographer_ros_msgs/srv/detail/get_trajectory_states__rosidl_typesupport_introspection_cpp.hpp\n'}
[3.189855] (cartographer_ros_msgs) StdoutLine: {'line': b'-- Up-to-date: /root/ros2_ws/install/cartographer_ros_msgs/include/cartographer_ros_msgs/cartographer_ros_msgs/srv/detail/finish_trajectory__rosidl_typesupport_introspection_cpp.hpp\n'}
[3.190431] (cartographer_ros_msgs) StdoutLine: {'line': b'-- Up-to-date: /root/ros2_ws/install/cartographer_ros_msgs/include/cartographer_ros_msgs/cartographer_ros_msgs/srv/detail/start_trajectory__type_support.cpp\n'}
[3.190739] (cartographer_ros_msgs) StdoutLine: {'line': b'-- Up-to-date: /root/ros2_ws/install/cartographer_ros_msgs/include/cartographer_ros_msgs/cartographer_ros_msgs/srv/detail/write_state__rosidl_typesupport_introspection_cpp.hpp\n'}
[3.191038] (cartographer_ros_msgs) StdoutLine: {'line': b'-- Up-to-date: /root/ros2_ws/install/cartographer_ros_msgs/include/cartographer_ros_msgs/cartographer_ros_msgs/srv/detail/start_trajectory__rosidl_typesupport_introspection_cpp.hpp\n'}
[3.191338] (cartographer_ros_msgs) StdoutLine: {'line': b'-- Up-to-date: /root/ros2_ws/install/cartographer_ros_msgs/include/cartographer_ros_msgs/cartographer_ros_msgs/srv/detail/finish_trajectory__type_support.cpp\n'}
[3.191642] (cartographer_ros_msgs) StdoutLine: {'line': b'-- Up-to-date: /root/ros2_ws/install/cartographer_ros_msgs/include/cartographer_ros_msgs/cartographer_ros_msgs/srv/detail/submap_query__rosidl_typesupport_introspection_cpp.hpp\n'}
[3.191922] (cartographer_ros_msgs) StdoutLine: {'line': b'-- Up-to-date: /root/ros2_ws/install/cartographer_ros_msgs/include/cartographer_ros_msgs/cartographer_ros_msgs/srv/detail/trajectory_query__type_support.cpp\n'}
[3.192231] (cartographer_ros_msgs) StdoutLine: {'line': b'-- Up-to-date: /root/ros2_ws/install/cartographer_ros_msgs/include/cartographer_ros_msgs/cartographer_ros_msgs/srv/detail/write_state__type_support.cpp\n'}
[3.192547] (cartographer_ros_msgs) StdoutLine: {'line': b'-- Up-to-date: /root/ros2_ws/install/cartographer_ros_msgs/include/cartographer_ros_msgs/cartographer_ros_msgs/srv/detail/get_trajectory_states__type_support.cpp\n'}
[3.192872] (cartographer_ros_msgs) StdoutLine: {'line': b'-- Up-to-date: /root/ros2_ws/install/cartographer_ros_msgs/include/cartographer_ros_msgs/cartographer_ros_msgs/srv/detail/read_metrics__type_support.cpp\n'}
[3.199613] (cartographer_ros_msgs) StdoutLine: {'line': b'-- Up-to-date: /root/ros2_ws/install/cartographer_ros_msgs/include/cartographer_ros_msgs/cartographer_ros_msgs/srv/detail/submap_query__type_support.cpp\n'}
[3.199979] (cartographer_ros_msgs) StdoutLine: {'line': b'-- Up-to-date: /root/ros2_ws/install/cartographer_ros_msgs/include/cartographer_ros_msgs/cartographer_ros_msgs/msg\n'}
[3.200333] (cartographer_ros_msgs) StdoutLine: {'line': b'-- Up-to-date: /root/ros2_ws/install/cartographer_ros_msgs/include/cartographer_ros_msgs/cartographer_ros_msgs/msg/detail\n'}
[3.204606] (cartographer_ros_msgs) StdoutLine: {'line': b'-- Up-to-date: /root/ros2_ws/install/cartographer_ros_msgs/include/cartographer_ros_msgs/cartographer_ros_msgs/msg/detail/metric__type_support.cpp\n'}
[3.206201] (cartographer_ros_msgs) StdoutLine: {'line': b'-- Up-to-date: /root/ros2_ws/install/cartographer_ros_msgs/include/cartographer_ros_msgs/cartographer_ros_msgs/msg/detail/landmark_list__rosidl_typesupport_introspection_cpp.hpp\n'}
[3.206584] (cartographer_ros_msgs) StdoutLine: {'line': b'-- Up-to-date: /root/ros2_ws/install/cartographer_ros_msgs/include/cartographer_ros_msgs/cartographer_ros_msgs/msg/detail/submap_list__type_support.cpp\n'}
[3.206870] (cartographer_ros_msgs) StdoutLine: {'line': b'-- Up-to-date: /root/ros2_ws/install/cartographer_ros_msgs/include/cartographer_ros_msgs/cartographer_ros_msgs/msg/detail/trajectory_states__type_support.cpp\n'}
[3.207139] (cartographer_ros_msgs) StdoutLine: {'line': b'-- Up-to-date: /root/ros2_ws/install/cartographer_ros_msgs/include/cartographer_ros_msgs/cartographer_ros_msgs/msg/detail/submap_entry__type_support.cpp\n'}
[3.207444] (cartographer_ros_msgs) StdoutLine: {'line': b'-- Up-to-date: /root/ros2_ws/install/cartographer_ros_msgs/include/cartographer_ros_msgs/cartographer_ros_msgs/msg/detail/bagfile_progress__type_support.cpp\n'}
[3.207710] (cartographer_ros_msgs) StdoutLine: {'line': b'-- Up-to-date: /root/ros2_ws/install/cartographer_ros_msgs/include/cartographer_ros_msgs/cartographer_ros_msgs/msg/detail/metric_family__rosidl_typesupport_introspection_cpp.hpp\n'}
[3.207976] (cartographer_ros_msgs) StdoutLine: {'line': b'-- Up-to-date: /root/ros2_ws/install/cartographer_ros_msgs/include/cartographer_ros_msgs/cartographer_ros_msgs/msg/detail/metric_label__rosidl_typesupport_introspection_cpp.hpp\n'}
[3.208313] (cartographer_ros_msgs) StdoutLine: {'line': b'-- Up-to-date: /root/ros2_ws/install/cartographer_ros_msgs/include/cartographer_ros_msgs/cartographer_ros_msgs/msg/detail/submap_list__rosidl_typesupport_introspection_cpp.hpp\n'}
[3.208597] (cartographer_ros_msgs) StdoutLine: {'line': b'-- Up-to-date: /root/ros2_ws/install/cartographer_ros_msgs/include/cartographer_ros_msgs/cartographer_ros_msgs/msg/detail/submap_texture__type_support.cpp\n'}
[3.208879] (cartographer_ros_msgs) StdoutLine: {'line': b'-- Up-to-date: /root/ros2_ws/install/cartographer_ros_msgs/include/cartographer_ros_msgs/cartographer_ros_msgs/msg/detail/histogram_bucket__type_support.cpp\n'}
[3.216644] (cartographer_ros_msgs) StdoutLine: {'line': b'-- Up-to-date: /root/ros2_ws/install/cartographer_ros_msgs/include/cartographer_ros_msgs/cartographer_ros_msgs/msg/detail/status_response__type_support.cpp\n'}
[3.217298] (cartographer_ros_msgs) StdoutLine: {'line': b'-- Up-to-date: /root/ros2_ws/install/cartographer_ros_msgs/include/cartographer_ros_msgs/cartographer_ros_msgs/msg/detail/metric_label__type_support.cpp\n'}
[3.217671] (cartographer_ros_msgs) StdoutLine: {'line': b'-- Up-to-date: /root/ros2_ws/install/cartographer_ros_msgs/include/cartographer_ros_msgs/cartographer_ros_msgs/msg/detail/metric__rosidl_typesupport_introspection_cpp.hpp\n'}
[3.223660] (cartographer_ros_msgs) StdoutLine: {'line': b'-- Up-to-date: /root/ros2_ws/install/cartographer_ros_msgs/include/cartographer_ros_msgs/cartographer_ros_msgs/msg/detail/landmark_list__type_support.cpp\n'}
[3.224236] (cartographer_ros_msgs) StdoutLine: {'line': b'-- Up-to-date: /root/ros2_ws/install/cartographer_ros_msgs/include/cartographer_ros_msgs/cartographer_ros_msgs/msg/detail/histogram_bucket__rosidl_typesupport_introspection_cpp.hpp\n'}
[3.224602] (cartographer_ros_msgs) StdoutLine: {'line': b'-- Up-to-date: /root/ros2_ws/install/cartographer_ros_msgs/include/cartographer_ros_msgs/cartographer_ros_msgs/msg/detail/bagfile_progress__rosidl_typesupport_introspection_cpp.hpp\n'}
[3.224931] (cartographer_ros_msgs) StdoutLine: {'line': b'-- Up-to-date: /root/ros2_ws/install/cartographer_ros_msgs/include/cartographer_ros_msgs/cartographer_ros_msgs/msg/detail/landmark_entry__type_support.cpp\n'}
[3.227541] (cartographer_ros_msgs) StdoutLine: {'line': b'-- Up-to-date: /root/ros2_ws/install/cartographer_ros_msgs/include/cartographer_ros_msgs/cartographer_ros_msgs/msg/detail/status_response__rosidl_typesupport_introspection_cpp.hpp\n'}
[3.229304] (cartographer_ros_msgs) StdoutLine: {'line': b'-- Up-to-date: /root/ros2_ws/install/cartographer_ros_msgs/include/cartographer_ros_msgs/cartographer_ros_msgs/msg/detail/status_code__type_support.cpp\n'}
[3.229720] (cartographer_ros_msgs) StdoutLine: {'line': b'-- Up-to-date: /root/ros2_ws/install/cartographer_ros_msgs/include/cartographer_ros_msgs/cartographer_ros_msgs/msg/detail/metric_family__type_support.cpp\n'}
[3.229999] (cartographer_ros_msgs) StdoutLine: {'line': b'-- Up-to-date: /root/ros2_ws/install/cartographer_ros_msgs/include/cartographer_ros_msgs/cartographer_ros_msgs/msg/detail/status_code__rosidl_typesupport_introspection_cpp.hpp\n'}
[3.234140] (cartographer_ros_msgs) StdoutLine: {'line': b'-- Up-to-date: /root/ros2_ws/install/cartographer_ros_msgs/include/cartographer_ros_msgs/cartographer_ros_msgs/msg/detail/trajectory_states__rosidl_typesupport_introspection_cpp.hpp\n'}
[3.235015] (cartographer_ros_msgs) StdoutLine: {'line': b'-- Up-to-date: /root/ros2_ws/install/cartographer_ros_msgs/include/cartographer_ros_msgs/cartographer_ros_msgs/msg/detail/submap_entry__rosidl_typesupport_introspection_cpp.hpp\n'}
[3.236239] (cartographer_ros_msgs) StdoutLine: {'line': b'-- Up-to-date: /root/ros2_ws/install/cartographer_ros_msgs/include/cartographer_ros_msgs/cartographer_ros_msgs/msg/detail/submap_texture__rosidl_typesupport_introspection_cpp.hpp\n'}
[3.236575] (cartographer_ros_msgs) StdoutLine: {'line': b'-- Up-to-date: /root/ros2_ws/install/cartographer_ros_msgs/include/cartographer_ros_msgs/cartographer_ros_msgs/msg/detail/landmark_entry__rosidl_typesupport_introspection_cpp.hpp\n'}
[3.239119] (cartographer_ros_msgs) StdoutLine: {'line': b'-- Up-to-date: /root/ros2_ws/install/cartographer_ros_msgs/lib/libcartographer_ros_msgs__rosidl_typesupport_introspection_cpp.so\n'}
[3.239853] (cartographer_ros_msgs) StdoutLine: {'line': b'-- Up-to-date: /root/ros2_ws/install/cartographer_ros_msgs/lib/libcartographer_ros_msgs__rosidl_typesupport_cpp.so\n'}
[3.240176] (cartographer_ros_msgs) StdoutLine: {'line': b'-- Up-to-date: /root/ros2_ws/install/cartographer_ros_msgs/share/cartographer_ros_msgs/environment/pythonpath.sh\n'}
[3.243658] (cartographer_ros_msgs) StdoutLine: {'line': b'-- Up-to-date: /root/ros2_ws/install/cartographer_ros_msgs/share/cartographer_ros_msgs/environment/pythonpath.dsv\n'}
[3.243967] (cartographer_ros_msgs) StdoutLine: {'line': b'-- Up-to-date: /root/ros2_ws/install/cartographer_ros_msgs/local/lib/python3.10/dist-packages/cartographer_ros_msgs-2.0.9003-py3.10.egg-info\n'}
[3.244272] (cartographer_ros_msgs) StdoutLine: {'line': b'-- Installing: /root/ros2_ws/install/cartographer_ros_msgs/local/lib/python3.10/dist-packages/cartographer_ros_msgs-2.0.9003-py3.10.egg-info/top_level.txt\n'}
[3.244595] (cartographer_ros_msgs) StdoutLine: {'line': b'-- Installing: /root/ros2_ws/install/cartographer_ros_msgs/local/lib/python3.10/dist-packages/cartographer_ros_msgs-2.0.9003-py3.10.egg-info/SOURCES.txt\n'}
[3.244859] (cartographer_ros_msgs) StdoutLine: {'line': b'-- Installing: /root/ros2_ws/install/cartographer_ros_msgs/local/lib/python3.10/dist-packages/cartographer_ros_msgs-2.0.9003-py3.10.egg-info/PKG-INFO\n'}
[3.245087] (cartographer_ros_msgs) StdoutLine: {'line': b'-- Installing: /root/ros2_ws/install/cartographer_ros_msgs/local/lib/python3.10/dist-packages/cartographer_ros_msgs-2.0.9003-py3.10.egg-info/dependency_links.txt\n'}
[3.246779] (cartographer_ros_msgs) StdoutLine: {'line': b'-- Up-to-date: /root/ros2_ws/install/cartographer_ros_msgs/local/lib/python3.10/dist-packages/cartographer_ros_msgs\n'}
[3.247149] (cartographer_ros_msgs) StdoutLine: {'line': b'-- Up-to-date: /root/ros2_ws/install/cartographer_ros_msgs/local/lib/python3.10/dist-packages/cartographer_ros_msgs/libcartographer_ros_msgs__rosidl_generator_py.so\n'}
[3.247512] (cartographer_ros_msgs) StdoutLine: {'line': b'-- Up-to-date: /root/ros2_ws/install/cartographer_ros_msgs/local/lib/python3.10/dist-packages/cartographer_ros_msgs/cartographer_ros_msgs_s__rosidl_typesupport_fastrtps_c.cpython-310-x86_64-linux-gnu.so\n'}
[3.247819] (cartographer_ros_msgs) StdoutLine: {'line': b'-- Up-to-date: /root/ros2_ws/install/cartographer_ros_msgs/local/lib/python3.10/dist-packages/cartographer_ros_msgs/_cartographer_ros_msgs_s.ep.rosidl_typesupport_c.c\n'}
[3.248094] (cartographer_ros_msgs) StdoutLine: {'line': b'-- Up-to-date: /root/ros2_ws/install/cartographer_ros_msgs/local/lib/python3.10/dist-packages/cartographer_ros_msgs/_cartographer_ros_msgs_s.ep.rosidl_typesupport_introspection_c.c\n'}
[3.248412] (cartographer_ros_msgs) StdoutLine: {'line': b'-- Up-to-date: /root/ros2_ws/install/cartographer_ros_msgs/local/lib/python3.10/dist-packages/cartographer_ros_msgs/cartographer_ros_msgs_s__rosidl_typesupport_c.cpython-310-x86_64-linux-gnu.so\n'}
[3.248718] (cartographer_ros_msgs) StdoutLine: {'line': b'-- Up-to-date: /root/ros2_ws/install/cartographer_ros_msgs/local/lib/python3.10/dist-packages/cartographer_ros_msgs/cartographer_ros_msgs_s__rosidl_typesupport_introspection_c.cpython-310-x86_64-linux-gnu.so\n'}
[3.249005] (cartographer_ros_msgs) StdoutLine: {'line': b'-- Up-to-date: /root/ros2_ws/install/cartographer_ros_msgs/local/lib/python3.10/dist-packages/cartographer_ros_msgs/srv\n'}
[3.250343] (cartographer_ros_msgs) StdoutLine: {'line': b'-- Up-to-date: /root/ros2_ws/install/cartographer_ros_msgs/local/lib/python3.10/dist-packages/cartographer_ros_msgs/srv/_write_state.py\n'}
[3.250816] (cartographer_ros_msgs) StdoutLine: {'line': b'-- Up-to-date: /root/ros2_ws/install/cartographer_ros_msgs/local/lib/python3.10/dist-packages/cartographer_ros_msgs/srv/_start_trajectory_s.c\n'}
[3.251336] (cartographer_ros_msgs) StdoutLine: {'line': b'-- Up-to-date: /root/ros2_ws/install/cartographer_ros_msgs/local/lib/python3.10/dist-packages/cartographer_ros_msgs/srv/_submap_query.py\n'}
[3.252063] (cartographer_ros_msgs) StdoutLine: {'line': b'-- Up-to-date: /root/ros2_ws/install/cartographer_ros_msgs/local/lib/python3.10/dist-packages/cartographer_ros_msgs/srv/_read_metrics_s.c\n'}
[3.252404] (cartographer_ros_msgs) StdoutLine: {'line': b'-- Up-to-date: /root/ros2_ws/install/cartographer_ros_msgs/local/lib/python3.10/dist-packages/cartographer_ros_msgs/srv/_finish_trajectory.py\n'}
[3.252670] (cartographer_ros_msgs) StdoutLine: {'line': b'-- Up-to-date: /root/ros2_ws/install/cartographer_ros_msgs/local/lib/python3.10/dist-packages/cartographer_ros_msgs/srv/_finish_trajectory_s.c\n'}
[3.254583] (cartographer_ros_msgs) StdoutLine: {'line': b'-- Up-to-date: /root/ros2_ws/install/cartographer_ros_msgs/local/lib/python3.10/dist-packages/cartographer_ros_msgs/srv/_get_trajectory_states_s.c\n'}
[3.254902] (cartographer_ros_msgs) StdoutLine: {'line': b'-- Up-to-date: /root/ros2_ws/install/cartographer_ros_msgs/local/lib/python3.10/dist-packages/cartographer_ros_msgs/srv/_get_trajectory_states.py\n'}
[3.257274] (cartographer_ros_msgs) StdoutLine: {'line': b'-- Up-to-date: /root/ros2_ws/install/cartographer_ros_msgs/local/lib/python3.10/dist-packages/cartographer_ros_msgs/srv/__init__.py\n'}
[3.257891] (cartographer_ros_msgs) StdoutLine: {'line': b'-- Up-to-date: /root/ros2_ws/install/cartographer_ros_msgs/local/lib/python3.10/dist-packages/cartographer_ros_msgs/srv/_write_state_s.c\n'}
[3.258603] (cartographer_ros_msgs) StdoutLine: {'line': b'-- Up-to-date: /root/ros2_ws/install/cartographer_ros_msgs/local/lib/python3.10/dist-packages/cartographer_ros_msgs/srv/_read_metrics.py\n'}
[3.259586] (cartographer_ros_msgs) StdoutLine: {'line': b'-- Up-to-date: /root/ros2_ws/install/cartographer_ros_msgs/local/lib/python3.10/dist-packages/cartographer_ros_msgs/srv/_trajectory_query_s.c\n'}
[3.270578] (cartographer_ros_msgs) StdoutLine: {'line': b'-- Up-to-date: /root/ros2_ws/install/cartographer_ros_msgs/local/lib/python3.10/dist-packages/cartographer_ros_msgs/srv/_start_trajectory.py\n'}
[3.270869] (cartographer_ros_msgs) StdoutLine: {'line': b'-- Up-to-date: /root/ros2_ws/install/cartographer_ros_msgs/local/lib/python3.10/dist-packages/cartographer_ros_msgs/srv/_trajectory_query.py\n'}
[3.271267] (cartographer_ros_msgs) StdoutLine: {'line': b'-- Up-to-date: /root/ros2_ws/install/cartographer_ros_msgs/local/lib/python3.10/dist-packages/cartographer_ros_msgs/srv/_submap_query_s.c\n'}
[3.271751] (cartographer_ros_msgs) StdoutLine: {'line': b'-- Up-to-date: /root/ros2_ws/install/cartographer_ros_msgs/local/lib/python3.10/dist-packages/cartographer_ros_msgs/msg\n'}
[3.272016] (cartographer_ros_msgs) StdoutLine: {'line': b'-- Up-to-date: /root/ros2_ws/install/cartographer_ros_msgs/local/lib/python3.10/dist-packages/cartographer_ros_msgs/msg/_submap_texture_s.c\n'}
[3.272295] (cartographer_ros_msgs) StdoutLine: {'line': b'-- Up-to-date: /root/ros2_ws/install/cartographer_ros_msgs/local/lib/python3.10/dist-packages/cartographer_ros_msgs/msg/_submap_texture.py\n'}
[3.272565] (cartographer_ros_msgs) StdoutLine: {'line': b'-- Up-to-date: /root/ros2_ws/install/cartographer_ros_msgs/local/lib/python3.10/dist-packages/cartographer_ros_msgs/msg/_metric.py\n'}
[3.272831] (cartographer_ros_msgs) StdoutLine: {'line': b'-- Up-to-date: /root/ros2_ws/install/cartographer_ros_msgs/local/lib/python3.10/dist-packages/cartographer_ros_msgs/msg/_status_code.py\n'}
[3.273104] (cartographer_ros_msgs) StdoutLine: {'line': b'-- Up-to-date: /root/ros2_ws/install/cartographer_ros_msgs/local/lib/python3.10/dist-packages/cartographer_ros_msgs/msg/_bagfile_progress.py\n'}
[3.273441] (cartographer_ros_msgs) StdoutLine: {'line': b'-- Up-to-date: /root/ros2_ws/install/cartographer_ros_msgs/local/lib/python3.10/dist-packages/cartographer_ros_msgs/msg/_landmark_entry.py\n'}
[3.276269] (cartographer_ros_msgs) StdoutLine: {'line': b'-- Up-to-date: /root/ros2_ws/install/cartographer_ros_msgs/local/lib/python3.10/dist-packages/cartographer_ros_msgs/msg/_trajectory_states.py\n'}
[3.276840] (-) TimerEvent: {}
[3.283399] (cartographer_ros_msgs) StdoutLine: {'line': b'-- Up-to-date: /root/ros2_ws/install/cartographer_ros_msgs/local/lib/python3.10/dist-packages/cartographer_ros_msgs/msg/_bagfile_progress_s.c\n'}
[3.283826] (cartographer_ros_msgs) StdoutLine: {'line': b'-- Up-to-date: /root/ros2_ws/install/cartographer_ros_msgs/local/lib/python3.10/dist-packages/cartographer_ros_msgs/msg/_status_code_s.c\n'}
[3.284259] (cartographer_ros_msgs) StdoutLine: {'line': b'-- Up-to-date: /root/ros2_ws/install/cartographer_ros_msgs/local/lib/python3.10/dist-packages/cartographer_ros_msgs/msg/_submap_entry_s.c\n'}
[3.284640] (cartographer_ros_msgs) StdoutLine: {'line': b'-- Up-to-date: /root/ros2_ws/install/cartographer_ros_msgs/local/lib/python3.10/dist-packages/cartographer_ros_msgs/msg/_landmark_list.py\n'}
[3.284974] (cartographer_ros_msgs) StdoutLine: {'line': b'-- Up-to-date: /root/ros2_ws/install/cartographer_ros_msgs/local/lib/python3.10/dist-packages/cartographer_ros_msgs/msg/_metric_label_s.c\n'}
[3.285343] (cartographer_ros_msgs) StdoutLine: {'line': b'-- Up-to-date: /root/ros2_ws/install/cartographer_ros_msgs/local/lib/python3.10/dist-packages/cartographer_ros_msgs/msg/__init__.py\n'}
[3.285723] (cartographer_ros_msgs) StdoutLine: {'line': b'-- Up-to-date: /root/ros2_ws/install/cartographer_ros_msgs/local/lib/python3.10/dist-packages/cartographer_ros_msgs/msg/_metric_family_s.c\n'}
[3.286070] (cartographer_ros_msgs) StdoutLine: {'line': b'-- Up-to-date: /root/ros2_ws/install/cartographer_ros_msgs/local/lib/python3.10/dist-packages/cartographer_ros_msgs/msg/_submap_entry.py\n'}
[3.286355] (cartographer_ros_msgs) StdoutLine: {'line': b'-- Up-to-date: /root/ros2_ws/install/cartographer_ros_msgs/local/lib/python3.10/dist-packages/cartographer_ros_msgs/msg/_submap_list_s.c\n'}
[3.286596] (cartographer_ros_msgs) StdoutLine: {'line': b'-- Up-to-date: /root/ros2_ws/install/cartographer_ros_msgs/local/lib/python3.10/dist-packages/cartographer_ros_msgs/msg/_histogram_bucket_s.c\n'}
[3.286811] (cartographer_ros_msgs) StdoutLine: {'line': b'-- Up-to-date: /root/ros2_ws/install/cartographer_ros_msgs/local/lib/python3.10/dist-packages/cartographer_ros_msgs/msg/_submap_list.py\n'}
[3.287021] (cartographer_ros_msgs) StdoutLine: {'line': b'-- Up-to-date: /root/ros2_ws/install/cartographer_ros_msgs/local/lib/python3.10/dist-packages/cartographer_ros_msgs/msg/_metric_s.c\n'}
[3.294551] (cartographer_ros_msgs) StdoutLine: {'line': b'-- Up-to-date: /root/ros2_ws/install/cartographer_ros_msgs/local/lib/python3.10/dist-packages/cartographer_ros_msgs/msg/_histogram_bucket.py\n'}
[3.294913] (cartographer_ros_msgs) StdoutLine: {'line': b'-- Up-to-date: /root/ros2_ws/install/cartographer_ros_msgs/local/lib/python3.10/dist-packages/cartographer_ros_msgs/msg/_landmark_entry_s.c\n'}
[3.295175] (cartographer_ros_msgs) StdoutLine: {'line': b'-- Up-to-date: /root/ros2_ws/install/cartographer_ros_msgs/local/lib/python3.10/dist-packages/cartographer_ros_msgs/msg/_metric_label.py\n'}
[3.295433] (cartographer_ros_msgs) StdoutLine: {'line': b'-- Up-to-date: /root/ros2_ws/install/cartographer_ros_msgs/local/lib/python3.10/dist-packages/cartographer_ros_msgs/msg/_status_response_s.c\n'}
[3.295671] (cartographer_ros_msgs) StdoutLine: {'line': b'-- Up-to-date: /root/ros2_ws/install/cartographer_ros_msgs/local/lib/python3.10/dist-packages/cartographer_ros_msgs/msg/_status_response.py\n'}
[3.295906] (cartographer_ros_msgs) StdoutLine: {'line': b'-- Up-to-date: /root/ros2_ws/install/cartographer_ros_msgs/local/lib/python3.10/dist-packages/cartographer_ros_msgs/msg/_landmark_list_s.c\n'}
[3.296177] (cartographer_ros_msgs) StdoutLine: {'line': b'-- Up-to-date: /root/ros2_ws/install/cartographer_ros_msgs/local/lib/python3.10/dist-packages/cartographer_ros_msgs/msg/_metric_family.py\n'}
[3.296459] (cartographer_ros_msgs) StdoutLine: {'line': b'-- Up-to-date: /root/ros2_ws/install/cartographer_ros_msgs/local/lib/python3.10/dist-packages/cartographer_ros_msgs/msg/_trajectory_states_s.c\n'}
[3.296764] (cartographer_ros_msgs) StdoutLine: {'line': b'-- Up-to-date: /root/ros2_ws/install/cartographer_ros_msgs/local/lib/python3.10/dist-packages/cartographer_ros_msgs/_cartographer_ros_msgs_s.ep.rosidl_typesupport_fastrtps_c.c\n'}
[3.297051] (cartographer_ros_msgs) StdoutLine: {'line': b'-- Up-to-date: /root/ros2_ws/install/cartographer_ros_msgs/local/lib/python3.10/dist-packages/cartographer_ros_msgs/__init__.py\n'}
[3.305012] (cartographer) StdoutLine: {'line': b'[ 66%] Built target cartographer.mapping.2d.map_limits_test\n'}
[3.305341] (cartographer) StdoutLine: {'line': b'[ 66%] Built target cartographer.io.serialization_format_migration_test\n'}
[3.305607] (cartographer) StdoutLine: {'line': b'[ 66%] Built target cartographer.mapping.2d.probability_grid_test\n'}
[3.305843] (cartographer) StdoutLine: {'line': b'[ 66%] Built target cartographer.mapping.3d.hybrid_grid_test\n'}
[3.306122] (cartographer) StdoutLine: {'line': b'[ 66%] Built target cartographer.mapping.2d.submap_2d_test\n'}
[3.311212] (cartographer) StdoutLine: {'line': b'[ 67%] Built target cartographer.mapping.2d.range_data_inserter_2d_test\n'}
[3.311527] (cartographer) StdoutLine: {'line': b'[ 68%] Built target cartographer.mapping.2d.xy_index_test\n'}
[3.311760] (cartographer) StdoutLine: {'line': b'[ 69%] Built target cartographer.mapping.3d.range_data_inserter_3d_test\n'}
[3.311989] (cartographer) StdoutLine: {'line': b'\x1b[01mRunning Sphinx v4.3.2\x1b[39;49;00m\n'}
[3.320646] (cartographer) StdoutLine: {'line': b'[ 69%] Built target cartographer.mapping.internal.2d.overlapping_submaps_trimmer_2d_test\n'}
[3.321184] (cartographer) StdoutLine: {'line': b'[ 69%] Built target cartographer.mapping.imu_tracker_test\n'}
[3.334657] (cartographer) StdoutLine: {'line': b'[ 70%] Built target cartographer.mapping.id_test\n'}
[3.343301] (cartographer) StdoutLine: {'line': b'[ 70%] Built target cartographer.mapping.3d.submap_3d_test\n'}
[3.377050] (-) TimerEvent: {}
[3.392676] (cartographer) StdoutLine: {'line': b'[ 71%] Built target cartographer.mapping.internal.2d.normal_estimation_2d_test\n'}
[3.487217] (cartographer) StdoutLine: {'line': b'[ 72%] Built target cartographer.mapping.internal.2d.scan_matching.ceres_scan_matcher_2d_test\n'}
[3.487671] (-) TimerEvent: {}
[3.504394] (cartographer) StdoutLine: {'line': b'[ 73%] Built target cartographer.mapping.internal.2d.pose_graph_2d_test\n'}
[3.509221] (cartographer_ros_msgs) StdoutLine: {'line': b"Listing '/root/ros2_ws/install/cartographer_ros_msgs/local/lib/python3.10/dist-packages/cartographer_ros_msgs'...\n"}
[3.510152] (cartographer_ros_msgs) StdoutLine: {'line': b"Listing '/root/ros2_ws/install/cartographer_ros_msgs/local/lib/python3.10/dist-packages/cartographer_ros_msgs/msg'...\n"}
[3.510802] (cartographer_ros_msgs) StdoutLine: {'line': b"Listing '/root/ros2_ws/install/cartographer_ros_msgs/local/lib/python3.10/dist-packages/cartographer_ros_msgs/srv'...\n"}
[3.596259] (cartographer) StdoutLine: {'line': b'[ 74%] Built target cartographer.mapping.internal.2d.scan_matching.fast_correlative_scan_matcher_2d_test\n'}
[3.596705] (-) TimerEvent: {}
[3.597142] (cartographer) StdoutLine: {'line': b'[ 74%] Built target cartographer.mapping.internal.2d.ray_to_pixel_mask_test\n'}
[3.599109] (cartographer) StdoutLine: {'line': b'[ 74%] Built target cartographer.mapping.internal.2d.scan_matching.correlative_scan_matcher_test\n'}
[3.600458] (cartographer_ros_msgs) StdoutLine: {'line': b'-- Up-to-date: /root/ros2_ws/install/cartographer_ros_msgs/local/lib/python3.10/dist-packages/cartographer_ros_msgs/cartographer_ros_msgs_s__rosidl_typesupport_fastrtps_c.cpython-310-x86_64-linux-gnu.so\n'}
[3.606124] (cartographer_ros_msgs) StdoutLine: {'line': b'-- Up-to-date: /root/ros2_ws/install/cartographer_ros_msgs/local/lib/python3.10/dist-packages/cartographer_ros_msgs/cartographer_ros_msgs_s__rosidl_typesupport_introspection_c.cpython-310-x86_64-linux-gnu.so\n'}
[3.608691] (cartographer_ros_msgs) StdoutLine: {'line': b'-- Up-to-date: /root/ros2_ws/install/cartographer_ros_msgs/local/lib/python3.10/dist-packages/cartographer_ros_msgs/cartographer_ros_msgs_s__rosidl_typesupport_c.cpython-310-x86_64-linux-gnu.so\n'}
[3.609846] (cartographer_ros_msgs) StdoutLine: {'line': b'-- Up-to-date: /root/ros2_ws/install/cartographer_ros_msgs/lib/libcartographer_ros_msgs__rosidl_generator_py.so\n'}
[3.610769] (cartographer_ros_msgs) StdoutLine: {'line': b'-- Up-to-date: /root/ros2_ws/install/cartographer_ros_msgs/share/cartographer_ros_msgs/msg/BagfileProgress.idl\n'}
[3.612057] (cartographer_ros_msgs) StdoutLine: {'line': b'-- Up-to-date: /root/ros2_ws/install/cartographer_ros_msgs/share/cartographer_ros_msgs/msg/HistogramBucket.idl\n'}
[3.614030] (cartographer_ros_msgs) StdoutLine: {'line': b'-- Up-to-date: /root/ros2_ws/install/cartographer_ros_msgs/share/cartographer_ros_msgs/msg/LandmarkEntry.idl\n'}
[3.614416] (cartographer_ros_msgs) StdoutLine: {'line': b'-- Up-to-date: /root/ros2_ws/install/cartographer_ros_msgs/share/cartographer_ros_msgs/msg/LandmarkList.idl\n'}
[3.614722] (cartographer_ros_msgs) StdoutLine: {'line': b'-- Up-to-date: /root/ros2_ws/install/cartographer_ros_msgs/share/cartographer_ros_msgs/msg/MetricFamily.idl\n'}
[3.619116] (cartographer_ros_msgs) StdoutLine: {'line': b'-- Up-to-date: /root/ros2_ws/install/cartographer_ros_msgs/share/cartographer_ros_msgs/msg/MetricLabel.idl\n'}
[3.620974] (cartographer_ros_msgs) StdoutLine: {'line': b'-- Up-to-date: /root/ros2_ws/install/cartographer_ros_msgs/share/cartographer_ros_msgs/msg/Metric.idl\n'}
[3.621671] (cartographer_ros_msgs) StdoutLine: {'line': b'-- Up-to-date: /root/ros2_ws/install/cartographer_ros_msgs/share/cartographer_ros_msgs/msg/StatusCode.idl\n'}
[3.621935] (cartographer_ros_msgs) StdoutLine: {'line': b'-- Up-to-date: /root/ros2_ws/install/cartographer_ros_msgs/share/cartographer_ros_msgs/msg/StatusResponse.idl\n'}
[3.622194] (cartographer_ros_msgs) StdoutLine: {'line': b'-- Up-to-date: /root/ros2_ws/install/cartographer_ros_msgs/share/cartographer_ros_msgs/msg/SubmapEntry.idl\n'}
[3.626280] (cartographer_ros_msgs) StdoutLine: {'line': b'-- Up-to-date: /root/ros2_ws/install/cartographer_ros_msgs/share/cartographer_ros_msgs/msg/SubmapList.idl\n'}
[3.626763] (cartographer_ros_msgs) StdoutLine: {'line': b'-- Up-to-date: /root/ros2_ws/install/cartographer_ros_msgs/share/cartographer_ros_msgs/msg/SubmapTexture.idl\n'}
[3.627099] (cartographer_ros_msgs) StdoutLine: {'line': b'-- Up-to-date: /root/ros2_ws/install/cartographer_ros_msgs/share/cartographer_ros_msgs/msg/TrajectoryStates.idl\n'}
[3.627617] (cartographer_ros_msgs) StdoutLine: {'line': b'-- Up-to-date: /root/ros2_ws/install/cartographer_ros_msgs/share/cartographer_ros_msgs/srv/FinishTrajectory.idl\n'}
[3.628097] (cartographer_ros_msgs) StdoutLine: {'line': b'-- Up-to-date: /root/ros2_ws/install/cartographer_ros_msgs/share/cartographer_ros_msgs/srv/GetTrajectoryStates.idl\n'}
[3.629488] (cartographer_ros_msgs) StdoutLine: {'line': b'-- Up-to-date: /root/ros2_ws/install/cartographer_ros_msgs/share/cartographer_ros_msgs/srv/ReadMetrics.idl\n'}
[3.630470] (cartographer_ros_msgs) StdoutLine: {'line': b'-- Up-to-date: /root/ros2_ws/install/cartographer_ros_msgs/share/cartographer_ros_msgs/srv/StartTrajectory.idl\n'}
[3.631717] (cartographer_ros_msgs) StdoutLine: {'line': b'-- Up-to-date: /root/ros2_ws/install/cartographer_ros_msgs/share/cartographer_ros_msgs/srv/TrajectoryQuery.idl\n'}
[3.632099] (cartographer_ros_msgs) StdoutLine: {'line': b'-- Up-to-date: /root/ros2_ws/install/cartographer_ros_msgs/share/cartographer_ros_msgs/srv/SubmapQuery.idl\n'}
[3.633051] (cartographer_ros_msgs) StdoutLine: {'line': b'-- Up-to-date: /root/ros2_ws/install/cartographer_ros_msgs/share/cartographer_ros_msgs/srv/WriteState.idl\n'}
[3.633430] (cartographer_ros_msgs) StdoutLine: {'line': b'-- Up-to-date: /root/ros2_ws/install/cartographer_ros_msgs/share/cartographer_ros_msgs/msg/BagfileProgress.msg\n'}
[3.633769] (cartographer_ros_msgs) StdoutLine: {'line': b'-- Up-to-date: /root/ros2_ws/install/cartographer_ros_msgs/share/cartographer_ros_msgs/msg/HistogramBucket.msg\n'}
[3.634016] (cartographer_ros_msgs) StdoutLine: {'line': b'-- Up-to-date: /root/ros2_ws/install/cartographer_ros_msgs/share/cartographer_ros_msgs/msg/LandmarkEntry.msg\n'}
[3.634262] (cartographer_ros_msgs) StdoutLine: {'line': b'-- Up-to-date: /root/ros2_ws/install/cartographer_ros_msgs/share/cartographer_ros_msgs/msg/LandmarkList.msg\n'}
[3.637302] (cartographer_ros_msgs) StdoutLine: {'line': b'-- Up-to-date: /root/ros2_ws/install/cartographer_ros_msgs/share/cartographer_ros_msgs/msg/MetricFamily.msg\n'}
[3.637612] (cartographer_ros_msgs) StdoutLine: {'line': b'-- Up-to-date: /root/ros2_ws/install/cartographer_ros_msgs/share/cartographer_ros_msgs/msg/MetricLabel.msg\n'}
[3.637848] (cartographer_ros_msgs) StdoutLine: {'line': b'-- Up-to-date: /root/ros2_ws/install/cartographer_ros_msgs/share/cartographer_ros_msgs/msg/Metric.msg\n'}
[3.638069] (cartographer_ros_msgs) StdoutLine: {'line': b'-- Up-to-date: /root/ros2_ws/install/cartographer_ros_msgs/share/cartographer_ros_msgs/msg/StatusCode.msg\n'}
[3.638631] (cartographer_ros_msgs) StdoutLine: {'line': b'-- Up-to-date: /root/ros2_ws/install/cartographer_ros_msgs/share/cartographer_ros_msgs/msg/StatusResponse.msg\n'}
[3.638872] (cartographer_ros_msgs) StdoutLine: {'line': b'-- Up-to-date: /root/ros2_ws/install/cartographer_ros_msgs/share/cartographer_ros_msgs/msg/SubmapEntry.msg\n'}
[3.639094] (cartographer_ros_msgs) StdoutLine: {'line': b'-- Up-to-date: /root/ros2_ws/install/cartographer_ros_msgs/share/cartographer_ros_msgs/msg/SubmapList.msg\n'}
[3.639354] (cartographer_ros_msgs) StdoutLine: {'line': b'-- Up-to-date: /root/ros2_ws/install/cartographer_ros_msgs/share/cartographer_ros_msgs/msg/SubmapTexture.msg\n'}
[3.642611] (cartographer_ros_msgs) StdoutLine: {'line': b'-- Up-to-date: /root/ros2_ws/install/cartographer_ros_msgs/share/cartographer_ros_msgs/msg/TrajectoryStates.msg\n'}
[3.643005] (cartographer_ros_msgs) StdoutLine: {'line': b'-- Up-to-date: /root/ros2_ws/install/cartographer_ros_msgs/share/cartographer_ros_msgs/srv/FinishTrajectory.srv\n'}
[3.643319] (cartographer_ros_msgs) StdoutLine: {'line': b'-- Up-to-date: /root/ros2_ws/install/cartographer_ros_msgs/share/cartographer_ros_msgs/srv/FinishTrajectory_Request.msg\n'}
[3.644492] (cartographer_ros_msgs) StdoutLine: {'line': b'-- Up-to-date: /root/ros2_ws/install/cartographer_ros_msgs/share/cartographer_ros_msgs/srv/FinishTrajectory_Response.msg\n'}
[3.647433] (cartographer_ros_msgs) StdoutLine: {'line': b'-- Up-to-date: /root/ros2_ws/install/cartographer_ros_msgs/share/cartographer_ros_msgs/srv/GetTrajectoryStates.srv\n'}
[3.647715] (cartographer_ros_msgs) StdoutLine: {'line': b'-- Up-to-date: /root/ros2_ws/install/cartographer_ros_msgs/share/cartographer_ros_msgs/srv/GetTrajectoryStates_Request.msg\n'}
[3.647948] (cartographer_ros_msgs) StdoutLine: {'line': b'-- Up-to-date: /root/ros2_ws/install/cartographer_ros_msgs/share/cartographer_ros_msgs/srv/GetTrajectoryStates_Response.msg\n'}
[3.654396] (cartographer_ros_msgs) StdoutLine: {'line': b'-- Up-to-date: /root/ros2_ws/install/cartographer_ros_msgs/share/cartographer_ros_msgs/srv/ReadMetrics.srv\n'}
[3.655389] (cartographer_ros_msgs) StdoutLine: {'line': b'-- Up-to-date: /root/ros2_ws/install/cartographer_ros_msgs/share/cartographer_ros_msgs/srv/ReadMetrics_Request.msg\n'}
[3.655753] (cartographer_ros_msgs) StdoutLine: {'line': b'-- Up-to-date: /root/ros2_ws/install/cartographer_ros_msgs/share/cartographer_ros_msgs/srv/ReadMetrics_Response.msg\n'}
[3.655995] (cartographer_ros_msgs) StdoutLine: {'line': b'-- Up-to-date: /root/ros2_ws/install/cartographer_ros_msgs/share/cartographer_ros_msgs/srv/StartTrajectory.srv\n'}
[3.656277] (cartographer_ros_msgs) StdoutLine: {'line': b'-- Up-to-date: /root/ros2_ws/install/cartographer_ros_msgs/share/cartographer_ros_msgs/srv/StartTrajectory_Request.msg\n'}
[3.656556] (cartographer_ros_msgs) StdoutLine: {'line': b'-- Up-to-date: /root/ros2_ws/install/cartographer_ros_msgs/share/cartographer_ros_msgs/srv/StartTrajectory_Response.msg\n'}
[3.656793] (cartographer_ros_msgs) StdoutLine: {'line': b'-- Up-to-date: /root/ros2_ws/install/cartographer_ros_msgs/share/cartographer_ros_msgs/srv/TrajectoryQuery.srv\n'}
[3.657050] (cartographer_ros_msgs) StdoutLine: {'line': b'-- Up-to-date: /root/ros2_ws/install/cartographer_ros_msgs/share/cartographer_ros_msgs/srv/TrajectoryQuery_Request.msg\n'}
[3.657325] (cartographer_ros_msgs) StdoutLine: {'line': b'-- Up-to-date: /root/ros2_ws/install/cartographer_ros_msgs/share/cartographer_ros_msgs/srv/TrajectoryQuery_Response.msg\n'}
[3.657584] (cartographer_ros_msgs) StdoutLine: {'line': b'-- Up-to-date: /root/ros2_ws/install/cartographer_ros_msgs/share/cartographer_ros_msgs/srv/SubmapQuery.srv\n'}
[3.685501] (cartographer_ros_msgs) StdoutLine: {'line': b'-- Up-to-date: /root/ros2_ws/install/cartographer_ros_msgs/share/cartographer_ros_msgs/srv/SubmapQuery_Request.msg\n'}
[3.685889] (cartographer_ros_msgs) StdoutLine: {'line': b'-- Up-to-date: /root/ros2_ws/install/cartographer_ros_msgs/share/cartographer_ros_msgs/srv/SubmapQuery_Response.msg\n'}
[3.686136] (cartographer_ros_msgs) StdoutLine: {'line': b'-- Up-to-date: /root/ros2_ws/install/cartographer_ros_msgs/share/cartographer_ros_msgs/srv/WriteState.srv\n'}
[3.686413] (cartographer_ros_msgs) StdoutLine: {'line': b'-- Up-to-date: /root/ros2_ws/install/cartographer_ros_msgs/share/cartographer_ros_msgs/srv/WriteState_Request.msg\n'}
[3.686673] (cartographer_ros_msgs) StdoutLine: {'line': b'-- Up-to-date: /root/ros2_ws/install/cartographer_ros_msgs/share/cartographer_ros_msgs/srv/WriteState_Response.msg\n'}
[3.686931] (cartographer_ros_msgs) StdoutLine: {'line': b'-- Up-to-date: /root/ros2_ws/install/cartographer_ros_msgs/share/ament_index/resource_index/package_run_dependencies/cartographer_ros_msgs\n'}
[3.687259] (cartographer_ros_msgs) StdoutLine: {'line': b'-- Up-to-date: /root/ros2_ws/install/cartographer_ros_msgs/share/ament_index/resource_index/parent_prefix_path/cartographer_ros_msgs\n'}
[3.687547] (cartographer_ros_msgs) StdoutLine: {'line': b'-- Up-to-date: /root/ros2_ws/install/cartographer_ros_msgs/share/cartographer_ros_msgs/environment/ament_prefix_path.sh\n'}
[3.687808] (cartographer_ros_msgs) StdoutLine: {'line': b'-- Up-to-date: /root/ros2_ws/install/cartographer_ros_msgs/share/cartographer_ros_msgs/environment/ament_prefix_path.dsv\n'}
[3.688050] (cartographer_ros_msgs) StdoutLine: {'line': b'-- Up-to-date: /root/ros2_ws/install/cartographer_ros_msgs/share/cartographer_ros_msgs/environment/path.sh\n'}
[3.688341] (cartographer_ros_msgs) StdoutLine: {'line': b'-- Up-to-date: /root/ros2_ws/install/cartographer_ros_msgs/share/cartographer_ros_msgs/environment/path.dsv\n'}
[3.688599] (cartographer_ros_msgs) StdoutLine: {'line': b'-- Up-to-date: /root/ros2_ws/install/cartographer_ros_msgs/share/cartographer_ros_msgs/local_setup.bash\n'}
[3.688834] (cartographer_ros_msgs) StdoutLine: {'line': b'-- Up-to-date: /root/ros2_ws/install/cartographer_ros_msgs/share/cartographer_ros_msgs/local_setup.sh\n'}
[3.689077] (cartographer_ros_msgs) StdoutLine: {'line': b'-- Up-to-date: /root/ros2_ws/install/cartographer_ros_msgs/share/cartographer_ros_msgs/local_setup.zsh\n'}
[3.711210] (-) TimerEvent: {}
[3.711551] (cartographer_ros_msgs) StdoutLine: {'line': b'-- Up-to-date: /root/ros2_ws/install/cartographer_ros_msgs/share/cartographer_ros_msgs/local_setup.dsv\n'}
[3.711849] (cartographer_ros_msgs) StdoutLine: {'line': b'-- Installing: /root/ros2_ws/install/cartographer_ros_msgs/share/cartographer_ros_msgs/package.dsv\n'}
[3.712119] (cartographer_ros_msgs) StdoutLine: {'line': b'-- Up-to-date: /root/ros2_ws/install/cartographer_ros_msgs/share/ament_index/resource_index/packages/cartographer_ros_msgs\n'}
[3.712405] (cartographer_ros_msgs) StdoutLine: {'line': b'-- Up-to-date: /root/ros2_ws/install/cartographer_ros_msgs/share/cartographer_ros_msgs/cmake/export_cartographer_ros_msgs__rosidl_generator_cExport.cmake\n'}
[3.712676] (cartographer_ros_msgs) StdoutLine: {'line': b'-- Up-to-date: /root/ros2_ws/install/cartographer_ros_msgs/share/cartographer_ros_msgs/cmake/export_cartographer_ros_msgs__rosidl_generator_cExport-noconfig.cmake\n'}
[3.712909] (cartographer_ros_msgs) StdoutLine: {'line': b'-- Up-to-date: /root/ros2_ws/install/cartographer_ros_msgs/share/cartographer_ros_msgs/cmake/export_cartographer_ros_msgs__rosidl_typesupport_fastrtps_cExport.cmake\n'}
[3.713133] (cartographer_ros_msgs) StdoutLine: {'line': b'-- Up-to-date: /root/ros2_ws/install/cartographer_ros_msgs/share/cartographer_ros_msgs/cmake/export_cartographer_ros_msgs__rosidl_typesupport_fastrtps_cExport-noconfig.cmake\n'}
[3.713410] (cartographer_ros_msgs) StdoutLine: {'line': b'-- Up-to-date: /root/ros2_ws/install/cartographer_ros_msgs/share/cartographer_ros_msgs/cmake/cartographer_ros_msgs__rosidl_typesupport_introspection_cExport.cmake\n'}
[3.713657] (cartographer_ros_msgs) StdoutLine: {'line': b'-- Up-to-date: /root/ros2_ws/install/cartographer_ros_msgs/share/cartographer_ros_msgs/cmake/cartographer_ros_msgs__rosidl_typesupport_introspection_cExport-noconfig.cmake\n'}
[3.713907] (cartographer_ros_msgs) StdoutLine: {'line': b'-- Up-to-date: /root/ros2_ws/install/cartographer_ros_msgs/share/cartographer_ros_msgs/cmake/cartographer_ros_msgs__rosidl_typesupport_cExport.cmake\n'}
[3.736331] (cartographer_ros_msgs) StdoutLine: {'line': b'-- Up-to-date: /root/ros2_ws/install/cartographer_ros_msgs/share/cartographer_ros_msgs/cmake/cartographer_ros_msgs__rosidl_typesupport_cExport-noconfig.cmake\n'}
[3.736801] (cartographer_ros_msgs) StdoutLine: {'line': b'-- Up-to-date: /root/ros2_ws/install/cartographer_ros_msgs/share/cartographer_ros_msgs/cmake/export_cartographer_ros_msgs__rosidl_generator_cppExport.cmake\n'}
[3.737238] (cartographer_ros_msgs) StdoutLine: {'line': b'-- Up-to-date: /root/ros2_ws/install/cartographer_ros_msgs/share/cartographer_ros_msgs/cmake/export_cartographer_ros_msgs__rosidl_typesupport_fastrtps_cppExport.cmake\n'}
[3.737620] (cartographer_ros_msgs) StdoutLine: {'line': b'-- Up-to-date: /root/ros2_ws/install/cartographer_ros_msgs/share/cartographer_ros_msgs/cmake/export_cartographer_ros_msgs__rosidl_typesupport_fastrtps_cppExport-noconfig.cmake\n'}
[3.737915] (cartographer_ros_msgs) StdoutLine: {'line': b'-- Up-to-date: /root/ros2_ws/install/cartographer_ros_msgs/share/cartographer_ros_msgs/cmake/cartographer_ros_msgs__rosidl_typesupport_introspection_cppExport.cmake\n'}
[3.738258] (cartographer_ros_msgs) StdoutLine: {'line': b'-- Up-to-date: /root/ros2_ws/install/cartographer_ros_msgs/share/cartographer_ros_msgs/cmake/cartographer_ros_msgs__rosidl_typesupport_introspection_cppExport-noconfig.cmake\n'}
[3.738527] (cartographer_ros_msgs) StdoutLine: {'line': b'-- Up-to-date: /root/ros2_ws/install/cartographer_ros_msgs/share/cartographer_ros_msgs/cmake/cartographer_ros_msgs__rosidl_typesupport_cppExport.cmake\n'}
[3.738766] (cartographer_ros_msgs) StdoutLine: {'line': b'-- Up-to-date: /root/ros2_ws/install/cartographer_ros_msgs/share/cartographer_ros_msgs/cmake/cartographer_ros_msgs__rosidl_typesupport_cppExport-noconfig.cmake\n'}
[3.739002] (cartographer_ros_msgs) StdoutLine: {'line': b'-- Up-to-date: /root/ros2_ws/install/cartographer_ros_msgs/share/cartographer_ros_msgs/cmake/export_cartographer_ros_msgs__rosidl_generator_pyExport.cmake\n'}
[3.739281] (cartographer_ros_msgs) StdoutLine: {'line': b'-- Up-to-date: /root/ros2_ws/install/cartographer_ros_msgs/share/cartographer_ros_msgs/cmake/export_cartographer_ros_msgs__rosidl_generator_pyExport-noconfig.cmake\n'}
[3.739639] (cartographer_ros_msgs) StdoutLine: {'line': b'-- Up-to-date: /root/ros2_ws/install/cartographer_ros_msgs/share/cartographer_ros_msgs/cmake/rosidl_cmake-extras.cmake\n'}
[3.739993] (cartographer_ros_msgs) StdoutLine: {'line': b'-- Up-to-date: /root/ros2_ws/install/cartographer_ros_msgs/share/cartographer_ros_msgs/cmake/ament_cmake_export_dependencies-extras.cmake\n'}
[3.771424] (cartographer_ros_msgs) StdoutLine: {'line': b'-- Up-to-date: /root/ros2_ws/install/cartographer_ros_msgs/share/cartographer_ros_msgs/cmake/ament_cmake_export_include_directories-extras.cmake\n'}
[3.771790] (cartographer_ros_msgs) StdoutLine: {'line': b'-- Up-to-date: /root/ros2_ws/install/cartographer_ros_msgs/share/cartographer_ros_msgs/cmake/ament_cmake_export_libraries-extras.cmake\n'}
[3.772081] (cartographer_ros_msgs) StdoutLine: {'line': b'-- Up-to-date: /root/ros2_ws/install/cartographer_ros_msgs/share/cartographer_ros_msgs/cmake/ament_cmake_export_targets-extras.cmake\n'}
[3.772415] (cartographer_ros_msgs) StdoutLine: {'line': b'-- Up-to-date: /root/ros2_ws/install/cartographer_ros_msgs/share/cartographer_ros_msgs/cmake/rosidl_cmake_export_typesupport_targets-extras.cmake\n'}
[3.772692] (cartographer_ros_msgs) StdoutLine: {'line': b'-- Up-to-date: /root/ros2_ws/install/cartographer_ros_msgs/share/cartographer_ros_msgs/cmake/rosidl_cmake_export_typesupport_libraries-extras.cmake\n'}
[3.772978] (cartographer_ros_msgs) StdoutLine: {'line': b'-- Up-to-date: /root/ros2_ws/install/cartographer_ros_msgs/share/cartographer_ros_msgs/cmake/cartographer_ros_msgsConfig.cmake\n'}
[3.773267] (cartographer_ros_msgs) StdoutLine: {'line': b'-- Up-to-date: /root/ros2_ws/install/cartographer_ros_msgs/share/cartographer_ros_msgs/cmake/cartographer_ros_msgsConfig-version.cmake\n'}
[3.773532] (cartographer_ros_msgs) StdoutLine: {'line': b'-- Up-to-date: /root/ros2_ws/install/cartographer_ros_msgs/share/cartographer_ros_msgs/package.xml\n'}
[3.773785] (cartographer) StdoutLine: {'line': b'[ 74%] Built target cartographer.mapping.internal.2d.scan_matching.occupied_space_cost_function_2d_test\n'}
[3.774081] (cartographer_ros_msgs) CommandEnded: {'returncode': 0}
[3.780273] (cartographer) StdoutLine: {'line': b'[ 75%] Built target cartographer.mapping.internal.2d.scan_matching.real_time_correlative_scan_matcher_2d_test\n'}
[3.780838] (cartographer) StdoutLine: {'line': b'[ 76%] Built target cartographer.mapping.internal.2d.scan_matching.interpolated_tsdf_2d_test\n'}
[3.816902] (-) TimerEvent: {}
[3.824800] (cartographer) StdoutLine: {'line': b'[ 77%] Built target cartographer.mapping.internal.2d.tsd_value_converter_test\n'}
[3.864105] (cartographer) StdoutLine: {'line': b'[ 78%] Built target cartographer.mapping.internal.3d.pose_graph_3d_test\n'}
[3.864726] (cartographer) StdoutLine: {'line': b'[ 78%] Built target cartographer.mapping.internal.2d.scan_matching.tsdf_match_cost_function_2d_test\n'}
[3.868416] (cartographer) StdoutLine: {'line': b'[ 78%] Built target cartographer.mapping.internal.3d.local_trajectory_builder_3d_test\n'}
[3.879322] (cartographer_ros_msgs) JobEnded: {'identifier': 'cartographer_ros_msgs', 'rc': 0}
[3.883577] (cartographer) StdoutLine: {'line': b'[ 79%] Built target cartographer.mapping.internal.2d.tsdf_range_data_inserter_2d_test\n'}
[3.893735] (cartographer) StdoutLine: {'line': b'[ 79%] Built target cartographer.mapping.internal.2d.tsdf_2d_test\n'}
[3.919643] (-) TimerEvent: {}
[3.960145] (cartographer) StdoutLine: {'line': b'[ 79%] Built target cartographer.mapping.internal.3d.rotation_parameterization_test\n'}
[4.022875] (-) TimerEvent: {}
[4.056636] (cartographer) StdoutLine: {'line': b'[ 79%] Built target cartographer.mapping.internal.3d.scan_matching.real_time_correlative_scan_matcher_3d_test\n'}
[4.080558] (cartographer) StdoutLine: {'line': b'\x1b[01mloading pickled environment... \x1b[39;49;00mdone\n'}
[4.089839] (cartographer) StdoutLine: {'line': b'[ 80%] Built target cartographer.mapping.internal.3d.scan_matching.ceres_scan_matcher_3d_test\n'}
[4.090391] (cartographer) StdoutLine: {'line': b'\x1b[01mbuilding [mo]: \x1b[39;49;00mtargets for 0 po files that are out of date\n'}
[4.091359] (cartographer) StdoutLine: {'line': b'\x1b[01mbuilding [html]: \x1b[39;49;00mtargets for 0 source files that are out of date\n'}
[4.094623] (cartographer) StdoutLine: {'line': b'\x1b[01mupdating environment: \x1b[39;49;00m0 added, 0 changed, 0 removed\n'}
[4.095656] (cartographer) StdoutLine: {'line': b'\x1b[01mlooking for now-outdated files... \x1b[39;49;00mnone found\n'}
[4.099706] (cartographer) StdoutLine: {'line': b'\x1b[01mno targets are out of date.\x1b[39;49;00m\n'}
[4.100048] (cartographer) StdoutLine: {'line': b'\x1b[01mbuild succeeded.\x1b[39;49;00m\n'}
[4.103202] (cartographer) StdoutLine: {'line': b'\n'}
[4.103821] (cartographer) StdoutLine: {'line': b'The HTML pages are in html.\n'}
[4.107061] (cartographer) StdoutLine: {'line': b'[ 80%] Built target cartographer.mapping.internal.3d.scan_matching.fast_correlative_scan_matcher_3d_test\n'}
[4.131108] (-) TimerEvent: {}
[4.163942] (cartographer) StdoutLine: {'line': b'[ 81%] Built target cartographer.mapping.internal.3d.scan_matching.precomputation_grid_3d_test\n'}
[4.164523] (cartographer) StdoutLine: {'line': b'[ 82%] Built target cartographer.mapping.internal.3d.scan_matching.rotation_delta_cost_functor_3d_test\n'}
[4.219246] (cartographer) StdoutLine: {'line': b'[ 82%] Built target cartographer.mapping.internal.3d.scan_matching.interpolated_grid_test\n'}
[4.224268] (cartographer) StdoutLine: {'line': b'[ 83%] Built target cartographer.mapping.internal.3d.scan_matching.intensity_cost_function_3d_test\n'}
[4.231929] (-) TimerEvent: {}
[4.262395] (cartographer) StdoutLine: {'line': b'[ 83%] Built target cartographer.mapping.internal.3d.scan_matching.rotational_scan_matcher_test\n'}
[4.332046] (-) TimerEvent: {}
[4.377426] (cartographer) StdoutLine: {'line': b'[ 84%] Built target cartographer.mapping.internal.connected_components_test\n'}
[4.412508] (cartographer) StdoutLine: {'line': b'[ 85%] Built target cartographer.mapping.internal.constraints.constraint_builder_3d_test\n'}
[4.419580] (cartographer) StdoutLine: {'line': b'[ 85%] Built target cartographer.mapping.internal.constraints.constraint_builder_2d_test\n'}
[4.432276] (cartographer) StdoutLine: {'line': b'[ 85%] Built target build_doc\n'}
[4.432747] (-) TimerEvent: {}
[4.492331] (cartographer) StdoutLine: {'line': b'[ 86%] Built target cartographer.mapping.internal.optimization.cost_functions.landmark_cost_function_2d_test\n'}
[4.529992] (cartographer) StdoutLine: {'line': b'[ 87%] Built target cartographer.mapping.internal.motion_filter_test\n'}
[4.533022] (-) TimerEvent: {}
[4.539711] (cartographer) StdoutLine: {'line': b'[ 87%] Built target cartographer.mapping.internal.optimization.cost_functions.spa_cost_function_2d_test\n'}
[4.602386] (cartographer) StdoutLine: {'line': b'[ 87%] Built target cartographer.mapping.internal.optimization.cost_functions.landmark_cost_function_3d_test\n'}
[4.616625] (cartographer) StdoutLine: {'line': b'[ 87%] Built target cartographer.mapping.internal.optimization.optimization_problem_3d_test\n'}
[4.633170] (-) TimerEvent: {}
[4.672188] (cartographer) StdoutLine: {'line': b'[ 88%] Built target cartographer.mapping.internal.range_data_collator_test\n'}
[4.714074] (cartographer) StdoutLine: {'line': b'[ 89%] Built target cartographer.mapping.map_builder_test\n'}
[4.733347] (-) TimerEvent: {}
[4.748732] (cartographer) StdoutLine: {'line': b'[ 89%] Built target cartographer.mapping.internal.trajectory_connectivity_state_test\n'}
[4.766928] (cartographer) StdoutLine: {'line': b'[ 89%] Built target cartographer.mapping.pose_graph_trimmer_test\n'}
[4.787379] (cartographer) StdoutLine: {'line': b'[ 89%] Built target cartographer.mapping.pose_extrapolator_test\n'}
[4.840280] (cartographer) StdoutLine: {'line': b'[ 90%] Built target cartographer.mapping.pose_graph_test\n'}
[4.840732] (-) TimerEvent: {}
[4.843482] (cartographer) StdoutLine: {'line': b'[ 90%] Built target cartographer.mapping.submaps_test\n'}
[4.915368] (cartographer) StdoutLine: {'line': b'[ 91%] Built target cartographer.mapping.probability_values_test\n'}
[4.935296] (cartographer) StdoutLine: {'line': b'[ 92%] Built target cartographer.mapping.trajectory_node_test\n'}
[4.942788] (-) TimerEvent: {}
[4.951237] (cartographer) StdoutLine: {'line': b'[ 92%] Built target cartographer.mapping.value_conversion_tables_test\n'}
[5.007955] (cartographer) StdoutLine: {'line': b'[ 93%] Built target cartographer.sensor.compressed_point_cloud_test\n'}
[5.031403] (cartographer) StdoutLine: {'line': b'[ 93%] Built target cartographer.sensor.internal.collator_test\n'}
[5.048289] (-) TimerEvent: {}
[5.063319] (cartographer) StdoutLine: {'line': b'[ 94%] Built target cartographer.sensor.internal.ordered_multi_queue_test\n'}
[5.073240] (cartographer) StdoutLine: {'line': b'[ 95%] Built target cartographer.sensor.internal.trajectory_collator_test\n'}
[5.073810] (cartographer) StdoutLine: {'line': b'[ 95%] Built target cartographer.sensor.internal.voxel_filter_test\n'}
[5.148430] (-) TimerEvent: {}
[5.168214] (cartographer) StdoutLine: {'line': b'[ 96%] Built target cartographer.sensor.landmark_data_test\n'}
[5.177784] (cartographer) StdoutLine: {'line': b'[ 96%] Built target cartographer.sensor.map_by_time_test\n'}
[5.197888] (cartographer) StdoutLine: {'line': b'[ 97%] Built target cartographer.sensor.point_cloud_test\n'}
[5.248621] (-) TimerEvent: {}
[5.276567] (cartographer) StdoutLine: {'line': b'[ 97%] Built target cartographer.transform.timestamped_transform_test\n'}
[5.284592] (cartographer) StdoutLine: {'line': b'[ 97%] Built target cartographer.transform.transform_test\n'}
[5.285832] (cartographer) StdoutLine: {'line': b'[ 98%] Built target cartographer.transform.transform_interpolation_buffer_test\n'}
[5.299723] (cartographer) StdoutLine: {'line': b'[ 98%] Built target cartographer.sensor.range_data_test\n'}
[5.300375] (cartographer) StdoutLine: {'line': b'[100%] Built target cartographer.transform.rigid_transform_test\n'}
[5.348773] (-) TimerEvent: {}
[5.354851] (cartographer) CommandEnded: {'returncode': 0}
[5.357828] (cartographer) JobProgress: {'identifier': 'cartographer', 'progress': 'install'}
[5.362225] (cartographer) Command: {'cmd': ['/usr/bin/cmake', '--install', '/root/ros2_ws/build/cartographer'], 'cwd': '/root/ros2_ws/build/cartographer', 'env': OrderedDict([('HOSTNAME', 'warnie'), ('GIT_ASKPASS', '/root/.vscode-server/bin/17baf841131aa23349f217ca7c570c76ee87b957/extensions/git/dist/askpass.sh'), ('SHLVL', '2'), ('LD_LIBRARY_PATH', '/root/ros2_ws/install/cartographer_rviz/lib:/root/ros2_ws/install/cartographer_ros/lib:/root/ros2_ws/install/cartographer_ros_msgs/lib:/opt/ros/humble/opt/rviz_ogre_vendor/lib:/opt/ros/humble/lib/x86_64-linux-gnu:/opt/ros/humble/lib'), ('BROWSER', '/root/.vscode-server/bin/17baf841131aa23349f217ca7c570c76ee87b957/bin/helpers/browser.sh'), ('HOME', '/root'), ('OLDPWD', '/root/ros2_ws/src'), ('TERM_PROGRAM_VERSION', '1.99.3'), ('VSCODE_IPC_HOOK_CLI', '/tmp/vscode-ipc-68549143-8077-4743-9875-84966345cd0e.sock'), ('ROS_PYTHON_VERSION', '3'), ('VSCODE_GIT_ASKPASS_MAIN', '/root/.vscode-server/bin/17baf841131aa23349f217ca7c570c76ee87b957/extensions/git/dist/askpass-main.js'), ('VSCODE_GIT_ASKPASS_NODE', '/root/.vscode-server/bin/17baf841131aa23349f217ca7c570c76ee87b957/node'), ('LC_CTYPE', 'C.UTF-8'), ('COLORTERM', 'truecolor'), ('REMOTE_CONTAINERS', 'true'), ('COLCON_PREFIX_PATH', '/root/ros2_ws/install'), ('ROS_DISTRO', 'humble'), ('REMOTE_CONTAINERS_IPC', '/tmp/vscode-remote-containers-ipc-f285fd1d-9376-4a47-8352-1dbec715791d.sock'), ('_', '/usr/bin/colcon'), ('ROS_VERSION', '2'), ('PKG_CONFIG_PATH', '/root/ros2_ws/install/cartographer/lib/x86_64-linux-gnu/pkgconfig:/root/ros2_ws/install/cartographer/lib/pkgconfig'), ('TERM', 'xterm-256color'), ('ROS_LOCALHOST_ONLY', '0'), ('PATH', '/root/ros2_ws/install/cartographer/bin:/root/.vscode-server/bin/17baf841131aa23349f217ca7c570c76ee87b957/bin/remote-cli:/opt/ros/humble/bin:/usr/local/sbin:/usr/local/bin:/usr/sbin:/usr/bin:/sbin:/bin:/root/.vscode-server/data/User/globalStorage/github.copilot-chat/debugCommand'), ('REMOTE_CONTAINERS_SOCKETS', '["/tmp/vscode-ssh-auth-f285fd1d-9376-4a47-8352-1dbec715791d.sock","/root/.gnupg/S.gpg-agent"]'), ('DISPLAY', 'unix:0'), ('LANG', 'en_US.UTF-8'), ('VSCODE_GIT_IPC_HANDLE', '/tmp/vscode-git-3ce2b43cc6.sock'), ('TERM_PROGRAM', 'vscode'), ('SSH_AUTH_SOCK', '/tmp/vscode-ssh-auth-f285fd1d-9376-4a47-8352-1dbec715791d.sock'), ('AMENT_PREFIX_PATH', '/root/ros2_ws/install/car_launch:/root/ros2_ws/install/robocar_test_cpp:/root/ros2_ws/install/rplidar_ros:/root/ros2_ws/install/ros2_opencv:/root/ros2_ws/install/cartographer_rviz:/root/ros2_ws/install/cartographer_ros:/root/ros2_ws/install/cartographer_ros_msgs:/root/ros2_ws/install/Test_FirstPkg:/opt/ros/humble'), ('SHELL', '/bin/bash'), ('VSCODE_GIT_ASKPASS_EXTRA_ARGS', ''), ('PWD', '/root/ros2_ws/build/cartographer'), ('PYTHONPATH', '/root/ros2_ws/install/ros2_opencv/lib/python3.10/site-packages:/root/ros2_ws/install/cartographer_ros_msgs/local/lib/python3.10/dist-packages:/opt/ros/humble/lib/python3.10/site-packages:/opt/ros/humble/local/lib/python3.10/dist-packages'), ('COLCON', '1'), ('CMAKE_PREFIX_PATH', '/root/ros2_ws/install/car_launch:/root/ros2_ws/install/robocar_test_cpp:/root/ros2_ws/install/rplidar_ros:/root/ros2_ws/install/cartographer_rviz:/root/ros2_ws/install/cartographer_ros:/root/ros2_ws/install/cartographer_ros_msgs:/root/ros2_ws/install/cartographer:/root/ros2_ws/install/Test_FirstPkg:/root/ros2_ws/install/ros2_opencv:/opt/ros/humble')]), 'shell': False}
[5.390077] (cartographer) StdoutLine: {'line': b'-- Install configuration: "Release"\n'}
[5.394099] (cartographer) StdoutLine: {'line': b'-- Up-to-date: /root/ros2_ws/install/cartographer/share/cartographer/package.xml\n'}
[5.395548] (cartographer) StdoutLine: {'line': b'-- Up-to-date: /root/ros2_ws/install/cartographer/share/cartographer//configuration_files\n'}
[5.397389] (cartographer) StdoutLine: {'line': b'-- Up-to-date: /root/ros2_ws/install/cartographer/share/cartographer//configuration_files/trajectory_builder_3d.lua\n'}
[5.398784] (cartographer) StdoutLine: {'line': b'-- Up-to-date: /root/ros2_ws/install/cartographer/share/cartographer//configuration_files/map_builder_server.lua\n'}
[5.398974] (cartographer) StdoutLine: {'line': b'-- Up-to-date: /root/ros2_ws/install/cartographer/share/cartographer//configuration_files/trajectory_builder_2d.lua\n'}
[5.399127] (cartographer) StdoutLine: {'line': b'-- Up-to-date: /root/ros2_ws/install/cartographer/share/cartographer//configuration_files/trajectory_builder.lua\n'}
[5.399305] (cartographer) StdoutLine: {'line': b'-- Up-to-date: /root/ros2_ws/install/cartographer/share/cartographer//configuration_files/map_builder.lua\n'}
[5.399435] (cartographer) StdoutLine: {'line': b'-- Up-to-date: /root/ros2_ws/install/cartographer/share/cartographer//configuration_files/laser_2d.lua\n'}
[5.399555] (cartographer) StdoutLine: {'line': b'-- Up-to-date: /root/ros2_ws/install/cartographer/share/cartographer//configuration_files/pose_graph.lua\n'}
[5.399674] (cartographer) StdoutLine: {'line': b'-- Up-to-date: /root/ros2_ws/install/cartographer/share/cartographer//cmake\n'}
[5.399791] (cartographer) StdoutLine: {'line': b'-- Up-to-date: /root/ros2_ws/install/cartographer/share/cartographer//cmake/modules\n'}
[5.399937] (cartographer) StdoutLine: {'line': b'-- Up-to-date: /root/ros2_ws/install/cartographer/share/cartographer//cmake/modules/FindSphinx.cmake\n'}
[5.400133] (cartographer) StdoutLine: {'line': b'-- Up-to-date: /root/ros2_ws/install/cartographer/share/cartographer//cmake/modules/FindLuaGoogle.cmake\n'}
[5.400466] (cartographer) StdoutLine: {'line': b'-- Up-to-date: /root/ros2_ws/install/cartographer/share/cartographer//cmake/modules/FindGMock.cmake\n'}
[5.400861] (cartographer) StdoutLine: {'line': b'-- Up-to-date: /root/ros2_ws/install/cartographer/share/cartographer//cmake/modules/FindEigen3.cmake\n'}
[5.401129] (cartographer) StdoutLine: {'line': b'-- Up-to-date: /root/ros2_ws/install/cartographer/share/cartographer//cmake/functions.cmake\n'}
[5.401405] (cartographer) StdoutLine: {'line': b'-- Up-to-date: /root/ros2_ws/install/cartographer/bin/cartographer_autogenerate_ground_truth\n'}
[5.404948] (cartographer) StdoutLine: {'line': b'-- Up-to-date: /root/ros2_ws/install/cartographer/bin/cartographer_compute_relations_metrics\n'}
[5.405379] (cartographer) StdoutLine: {'line': b'-- Up-to-date: /root/ros2_ws/install/cartographer/bin/cartographer_pbstream\n'}
[5.408444] (cartographer) StdoutLine: {'line': b'-- Up-to-date: /root/ros2_ws/install/cartographer/bin/cartographer_print_configuration\n'}
[5.408892] (cartographer) StdoutLine: {'line': b'-- Up-to-date: /root/ros2_ws/install/cartographer/lib/libcartographer.a\n'}
[5.409526] (cartographer) StdoutLine: {'line': b'-- Up-to-date: /root/ros2_ws/install/cartographer/include/cartographer/common/configuration_file_resolver.h\n'}
[5.410335] (cartographer) StdoutLine: {'line': b'-- Up-to-date: /root/ros2_ws/install/cartographer/include/cartographer/common/fixed_ratio_sampler.h\n'}
[5.410634] (cartographer) StdoutLine: {'line': b'-- Up-to-date: /root/ros2_ws/install/cartographer/include/cartographer/common/histogram.h\n'}
[5.412626] (cartographer) StdoutLine: {'line': b'-- Up-to-date: /root/ros2_ws/install/cartographer/include/cartographer/common/lua.h\n'}
[5.413473] (cartographer) StdoutLine: {'line': b'-- Up-to-date: /root/ros2_ws/install/cartographer/include/cartographer/common/lua_parameter_dictionary.h\n'}
[5.413954] (cartographer) StdoutLine: {'line': b'-- Up-to-date: /root/ros2_ws/install/cartographer/include/cartographer/common/math.h\n'}
[5.418350] (cartographer) StdoutLine: {'line': b'-- Up-to-date: /root/ros2_ws/install/cartographer/include/cartographer/common/port.h\n'}
[5.421726] (cartographer) StdoutLine: {'line': b'-- Up-to-date: /root/ros2_ws/install/cartographer/include/cartographer/common/task.h\n'}
[5.422335] (cartographer) StdoutLine: {'line': b'-- Up-to-date: /root/ros2_ws/install/cartographer/include/cartographer/common/thread_pool.h\n'}
[5.422645] (cartographer) StdoutLine: {'line': b'-- Up-to-date: /root/ros2_ws/install/cartographer/include/cartographer/common/time.h\n'}
[5.422908] (cartographer) StdoutLine: {'line': b'-- Up-to-date: /root/ros2_ws/install/cartographer/include/cartographer/ground_truth/autogenerate_ground_truth.h\n'}
[5.431635] (cartographer) StdoutLine: {'line': b'-- Up-to-date: /root/ros2_ws/install/cartographer/include/cartographer/ground_truth/relations_text_file.h\n'}
[5.433054] (cartographer) StdoutLine: {'line': b'-- Up-to-date: /root/ros2_ws/install/cartographer/include/cartographer/io/color.h\n'}
[5.433927] (cartographer) StdoutLine: {'line': b'-- Up-to-date: /root/ros2_ws/install/cartographer/include/cartographer/io/coloring_points_processor.h\n'}
[5.434307] (cartographer) StdoutLine: {'line': b'-- Up-to-date: /root/ros2_ws/install/cartographer/include/cartographer/io/counting_points_processor.h\n'}
[5.436217] (cartographer) StdoutLine: {'line': b'-- Up-to-date: /root/ros2_ws/install/cartographer/include/cartographer/io/draw_trajectories.h\n'}
[5.438618] (cartographer) StdoutLine: {'line': b'-- Up-to-date: /root/ros2_ws/install/cartographer/include/cartographer/io/file_writer.h\n'}
[5.439051] (cartographer) StdoutLine: {'line': b'-- Up-to-date: /root/ros2_ws/install/cartographer/include/cartographer/io/fixed_ratio_sampling_points_processor.h\n'}
[5.441442] (cartographer) StdoutLine: {'line': b'-- Up-to-date: /root/ros2_ws/install/cartographer/include/cartographer/io/frame_id_filtering_points_processor.h\n'}
[5.441767] (cartographer) StdoutLine: {'line': b'-- Up-to-date: /root/ros2_ws/install/cartographer/include/cartographer/io/hybrid_grid_points_processor.h\n'}
[5.442016] (cartographer) StdoutLine: {'line': b'-- Up-to-date: /root/ros2_ws/install/cartographer/include/cartographer/io/image.h\n'}
[5.442295] (cartographer) StdoutLine: {'line': b'-- Up-to-date: /root/ros2_ws/install/cartographer/include/cartographer/io/intensity_to_color_points_processor.h\n'}
[5.444278] (cartographer) StdoutLine: {'line': b'-- Up-to-date: /root/ros2_ws/install/cartographer/include/cartographer/io/min_max_range_filtering_points_processor.h\n'}
[5.444634] (cartographer) StdoutLine: {'line': b'-- Up-to-date: /root/ros2_ws/install/cartographer/include/cartographer/io/null_points_processor.h\n'}
[5.447644] (cartographer) StdoutLine: {'line': b'-- Up-to-date: /root/ros2_ws/install/cartographer/include/cartographer/io/outlier_removing_points_processor.h\n'}
[5.448214] (cartographer) StdoutLine: {'line': b'-- Up-to-date: /root/ros2_ws/install/cartographer/include/cartographer/io/pcd_writing_points_processor.h\n'}
[5.449660] (-) TimerEvent: {}
[5.450256] (cartographer) StdoutLine: {'line': b'-- Up-to-date: /root/ros2_ws/install/cartographer/include/cartographer/io/ply_writing_points_processor.h\n'}
[5.450741] (cartographer) StdoutLine: {'line': b'-- Up-to-date: /root/ros2_ws/install/cartographer/include/cartographer/io/points_batch.h\n'}
[5.451100] (cartographer) StdoutLine: {'line': b'-- Up-to-date: /root/ros2_ws/install/cartographer/include/cartographer/io/points_processor.h\n'}
[5.453537] (cartographer) StdoutLine: {'line': b'-- Up-to-date: /root/ros2_ws/install/cartographer/include/cartographer/io/points_processor_pipeline_builder.h\n'}
[5.454031] (cartographer) StdoutLine: {'line': b'-- Up-to-date: /root/ros2_ws/install/cartographer/include/cartographer/io/probability_grid_points_processor.h\n'}
[5.454525] (cartographer) StdoutLine: {'line': b'-- Up-to-date: /root/ros2_ws/install/cartographer/include/cartographer/io/proto_stream.h\n'}
[5.456009] (cartographer) StdoutLine: {'line': b'-- Up-to-date: /root/ros2_ws/install/cartographer/include/cartographer/io/proto_stream_deserializer.h\n'}
[5.456433] (cartographer) StdoutLine: {'line': b'-- Up-to-date: /root/ros2_ws/install/cartographer/include/cartographer/io/proto_stream_interface.h\n'}
[5.456714] (cartographer) StdoutLine: {'line': b'-- Up-to-date: /root/ros2_ws/install/cartographer/include/cartographer/io/serialization_format_migration.h\n'}
[5.456964] (cartographer) StdoutLine: {'line': b'-- Up-to-date: /root/ros2_ws/install/cartographer/include/cartographer/io/submap_painter.h\n'}
[5.457224] (cartographer) StdoutLine: {'line': b'-- Up-to-date: /root/ros2_ws/install/cartographer/include/cartographer/io/vertical_range_filtering_points_processor.h\n'}
[5.457482] (cartographer) StdoutLine: {'line': b'-- Up-to-date: /root/ros2_ws/install/cartographer/include/cartographer/io/xray_points_processor.h\n'}
[5.457716] (cartographer) StdoutLine: {'line': b'-- Up-to-date: /root/ros2_ws/install/cartographer/include/cartographer/io/xyz_writing_points_processor.h\n'}
[5.457964] (cartographer) StdoutLine: {'line': b'-- Up-to-date: /root/ros2_ws/install/cartographer/include/cartographer/mapping/2d/grid_2d.h\n'}
[5.458200] (cartographer) StdoutLine: {'line': b'-- Up-to-date: /root/ros2_ws/install/cartographer/include/cartographer/mapping/2d/map_limits.h\n'}
[5.458448] (cartographer) StdoutLine: {'line': b'-- Up-to-date: /root/ros2_ws/install/cartographer/include/cartographer/mapping/2d/probability_grid.h\n'}
[5.458701] (cartographer) StdoutLine: {'line': b'-- Up-to-date: /root/ros2_ws/install/cartographer/include/cartographer/mapping/2d/probability_grid_range_data_inserter_2d.h\n'}
[5.458913] (cartographer) StdoutLine: {'line': b'-- Up-to-date: /root/ros2_ws/install/cartographer/include/cartographer/mapping/2d/submap_2d.h\n'}
[5.459168] (cartographer) StdoutLine: {'line': b'-- Up-to-date: /root/ros2_ws/install/cartographer/include/cartographer/mapping/2d/xy_index.h\n'}
[5.459480] (cartographer) StdoutLine: {'line': b'-- Up-to-date: /root/ros2_ws/install/cartographer/include/cartographer/mapping/3d/hybrid_grid.h\n'}
[5.459760] (cartographer) StdoutLine: {'line': b'-- Up-to-date: /root/ros2_ws/install/cartographer/include/cartographer/mapping/3d/range_data_inserter_3d.h\n'}
[5.460089] (cartographer) StdoutLine: {'line': b'-- Up-to-date: /root/ros2_ws/install/cartographer/include/cartographer/mapping/3d/submap_3d.h\n'}
[5.464271] (cartographer) StdoutLine: {'line': b'-- Up-to-date: /root/ros2_ws/install/cartographer/include/cartographer/mapping/detect_floors.h\n'}
[5.464647] (cartographer) StdoutLine: {'line': b'-- Up-to-date: /root/ros2_ws/install/cartographer/include/cartographer/mapping/grid_interface.h\n'}
[5.466842] (cartographer) StdoutLine: {'line': b'-- Up-to-date: /root/ros2_ws/install/cartographer/include/cartographer/mapping/id.h\n'}
[5.467220] (cartographer) StdoutLine: {'line': b'-- Up-to-date: /root/ros2_ws/install/cartographer/include/cartographer/mapping/imu_tracker.h\n'}
[5.467556] (cartographer) StdoutLine: {'line': b'-- Up-to-date: /root/ros2_ws/install/cartographer/include/cartographer/mapping/map_builder.h\n'}
[5.467918] (cartographer) StdoutLine: {'line': b'-- Up-to-date: /root/ros2_ws/install/cartographer/include/cartographer/mapping/map_builder_interface.h\n'}
[5.468711] (cartographer) StdoutLine: {'line': b'-- Up-to-date: /root/ros2_ws/install/cartographer/include/cartographer/mapping/pose_extrapolator.h\n'}
[5.469196] (cartographer) StdoutLine: {'line': b'-- Up-to-date: /root/ros2_ws/install/cartographer/include/cartographer/mapping/pose_extrapolator_interface.h\n'}
[5.469641] (cartographer) StdoutLine: {'line': b'-- Up-to-date: /root/ros2_ws/install/cartographer/include/cartographer/mapping/pose_graph.h\n'}
[5.469926] (cartographer) StdoutLine: {'line': b'-- Up-to-date: /root/ros2_ws/install/cartographer/include/cartographer/mapping/pose_graph_interface.h\n'}
[5.472612] (cartographer) StdoutLine: {'line': b'-- Up-to-date: /root/ros2_ws/install/cartographer/include/cartographer/mapping/pose_graph_trimmer.h\n'}
[5.482725] (cartographer) StdoutLine: {'line': b'-- Up-to-date: /root/ros2_ws/install/cartographer/include/cartographer/mapping/probability_values.h\n'}
[5.483027] (cartographer) StdoutLine: {'line': b'-- Up-to-date: /root/ros2_ws/install/cartographer/include/cartographer/mapping/range_data_inserter_interface.h\n'}
[5.483345] (cartographer) StdoutLine: {'line': b'-- Up-to-date: /root/ros2_ws/install/cartographer/include/cartographer/mapping/submaps.h\n'}
[5.483627] (cartographer) StdoutLine: {'line': b'-- Up-to-date: /root/ros2_ws/install/cartographer/include/cartographer/mapping/trajectory_builder_interface.h\n'}
[5.483900] (cartographer) StdoutLine: {'line': b'-- Up-to-date: /root/ros2_ws/install/cartographer/include/cartographer/mapping/trajectory_node.h\n'}
[5.484210] (cartographer) StdoutLine: {'line': b'-- Up-to-date: /root/ros2_ws/install/cartographer/include/cartographer/mapping/value_conversion_tables.h\n'}
[5.484543] (cartographer) StdoutLine: {'line': b'-- Up-to-date: /root/ros2_ws/install/cartographer/include/cartographer/metrics/counter.h\n'}
[5.484804] (cartographer) StdoutLine: {'line': b'-- Up-to-date: /root/ros2_ws/install/cartographer/include/cartographer/metrics/family_factory.h\n'}
[5.485253] (cartographer) StdoutLine: {'line': b'-- Up-to-date: /root/ros2_ws/install/cartographer/include/cartographer/metrics/gauge.h\n'}
[5.485809] (cartographer) StdoutLine: {'line': b'-- Up-to-date: /root/ros2_ws/install/cartographer/include/cartographer/metrics/histogram.h\n'}
[5.487680] (cartographer) StdoutLine: {'line': b'-- Up-to-date: /root/ros2_ws/install/cartographer/include/cartographer/metrics/register.h\n'}
[5.488059] (cartographer) StdoutLine: {'line': b'-- Up-to-date: /root/ros2_ws/install/cartographer/include/cartographer/sensor/collator_interface.h\n'}
[5.488358] (cartographer) StdoutLine: {'line': b'-- Up-to-date: /root/ros2_ws/install/cartographer/include/cartographer/sensor/compressed_point_cloud.h\n'}
[5.488596] (cartographer) StdoutLine: {'line': b'-- Up-to-date: /root/ros2_ws/install/cartographer/include/cartographer/sensor/data.h\n'}
[5.489422] (cartographer) StdoutLine: {'line': b'-- Up-to-date: /root/ros2_ws/install/cartographer/include/cartographer/sensor/fixed_frame_pose_data.h\n'}
[5.489723] (cartographer) StdoutLine: {'line': b'-- Up-to-date: /root/ros2_ws/install/cartographer/include/cartographer/sensor/imu_data.h\n'}
[5.490797] (cartographer) StdoutLine: {'line': b'-- Up-to-date: /root/ros2_ws/install/cartographer/include/cartographer/sensor/landmark_data.h\n'}
[5.491082] (cartographer) StdoutLine: {'line': b'-- Up-to-date: /root/ros2_ws/install/cartographer/include/cartographer/sensor/map_by_time.h\n'}
[5.491513] (cartographer) StdoutLine: {'line': b'-- Up-to-date: /root/ros2_ws/install/cartographer/include/cartographer/sensor/odometry_data.h\n'}
[5.491823] (cartographer) StdoutLine: {'line': b'-- Up-to-date: /root/ros2_ws/install/cartographer/include/cartographer/sensor/point_cloud.h\n'}
[5.492091] (cartographer) StdoutLine: {'line': b'-- Up-to-date: /root/ros2_ws/install/cartographer/include/cartographer/sensor/range_data.h\n'}
[5.492456] (cartographer) StdoutLine: {'line': b'-- Up-to-date: /root/ros2_ws/install/cartographer/include/cartographer/sensor/rangefinder_point.h\n'}
[5.492779] (cartographer) StdoutLine: {'line': b'-- Up-to-date: /root/ros2_ws/install/cartographer/include/cartographer/sensor/timed_point_cloud_data.h\n'}
[5.493003] (cartographer) StdoutLine: {'line': b'-- Up-to-date: /root/ros2_ws/install/cartographer/include/cartographer/transform/rigid_transform.h\n'}
[5.493144] (cartographer) StdoutLine: {'line': b'-- Up-to-date: /root/ros2_ws/install/cartographer/include/cartographer/transform/timestamped_transform.h\n'}
[5.493424] (cartographer) StdoutLine: {'line': b'-- Up-to-date: /root/ros2_ws/install/cartographer/include/cartographer/transform/transform.h\n'}
[5.493693] (cartographer) StdoutLine: {'line': b'-- Up-to-date: /root/ros2_ws/install/cartographer/include/cartographer/transform/transform_interpolation_buffer.h\n'}
[5.493955] (cartographer) StdoutLine: {'line': b'-- Up-to-date: /root/ros2_ws/install/cartographer/include/cartographer/io/fake_file_writer.h\n'}
[5.494277] (cartographer) StdoutLine: {'line': b'-- Up-to-date: /root/ros2_ws/install/cartographer/include/cartographer/transform/rigid_transform_test_helpers.h\n'}
[5.494623] (cartographer) StdoutLine: {'line': b'-- Up-to-date: /root/ros2_ws/install/cartographer/include/cartographer/common/proto/ceres_solver_options.pb.h\n'}
[5.498233] (cartographer) StdoutLine: {'line': b'-- Up-to-date: /root/ros2_ws/install/cartographer/include/cartographer/ground_truth/proto/relations.pb.h\n'}
[5.498617] (cartographer) StdoutLine: {'line': b'-- Up-to-date: /root/ros2_ws/install/cartographer/include/cartographer/mapping/proto/cell_limits_2d.pb.h\n'}
[5.498946] (cartographer) StdoutLine: {'line': b'-- Up-to-date: /root/ros2_ws/install/cartographer/include/cartographer/mapping/proto/connected_components.pb.h\n'}
[5.499347] (cartographer) StdoutLine: {'line': b'-- Up-to-date: /root/ros2_ws/install/cartographer/include/cartographer/mapping/proto/grid_2d.pb.h\n'}
[5.500093] (cartographer) StdoutLine: {'line': b'-- Up-to-date: /root/ros2_ws/install/cartographer/include/cartographer/mapping/proto/grid_2d_options.pb.h\n'}
[5.500450] (cartographer) StdoutLine: {'line': b'-- Up-to-date: /root/ros2_ws/install/cartographer/include/cartographer/mapping/proto/hybrid_grid.pb.h\n'}
[5.500759] (cartographer) StdoutLine: {'line': b'-- Up-to-date: /root/ros2_ws/install/cartographer/include/cartographer/mapping/proto/local_trajectory_builder_options_2d.pb.h\n'}
[5.501028] (cartographer) StdoutLine: {'line': b'-- Up-to-date: /root/ros2_ws/install/cartographer/include/cartographer/mapping/proto/local_trajectory_builder_options_3d.pb.h\n'}
[5.501454] (cartographer) StdoutLine: {'line': b'-- Up-to-date: /root/ros2_ws/install/cartographer/include/cartographer/mapping/proto/map_builder_options.pb.h\n'}
[5.501720] (cartographer) StdoutLine: {'line': b'-- Up-to-date: /root/ros2_ws/install/cartographer/include/cartographer/mapping/proto/map_limits.pb.h\n'}
[5.501969] (cartographer) StdoutLine: {'line': b'-- Up-to-date: /root/ros2_ws/install/cartographer/include/cartographer/mapping/proto/motion_filter_options.pb.h\n'}
[5.502275] (cartographer) StdoutLine: {'line': b'-- Up-to-date: /root/ros2_ws/install/cartographer/include/cartographer/mapping/proto/normal_estimation_options_2d.pb.h\n'}
[5.502590] (cartographer) StdoutLine: {'line': b'-- Up-to-date: /root/ros2_ws/install/cartographer/include/cartographer/mapping/proto/pose_extrapolator_options.pb.h\n'}
[5.502899] (cartographer) StdoutLine: {'line': b'-- Up-to-date: /root/ros2_ws/install/cartographer/include/cartographer/mapping/proto/pose_graph.pb.h\n'}
[5.503235] (cartographer) StdoutLine: {'line': b'-- Up-to-date: /root/ros2_ws/install/cartographer/include/cartographer/mapping/proto/pose_graph/constraint_builder_options.pb.h\n'}
[5.504305] (cartographer) StdoutLine: {'line': b'-- Up-to-date: /root/ros2_ws/install/cartographer/include/cartographer/mapping/proto/pose_graph/optimization_problem_options.pb.h\n'}
[5.508314] (cartographer) StdoutLine: {'line': b'-- Up-to-date: /root/ros2_ws/install/cartographer/include/cartographer/mapping/proto/pose_graph_options.pb.h\n'}
[5.508717] (cartographer) StdoutLine: {'line': b'-- Up-to-date: /root/ros2_ws/install/cartographer/include/cartographer/mapping/proto/probability_grid.pb.h\n'}
[5.512577] (cartographer) StdoutLine: {'line': b'-- Up-to-date: /root/ros2_ws/install/cartographer/include/cartographer/mapping/proto/probability_grid_range_data_inserter_options_2d.pb.h\n'}
[5.512889] (cartographer) StdoutLine: {'line': b'-- Up-to-date: /root/ros2_ws/install/cartographer/include/cartographer/mapping/proto/range_data_inserter_options.pb.h\n'}
[5.513139] (cartographer) StdoutLine: {'line': b'-- Up-to-date: /root/ros2_ws/install/cartographer/include/cartographer/mapping/proto/range_data_inserter_options_3d.pb.h\n'}
[5.513480] (cartographer) StdoutLine: {'line': b'-- Up-to-date: /root/ros2_ws/install/cartographer/include/cartographer/mapping/proto/scan_matching/ceres_scan_matcher_options_2d.pb.h\n'}
[5.513781] (cartographer) StdoutLine: {'line': b'-- Up-to-date: /root/ros2_ws/install/cartographer/include/cartographer/mapping/proto/scan_matching/ceres_scan_matcher_options_3d.pb.h\n'}
[5.514143] (cartographer) StdoutLine: {'line': b'-- Up-to-date: /root/ros2_ws/install/cartographer/include/cartographer/mapping/proto/scan_matching/fast_correlative_scan_matcher_options_2d.pb.h\n'}
[5.514485] (cartographer) StdoutLine: {'line': b'-- Up-to-date: /root/ros2_ws/install/cartographer/include/cartographer/mapping/proto/scan_matching/fast_correlative_scan_matcher_options_3d.pb.h\n'}
[5.514977] (cartographer) StdoutLine: {'line': b'-- Up-to-date: /root/ros2_ws/install/cartographer/include/cartographer/mapping/proto/scan_matching/real_time_correlative_scan_matcher_options.pb.h\n'}
[5.515261] (cartographer) StdoutLine: {'line': b'-- Up-to-date: /root/ros2_ws/install/cartographer/include/cartographer/mapping/proto/serialization.pb.h\n'}
[5.515667] (cartographer) StdoutLine: {'line': b'-- Up-to-date: /root/ros2_ws/install/cartographer/include/cartographer/mapping/proto/submap.pb.h\n'}
[5.516462] (cartographer) StdoutLine: {'line': b'-- Up-to-date: /root/ros2_ws/install/cartographer/include/cartographer/mapping/proto/submap_visualization.pb.h\n'}
[5.522236] (cartographer) StdoutLine: {'line': b'-- Up-to-date: /root/ros2_ws/install/cartographer/include/cartographer/mapping/proto/submaps_options_2d.pb.h\n'}
[5.522733] (cartographer) StdoutLine: {'line': b'-- Up-to-date: /root/ros2_ws/install/cartographer/include/cartographer/mapping/proto/submaps_options_3d.pb.h\n'}
[5.524989] (cartographer) StdoutLine: {'line': b'-- Up-to-date: /root/ros2_ws/install/cartographer/include/cartographer/mapping/proto/trajectory.pb.h\n'}
[5.525346] (cartographer) StdoutLine: {'line': b'-- Up-to-date: /root/ros2_ws/install/cartographer/include/cartographer/mapping/proto/trajectory_builder_options.pb.h\n'}
[5.526672] (cartographer) StdoutLine: {'line': b'-- Up-to-date: /root/ros2_ws/install/cartographer/include/cartographer/mapping/proto/trajectory_node_data.pb.h\n'}
[5.527461] (cartographer) StdoutLine: {'line': b'-- Up-to-date: /root/ros2_ws/install/cartographer/include/cartographer/mapping/proto/tsdf_2d.pb.h\n'}
[5.528650] (cartographer) StdoutLine: {'line': b'-- Up-to-date: /root/ros2_ws/install/cartographer/include/cartographer/mapping/proto/tsdf_range_data_inserter_options_2d.pb.h\n'}
[5.528997] (cartographer) StdoutLine: {'line': b'-- Up-to-date: /root/ros2_ws/install/cartographer/include/cartographer/sensor/proto/adaptive_voxel_filter_options.pb.h\n'}
[5.529344] (cartographer) StdoutLine: {'line': b'-- Up-to-date: /root/ros2_ws/install/cartographer/include/cartographer/sensor/proto/sensor.pb.h\n'}
[5.529886] (cartographer) StdoutLine: {'line': b'-- Up-to-date: /root/ros2_ws/install/cartographer/include/cartographer/transform/proto/timestamped_transform.pb.h\n'}
[5.530421] (cartographer) StdoutLine: {'line': b'-- Up-to-date: /root/ros2_ws/install/cartographer/include/cartographer/transform/proto/transform.pb.h\n'}
[5.531500] (cartographer) StdoutLine: {'line': b'-- Up-to-date: /root/ros2_ws/install/cartographer/share/cartographer/cmake/CartographerTargets.cmake\n'}
[5.531900] (cartographer) StdoutLine: {'line': b'-- Up-to-date: /root/ros2_ws/install/cartographer/share/cartographer/cmake/CartographerTargets-release.cmake\n'}
[5.532637] (cartographer) StdoutLine: {'line': b'-- Up-to-date: /root/ros2_ws/install/cartographer/share/cartographer/cartographer-config.cmake\n'}
[5.533278] (ros2_opencv) Command: {'cmd': ['/usr/bin/python3', '-W', 'ignore:setup.py install is deprecated', '-W', 'ignore:easy_install command is deprecated', 'setup.py', 'egg_info', '--egg-base', '../../build/ros2_opencv', 'build', '--build-base', '/root/ros2_ws/build/ros2_opencv/build', 'install', '--record', '/root/ros2_ws/build/ros2_opencv/install.log', '--single-version-externally-managed', 'install_data'], 'cwd': '/root/ros2_ws/src/ros2_opencv', 'env': {'HOSTNAME': 'warnie', 'GIT_ASKPASS': '/root/.vscode-server/bin/17baf841131aa23349f217ca7c570c76ee87b957/extensions/git/dist/askpass.sh', 'SHLVL': '2', 'LD_LIBRARY_PATH': '/root/ros2_ws/install/cartographer_rviz/lib:/root/ros2_ws/install/cartographer_ros/lib:/root/ros2_ws/install/cartographer_ros_msgs/lib:/opt/ros/humble/opt/rviz_ogre_vendor/lib:/opt/ros/humble/lib/x86_64-linux-gnu:/opt/ros/humble/lib', 'BROWSER': '/root/.vscode-server/bin/17baf841131aa23349f217ca7c570c76ee87b957/bin/helpers/browser.sh', 'HOME': '/root', 'OLDPWD': '/root/ros2_ws/src', 'TERM_PROGRAM_VERSION': '1.99.3', 'VSCODE_IPC_HOOK_CLI': '/tmp/vscode-ipc-68549143-8077-4743-9875-84966345cd0e.sock', 'ROS_PYTHON_VERSION': '3', 'VSCODE_GIT_ASKPASS_MAIN': '/root/.vscode-server/bin/17baf841131aa23349f217ca7c570c76ee87b957/extensions/git/dist/askpass-main.js', 'VSCODE_GIT_ASKPASS_NODE': '/root/.vscode-server/bin/17baf841131aa23349f217ca7c570c76ee87b957/node', 'LC_CTYPE': 'C.UTF-8', 'COLORTERM': 'truecolor', 'REMOTE_CONTAINERS': 'true', 'COLCON_PREFIX_PATH': '/root/ros2_ws/install', 'ROS_DISTRO': 'humble', 'REMOTE_CONTAINERS_IPC': '/tmp/vscode-remote-containers-ipc-f285fd1d-9376-4a47-8352-1dbec715791d.sock', '_': '/usr/bin/colcon', 'ROS_VERSION': '2', 'PKG_CONFIG_PATH': '/root/ros2_ws/install/cartographer/lib/x86_64-linux-gnu/pkgconfig:/root/ros2_ws/install/cartographer/lib/pkgconfig', 'TERM': 'xterm-256color', 'ROS_LOCALHOST_ONLY': '0', 'PATH': '/root/ros2_ws/install/cartographer/bin:/root/.vscode-server/bin/17baf841131aa23349f217ca7c570c76ee87b957/bin/remote-cli:/opt/ros/humble/bin:/usr/local/sbin:/usr/local/bin:/usr/sbin:/usr/bin:/sbin:/bin:/root/.vscode-server/data/User/globalStorage/github.copilot-chat/debugCommand', 'REMOTE_CONTAINERS_SOCKETS': '["/tmp/vscode-ssh-auth-f285fd1d-9376-4a47-8352-1dbec715791d.sock","/root/.gnupg/S.gpg-agent"]', 'DISPLAY': 'unix:0', 'LANG': 'en_US.UTF-8', 'VSCODE_GIT_IPC_HANDLE': '/tmp/vscode-git-3ce2b43cc6.sock', 'TERM_PROGRAM': 'vscode', 'SSH_AUTH_SOCK': '/tmp/vscode-ssh-auth-f285fd1d-9376-4a47-8352-1dbec715791d.sock', 'AMENT_PREFIX_PATH': '/root/ros2_ws/install/car_launch:/root/ros2_ws/install/robocar_test_cpp:/root/ros2_ws/install/rplidar_ros:/root/ros2_ws/install/ros2_opencv:/root/ros2_ws/install/cartographer_rviz:/root/ros2_ws/install/cartographer_ros:/root/ros2_ws/install/cartographer_ros_msgs:/root/ros2_ws/install/Test_FirstPkg:/opt/ros/humble', 'SHELL': '/bin/bash', 'VSCODE_GIT_ASKPASS_EXTRA_ARGS': '', 'PWD': '/root/ros2_ws/build/ros2_opencv', 'PYTHONPATH': '/root/ros2_ws/build/ros2_opencv/prefix_override:/usr/lib/python3/dist-packages/colcon_core/task/python/colcon_distutils_commands:/root/ros2_ws/install/ros2_opencv/lib/python3.10/site-packages:/root/ros2_ws/install/ros2_opencv/lib/python3.10/site-packages:/root/ros2_ws/install/cartographer_ros_msgs/local/lib/python3.10/dist-packages:/opt/ros/humble/lib/python3.10/site-packages:/opt/ros/humble/local/lib/python3.10/dist-packages', 'COLCON': '1', 'CMAKE_PREFIX_PATH': '/root/ros2_ws/install/car_launch:/root/ros2_ws/install/robocar_test_cpp:/root/ros2_ws/install/rplidar_ros:/root/ros2_ws/install/cartographer_rviz:/root/ros2_ws/install/cartographer_ros:/root/ros2_ws/install/cartographer_ros_msgs:/root/ros2_ws/install/cartographer:/root/ros2_ws/install/Test_FirstPkg'}, 'shell': False}
[5.543643] (cartographer) CommandEnded: {'returncode': 0}
[5.549860] (-) TimerEvent: {}
[5.555187] (cartographer) JobEnded: {'identifier': 'cartographer', 'rc': 0}
[5.561140] (cartographer_ros) JobStarted: {'identifier': 'cartographer_ros'}
[5.595980] (cartographer_ros) JobProgress: {'identifier': 'cartographer_ros', 'progress': 'cmake'}
[5.598019] (cartographer_ros) JobProgress: {'identifier': 'cartographer_ros', 'progress': 'build'}
[5.600466] (cartographer_ros) Command: {'cmd': ['/usr/bin/cmake', '--build', '/root/ros2_ws/build/cartographer_ros', '--', '-j8', '-l8'], 'cwd': '/root/ros2_ws/build/cartographer_ros', 'env': OrderedDict([('HOSTNAME', 'warnie'), ('GIT_ASKPASS', '/root/.vscode-server/bin/17baf841131aa23349f217ca7c570c76ee87b957/extensions/git/dist/askpass.sh'), ('SHLVL', '2'), ('LD_LIBRARY_PATH', '/root/ros2_ws/install/cartographer_ros_msgs/lib:/root/ros2_ws/install/cartographer_rviz/lib:/root/ros2_ws/install/cartographer_ros/lib:/opt/ros/humble/opt/rviz_ogre_vendor/lib:/opt/ros/humble/lib/x86_64-linux-gnu:/opt/ros/humble/lib'), ('BROWSER', '/root/.vscode-server/bin/17baf841131aa23349f217ca7c570c76ee87b957/bin/helpers/browser.sh'), ('HOME', '/root'), ('OLDPWD', '/root/ros2_ws/src'), ('TERM_PROGRAM_VERSION', '1.99.3'), ('VSCODE_IPC_HOOK_CLI', '/tmp/vscode-ipc-68549143-8077-4743-9875-84966345cd0e.sock'), ('ROS_PYTHON_VERSION', '3'), ('VSCODE_GIT_ASKPASS_MAIN', '/root/.vscode-server/bin/17baf841131aa23349f217ca7c570c76ee87b957/extensions/git/dist/askpass-main.js'), ('VSCODE_GIT_ASKPASS_NODE', '/root/.vscode-server/bin/17baf841131aa23349f217ca7c570c76ee87b957/node'), ('LC_CTYPE', 'C.UTF-8'), ('COLORTERM', 'truecolor'), ('REMOTE_CONTAINERS', 'true'), ('COLCON_PREFIX_PATH', '/root/ros2_ws/install'), ('ROS_DISTRO', 'humble'), ('REMOTE_CONTAINERS_IPC', '/tmp/vscode-remote-containers-ipc-f285fd1d-9376-4a47-8352-1dbec715791d.sock'), ('_', '/usr/bin/colcon'), ('ROS_VERSION', '2'), ('PKG_CONFIG_PATH', '/root/ros2_ws/install/cartographer/lib/x86_64-linux-gnu/pkgconfig:/root/ros2_ws/install/cartographer/lib/pkgconfig'), ('TERM', 'xterm-256color'), ('ROS_LOCALHOST_ONLY', '0'), ('PATH', '/root/ros2_ws/install/cartographer/bin:/root/.vscode-server/bin/17baf841131aa23349f217ca7c570c76ee87b957/bin/remote-cli:/opt/ros/humble/bin:/usr/local/sbin:/usr/local/bin:/usr/sbin:/usr/bin:/sbin:/bin:/root/.vscode-server/data/User/globalStorage/github.copilot-chat/debugCommand'), ('REMOTE_CONTAINERS_SOCKETS', '["/tmp/vscode-ssh-auth-f285fd1d-9376-4a47-8352-1dbec715791d.sock","/root/.gnupg/S.gpg-agent"]'), ('DISPLAY', 'unix:0'), ('LANG', 'en_US.UTF-8'), ('VSCODE_GIT_IPC_HANDLE', '/tmp/vscode-git-3ce2b43cc6.sock'), ('TERM_PROGRAM', 'vscode'), ('SSH_AUTH_SOCK', '/tmp/vscode-ssh-auth-f285fd1d-9376-4a47-8352-1dbec715791d.sock'), ('AMENT_PREFIX_PATH', '/root/ros2_ws/install/car_launch:/root/ros2_ws/install/robocar_test_cpp:/root/ros2_ws/install/rplidar_ros:/root/ros2_ws/install/ros2_opencv:/root/ros2_ws/install/cartographer_rviz:/root/ros2_ws/install/cartographer_ros:/root/ros2_ws/install/cartographer_ros_msgs:/root/ros2_ws/install/Test_FirstPkg:/opt/ros/humble'), ('SHELL', '/bin/bash'), ('VSCODE_GIT_ASKPASS_EXTRA_ARGS', ''), ('PWD', '/root/ros2_ws/build/cartographer_ros'), ('PYTHONPATH', '/root/ros2_ws/install/ros2_opencv/lib/python3.10/site-packages:/root/ros2_ws/install/cartographer_ros_msgs/local/lib/python3.10/dist-packages:/opt/ros/humble/lib/python3.10/site-packages:/opt/ros/humble/local/lib/python3.10/dist-packages'), ('COLCON', '1'), ('CMAKE_PREFIX_PATH', '/root/ros2_ws/install/cartographer_ros_msgs:/root/ros2_ws/install/cartographer:/root/ros2_ws/install/car_launch:/root/ros2_ws/install/robocar_test_cpp:/root/ros2_ws/install/rplidar_ros:/root/ros2_ws/install/cartographer_rviz:/root/ros2_ws/install/cartographer_ros:/root/ros2_ws/install/Test_FirstPkg:/root/ros2_ws/install/ros2_opencv:/opt/ros/humble')]), 'shell': False}
[5.650242] (-) TimerEvent: {}
[5.750873] (-) TimerEvent: {}
[5.854351] (-) TimerEvent: {}
[5.955207] (-) TimerEvent: {}
[6.016198] (cartographer_ros) StdoutLine: {'line': b'[ 60%] Built target cartographer_ros\n'}
[6.058842] (-) TimerEvent: {}
[6.164615] (-) TimerEvent: {}
[6.190853] (cartographer_ros) StdoutLine: {'line': b'[ 65%] Built target cartographer_assets_writer\n'}
[6.238485] (cartographer_ros) StdoutLine: {'line': b'[ 71%] Built target cartographer_pbstream_to_ros_map\n'}
[6.265344] (cartographer_ros) StdoutLine: {'line': b'[ 77%] Built target cartographer_node\n'}
[6.265801] (-) TimerEvent: {}
[6.268937] (cartographer_ros) StdoutLine: {'line': b'[ 82%] Built target cartographer_offline_node\n'}
[6.275236] (cartographer_ros) StdoutLine: {'line': b'[ 88%] Built target cartographer_occupancy_grid_node\n'}
[6.292787] (cartographer_ros) StdoutLine: {'line': b'[ 94%] Built target cartographer_pbstream_map_publisher\n'}
[6.312627] (cartographer_ros) StdoutLine: {'line': b'[100%] Built target cartographer_rosbag_validate\n'}
[6.348233] (cartographer_ros) CommandEnded: {'returncode': 0}
[6.350216] (cartographer_ros) JobProgress: {'identifier': 'cartographer_ros', 'progress': 'install'}
[6.355621] (cartographer_ros) Command: {'cmd': ['/usr/bin/cmake', '--install', '/root/ros2_ws/build/cartographer_ros'], 'cwd': '/root/ros2_ws/build/cartographer_ros', 'env': OrderedDict([('HOSTNAME', 'warnie'), ('GIT_ASKPASS', '/root/.vscode-server/bin/17baf841131aa23349f217ca7c570c76ee87b957/extensions/git/dist/askpass.sh'), ('SHLVL', '2'), ('LD_LIBRARY_PATH', '/root/ros2_ws/install/cartographer_ros_msgs/lib:/root/ros2_ws/install/cartographer_rviz/lib:/root/ros2_ws/install/cartographer_ros/lib:/opt/ros/humble/opt/rviz_ogre_vendor/lib:/opt/ros/humble/lib/x86_64-linux-gnu:/opt/ros/humble/lib'), ('BROWSER', '/root/.vscode-server/bin/17baf841131aa23349f217ca7c570c76ee87b957/bin/helpers/browser.sh'), ('HOME', '/root'), ('OLDPWD', '/root/ros2_ws/src'), ('TERM_PROGRAM_VERSION', '1.99.3'), ('VSCODE_IPC_HOOK_CLI', '/tmp/vscode-ipc-68549143-8077-4743-9875-84966345cd0e.sock'), ('ROS_PYTHON_VERSION', '3'), ('VSCODE_GIT_ASKPASS_MAIN', '/root/.vscode-server/bin/17baf841131aa23349f217ca7c570c76ee87b957/extensions/git/dist/askpass-main.js'), ('VSCODE_GIT_ASKPASS_NODE', '/root/.vscode-server/bin/17baf841131aa23349f217ca7c570c76ee87b957/node'), ('LC_CTYPE', 'C.UTF-8'), ('COLORTERM', 'truecolor'), ('REMOTE_CONTAINERS', 'true'), ('COLCON_PREFIX_PATH', '/root/ros2_ws/install'), ('ROS_DISTRO', 'humble'), ('REMOTE_CONTAINERS_IPC', '/tmp/vscode-remote-containers-ipc-f285fd1d-9376-4a47-8352-1dbec715791d.sock'), ('_', '/usr/bin/colcon'), ('ROS_VERSION', '2'), ('PKG_CONFIG_PATH', '/root/ros2_ws/install/cartographer/lib/x86_64-linux-gnu/pkgconfig:/root/ros2_ws/install/cartographer/lib/pkgconfig'), ('TERM', 'xterm-256color'), ('ROS_LOCALHOST_ONLY', '0'), ('PATH', '/root/ros2_ws/install/cartographer/bin:/root/.vscode-server/bin/17baf841131aa23349f217ca7c570c76ee87b957/bin/remote-cli:/opt/ros/humble/bin:/usr/local/sbin:/usr/local/bin:/usr/sbin:/usr/bin:/sbin:/bin:/root/.vscode-server/data/User/globalStorage/github.copilot-chat/debugCommand'), ('REMOTE_CONTAINERS_SOCKETS', '["/tmp/vscode-ssh-auth-f285fd1d-9376-4a47-8352-1dbec715791d.sock","/root/.gnupg/S.gpg-agent"]'), ('DISPLAY', 'unix:0'), ('LANG', 'en_US.UTF-8'), ('VSCODE_GIT_IPC_HANDLE', '/tmp/vscode-git-3ce2b43cc6.sock'), ('TERM_PROGRAM', 'vscode'), ('SSH_AUTH_SOCK', '/tmp/vscode-ssh-auth-f285fd1d-9376-4a47-8352-1dbec715791d.sock'), ('AMENT_PREFIX_PATH', '/root/ros2_ws/install/car_launch:/root/ros2_ws/install/robocar_test_cpp:/root/ros2_ws/install/rplidar_ros:/root/ros2_ws/install/ros2_opencv:/root/ros2_ws/install/cartographer_rviz:/root/ros2_ws/install/cartographer_ros:/root/ros2_ws/install/cartographer_ros_msgs:/root/ros2_ws/install/Test_FirstPkg:/opt/ros/humble'), ('SHELL', '/bin/bash'), ('VSCODE_GIT_ASKPASS_EXTRA_ARGS', ''), ('PWD', '/root/ros2_ws/build/cartographer_ros'), ('PYTHONPATH', '/root/ros2_ws/install/ros2_opencv/lib/python3.10/site-packages:/root/ros2_ws/install/cartographer_ros_msgs/local/lib/python3.10/dist-packages:/opt/ros/humble/lib/python3.10/site-packages:/opt/ros/humble/local/lib/python3.10/dist-packages'), ('COLCON', '1'), ('CMAKE_PREFIX_PATH', '/root/ros2_ws/install/cartographer_ros_msgs:/root/ros2_ws/install/cartographer:/root/ros2_ws/install/car_launch:/root/ros2_ws/install/robocar_test_cpp:/root/ros2_ws/install/rplidar_ros:/root/ros2_ws/install/cartographer_rviz:/root/ros2_ws/install/cartographer_ros:/root/ros2_ws/install/Test_FirstPkg:/root/ros2_ws/install/ros2_opencv:/opt/ros/humble')]), 'shell': False}
[6.365922] (-) TimerEvent: {}
[6.393647] (cartographer_ros) StdoutLine: {'line': b'-- Install configuration: ""\n'}
[6.395275] (cartographer_ros) StdoutLine: {'line': b'-- Up-to-date: /root/ros2_ws/install/cartographer_ros/lib/libcartographer_ros.a\n'}
[6.397796] (cartographer_ros) StdoutLine: {'line': b'-- Up-to-date: /root/ros2_ws/install/cartographer_ros/lib/cartographer_ros/cartographer_node\n'}
[6.398353] (cartographer_ros) StdoutLine: {'line': b'-- Up-to-date: /root/ros2_ws/install/cartographer_ros/lib/cartographer_ros/cartographer_occupancy_grid_node\n'}
[6.398963] (cartographer_ros) StdoutLine: {'line': b'-- Up-to-date: /root/ros2_ws/install/cartographer_ros/lib/cartographer_ros/cartographer_offline_node\n'}
[6.399870] (cartographer_ros) StdoutLine: {'line': b'-- Up-to-date: /root/ros2_ws/install/cartographer_ros/lib/cartographer_ros/cartographer_assets_writer\n'}
[6.400958] (cartographer_ros) StdoutLine: {'line': b'-- Up-to-date: /root/ros2_ws/install/cartographer_ros/lib/cartographer_ros/cartographer_pbstream_map_publisher\n'}
[6.403549] (cartographer_ros) StdoutLine: {'line': b'-- Up-to-date: /root/ros2_ws/install/cartographer_ros/lib/cartographer_ros/cartographer_pbstream_to_ros_map\n'}
[6.405035] (cartographer_ros) StdoutLine: {'line': b'-- Up-to-date: /root/ros2_ws/install/cartographer_ros/lib/cartographer_ros/cartographer_rosbag_validate\n'}
[6.405622] (cartographer_ros) StdoutLine: {'line': b'-- Up-to-date: /root/ros2_ws/install/cartographer_ros/include/\n'}
[6.406144] (cartographer_ros) StdoutLine: {'line': b'-- Up-to-date: /root/ros2_ws/install/cartographer_ros/include//cartographer_ros\n'}
[6.406735] (cartographer_ros) StdoutLine: {'line': b'-- Up-to-date: /root/ros2_ws/install/cartographer_ros/include//cartographer_ros/offline_node.h\n'}
[6.407178] (cartographer_ros) StdoutLine: {'line': b'-- Up-to-date: /root/ros2_ws/install/cartographer_ros/include//cartographer_ros/ros_log_sink.h\n'}
[6.407496] (cartographer_ros) StdoutLine: {'line': b'-- Up-to-date: /root/ros2_ws/install/cartographer_ros/include//cartographer_ros/msg_conversion.h\n'}
[6.408380] (cartographer_ros) StdoutLine: {'line': b'-- Up-to-date: /root/ros2_ws/install/cartographer_ros/include//cartographer_ros/map_builder_bridge.h\n'}
[6.409573] (cartographer_ros) StdoutLine: {'line': b'-- Up-to-date: /root/ros2_ws/install/cartographer_ros/include//cartographer_ros/ros_map_writing_points_processor.h\n'}
[6.411266] (cartographer_ros) StdoutLine: {'line': b'-- Up-to-date: /root/ros2_ws/install/cartographer_ros/include//cartographer_ros/time_conversion.h\n'}
[6.411601] (cartographer_ros) StdoutLine: {'line': b'-- Up-to-date: /root/ros2_ws/install/cartographer_ros/include//cartographer_ros/node_constants.h\n'}
[6.411835] (cartographer_ros) StdoutLine: {'line': b'-- Up-to-date: /root/ros2_ws/install/cartographer_ros/include//cartographer_ros/trajectory_options.h\n'}
[6.413860] (cartographer_ros) StdoutLine: {'line': b'-- Up-to-date: /root/ros2_ws/install/cartographer_ros/include//cartographer_ros/node_options.h\n'}
[6.414166] (cartographer_ros) StdoutLine: {'line': b'-- Up-to-date: /root/ros2_ws/install/cartographer_ros/include//cartographer_ros/urdf_reader.h\n'}
[6.414445] (cartographer_ros) StdoutLine: {'line': b'-- Up-to-date: /root/ros2_ws/install/cartographer_ros/include//cartographer_ros/submap.h\n'}
[6.414704] (cartographer_ros) StdoutLine: {'line': b'-- Up-to-date: /root/ros2_ws/install/cartographer_ros/include//cartographer_ros/assets_writer.h\n'}
[6.415341] (cartographer_ros) StdoutLine: {'line': b'-- Up-to-date: /root/ros2_ws/install/cartographer_ros/include//cartographer_ros/playable_bag.h\n'}
[6.415837] (cartographer_ros) StdoutLine: {'line': b'-- Up-to-date: /root/ros2_ws/install/cartographer_ros/include//cartographer_ros/tf_bridge.h\n'}
[6.416126] (cartographer_ros) StdoutLine: {'line': b'-- Up-to-date: /root/ros2_ws/install/cartographer_ros/include//cartographer_ros/node.h\n'}
[6.416523] (cartographer_ros) StdoutLine: {'line': b'-- Up-to-date: /root/ros2_ws/install/cartographer_ros/include//cartographer_ros/ros_map.h\n'}
[6.416911] (cartographer_ros) StdoutLine: {'line': b'-- Up-to-date: /root/ros2_ws/install/cartographer_ros/include//cartographer_ros/metrics\n'}
[6.417203] (cartographer_ros) StdoutLine: {'line': b'-- Up-to-date: /root/ros2_ws/install/cartographer_ros/include//cartographer_ros/metrics/internal\n'}
[6.417436] (cartographer_ros) StdoutLine: {'line': b'-- Up-to-date: /root/ros2_ws/install/cartographer_ros/include//cartographer_ros/metrics/internal/counter.h\n'}
[6.417641] (cartographer_ros) StdoutLine: {'line': b'-- Up-to-date: /root/ros2_ws/install/cartographer_ros/include//cartographer_ros/metrics/internal/histogram.h\n'}
[6.417846] (cartographer_ros) StdoutLine: {'line': b'-- Up-to-date: /root/ros2_ws/install/cartographer_ros/include//cartographer_ros/metrics/internal/family.h\n'}
[6.418048] (cartographer_ros) StdoutLine: {'line': b'-- Up-to-date: /root/ros2_ws/install/cartographer_ros/include//cartographer_ros/metrics/internal/gauge.h\n'}
[6.418314] (cartographer_ros) StdoutLine: {'line': b'-- Up-to-date: /root/ros2_ws/install/cartographer_ros/include//cartographer_ros/metrics/family_factory.h\n'}
[6.419076] (cartographer_ros) StdoutLine: {'line': b'-- Up-to-date: /root/ros2_ws/install/cartographer_ros/include//cartographer_ros/sensor_bridge.h\n'}
[6.420768] (cartographer_ros) StdoutLine: {'line': b'-- Up-to-date: /root/ros2_ws/install/cartographer_ros/share/cartographer_ros//configuration_files\n'}
[6.423007] (cartographer_ros) StdoutLine: {'line': b'-- Up-to-date: /root/ros2_ws/install/cartographer_ros/share/cartographer_ros//configuration_files/transform.lua\n'}
[6.423727] (cartographer_ros) StdoutLine: {'line': b'-- Up-to-date: /root/ros2_ws/install/cartographer_ros/share/cartographer_ros//configuration_files/visualize_pbstream.lua\n'}
[6.424219] (cartographer_ros) StdoutLine: {'line': b'-- Up-to-date: /root/ros2_ws/install/cartographer_ros/share/cartographer_ros//configuration_files/taurob_tracker.lua\n'}
[6.424631] (cartographer_ros) StdoutLine: {'line': b'-- Up-to-date: /root/ros2_ws/install/cartographer_ros/share/cartographer_ros//configuration_files/assets_writer_backpack_3d.lua\n'}
[6.424812] (cartographer_ros) StdoutLine: {'line': b'-- Up-to-date: /root/ros2_ws/install/cartographer_ros/share/cartographer_ros//configuration_files/demo_2d.rviz\n'}
[6.425445] (cartographer_ros) StdoutLine: {'line': b'-- Up-to-date: /root/ros2_ws/install/cartographer_ros/share/cartographer_ros//configuration_files/assets_writer_backpack_2d_ci.lua\n'}
[6.425733] (cartographer_ros) StdoutLine: {'line': b'-- Up-to-date: /root/ros2_ws/install/cartographer_ros/share/cartographer_ros//configuration_files/backpack_2d.lua\n'}
[6.425996] (cartographer_ros) StdoutLine: {'line': b'-- Up-to-date: /root/ros2_ws/install/cartographer_ros/share/cartographer_ros//configuration_files/backpack_2d_localization.lua\n'}
[6.426325] (cartographer_ros) StdoutLine: {'line': b'-- Up-to-date: /root/ros2_ws/install/cartographer_ros/share/cartographer_ros//configuration_files/assets_writer_backpack_2d.lua\n'}
[6.426659] (cartographer_ros) StdoutLine: {'line': b'-- Up-to-date: /root/ros2_ws/install/cartographer_ros/share/cartographer_ros//configuration_files/revo_lds.lua\n'}
[6.427004] (cartographer_ros) StdoutLine: {'line': b'-- Up-to-date: /root/ros2_ws/install/cartographer_ros/share/cartographer_ros//configuration_files/demo_3d.rviz\n'}
[6.427484] (cartographer_ros) StdoutLine: {'line': b'-- Up-to-date: /root/ros2_ws/install/cartographer_ros/share/cartographer_ros//configuration_files/assets_writer_ros_map.lua\n'}
[6.427909] (cartographer_ros) StdoutLine: {'line': b'-- Up-to-date: /root/ros2_ws/install/cartographer_ros/share/cartographer_ros//configuration_files/backpack_3d.lua\n'}
[6.428297] (cartographer_ros) StdoutLine: {'line': b'-- Up-to-date: /root/ros2_ws/install/cartographer_ros/share/cartographer_ros//configuration_files/mir-100-mapping.lua\n'}
[6.430099] (cartographer_ros) StdoutLine: {'line': b'-- Up-to-date: /root/ros2_ws/install/cartographer_ros/share/cartographer_ros//configuration_files/backpack_3d_localization.lua\n'}
[6.433306] (cartographer_ros) StdoutLine: {'line': b'-- Up-to-date: /root/ros2_ws/install/cartographer_ros/share/cartographer_ros//configuration_files/pr2.lua\n'}
[6.436769] (cartographer_ros) StdoutLine: {'line': b'-- Up-to-date: /root/ros2_ws/install/cartographer_ros/share/cartographer_ros//configuration_files/backpack_2d_localization_evaluation.lua\n'}
[6.449138] (cartographer_ros) StdoutLine: {'line': b'-- Up-to-date: /root/ros2_ws/install/cartographer_ros/share/cartographer_ros//configuration_files/backpack_2d_server.lua\n'}
[6.449692] (cartographer_ros) StdoutLine: {'line': b'-- Up-to-date: /root/ros2_ws/install/cartographer_ros/share/cartographer_ros//urdf\n'}
[6.452866] (cartographer_ros) StdoutLine: {'line': b'-- Up-to-date: /root/ros2_ws/install/cartographer_ros/share/cartographer_ros//urdf/backpack_3d.urdf\n'}
[6.456925] (cartographer_ros) StdoutLine: {'line': b'-- Up-to-date: /root/ros2_ws/install/cartographer_ros/share/cartographer_ros//urdf/backpack_2d.urdf\n'}
[6.459076] (cartographer_ros) StdoutLine: {'line': b'-- Up-to-date: /root/ros2_ws/install/cartographer_ros/share/cartographer_ros//urdf/mir-100.urdf\n'}
[6.460894] (cartographer_ros) StdoutLine: {'line': b'-- Up-to-date: /root/ros2_ws/install/cartographer_ros/share/cartographer_ros//launch\n'}
[6.461386] (cartographer_ros) StdoutLine: {'line': b'-- Up-to-date: /root/ros2_ws/install/cartographer_ros/share/cartographer_ros//launch/offline_backpack_3d.launch.py\n'}
[6.461895] (cartographer_ros) StdoutLine: {'line': b'-- Up-to-date: /root/ros2_ws/install/cartographer_ros/share/cartographer_ros//launch/__pycache__\n'}
[6.462444] (cartographer_ros) StdoutLine: {'line': b'-- Up-to-date: /root/ros2_ws/install/cartographer_ros/share/cartographer_ros//launch/__pycache__/demo_revo_lds.launch.cpython-310.pyc\n'}
[6.462714] (cartographer_ros) StdoutLine: {'line': b'-- Up-to-date: /root/ros2_ws/install/cartographer_ros/share/cartographer_ros//launch/taurob_tracker.launch.py\n'}
[6.462955] (cartographer_ros) StdoutLine: {'line': b'-- Up-to-date: /root/ros2_ws/install/cartographer_ros/share/cartographer_ros//launch/demo_taurob_tracker.launch.py\n'}
[6.463229] (cartographer_ros) StdoutLine: {'line': b'-- Up-to-date: /root/ros2_ws/install/cartographer_ros/share/cartographer_ros//launch/offline_mir_100_rviz.launch.py\n'}
[6.464073] (cartographer_ros) StdoutLine: {'line': b'-- Up-to-date: /root/ros2_ws/install/cartographer_ros/share/cartographer_ros//launch/assets_writer_backpack_2d.launch.py\n'}
[6.464619] (cartographer_ros) StdoutLine: {'line': b'-- Up-to-date: /root/ros2_ws/install/cartographer_ros/share/cartographer_ros//launch/offline_backpack_2d.launch.py\n'}
[6.465614] (cartographer_ros) StdoutLine: {'line': b'-- Up-to-date: /root/ros2_ws/install/cartographer_ros/share/cartographer_ros//launch/demo_backpack_3d.launch.py\n'}
[6.466581] (-) TimerEvent: {}
[6.466947] (cartographer_ros) StdoutLine: {'line': b'-- Up-to-date: /root/ros2_ws/install/cartographer_ros/share/cartographer_ros//launch/backpack_3d.launch.py\n'}
[6.468120] (cartographer_ros) StdoutLine: {'line': b'-- Up-to-date: /root/ros2_ws/install/cartographer_ros/share/cartographer_ros//launch/grpc_demo_backpack_2d.launch\n'}
[6.469327] (cartographer_ros) StdoutLine: {'line': b'-- Up-to-date: /root/ros2_ws/install/cartographer_ros/share/cartographer_ros//launch/demo_backpack_3d_localization.launch.py\n'}
[6.469655] (cartographer_ros) StdoutLine: {'line': b'-- Up-to-date: /root/ros2_ws/install/cartographer_ros/share/cartographer_ros//launch/offline_node.launch.py\n'}
[6.469918] (cartographer_ros) StdoutLine: {'line': b'-- Up-to-date: /root/ros2_ws/install/cartographer_ros/share/cartographer_ros//launch/backpack_2d.launch.py\n'}
[6.470583] (cartographer_ros) StdoutLine: {'line': b'-- Up-to-date: /root/ros2_ws/install/cartographer_ros/share/cartographer_ros//launch/assets_writer_backpack_3d.launch.py\n'}
[6.475316] (cartographer_ros) StdoutLine: {'line': b'-- Up-to-date: /root/ros2_ws/install/cartographer_ros/share/cartographer_ros//launch/demo_backpack_2d.launch.py\n'}
[6.477327] (cartographer_ros) StdoutLine: {'line': b'-- Up-to-date: /root/ros2_ws/install/cartographer_ros/share/cartographer_ros//launch/assets_writer_ros_map.launch.py\n'}
[6.478429] (cartographer_ros) StdoutLine: {'line': b'-- Up-to-date: /root/ros2_ws/install/cartographer_ros/share/cartographer_ros//launch/demo_pr2.launch\n'}
[6.479435] (cartographer_ros) StdoutLine: {'line': b'-- Up-to-date: /root/ros2_ws/install/cartographer_ros/share/cartographer_ros//launch/demo_revo_lds.launch.py\n'}
[6.479749] (cartographer_ros) StdoutLine: {'line': b'-- Up-to-date: /root/ros2_ws/install/cartographer_ros/share/cartographer_ros//launch/visualize_pbstream.launch.py\n'}
[6.479949] (cartographer_ros) StdoutLine: {'line': b'-- Up-to-date: /root/ros2_ws/install/cartographer_ros/share/cartographer_ros//launch/demo_backpack_2d_localization.launch.py\n'}
[6.480528] (cartographer_ros) StdoutLine: {'line': b'-- Up-to-date: /root/ros2_ws/install/cartographer_ros/share/cartographer_ros//launch/grpc_demo_backpack_2d_localization.launch\n'}
[6.480897] (cartographer_ros) StdoutLine: {'line': b'-- Up-to-date: /root/ros2_ws/install/cartographer_ros/share/cartographer_ros/environment/library_path.sh\n'}
[6.481121] (cartographer_ros) StdoutLine: {'line': b'-- Up-to-date: /root/ros2_ws/install/cartographer_ros/share/cartographer_ros/environment/library_path.dsv\n'}
[6.481473] (cartographer_ros) StdoutLine: {'line': b'-- Up-to-date: /root/ros2_ws/install/cartographer_ros/share/ament_index/resource_index/package_run_dependencies/cartographer_ros\n'}
[6.481693] (cartographer_ros) StdoutLine: {'line': b'-- Up-to-date: /root/ros2_ws/install/cartographer_ros/share/ament_index/resource_index/parent_prefix_path/cartographer_ros\n'}
[6.481859] (cartographer_ros) StdoutLine: {'line': b'-- Up-to-date: /root/ros2_ws/install/cartographer_ros/share/cartographer_ros/environment/ament_prefix_path.sh\n'}
[6.482007] (cartographer_ros) StdoutLine: {'line': b'-- Up-to-date: /root/ros2_ws/install/cartographer_ros/share/cartographer_ros/environment/ament_prefix_path.dsv\n'}
[6.482235] (cartographer_ros) StdoutLine: {'line': b'-- Up-to-date: /root/ros2_ws/install/cartographer_ros/share/cartographer_ros/environment/path.sh\n'}
[6.482822] (cartographer_ros) StdoutLine: {'line': b'-- Up-to-date: /root/ros2_ws/install/cartographer_ros/share/cartographer_ros/environment/path.dsv\n'}
[6.483133] (cartographer_ros) StdoutLine: {'line': b'-- Up-to-date: /root/ros2_ws/install/cartographer_ros/share/cartographer_ros/local_setup.bash\n'}
[6.483611] (cartographer_ros) StdoutLine: {'line': b'-- Up-to-date: /root/ros2_ws/install/cartographer_ros/share/cartographer_ros/local_setup.sh\n'}
[6.483883] (cartographer_ros) StdoutLine: {'line': b'-- Up-to-date: /root/ros2_ws/install/cartographer_ros/share/cartographer_ros/local_setup.zsh\n'}
[6.484134] (cartographer_ros) StdoutLine: {'line': b'-- Up-to-date: /root/ros2_ws/install/cartographer_ros/share/cartographer_ros/local_setup.dsv\n'}
[6.485841] (cartographer_ros) StdoutLine: {'line': b'-- Installing: /root/ros2_ws/install/cartographer_ros/share/cartographer_ros/package.dsv\n'}
[6.486504] (cartographer_ros) StdoutLine: {'line': b'-- Up-to-date: /root/ros2_ws/install/cartographer_ros/share/ament_index/resource_index/packages/cartographer_ros\n'}
[6.486793] (cartographer_ros) StdoutLine: {'line': b'-- Up-to-date: /root/ros2_ws/install/cartographer_ros/share/cartographer_ros/cmake/ament_cmake_export_include_directories-extras.cmake\n'}
[6.487035] (cartographer_ros) StdoutLine: {'line': b'-- Up-to-date: /root/ros2_ws/install/cartographer_ros/share/cartographer_ros/cmake/ament_cmake_export_libraries-extras.cmake\n'}
[6.487301] (cartographer_ros) StdoutLine: {'line': b'-- Up-to-date: /root/ros2_ws/install/cartographer_ros/share/cartographer_ros/cmake/ament_cmake_export_dependencies-extras.cmake\n'}
[6.487603] (cartographer_ros) StdoutLine: {'line': b'-- Up-to-date: /root/ros2_ws/install/cartographer_ros/share/cartographer_ros/cmake/cartographer_rosConfig.cmake\n'}
[6.487853] (cartographer_ros) StdoutLine: {'line': b'-- Up-to-date: /root/ros2_ws/install/cartographer_ros/share/cartographer_ros/cmake/cartographer_rosConfig-version.cmake\n'}
[6.488096] (cartographer_ros) StdoutLine: {'line': b'-- Up-to-date: /root/ros2_ws/install/cartographer_ros/share/cartographer_ros/package.xml\n'}
[6.488430] (cartographer_ros) CommandEnded: {'returncode': 0}
[6.489537] (ros2_opencv) StdoutLine: {'line': b'running egg_info\n'}
[6.491497] (ros2_opencv) StdoutLine: {'line': b'writing ../../build/ros2_opencv/ros2_opencv.egg-info/PKG-INFO\n'}
[6.491822] (ros2_opencv) StdoutLine: {'line': b'writing dependency_links to ../../build/ros2_opencv/ros2_opencv.egg-info/dependency_links.txt\n'}
[6.492039] (ros2_opencv) StdoutLine: {'line': b'writing entry points to ../../build/ros2_opencv/ros2_opencv.egg-info/entry_points.txt\n'}
[6.492268] (ros2_opencv) StdoutLine: {'line': b'writing requirements to ../../build/ros2_opencv/ros2_opencv.egg-info/requires.txt\n'}
[6.492500] (ros2_opencv) StdoutLine: {'line': b'writing top-level names to ../../build/ros2_opencv/ros2_opencv.egg-info/top_level.txt\n'}
[6.492702] (ros2_opencv) StdoutLine: {'line': b"reading manifest file '../../build/ros2_opencv/ros2_opencv.egg-info/SOURCES.txt'\n"}
[6.492918] (ros2_opencv) StdoutLine: {'line': b"writing manifest file '../../build/ros2_opencv/ros2_opencv.egg-info/SOURCES.txt'\n"}
[6.493105] (ros2_opencv) StdoutLine: {'line': b'running build\n'}
[6.493348] (ros2_opencv) StdoutLine: {'line': b'running build_py\n'}
[6.493553] (ros2_opencv) StdoutLine: {'line': b'running install\n'}
[6.493771] (ros2_opencv) StdoutLine: {'line': b'running install_lib\n'}
[6.493964] (ros2_opencv) StdoutLine: {'line': b'running install_data\n'}
[6.494263] (ros2_opencv) StdoutLine: {'line': b'running install_egg_info\n'}
[6.494494] (ros2_opencv) StdoutLine: {'line': b"removing '/root/ros2_ws/install/ros2_opencv/lib/python3.10/site-packages/ros2_opencv-0.0.0-py3.10.egg-info' (and everything under it)\n"}
[6.494704] (ros2_opencv) StdoutLine: {'line': b'Copying ../../build/ros2_opencv/ros2_opencv.egg-info to /root/ros2_ws/install/ros2_opencv/lib/python3.10/site-packages/ros2_opencv-0.0.0-py3.10.egg-info\n'}
[6.494981] (ros2_opencv) StdoutLine: {'line': b'running install_scripts\n'}
[6.518556] (cartographer_ros) JobEnded: {'identifier': 'cartographer_ros', 'rc': 0}
[6.520578] (cartographer_rviz) JobStarted: {'identifier': 'cartographer_rviz'}
[6.568090] (-) TimerEvent: {}
[6.570609] (ros2_opencv) StdoutLine: {'line': b"writing list of installed files to '/root/ros2_ws/build/ros2_opencv/install.log'\n"}
[6.597028] (cartographer_rviz) JobProgress: {'identifier': 'cartographer_rviz', 'progress': 'cmake'}
[6.599121] (cartographer_rviz) JobProgress: {'identifier': 'cartographer_rviz', 'progress': 'build'}
[6.608724] (cartographer_rviz) Command: {'cmd': ['/usr/bin/cmake', '--build', '/root/ros2_ws/build/cartographer_rviz', '--', '-j8', '-l8'], 'cwd': '/root/ros2_ws/build/cartographer_rviz', 'env': OrderedDict([('HOSTNAME', 'warnie'), ('GIT_ASKPASS', '/root/.vscode-server/bin/17baf841131aa23349f217ca7c570c76ee87b957/extensions/git/dist/askpass.sh'), ('SHLVL', '2'), ('LD_LIBRARY_PATH', '/root/ros2_ws/install/cartographer_ros_msgs/lib:/root/ros2_ws/install/cartographer_rviz/lib:/root/ros2_ws/install/cartographer_ros/lib:/opt/ros/humble/opt/rviz_ogre_vendor/lib:/opt/ros/humble/lib/x86_64-linux-gnu:/opt/ros/humble/lib'), ('BROWSER', '/root/.vscode-server/bin/17baf841131aa23349f217ca7c570c76ee87b957/bin/helpers/browser.sh'), ('HOME', '/root'), ('OLDPWD', '/root/ros2_ws/src'), ('TERM_PROGRAM_VERSION', '1.99.3'), ('VSCODE_IPC_HOOK_CLI', '/tmp/vscode-ipc-68549143-8077-4743-9875-84966345cd0e.sock'), ('ROS_PYTHON_VERSION', '3'), ('VSCODE_GIT_ASKPASS_MAIN', '/root/.vscode-server/bin/17baf841131aa23349f217ca7c570c76ee87b957/extensions/git/dist/askpass-main.js'), ('VSCODE_GIT_ASKPASS_NODE', '/root/.vscode-server/bin/17baf841131aa23349f217ca7c570c76ee87b957/node'), ('LC_CTYPE', 'C.UTF-8'), ('COLORTERM', 'truecolor'), ('REMOTE_CONTAINERS', 'true'), ('COLCON_PREFIX_PATH', '/root/ros2_ws/install'), ('ROS_DISTRO', 'humble'), ('REMOTE_CONTAINERS_IPC', '/tmp/vscode-remote-containers-ipc-f285fd1d-9376-4a47-8352-1dbec715791d.sock'), ('_', '/usr/bin/colcon'), ('ROS_VERSION', '2'), ('PKG_CONFIG_PATH', '/root/ros2_ws/install/cartographer/lib/x86_64-linux-gnu/pkgconfig:/root/ros2_ws/install/cartographer/lib/pkgconfig'), ('TERM', 'xterm-256color'), ('ROS_LOCALHOST_ONLY', '0'), ('PATH', '/root/ros2_ws/install/cartographer/bin:/root/.vscode-server/bin/17baf841131aa23349f217ca7c570c76ee87b957/bin/remote-cli:/opt/ros/humble/bin:/usr/local/sbin:/usr/local/bin:/usr/sbin:/usr/bin:/sbin:/bin:/root/.vscode-server/data/User/globalStorage/github.copilot-chat/debugCommand'), ('REMOTE_CONTAINERS_SOCKETS', '["/tmp/vscode-ssh-auth-f285fd1d-9376-4a47-8352-1dbec715791d.sock","/root/.gnupg/S.gpg-agent"]'), ('DISPLAY', 'unix:0'), ('LANG', 'en_US.UTF-8'), ('VSCODE_GIT_IPC_HANDLE', '/tmp/vscode-git-3ce2b43cc6.sock'), ('TERM_PROGRAM', 'vscode'), ('SSH_AUTH_SOCK', '/tmp/vscode-ssh-auth-f285fd1d-9376-4a47-8352-1dbec715791d.sock'), ('AMENT_PREFIX_PATH', '/root/ros2_ws/install/car_launch:/root/ros2_ws/install/robocar_test_cpp:/root/ros2_ws/install/rplidar_ros:/root/ros2_ws/install/ros2_opencv:/root/ros2_ws/install/cartographer_rviz:/root/ros2_ws/install/cartographer_ros:/root/ros2_ws/install/cartographer_ros_msgs:/root/ros2_ws/install/Test_FirstPkg:/opt/ros/humble'), ('SHELL', '/bin/bash'), ('VSCODE_GIT_ASKPASS_EXTRA_ARGS', ''), ('PWD', '/root/ros2_ws/build/cartographer_rviz'), ('PYTHONPATH', '/root/ros2_ws/install/ros2_opencv/lib/python3.10/site-packages:/root/ros2_ws/install/cartographer_ros_msgs/local/lib/python3.10/dist-packages:/opt/ros/humble/lib/python3.10/site-packages:/opt/ros/humble/local/lib/python3.10/dist-packages'), ('COLCON', '1'), ('CMAKE_PREFIX_PATH', '/root/ros2_ws/install/cartographer_ros:/root/ros2_ws/install/cartographer_ros_msgs:/root/ros2_ws/install/cartographer:/root/ros2_ws/install/car_launch:/root/ros2_ws/install/robocar_test_cpp:/root/ros2_ws/install/rplidar_ros:/root/ros2_ws/install/cartographer_rviz:/root/ros2_ws/install/Test_FirstPkg:/root/ros2_ws/install/ros2_opencv:/opt/ros/humble')]), 'shell': False}
[6.669365] (-) TimerEvent: {}
[6.692090] (ros2_opencv) CommandEnded: {'returncode': 0}
[6.737189] (ros2_opencv) JobEnded: {'identifier': 'ros2_opencv', 'rc': 0}
[6.769497] (-) TimerEvent: {}
[6.825152] (cartographer_rviz) StdoutLine: {'line': b'[  0%] Built target cartographer_rviz_detect_changes\n'}
[6.840630] (cartographer_rviz) StdoutLine: {'line': b'[ 16%] \x1b[34m\x1b[1mAutomatic MOC for target cartographer_rviz\x1b[0m\n'}
[6.870755] (-) TimerEvent: {}
[6.935441] (cartographer_rviz) StdoutLine: {'line': b'[ 16%] Built target cartographer_rviz_autogen\n'}
[6.970914] (-) TimerEvent: {}
[7.071475] (-) TimerEvent: {}
[7.091458] (cartographer_rviz) StdoutLine: {'line': b'[100%] Built target cartographer_rviz\n'}
[7.130128] (cartographer_rviz) CommandEnded: {'returncode': 0}
[7.131897] (cartographer_rviz) JobProgress: {'identifier': 'cartographer_rviz', 'progress': 'install'}
[7.135388] (cartographer_rviz) Command: {'cmd': ['/usr/bin/cmake', '--install', '/root/ros2_ws/build/cartographer_rviz'], 'cwd': '/root/ros2_ws/build/cartographer_rviz', 'env': OrderedDict([('HOSTNAME', 'warnie'), ('GIT_ASKPASS', '/root/.vscode-server/bin/17baf841131aa23349f217ca7c570c76ee87b957/extensions/git/dist/askpass.sh'), ('SHLVL', '2'), ('LD_LIBRARY_PATH', '/root/ros2_ws/install/cartographer_ros_msgs/lib:/root/ros2_ws/install/cartographer_rviz/lib:/root/ros2_ws/install/cartographer_ros/lib:/opt/ros/humble/opt/rviz_ogre_vendor/lib:/opt/ros/humble/lib/x86_64-linux-gnu:/opt/ros/humble/lib'), ('BROWSER', '/root/.vscode-server/bin/17baf841131aa23349f217ca7c570c76ee87b957/bin/helpers/browser.sh'), ('HOME', '/root'), ('OLDPWD', '/root/ros2_ws/src'), ('TERM_PROGRAM_VERSION', '1.99.3'), ('VSCODE_IPC_HOOK_CLI', '/tmp/vscode-ipc-68549143-8077-4743-9875-84966345cd0e.sock'), ('ROS_PYTHON_VERSION', '3'), ('VSCODE_GIT_ASKPASS_MAIN', '/root/.vscode-server/bin/17baf841131aa23349f217ca7c570c76ee87b957/extensions/git/dist/askpass-main.js'), ('VSCODE_GIT_ASKPASS_NODE', '/root/.vscode-server/bin/17baf841131aa23349f217ca7c570c76ee87b957/node'), ('LC_CTYPE', 'C.UTF-8'), ('COLORTERM', 'truecolor'), ('REMOTE_CONTAINERS', 'true'), ('COLCON_PREFIX_PATH', '/root/ros2_ws/install'), ('ROS_DISTRO', 'humble'), ('REMOTE_CONTAINERS_IPC', '/tmp/vscode-remote-containers-ipc-f285fd1d-9376-4a47-8352-1dbec715791d.sock'), ('_', '/usr/bin/colcon'), ('ROS_VERSION', '2'), ('PKG_CONFIG_PATH', '/root/ros2_ws/install/cartographer/lib/x86_64-linux-gnu/pkgconfig:/root/ros2_ws/install/cartographer/lib/pkgconfig'), ('TERM', 'xterm-256color'), ('ROS_LOCALHOST_ONLY', '0'), ('PATH', '/root/ros2_ws/install/cartographer/bin:/root/.vscode-server/bin/17baf841131aa23349f217ca7c570c76ee87b957/bin/remote-cli:/opt/ros/humble/bin:/usr/local/sbin:/usr/local/bin:/usr/sbin:/usr/bin:/sbin:/bin:/root/.vscode-server/data/User/globalStorage/github.copilot-chat/debugCommand'), ('REMOTE_CONTAINERS_SOCKETS', '["/tmp/vscode-ssh-auth-f285fd1d-9376-4a47-8352-1dbec715791d.sock","/root/.gnupg/S.gpg-agent"]'), ('DISPLAY', 'unix:0'), ('LANG', 'en_US.UTF-8'), ('VSCODE_GIT_IPC_HANDLE', '/tmp/vscode-git-3ce2b43cc6.sock'), ('TERM_PROGRAM', 'vscode'), ('SSH_AUTH_SOCK', '/tmp/vscode-ssh-auth-f285fd1d-9376-4a47-8352-1dbec715791d.sock'), ('AMENT_PREFIX_PATH', '/root/ros2_ws/install/car_launch:/root/ros2_ws/install/robocar_test_cpp:/root/ros2_ws/install/rplidar_ros:/root/ros2_ws/install/ros2_opencv:/root/ros2_ws/install/cartographer_rviz:/root/ros2_ws/install/cartographer_ros:/root/ros2_ws/install/cartographer_ros_msgs:/root/ros2_ws/install/Test_FirstPkg:/opt/ros/humble'), ('SHELL', '/bin/bash'), ('VSCODE_GIT_ASKPASS_EXTRA_ARGS', ''), ('PWD', '/root/ros2_ws/build/cartographer_rviz'), ('PYTHONPATH', '/root/ros2_ws/install/ros2_opencv/lib/python3.10/site-packages:/root/ros2_ws/install/cartographer_ros_msgs/local/lib/python3.10/dist-packages:/opt/ros/humble/lib/python3.10/site-packages:/opt/ros/humble/local/lib/python3.10/dist-packages'), ('COLCON', '1'), ('CMAKE_PREFIX_PATH', '/root/ros2_ws/install/cartographer_ros:/root/ros2_ws/install/cartographer_ros_msgs:/root/ros2_ws/install/cartographer:/root/ros2_ws/install/car_launch:/root/ros2_ws/install/robocar_test_cpp:/root/ros2_ws/install/rplidar_ros:/root/ros2_ws/install/cartographer_rviz:/root/ros2_ws/install/Test_FirstPkg:/root/ros2_ws/install/ros2_opencv:/opt/ros/humble')]), 'shell': False}
[7.155566] (cartographer_rviz) StdoutLine: {'line': b'-- Install configuration: "Release"\n'}
[7.156076] (cartographer_rviz) StdoutLine: {'line': b'-- Up-to-date: /root/ros2_ws/install/cartographer_rviz/share/cartographer_rviz/rviz_plugin_description.xml\n'}
[7.157880] (cartographer_rviz) StdoutLine: {'line': b'-- Up-to-date: /root/ros2_ws/install/cartographer_rviz/lib/libcartographer_rviz.so\n'}
[7.158646] (cartographer_rviz) StdoutLine: {'line': b'-- Up-to-date: /root/ros2_ws/install/cartographer_rviz/include/\n'}
[7.159080] (cartographer_rviz) StdoutLine: {'line': b'-- Up-to-date: /root/ros2_ws/install/cartographer_rviz/include//cartographer_rviz\n'}
[7.159440] (cartographer_rviz) StdoutLine: {'line': b'-- Up-to-date: /root/ros2_ws/install/cartographer_rviz/include//cartographer_rviz/ogre_slice.h\n'}
[7.159904] (cartographer_rviz) StdoutLine: {'line': b'-- Up-to-date: /root/ros2_ws/install/cartographer_rviz/include//cartographer_rviz/submaps_display.h\n'}
[7.161188] (cartographer_rviz) StdoutLine: {'line': b'-- Up-to-date: /root/ros2_ws/install/cartographer_rviz/include//cartographer_rviz/drawable_submap.h\n'}
[7.161512] (cartographer_rviz) StdoutLine: {'line': b'-- Up-to-date: /root/ros2_ws/install/cartographer_rviz/share/cartographer_rviz/environment/library_path.sh\n'}
[7.161785] (cartographer_rviz) StdoutLine: {'line': b'-- Up-to-date: /root/ros2_ws/install/cartographer_rviz/share/cartographer_rviz/environment/library_path.dsv\n'}
[7.162053] (cartographer_rviz) StdoutLine: {'line': b'-- Up-to-date: /root/ros2_ws/install/cartographer_rviz/share/ament_index/resource_index/package_run_dependencies/cartographer_rviz\n'}
[7.162339] (cartographer_rviz) StdoutLine: {'line': b'-- Up-to-date: /root/ros2_ws/install/cartographer_rviz/share/ament_index/resource_index/parent_prefix_path/cartographer_rviz\n'}
[7.162603] (cartographer_rviz) StdoutLine: {'line': b'-- Up-to-date: /root/ros2_ws/install/cartographer_rviz/share/cartographer_rviz/environment/ament_prefix_path.sh\n'}
[7.162869] (cartographer_rviz) StdoutLine: {'line': b'-- Up-to-date: /root/ros2_ws/install/cartographer_rviz/share/cartographer_rviz/environment/ament_prefix_path.dsv\n'}
[7.163127] (cartographer_rviz) StdoutLine: {'line': b'-- Up-to-date: /root/ros2_ws/install/cartographer_rviz/share/cartographer_rviz/environment/path.sh\n'}
[7.163444] (cartographer_rviz) StdoutLine: {'line': b'-- Up-to-date: /root/ros2_ws/install/cartographer_rviz/share/cartographer_rviz/environment/path.dsv\n'}
[7.163718] (cartographer_rviz) StdoutLine: {'line': b'-- Up-to-date: /root/ros2_ws/install/cartographer_rviz/share/cartographer_rviz/local_setup.bash\n'}
[7.163954] (cartographer_rviz) StdoutLine: {'line': b'-- Up-to-date: /root/ros2_ws/install/cartographer_rviz/share/cartographer_rviz/local_setup.sh\n'}
[7.164489] (cartographer_rviz) StdoutLine: {'line': b'-- Up-to-date: /root/ros2_ws/install/cartographer_rviz/share/cartographer_rviz/local_setup.zsh\n'}
[7.164740] (cartographer_rviz) StdoutLine: {'line': b'-- Up-to-date: /root/ros2_ws/install/cartographer_rviz/share/cartographer_rviz/local_setup.dsv\n'}
[7.164992] (cartographer_rviz) StdoutLine: {'line': b'-- Installing: /root/ros2_ws/install/cartographer_rviz/share/cartographer_rviz/package.dsv\n'}
[7.165466] (cartographer_rviz) StdoutLine: {'line': b'-- Up-to-date: /root/ros2_ws/install/cartographer_rviz/share/ament_index/resource_index/packages/cartographer_rviz\n'}
[7.166019] (cartographer_rviz) StdoutLine: {'line': b'-- Up-to-date: /root/ros2_ws/install/cartographer_rviz/share/ament_index/resource_index/rviz_common__pluginlib__plugin/cartographer_rviz\n'}
[7.166512] (cartographer_rviz) StdoutLine: {'line': b'-- Up-to-date: /root/ros2_ws/install/cartographer_rviz/share/cartographer_rviz/ogre_media/materials/glsl120\n'}
[7.170053] (cartographer_rviz) StdoutLine: {'line': b'-- Up-to-date: /root/ros2_ws/install/cartographer_rviz/share/cartographer_rviz/ogre_media/materials/glsl120/submap.vert\n'}
[7.170461] (cartographer_rviz) StdoutLine: {'line': b'-- Up-to-date: /root/ros2_ws/install/cartographer_rviz/share/cartographer_rviz/ogre_media/materials/glsl120/glsl120.program\n'}
[7.170710] (cartographer_rviz) StdoutLine: {'line': b'-- Up-to-date: /root/ros2_ws/install/cartographer_rviz/share/cartographer_rviz/ogre_media/materials/glsl120/submap.frag\n'}
[7.170968] (cartographer_rviz) StdoutLine: {'line': b'-- Up-to-date: /root/ros2_ws/install/cartographer_rviz/share/cartographer_rviz/ogre_media/materials/scripts\n'}
[7.171394] (cartographer_rviz) StdoutLine: {'line': b'-- Up-to-date: /root/ros2_ws/install/cartographer_rviz/share/cartographer_rviz/ogre_media/materials/scripts/submap.material\n'}
[7.171656] (-) TimerEvent: {}
[7.171947] (cartographer_rviz) StdoutLine: {'line': b'-- Up-to-date: /root/ros2_ws/install/cartographer_rviz/share/ament_index/resource_index/rviz_ogre_media_exports/cartographer_rviz\n'}
[7.173455] (cartographer_rviz) StdoutLine: {'line': b'-- Up-to-date: /root/ros2_ws/install/cartographer_rviz/share/cartographer_rviz/cmake/cartographer_rvizExport.cmake\n'}
[7.174279] (cartographer_rviz) StdoutLine: {'line': b'-- Up-to-date: /root/ros2_ws/install/cartographer_rviz/share/cartographer_rviz/cmake/cartographer_rvizExport-release.cmake\n'}
[7.174719] (cartographer_rviz) StdoutLine: {'line': b'-- Up-to-date: /root/ros2_ws/install/cartographer_rviz/share/cartographer_rviz/cmake/ament_cmake_export_include_directories-extras.cmake\n'}
[7.175053] (cartographer_rviz) StdoutLine: {'line': b'-- Up-to-date: /root/ros2_ws/install/cartographer_rviz/share/cartographer_rviz/cmake/ament_cmake_export_targets-extras.cmake\n'}
[7.175401] (cartographer_rviz) StdoutLine: {'line': b'-- Up-to-date: /root/ros2_ws/install/cartographer_rviz/share/cartographer_rviz/cmake/ament_cmake_export_dependencies-extras.cmake\n'}
[7.175715] (cartographer_rviz) StdoutLine: {'line': b'-- Up-to-date: /root/ros2_ws/install/cartographer_rviz/share/cartographer_rviz/cmake/cartographer_rvizConfig.cmake\n'}
[7.175990] (cartographer_rviz) StdoutLine: {'line': b'-- Up-to-date: /root/ros2_ws/install/cartographer_rviz/share/cartographer_rviz/cmake/cartographer_rvizConfig-version.cmake\n'}
[7.176349] (cartographer_rviz) StdoutLine: {'line': b'-- Up-to-date: /root/ros2_ws/install/cartographer_rviz/share/cartographer_rviz/package.xml\n'}
[7.176641] (cartographer_rviz) CommandEnded: {'returncode': 0}
[7.233851] (cartographer_rviz) JobEnded: {'identifier': 'cartographer_rviz', 'rc': 0}
[7.271841] (-) TimerEvent: {}
[7.372247] (-) TimerEvent: {}
[7.472705] (-) TimerEvent: {}
[7.573224] (-) TimerEvent: {}
[7.673791] (-) TimerEvent: {}
[7.774206] (-) TimerEvent: {}
[7.874616] (-) TimerEvent: {}
[7.975050] (-) TimerEvent: {}
[8.075571] (-) TimerEvent: {}
[8.179726] (-) TimerEvent: {}
[8.281576] (-) TimerEvent: {}
[8.382151] (-) TimerEvent: {}
[8.482595] (-) TimerEvent: {}
[8.583051] (-) TimerEvent: {}
[8.683559] (-) TimerEvent: {}
[8.784143] (-) TimerEvent: {}
[8.885145] (-) TimerEvent: {}
[8.985643] (-) TimerEvent: {}
[9.086142] (-) TimerEvent: {}
[9.186769] (-) TimerEvent: {}
[9.287731] (-) TimerEvent: {}
[9.388332] (-) TimerEvent: {}
[9.488800] (-) TimerEvent: {}
[9.589179] (-) TimerEvent: {}
[9.689583] (-) TimerEvent: {}
[9.789967] (-) TimerEvent: {}
[9.890368] (-) TimerEvent: {}
[9.990754] (-) TimerEvent: {}
[10.091139] (-) TimerEvent: {}
[10.191603] (-) TimerEvent: {}
[10.292183] (-) TimerEvent: {}
[10.393109] (-) TimerEvent: {}
[10.493807] (-) TimerEvent: {}
[10.594312] (-) TimerEvent: {}
[10.694922] (-) TimerEvent: {}
[10.795718] (-) TimerEvent: {}
[10.896829] (-) TimerEvent: {}
[10.998038] (-) TimerEvent: {}
[11.098513] (-) TimerEvent: {}
[11.198857] (-) TimerEvent: {}
[11.299242] (-) TimerEvent: {}
[11.307407] (robocar_test_cpp) StderrLine: {'line': b'\x1b[01m\x1b[K/root/ros2_ws/src/robocar_test_cpp/src/receive_lidar_function.cpp:102:23:\x1b[m\x1b[K \x1b[01;31m\x1b[Kerror: \x1b[m\x1b[K\xe2\x80\x98\x1b[01m\x1b[Kgeometry_msgs\x1b[m\x1b[K\xe2\x80\x99 was not declared in this scope\n'}
[11.307868] (robocar_test_cpp) StderrLine: {'line': b'  102 |     rclcpp::Publisher<\x1b[01;31m\x1b[Kgeometry_msgs\x1b[m\x1b[K::msg::Twist>::SharedPtr cmd_pub_;\n'}
[11.308117] (robocar_test_cpp) StderrLine: {'line': b'      |                       \x1b[01;31m\x1b[K^~~~~~~~~~~~~\x1b[m\x1b[K\n'}
[11.308366] (robocar_test_cpp) StderrLine: {'line': b'\x1b[01m\x1b[K/root/ros2_ws/src/robocar_test_cpp/src/receive_lidar_function.cpp:102:48:\x1b[m\x1b[K \x1b[01;31m\x1b[Kerror: \x1b[m\x1b[Ktemplate argument 1 is invalid\n'}
[11.308572] (robocar_test_cpp) StderrLine: {'line': b'  102 |     rclcpp::Publisher<geometry_msgs::msg::Twist\x1b[01;31m\x1b[K>\x1b[m\x1b[K::SharedPtr cmd_pub_;\n'}
[11.308771] (robocar_test_cpp) StderrLine: {'line': b'      |                                                \x1b[01;31m\x1b[K^\x1b[m\x1b[K\n'}
[11.309027] (robocar_test_cpp) StderrLine: {'line': b'\x1b[01m\x1b[K/root/ros2_ws/src/robocar_test_cpp/src/receive_lidar_function.cpp:102:51:\x1b[m\x1b[K \x1b[01;31m\x1b[Kerror: \x1b[m\x1b[Kexpected \xe2\x80\x98\x1b[01m\x1b[K;\x1b[m\x1b[K\xe2\x80\x99 at end of member declaration\n'}
[11.309634] (robocar_test_cpp) StderrLine: {'line': b'  102 |     rclcpp::Publisher<geometry_msgs::msg::Twist>::\x1b[01;31m\x1b[KSharedPtr\x1b[m\x1b[K cmd_pub_;\n'}
[11.310424] (robocar_test_cpp) StderrLine: {'line': b'      |                                                   \x1b[01;31m\x1b[K^~~~~~~~~\x1b[m\x1b[K\n'}
[11.310680] (robocar_test_cpp) StderrLine: {'line': b'      |                                                            \x1b[32m\x1b[K;\x1b[m\x1b[K\n'}
[11.313839] (robocar_test_cpp) StderrLine: {'line': b'\x1b[01m\x1b[K/root/ros2_ws/src/robocar_test_cpp/src/receive_lidar_function.cpp:102:61:\x1b[m\x1b[K \x1b[01;31m\x1b[Kerror: \x1b[m\x1b[K\xe2\x80\x98\x1b[01m\x1b[Kcmd_pub_\x1b[m\x1b[K\xe2\x80\x99 does not name a type\n'}
[11.314664] (robocar_test_cpp) StderrLine: {'line': b'  102 |     rclcpp::Publisher<geometry_msgs::msg::Twist>::SharedPtr \x1b[01;31m\x1b[Kcmd_pub_\x1b[m\x1b[K;\n'}
[11.315433] (robocar_test_cpp) StderrLine: {'line': b'      |                                                             \x1b[01;31m\x1b[K^~~~~~~~\x1b[m\x1b[K\n'}
[11.340764] (robocar_test_cpp) StderrLine: {'line': b'\x1b[01m\x1b[K/root/ros2_ws/src/robocar_test_cpp/src/receive_lidar_function.cpp:\x1b[m\x1b[K In constructor \xe2\x80\x98\x1b[01m\x1b[KLidarListener::LidarListener()\x1b[m\x1b[K\xe2\x80\x99:\n'}
[11.341188] (robocar_test_cpp) StderrLine: {'line': b'\x1b[01m\x1b[K/root/ros2_ws/src/robocar_test_cpp/src/receive_lidar_function.cpp:11:9:\x1b[m\x1b[K \x1b[01;31m\x1b[Kerror: \x1b[m\x1b[K\xe2\x80\x98\x1b[01m\x1b[Ksubscription_\x1b[m\x1b[K\xe2\x80\x99 was not declared in this scope; did you mean \xe2\x80\x98\x1b[01m\x1b[Krmw_subscription_t\x1b[m\x1b[K\xe2\x80\x99?\n'}
[11.341450] (robocar_test_cpp) StderrLine: {'line': b'   11 |         \x1b[01;31m\x1b[Ksubscription_\x1b[m\x1b[K = this->create_subscription<sensor_msgs::msg::LaserScan>(\n'}
[11.341680] (robocar_test_cpp) StderrLine: {'line': b'      |         \x1b[01;31m\x1b[K^~~~~~~~~~~~~\x1b[m\x1b[K\n'}
[11.341897] (robocar_test_cpp) StderrLine: {'line': b'      |         \x1b[32m\x1b[Krmw_subscription_t\x1b[m\x1b[K\n'}
[11.383348] (robocar_test_cpp) StderrLine: {'line': b'\x1b[01m\x1b[K/root/ros2_ws/src/robocar_test_cpp/src/receive_lidar_function.cpp:15:9:\x1b[m\x1b[K \x1b[01;31m\x1b[Kerror: \x1b[m\x1b[K\xe2\x80\x98\x1b[01m\x1b[Kcmd_pub_\x1b[m\x1b[K\xe2\x80\x99 was not declared in this scope\n'}
[11.383649] (robocar_test_cpp) StderrLine: {'line': b'   15 |         \x1b[01;31m\x1b[Kcmd_pub_\x1b[m\x1b[K = this->create_publisher<geometry_msgs::msg::Twist>(\n'}
[11.383921] (robocar_test_cpp) StderrLine: {'line': b'      |         \x1b[01;31m\x1b[K^~~~~~~~\x1b[m\x1b[K\n'}
[11.399367] (-) TimerEvent: {}
[11.405008] (robocar_test_cpp) StderrLine: {'line': b'\x1b[01m\x1b[K/root/ros2_ws/src/robocar_test_cpp/src/receive_lidar_function.cpp:15:43:\x1b[m\x1b[K \x1b[01;31m\x1b[Kerror: \x1b[m\x1b[K\xe2\x80\x98\x1b[01m\x1b[Kgeometry_msgs\x1b[m\x1b[K\xe2\x80\x99 was not declared in this scope\n'}
[11.405858] (robocar_test_cpp) StderrLine: {'line': b'   15 |         cmd_pub_ = this->create_publisher<\x1b[01;31m\x1b[Kgeometry_msgs\x1b[m\x1b[K::msg::Twist>(\n'}
[11.406102] (robocar_test_cpp) StderrLine: {'line': b'      |                                           \x1b[01;31m\x1b[K^~~~~~~~~~~~~\x1b[m\x1b[K\n'}
[11.406405] (robocar_test_cpp) StderrLine: {'line': b'\x1b[01m\x1b[K/root/ros2_ws/src/robocar_test_cpp/src/receive_lidar_function.cpp:15:26:\x1b[m\x1b[K \x1b[01;31m\x1b[Kerror: \x1b[m\x1b[Kparse error in template argument list\n'}
[11.406616] (robocar_test_cpp) StderrLine: {'line': b'   15 |         cmd_pub_ = this->\x1b[01;31m\x1b[Kcreate_publisher<geometry_msgs::msg::Twist>\x1b[m\x1b[K(\n'}
[11.406808] (robocar_test_cpp) StderrLine: {'line': b'      |                          \x1b[01;31m\x1b[K^~~~~~~~~~~~~~~~~~~~~~~~~~~~~~~~~~~~~~~~~~~\x1b[m\x1b[K\n'}
[11.407007] (robocar_test_cpp) StderrLine: {'line': b'\x1b[01m\x1b[K/root/ros2_ws/src/robocar_test_cpp/src/receive_lidar_function.cpp:15:69:\x1b[m\x1b[K \x1b[01;31m\x1b[Kerror: \x1b[m\x1b[Kno matching function for call to \xe2\x80\x98\x1b[01m\x1b[KLidarListener::create_publisher<<expression error> >(const char [9], int)\x1b[m\x1b[K\xe2\x80\x99\n'}
[11.407236] (robocar_test_cpp) StderrLine: {'line': b'   15 |         cmd_pub_ = \x1b[01;31m\x1b[Kthis->create_publisher<geometry_msgs::msg::Twist>(\x1b[m\x1b[K\n'}
[11.407496] (robocar_test_cpp) StderrLine: {'line': b'      |                    \x1b[01;31m\x1b[K~~~~~~~~~~~~~~~~~~~~~~~~~~~~~~~~~~~~~~~~~~~~~~~~~^\x1b[m\x1b[K\n'}
[11.407706] (robocar_test_cpp) StderrLine: {'line': b'   16 | \x1b[01;31m\x1b[K            "/cmd_vel", 10)\x1b[m\x1b[K;\n'}
[11.407910] (robocar_test_cpp) StderrLine: {'line': b'      |             \x1b[01;31m\x1b[K~~~~~~~~~~~~~~~\x1b[m\x1b[K                                          \n'}
[11.408111] (robocar_test_cpp) StderrLine: {'line': b'In file included from \x1b[01m\x1b[K/opt/ros/humble/include/rclcpp/rclcpp/executors/single_threaded_executor.hpp:28\x1b[m\x1b[K,\n'}
[11.408323] (robocar_test_cpp) StderrLine: {'line': b'                 from \x1b[01m\x1b[K/opt/ros/humble/include/rclcpp/rclcpp/executors.hpp:22\x1b[m\x1b[K,\n'}
[11.408532] (robocar_test_cpp) StderrLine: {'line': b'                 from \x1b[01m\x1b[K/opt/ros/humble/include/rclcpp/rclcpp/rclcpp.hpp:155\x1b[m\x1b[K,\n'}
[11.408763] (robocar_test_cpp) StderrLine: {'line': b'                 from \x1b[01m\x1b[K/root/ros2_ws/src/robocar_test_cpp/src/receive_lidar_function.cpp:2\x1b[m\x1b[K:\n'}
[11.408981] (robocar_test_cpp) StderrLine: {'line': b'\x1b[01m\x1b[K/opt/ros/humble/include/rclcpp/rclcpp/node.hpp:195:3:\x1b[m\x1b[K \x1b[01;36m\x1b[Knote: \x1b[m\x1b[Kcandidate: \xe2\x80\x98\x1b[01m\x1b[Ktemplate<class MessageT, class AllocatorT, class PublisherT> std::shared_ptr<PublisherT> rclcpp::Node::create_publisher(const string&, const rclcpp::QoS&, const rclcpp::PublisherOptionsWithAllocator<AllocatorT>&)\x1b[m\x1b[K\xe2\x80\x99\n'}
[11.409289] (robocar_test_cpp) StderrLine: {'line': b'  195 |   \x1b[01;36m\x1b[Kcreate_publisher\x1b[m\x1b[K(\n'}
[11.409585] (robocar_test_cpp) StderrLine: {'line': b'      |   \x1b[01;36m\x1b[K^~~~~~~~~~~~~~~~\x1b[m\x1b[K\n'}
[11.409828] (robocar_test_cpp) StderrLine: {'line': b'\x1b[01m\x1b[K/opt/ros/humble/include/rclcpp/rclcpp/node.hpp:195:3:\x1b[m\x1b[K \x1b[01;36m\x1b[Knote: \x1b[m\x1b[K  template argument deduction/substitution failed:\n'}
[11.410081] (robocar_test_cpp) StderrLine: {'line': b'\x1b[01m\x1b[K/root/ros2_ws/src/robocar_test_cpp/src/receive_lidar_function.cpp:15:69:\x1b[m\x1b[K \x1b[01;31m\x1b[Kerror: \x1b[m\x1b[Ktemplate argument 1 is invalid\n'}
[11.410469] (robocar_test_cpp) StderrLine: {'line': b'   15 |         cmd_pub_ = \x1b[01;31m\x1b[Kthis->create_publisher<geometry_msgs::msg::Twist>(\x1b[m\x1b[K\n'}
[11.410750] (robocar_test_cpp) StderrLine: {'line': b'      |                    \x1b[01;31m\x1b[K~~~~~~~~~~~~~~~~~~~~~~~~~~~~~~~~~~~~~~~~~~~~~~~~~^\x1b[m\x1b[K\n'}
[11.411035] (robocar_test_cpp) StderrLine: {'line': b'   16 | \x1b[01;31m\x1b[K            "/cmd_vel", 10)\x1b[m\x1b[K;\n'}
[11.411321] (robocar_test_cpp) StderrLine: {'line': b'      |             \x1b[01;31m\x1b[K~~~~~~~~~~~~~~~\x1b[m\x1b[K                                          \n'}
[11.417572] (robocar_test_cpp) StderrLine: {'line': b'\x1b[01m\x1b[K/root/ros2_ws/src/robocar_test_cpp/src/receive_lidar_function.cpp:\x1b[m\x1b[K In member function \xe2\x80\x98\x1b[01m\x1b[Kvoid LidarListener::scan_callback(sensor_msgs::msg::LaserScan_<std::allocator<void> >::SharedPtr)\x1b[m\x1b[K\xe2\x80\x99:\n'}
[11.418703] (robocar_test_cpp) StderrLine: {'line': b'\x1b[01m\x1b[K/root/ros2_ws/src/robocar_test_cpp/src/receive_lidar_function.cpp:67:9:\x1b[m\x1b[K \x1b[01;31m\x1b[Kerror: \x1b[m\x1b[K\xe2\x80\x98\x1b[01m\x1b[Kgeometry_msgs\x1b[m\x1b[K\xe2\x80\x99 has not been declared\n'}
[11.419079] (robocar_test_cpp) StderrLine: {'line': b'   67 |         \x1b[01;31m\x1b[Kgeometry_msgs\x1b[m\x1b[K::msg::Twist cmd_msg;\n'}
[11.419363] (robocar_test_cpp) StderrLine: {'line': b'      |         \x1b[01;31m\x1b[K^~~~~~~~~~~~~\x1b[m\x1b[K\n'}
[11.433843] (robocar_test_cpp) StderrLine: {'line': b'\x1b[01m\x1b[K/root/ros2_ws/src/robocar_test_cpp/src/receive_lidar_function.cpp:72:13:\x1b[m\x1b[K \x1b[01;31m\x1b[Kerror: \x1b[m\x1b[K\xe2\x80\x98\x1b[01m\x1b[Kcmd_msg\x1b[m\x1b[K\xe2\x80\x99 was not declared in this scope\n'}
[11.434693] (robocar_test_cpp) StderrLine: {'line': b'   72 |             \x1b[01;31m\x1b[Kcmd_msg\x1b[m\x1b[K.linear.x = 0.3;\n'}
[11.435504] (robocar_test_cpp) StderrLine: {'line': b'      |             \x1b[01;31m\x1b[K^~~~~~~\x1b[m\x1b[K\n'}
[11.449502] (robocar_test_cpp) StderrLine: {'line': b'\x1b[01m\x1b[K/root/ros2_ws/src/robocar_test_cpp/src/receive_lidar_function.cpp:84:17:\x1b[m\x1b[K \x1b[01;31m\x1b[Kerror: \x1b[m\x1b[K\xe2\x80\x98\x1b[01m\x1b[Kcmd_msg\x1b[m\x1b[K\xe2\x80\x99 was not declared in this scope\n'}
[11.449816] (robocar_test_cpp) StderrLine: {'line': b'   84 |                 \x1b[01;31m\x1b[Kcmd_msg\x1b[m\x1b[K.angular.z = 0.5;\n'}
[11.449961] (robocar_test_cpp) StderrLine: {'line': b'      |                 \x1b[01;31m\x1b[K^~~~~~~\x1b[m\x1b[K\n'}
[11.470031] (robocar_test_cpp) StderrLine: {'line': b'\x1b[01m\x1b[K/root/ros2_ws/src/robocar_test_cpp/src/receive_lidar_function.cpp:89:17:\x1b[m\x1b[K \x1b[01;31m\x1b[Kerror: \x1b[m\x1b[K\xe2\x80\x98\x1b[01m\x1b[Kcmd_msg\x1b[m\x1b[K\xe2\x80\x99 was not declared in this scope\n'}
[11.470919] (robocar_test_cpp) StderrLine: {'line': b'   89 |                 \x1b[01;31m\x1b[Kcmd_msg\x1b[m\x1b[K.angular.z = -0.5;\n'}
[11.471277] (robocar_test_cpp) StderrLine: {'line': b'      |                 \x1b[01;31m\x1b[K^~~~~~~\x1b[m\x1b[K\n'}
[11.489571] (robocar_test_cpp) StderrLine: {'line': b'\x1b[01m\x1b[K/root/ros2_ws/src/robocar_test_cpp/src/receive_lidar_function.cpp:94:17:\x1b[m\x1b[K \x1b[01;31m\x1b[Kerror: \x1b[m\x1b[K\xe2\x80\x98\x1b[01m\x1b[Kcmd_msg\x1b[m\x1b[K\xe2\x80\x99 was not declared in this scope\n'}
[11.489888] (robocar_test_cpp) StderrLine: {'line': b'   94 |                 \x1b[01;31m\x1b[Kcmd_msg\x1b[m\x1b[K.linear.x = -0.2;\n'}
[11.490096] (robocar_test_cpp) StderrLine: {'line': b'      |                 \x1b[01;31m\x1b[K^~~~~~~\x1b[m\x1b[K\n'}
[11.499511] (-) TimerEvent: {}
[11.511888] (robocar_test_cpp) StderrLine: {'line': b'\x1b[01m\x1b[K/root/ros2_ws/src/robocar_test_cpp/src/receive_lidar_function.cpp:98:9:\x1b[m\x1b[K \x1b[01;31m\x1b[Kerror: \x1b[m\x1b[K\xe2\x80\x98\x1b[01m\x1b[Kcmd_pub_\x1b[m\x1b[K\xe2\x80\x99 was not declared in this scope\n'}
[11.512424] (robocar_test_cpp) StderrLine: {'line': b'   98 |         \x1b[01;31m\x1b[Kcmd_pub_\x1b[m\x1b[K->publish(cmd_msg);\n'}
[11.513098] (robocar_test_cpp) StderrLine: {'line': b'      |         \x1b[01;31m\x1b[K^~~~~~~~\x1b[m\x1b[K\n'}
[11.532990] (robocar_test_cpp) StderrLine: {'line': b'\x1b[01m\x1b[K/root/ros2_ws/src/robocar_test_cpp/src/receive_lidar_function.cpp:98:27:\x1b[m\x1b[K \x1b[01;31m\x1b[Kerror: \x1b[m\x1b[K\xe2\x80\x98\x1b[01m\x1b[Kcmd_msg\x1b[m\x1b[K\xe2\x80\x99 was not declared in this scope\n'}
[11.533335] (robocar_test_cpp) StderrLine: {'line': b'   98 |         cmd_pub_->publish(\x1b[01;31m\x1b[Kcmd_msg\x1b[m\x1b[K);\n'}
[11.533532] (robocar_test_cpp) StderrLine: {'line': b'      |                           \x1b[01;31m\x1b[K^~~~~~~\x1b[m\x1b[K\n'}
[11.599626] (-) TimerEvent: {}
[11.700053] (-) TimerEvent: {}
[11.800449] (-) TimerEvent: {}
[11.901110] (-) TimerEvent: {}
[12.002257] (-) TimerEvent: {}
[12.102750] (-) TimerEvent: {}
[12.203757] (-) TimerEvent: {}
[12.304467] (-) TimerEvent: {}
[12.405190] (-) TimerEvent: {}
[12.505901] (-) TimerEvent: {}
[12.606373] (-) TimerEvent: {}
[12.706744] (-) TimerEvent: {}
[12.807136] (-) TimerEvent: {}
[12.907565] (-) TimerEvent: {}
[13.008012] (-) TimerEvent: {}
[13.108531] (-) TimerEvent: {}
[13.209043] (-) TimerEvent: {}
[13.310093] (-) TimerEvent: {}
[13.410635] (-) TimerEvent: {}
[13.511151] (-) TimerEvent: {}
[13.611791] (-) TimerEvent: {}
[13.712656] (-) TimerEvent: {}
[13.813322] (-) TimerEvent: {}
[13.913850] (-) TimerEvent: {}
[14.014233] (-) TimerEvent: {}
[14.114612] (-) TimerEvent: {}
[14.215001] (-) TimerEvent: {}
[14.315435] (-) TimerEvent: {}
[14.415853] (-) TimerEvent: {}
[14.516299] (-) TimerEvent: {}
[14.616770] (-) TimerEvent: {}
[14.717218] (-) TimerEvent: {}
[14.818252] (-) TimerEvent: {}
[14.919047] (-) TimerEvent: {}
[15.019545] (-) TimerEvent: {}
[15.120127] (-) TimerEvent: {}
[15.220829] (-) TimerEvent: {}
[15.321566] (-) TimerEvent: {}
[15.422097] (-) TimerEvent: {}
[15.522485] (-) TimerEvent: {}
[15.622873] (-) TimerEvent: {}
[15.723332] (-) TimerEvent: {}
[15.823721] (-) TimerEvent: {}
[15.924098] (-) TimerEvent: {}
[16.024484] (-) TimerEvent: {}
[16.124863] (-) TimerEvent: {}
[16.225257] (-) TimerEvent: {}
[16.325632] (-) TimerEvent: {}
[16.426243] (-) TimerEvent: {}
[16.526637] (-) TimerEvent: {}
[16.627018] (-) TimerEvent: {}
[16.727424] (-) TimerEvent: {}
[16.827797] (-) TimerEvent: {}
[16.928277] (-) TimerEvent: {}
[17.028701] (-) TimerEvent: {}
[17.129218] (-) TimerEvent: {}
[17.229718] (-) TimerEvent: {}
[17.330169] (-) TimerEvent: {}
[17.430581] (-) TimerEvent: {}
[17.530995] (-) TimerEvent: {}
[17.631431] (-) TimerEvent: {}
[17.665990] (robocar_test_cpp) StderrLine: {'line': b'gmake[2]: *** [CMakeFiles/lidar_listener.dir/build.make:76: CMakeFiles/lidar_listener.dir/src/receive_lidar_function.cpp.o] Error 1\n'}
[17.666468] (robocar_test_cpp) StderrLine: {'line': b'gmake[1]: *** [CMakeFiles/Makefile2:193: CMakeFiles/lidar_listener.dir/all] Error 2\n'}
[17.666828] (robocar_test_cpp) StderrLine: {'line': b'gmake: *** [Makefile:146: all] Error 2\n'}
[17.670270] (robocar_test_cpp) CommandEnded: {'returncode': 2}
[17.683965] (robocar_test_cpp) JobEnded: {'identifier': 'robocar_test_cpp', 'rc': 2}
[17.695141] (-) EventReactorShutdown: {}
