[0.000000] (-) TimerEvent: {}
[0.001054] (car_launch) JobQueued: {'identifier': 'car_launch', 'dependencies': OrderedDict()}
[0.001143] (cartographer) JobQueued: {'identifier': 'cartographer', 'dependencies': OrderedDict()}
[0.001196] (cartographer_ros_msgs) JobQueued: {'identifier': 'cartographer_ros_msgs', 'dependencies': OrderedDict()}
[0.001253] (robocar_test_cpp) JobQueued: {'identifier': 'robocar_test_cpp', 'dependencies': OrderedDict()}
[0.002103] (ros2_opencv) JobQueued: {'identifier': 'ros2_opencv', 'dependencies': OrderedDict()}
[0.002574] (rplidar_ros) JobQueued: {'identifier': 'rplidar_ros', 'dependencies': OrderedDict()}
[0.002930] (cartographer_ros) JobQueued: {'identifier': 'cartographer_ros', 'dependencies': OrderedDict([('cartographer', '/root/ros2_ws/install/cartographer'), ('cartographer_ros_msgs', '/root/ros2_ws/install/cartographer_ros_msgs')])}
[0.003071] (cartographer_rviz) JobQueued: {'identifier': 'cartographer_rviz', 'dependencies': OrderedDict([('cartographer', '/root/ros2_ws/install/cartographer'), ('cartographer_ros_msgs', '/root/ros2_ws/install/cartographer_ros_msgs'), ('cartographer_ros', '/root/ros2_ws/install/cartographer_ros')])}
[0.003175] (cartographer) JobStarted: {'identifier': 'cartographer'}
[0.027479] (cartographer_ros_msgs) JobStarted: {'identifier': 'cartographer_ros_msgs'}
[0.043393] (car_launch) JobStarted: {'identifier': 'car_launch'}
[0.055403] (robocar_test_cpp) JobStarted: {'identifier': 'robocar_test_cpp'}
[0.069973] (ros2_opencv) JobStarted: {'identifier': 'ros2_opencv'}
[0.092404] (rplidar_ros) JobStarted: {'identifier': 'rplidar_ros'}
[0.099254] (-) TimerEvent: {}
[0.112900] (cartographer) JobProgress: {'identifier': 'cartographer', 'progress': 'cmake'}
[0.114375] (cartographer) JobProgress: {'identifier': 'cartographer', 'progress': 'build'}
[0.117234] (cartographer) Command: {'cmd': ['/usr/bin/cmake', '--build', '/root/ros2_ws/build/cartographer', '--', '-j8', '-l8'], 'cwd': '/root/ros2_ws/build/cartographer', 'env': OrderedDict([('HOSTNAME', 'warnie'), ('GIT_ASKPASS', '/root/.vscode-server/bin/17baf841131aa23349f217ca7c570c76ee87b957/extensions/git/dist/askpass.sh'), ('SHLVL', '2'), ('LD_LIBRARY_PATH', '/root/ros2_ws/install/cartographer_rviz/lib:/root/ros2_ws/install/cartographer_ros/lib:/root/ros2_ws/install/cartographer_ros_msgs/lib:/opt/ros/humble/opt/rviz_ogre_vendor/lib:/opt/ros/humble/lib/x86_64-linux-gnu:/opt/ros/humble/lib'), ('BROWSER', '/root/.vscode-server/bin/17baf841131aa23349f217ca7c570c76ee87b957/bin/helpers/browser.sh'), ('HOME', '/root'), ('OLDPWD', '/root/ros2_ws/src'), ('TERM_PROGRAM_VERSION', '1.99.3'), ('VSCODE_IPC_HOOK_CLI', '/tmp/vscode-ipc-68549143-8077-4743-9875-84966345cd0e.sock'), ('ROS_PYTHON_VERSION', '3'), ('VSCODE_GIT_ASKPASS_MAIN', '/root/.vscode-server/bin/17baf841131aa23349f217ca7c570c76ee87b957/extensions/git/dist/askpass-main.js'), ('VSCODE_GIT_ASKPASS_NODE', '/root/.vscode-server/bin/17baf841131aa23349f217ca7c570c76ee87b957/node'), ('LC_CTYPE', 'C.UTF-8'), ('COLORTERM', 'truecolor'), ('REMOTE_CONTAINERS', 'true'), ('COLCON_PREFIX_PATH', '/root/ros2_ws/install'), ('ROS_DISTRO', 'humble'), ('REMOTE_CONTAINERS_IPC', '/tmp/vscode-remote-containers-ipc-f285fd1d-9376-4a47-8352-1dbec715791d.sock'), ('_', '/usr/bin/colcon'), ('ROS_VERSION', '2'), ('PKG_CONFIG_PATH', '/root/ros2_ws/install/cartographer/lib/x86_64-linux-gnu/pkgconfig:/root/ros2_ws/install/cartographer/lib/pkgconfig'), ('TERM', 'xterm-256color'), ('ROS_LOCALHOST_ONLY', '0'), ('PATH', '/root/ros2_ws/install/cartographer/bin:/root/.vscode-server/bin/17baf841131aa23349f217ca7c570c76ee87b957/bin/remote-cli:/opt/ros/humble/bin:/usr/local/sbin:/usr/local/bin:/usr/sbin:/usr/bin:/sbin:/bin:/root/.vscode-server/data/User/globalStorage/github.copilot-chat/debugCommand'), ('REMOTE_CONTAINERS_SOCKETS', '["/tmp/vscode-ssh-auth-f285fd1d-9376-4a47-8352-1dbec715791d.sock","/root/.gnupg/S.gpg-agent"]'), ('DISPLAY', 'unix:0'), ('LANG', 'en_US.UTF-8'), ('VSCODE_GIT_IPC_HANDLE', '/tmp/vscode-git-3ce2b43cc6.sock'), ('TERM_PROGRAM', 'vscode'), ('SSH_AUTH_SOCK', '/tmp/vscode-ssh-auth-f285fd1d-9376-4a47-8352-1dbec715791d.sock'), ('AMENT_PREFIX_PATH', '/root/ros2_ws/install/car_launch:/root/ros2_ws/install/robocar_test_cpp:/root/ros2_ws/install/rplidar_ros:/root/ros2_ws/install/ros2_opencv:/root/ros2_ws/install/cartographer_rviz:/root/ros2_ws/install/cartographer_ros:/root/ros2_ws/install/cartographer_ros_msgs:/root/ros2_ws/install/Test_FirstPkg:/opt/ros/humble'), ('SHELL', '/bin/bash'), ('VSCODE_GIT_ASKPASS_EXTRA_ARGS', ''), ('PWD', '/root/ros2_ws/build/cartographer'), ('PYTHONPATH', '/root/ros2_ws/install/ros2_opencv/lib/python3.10/site-packages:/root/ros2_ws/install/cartographer_ros_msgs/local/lib/python3.10/dist-packages:/opt/ros/humble/lib/python3.10/site-packages:/opt/ros/humble/local/lib/python3.10/dist-packages'), ('COLCON', '1'), ('CMAKE_PREFIX_PATH', '/root/ros2_ws/install/car_launch:/root/ros2_ws/install/robocar_test_cpp:/root/ros2_ws/install/rplidar_ros:/root/ros2_ws/install/cartographer_rviz:/root/ros2_ws/install/cartographer_ros:/root/ros2_ws/install/cartographer_ros_msgs:/root/ros2_ws/install/cartographer:/root/ros2_ws/install/Test_FirstPkg:/root/ros2_ws/install/ros2_opencv:/opt/ros/humble')]), 'shell': False}
[0.125909] (cartographer_ros_msgs) JobProgress: {'identifier': 'cartographer_ros_msgs', 'progress': 'cmake'}
[0.129579] (cartographer_ros_msgs) JobProgress: {'identifier': 'cartographer_ros_msgs', 'progress': 'build'}
[0.130251] (cartographer_ros_msgs) Command: {'cmd': ['/usr/bin/cmake', '--build', '/root/ros2_ws/build/cartographer_ros_msgs', '--', '-j8', '-l8'], 'cwd': '/root/ros2_ws/build/cartographer_ros_msgs', 'env': OrderedDict([('HOSTNAME', 'warnie'), ('GIT_ASKPASS', '/root/.vscode-server/bin/17baf841131aa23349f217ca7c570c76ee87b957/extensions/git/dist/askpass.sh'), ('SHLVL', '2'), ('LD_LIBRARY_PATH', '/root/ros2_ws/install/cartographer_rviz/lib:/root/ros2_ws/install/cartographer_ros/lib:/root/ros2_ws/install/cartographer_ros_msgs/lib:/opt/ros/humble/opt/rviz_ogre_vendor/lib:/opt/ros/humble/lib/x86_64-linux-gnu:/opt/ros/humble/lib'), ('BROWSER', '/root/.vscode-server/bin/17baf841131aa23349f217ca7c570c76ee87b957/bin/helpers/browser.sh'), ('HOME', '/root'), ('OLDPWD', '/root/ros2_ws/src'), ('TERM_PROGRAM_VERSION', '1.99.3'), ('VSCODE_IPC_HOOK_CLI', '/tmp/vscode-ipc-68549143-8077-4743-9875-84966345cd0e.sock'), ('ROS_PYTHON_VERSION', '3'), ('VSCODE_GIT_ASKPASS_MAIN', '/root/.vscode-server/bin/17baf841131aa23349f217ca7c570c76ee87b957/extensions/git/dist/askpass-main.js'), ('VSCODE_GIT_ASKPASS_NODE', '/root/.vscode-server/bin/17baf841131aa23349f217ca7c570c76ee87b957/node'), ('LC_CTYPE', 'C.UTF-8'), ('COLORTERM', 'truecolor'), ('REMOTE_CONTAINERS', 'true'), ('COLCON_PREFIX_PATH', '/root/ros2_ws/install'), ('ROS_DISTRO', 'humble'), ('REMOTE_CONTAINERS_IPC', '/tmp/vscode-remote-containers-ipc-f285fd1d-9376-4a47-8352-1dbec715791d.sock'), ('_', '/usr/bin/colcon'), ('ROS_VERSION', '2'), ('PKG_CONFIG_PATH', '/root/ros2_ws/install/cartographer/lib/x86_64-linux-gnu/pkgconfig:/root/ros2_ws/install/cartographer/lib/pkgconfig'), ('TERM', 'xterm-256color'), ('ROS_LOCALHOST_ONLY', '0'), ('PATH', '/root/ros2_ws/install/cartographer/bin:/root/.vscode-server/bin/17baf841131aa23349f217ca7c570c76ee87b957/bin/remote-cli:/opt/ros/humble/bin:/usr/local/sbin:/usr/local/bin:/usr/sbin:/usr/bin:/sbin:/bin:/root/.vscode-server/data/User/globalStorage/github.copilot-chat/debugCommand'), ('REMOTE_CONTAINERS_SOCKETS', '["/tmp/vscode-ssh-auth-f285fd1d-9376-4a47-8352-1dbec715791d.sock","/root/.gnupg/S.gpg-agent"]'), ('DISPLAY', 'unix:0'), ('LANG', 'en_US.UTF-8'), ('VSCODE_GIT_IPC_HANDLE', '/tmp/vscode-git-3ce2b43cc6.sock'), ('TERM_PROGRAM', 'vscode'), ('SSH_AUTH_SOCK', '/tmp/vscode-ssh-auth-f285fd1d-9376-4a47-8352-1dbec715791d.sock'), ('AMENT_PREFIX_PATH', '/root/ros2_ws/install/car_launch:/root/ros2_ws/install/robocar_test_cpp:/root/ros2_ws/install/rplidar_ros:/root/ros2_ws/install/ros2_opencv:/root/ros2_ws/install/cartographer_rviz:/root/ros2_ws/install/cartographer_ros:/root/ros2_ws/install/cartographer_ros_msgs:/root/ros2_ws/install/Test_FirstPkg:/opt/ros/humble'), ('SHELL', '/bin/bash'), ('VSCODE_GIT_ASKPASS_EXTRA_ARGS', ''), ('PWD', '/root/ros2_ws/build/cartographer_ros_msgs'), ('PYTHONPATH', '/root/ros2_ws/install/ros2_opencv/lib/python3.10/site-packages:/root/ros2_ws/install/cartographer_ros_msgs/local/lib/python3.10/dist-packages:/opt/ros/humble/lib/python3.10/site-packages:/opt/ros/humble/local/lib/python3.10/dist-packages'), ('COLCON', '1'), ('CMAKE_PREFIX_PATH', '/root/ros2_ws/install/car_launch:/root/ros2_ws/install/robocar_test_cpp:/root/ros2_ws/install/rplidar_ros:/root/ros2_ws/install/cartographer_rviz:/root/ros2_ws/install/cartographer_ros:/root/ros2_ws/install/cartographer_ros_msgs:/root/ros2_ws/install/cartographer:/root/ros2_ws/install/Test_FirstPkg:/root/ros2_ws/install/ros2_opencv:/opt/ros/humble')]), 'shell': False}
[0.135857] (car_launch) JobProgress: {'identifier': 'car_launch', 'progress': 'cmake'}
[0.137729] (car_launch) JobProgress: {'identifier': 'car_launch', 'progress': 'build'}
[0.138891] (car_launch) Command: {'cmd': ['/usr/bin/cmake', '--build', '/root/ros2_ws/build/car_launch', '--', '-j8', '-l8'], 'cwd': '/root/ros2_ws/build/car_launch', 'env': OrderedDict([('HOSTNAME', 'warnie'), ('GIT_ASKPASS', '/root/.vscode-server/bin/17baf841131aa23349f217ca7c570c76ee87b957/extensions/git/dist/askpass.sh'), ('SHLVL', '2'), ('LD_LIBRARY_PATH', '/root/ros2_ws/install/cartographer_rviz/lib:/root/ros2_ws/install/cartographer_ros/lib:/root/ros2_ws/install/cartographer_ros_msgs/lib:/opt/ros/humble/opt/rviz_ogre_vendor/lib:/opt/ros/humble/lib/x86_64-linux-gnu:/opt/ros/humble/lib'), ('BROWSER', '/root/.vscode-server/bin/17baf841131aa23349f217ca7c570c76ee87b957/bin/helpers/browser.sh'), ('HOME', '/root'), ('OLDPWD', '/root/ros2_ws/src'), ('TERM_PROGRAM_VERSION', '1.99.3'), ('VSCODE_IPC_HOOK_CLI', '/tmp/vscode-ipc-68549143-8077-4743-9875-84966345cd0e.sock'), ('ROS_PYTHON_VERSION', '3'), ('VSCODE_GIT_ASKPASS_MAIN', '/root/.vscode-server/bin/17baf841131aa23349f217ca7c570c76ee87b957/extensions/git/dist/askpass-main.js'), ('VSCODE_GIT_ASKPASS_NODE', '/root/.vscode-server/bin/17baf841131aa23349f217ca7c570c76ee87b957/node'), ('LC_CTYPE', 'C.UTF-8'), ('COLORTERM', 'truecolor'), ('REMOTE_CONTAINERS', 'true'), ('COLCON_PREFIX_PATH', '/root/ros2_ws/install'), ('ROS_DISTRO', 'humble'), ('REMOTE_CONTAINERS_IPC', '/tmp/vscode-remote-containers-ipc-f285fd1d-9376-4a47-8352-1dbec715791d.sock'), ('_', '/usr/bin/colcon'), ('ROS_VERSION', '2'), ('PKG_CONFIG_PATH', '/root/ros2_ws/install/cartographer/lib/x86_64-linux-gnu/pkgconfig:/root/ros2_ws/install/cartographer/lib/pkgconfig'), ('TERM', 'xterm-256color'), ('ROS_LOCALHOST_ONLY', '0'), ('PATH', '/root/ros2_ws/install/cartographer/bin:/root/.vscode-server/bin/17baf841131aa23349f217ca7c570c76ee87b957/bin/remote-cli:/opt/ros/humble/bin:/usr/local/sbin:/usr/local/bin:/usr/sbin:/usr/bin:/sbin:/bin:/root/.vscode-server/data/User/globalStorage/github.copilot-chat/debugCommand'), ('REMOTE_CONTAINERS_SOCKETS', '["/tmp/vscode-ssh-auth-f285fd1d-9376-4a47-8352-1dbec715791d.sock","/root/.gnupg/S.gpg-agent"]'), ('DISPLAY', 'unix:0'), ('LANG', 'en_US.UTF-8'), ('VSCODE_GIT_IPC_HANDLE', '/tmp/vscode-git-3ce2b43cc6.sock'), ('TERM_PROGRAM', 'vscode'), ('SSH_AUTH_SOCK', '/tmp/vscode-ssh-auth-f285fd1d-9376-4a47-8352-1dbec715791d.sock'), ('AMENT_PREFIX_PATH', '/root/ros2_ws/install/car_launch:/root/ros2_ws/install/robocar_test_cpp:/root/ros2_ws/install/rplidar_ros:/root/ros2_ws/install/ros2_opencv:/root/ros2_ws/install/cartographer_rviz:/root/ros2_ws/install/cartographer_ros:/root/ros2_ws/install/cartographer_ros_msgs:/root/ros2_ws/install/Test_FirstPkg:/opt/ros/humble'), ('SHELL', '/bin/bash'), ('VSCODE_GIT_ASKPASS_EXTRA_ARGS', ''), ('PWD', '/root/ros2_ws/build/car_launch'), ('PYTHONPATH', '/root/ros2_ws/install/ros2_opencv/lib/python3.10/site-packages:/root/ros2_ws/install/cartographer_ros_msgs/local/lib/python3.10/dist-packages:/opt/ros/humble/lib/python3.10/site-packages:/opt/ros/humble/local/lib/python3.10/dist-packages'), ('COLCON', '1'), ('CMAKE_PREFIX_PATH', '/root/ros2_ws/install/car_launch:/root/ros2_ws/install/robocar_test_cpp:/root/ros2_ws/install/rplidar_ros:/root/ros2_ws/install/cartographer_rviz:/root/ros2_ws/install/cartographer_ros:/root/ros2_ws/install/cartographer_ros_msgs:/root/ros2_ws/install/cartographer:/root/ros2_ws/install/Test_FirstPkg:/root/ros2_ws/install/ros2_opencv:/opt/ros/humble')]), 'shell': False}
[0.144603] (robocar_test_cpp) JobProgress: {'identifier': 'robocar_test_cpp', 'progress': 'cmake'}
[0.147298] (robocar_test_cpp) JobProgress: {'identifier': 'robocar_test_cpp', 'progress': 'build'}
[0.149125] (robocar_test_cpp) Command: {'cmd': ['/usr/bin/cmake', '--build', '/root/ros2_ws/build/robocar_test_cpp', '--', '-j8', '-l8'], 'cwd': '/root/ros2_ws/build/robocar_test_cpp', 'env': OrderedDict([('HOSTNAME', 'warnie'), ('GIT_ASKPASS', '/root/.vscode-server/bin/17baf841131aa23349f217ca7c570c76ee87b957/extensions/git/dist/askpass.sh'), ('SHLVL', '2'), ('LD_LIBRARY_PATH', '/root/ros2_ws/install/cartographer_rviz/lib:/root/ros2_ws/install/cartographer_ros/lib:/root/ros2_ws/install/cartographer_ros_msgs/lib:/opt/ros/humble/opt/rviz_ogre_vendor/lib:/opt/ros/humble/lib/x86_64-linux-gnu:/opt/ros/humble/lib'), ('BROWSER', '/root/.vscode-server/bin/17baf841131aa23349f217ca7c570c76ee87b957/bin/helpers/browser.sh'), ('HOME', '/root'), ('OLDPWD', '/root/ros2_ws/src'), ('TERM_PROGRAM_VERSION', '1.99.3'), ('VSCODE_IPC_HOOK_CLI', '/tmp/vscode-ipc-68549143-8077-4743-9875-84966345cd0e.sock'), ('ROS_PYTHON_VERSION', '3'), ('VSCODE_GIT_ASKPASS_MAIN', '/root/.vscode-server/bin/17baf841131aa23349f217ca7c570c76ee87b957/extensions/git/dist/askpass-main.js'), ('VSCODE_GIT_ASKPASS_NODE', '/root/.vscode-server/bin/17baf841131aa23349f217ca7c570c76ee87b957/node'), ('LC_CTYPE', 'C.UTF-8'), ('COLORTERM', 'truecolor'), ('REMOTE_CONTAINERS', 'true'), ('COLCON_PREFIX_PATH', '/root/ros2_ws/install'), ('ROS_DISTRO', 'humble'), ('REMOTE_CONTAINERS_IPC', '/tmp/vscode-remote-containers-ipc-f285fd1d-9376-4a47-8352-1dbec715791d.sock'), ('_', '/usr/bin/colcon'), ('ROS_VERSION', '2'), ('PKG_CONFIG_PATH', '/root/ros2_ws/install/cartographer/lib/x86_64-linux-gnu/pkgconfig:/root/ros2_ws/install/cartographer/lib/pkgconfig'), ('TERM', 'xterm-256color'), ('ROS_LOCALHOST_ONLY', '0'), ('PATH', '/root/ros2_ws/install/cartographer/bin:/root/.vscode-server/bin/17baf841131aa23349f217ca7c570c76ee87b957/bin/remote-cli:/opt/ros/humble/bin:/usr/local/sbin:/usr/local/bin:/usr/sbin:/usr/bin:/sbin:/bin:/root/.vscode-server/data/User/globalStorage/github.copilot-chat/debugCommand'), ('REMOTE_CONTAINERS_SOCKETS', '["/tmp/vscode-ssh-auth-f285fd1d-9376-4a47-8352-1dbec715791d.sock","/root/.gnupg/S.gpg-agent"]'), ('DISPLAY', 'unix:0'), ('LANG', 'en_US.UTF-8'), ('VSCODE_GIT_IPC_HANDLE', '/tmp/vscode-git-3ce2b43cc6.sock'), ('TERM_PROGRAM', 'vscode'), ('SSH_AUTH_SOCK', '/tmp/vscode-ssh-auth-f285fd1d-9376-4a47-8352-1dbec715791d.sock'), ('AMENT_PREFIX_PATH', '/root/ros2_ws/install/car_launch:/root/ros2_ws/install/robocar_test_cpp:/root/ros2_ws/install/rplidar_ros:/root/ros2_ws/install/ros2_opencv:/root/ros2_ws/install/cartographer_rviz:/root/ros2_ws/install/cartographer_ros:/root/ros2_ws/install/cartographer_ros_msgs:/root/ros2_ws/install/Test_FirstPkg:/opt/ros/humble'), ('SHELL', '/bin/bash'), ('VSCODE_GIT_ASKPASS_EXTRA_ARGS', ''), ('PWD', '/root/ros2_ws/build/robocar_test_cpp'), ('PYTHONPATH', '/root/ros2_ws/install/ros2_opencv/lib/python3.10/site-packages:/root/ros2_ws/install/cartographer_ros_msgs/local/lib/python3.10/dist-packages:/opt/ros/humble/lib/python3.10/site-packages:/opt/ros/humble/local/lib/python3.10/dist-packages'), ('COLCON', '1'), ('CMAKE_PREFIX_PATH', '/root/ros2_ws/install/car_launch:/root/ros2_ws/install/robocar_test_cpp:/root/ros2_ws/install/rplidar_ros:/root/ros2_ws/install/cartographer_rviz:/root/ros2_ws/install/cartographer_ros:/root/ros2_ws/install/cartographer_ros_msgs:/root/ros2_ws/install/cartographer:/root/ros2_ws/install/Test_FirstPkg:/root/ros2_ws/install/ros2_opencv:/opt/ros/humble')]), 'shell': False}
[0.199387] (-) TimerEvent: {}
[0.301349] (-) TimerEvent: {}
[0.402216] (-) TimerEvent: {}
[0.506493] (-) TimerEvent: {}
[0.613767] (-) TimerEvent: {}
[0.730757] (-) TimerEvent: {}
[0.832976] (-) TimerEvent: {}
[0.935318] (-) TimerEvent: {}
[1.036757] (-) TimerEvent: {}
[1.143787] (-) TimerEvent: {}
[1.246766] (-) TimerEvent: {}
[1.356776] (-) TimerEvent: {}
[1.462806] (-) TimerEvent: {}
[1.564603] (-) TimerEvent: {}
[1.575175] (cartographer) StdoutLine: {'line': b'[  0%] \x1b[34m\x1b[1mBuilding documentation.\x1b[0m\n'}
[1.576190] (cartographer) StdoutLine: {'line': b'[  0%] Built target cartographer_detect_changes\n'}
[1.576573] (cartographer) StdoutLine: {'line': b'[  1%] Built target gtest\n'}
[1.576887] (cartographer) StdoutLine: {'line': b'[  2%] Built target gmock\n'}
[1.577152] (cartographer) StdoutLine: {'line': b'[  2%] Built target gmock_main\n'}
[1.578594] (cartographer_ros_msgs) StdoutLine: {'line': b'[ 12%] Built target cartographer_ros_msgs__rosidl_generator_c\n'}
[1.579056] (cartographer_ros_msgs) StdoutLine: {'line': b'[ 12%] Built target cartographer_ros_msgs__cpp\n'}
[1.579349] (cartographer_ros_msgs) StdoutLine: {'line': b'[ 12%] Built target ament_cmake_python_copy_cartographer_ros_msgs\n'}
[1.579605] (cartographer_ros_msgs) StdoutLine: {'line': b'[ 24%] Built target cartographer_ros_msgs__rosidl_typesupport_c\n'}
[1.579918] (cartographer_ros_msgs) StdoutLine: {'line': b'[ 36%] Built target cartographer_ros_msgs__rosidl_typesupport_introspection_c\n'}
[1.580191] (cartographer_ros_msgs) StdoutLine: {'line': b'[ 48%] Built target cartographer_ros_msgs__rosidl_typesupport_fastrtps_c\n'}
[1.580453] (cartographer_ros_msgs) StdoutLine: {'line': b'[ 60%] Built target cartographer_ros_msgs__rosidl_typesupport_cpp\n'}
[1.580730] (cartographer_ros_msgs) StdoutLine: {'line': b'[ 72%] Built target cartographer_ros_msgs__rosidl_typesupport_fastrtps_cpp\n'}
[1.581018] (cartographer_ros_msgs) StdoutLine: {'line': b'[ 85%] Built target cartographer_ros_msgs__rosidl_typesupport_introspection_cpp\n'}
[1.585805] (cartographer_ros_msgs) StdoutLine: {'line': b'[ 85%] Built target cartographer_ros_msgs\n'}
[1.586121] (cartographer_ros_msgs) StdoutLine: {'line': b'[ 86%] Built target cartographer_ros_msgs__py\n'}
[1.598501] (robocar_test_cpp) StdoutLine: {'line': b'\x1b[35m\x1b[1mConsolidate compiler generated dependencies of target lidar_listener\x1b[0m\n'}
[1.599076] (robocar_test_cpp) StdoutLine: {'line': b'[ 33%] Built target listener\n'}
[1.599508] (robocar_test_cpp) StdoutLine: {'line': b'[ 50%] \x1b[32mBuilding CXX object CMakeFiles/lidar_listener.dir/src/receive_lidar_function.cpp.o\x1b[0m\n'}
[1.599973] (robocar_test_cpp) StdoutLine: {'line': b'[ 83%] Built target talker\n'}
[1.600274] (rplidar_ros) JobProgress: {'identifier': 'rplidar_ros', 'progress': 'cmake'}
[1.611248] (rplidar_ros) JobProgress: {'identifier': 'rplidar_ros', 'progress': 'build'}
[1.611448] (rplidar_ros) Command: {'cmd': ['/usr/bin/cmake', '--build', '/root/ros2_ws/build/rplidar_ros', '--', '-j8', '-l8'], 'cwd': '/root/ros2_ws/build/rplidar_ros', 'env': OrderedDict([('HOSTNAME', 'warnie'), ('GIT_ASKPASS', '/root/.vscode-server/bin/17baf841131aa23349f217ca7c570c76ee87b957/extensions/git/dist/askpass.sh'), ('SHLVL', '2'), ('LD_LIBRARY_PATH', '/root/ros2_ws/install/cartographer_rviz/lib:/root/ros2_ws/install/cartographer_ros/lib:/root/ros2_ws/install/cartographer_ros_msgs/lib:/opt/ros/humble/opt/rviz_ogre_vendor/lib:/opt/ros/humble/lib/x86_64-linux-gnu:/opt/ros/humble/lib'), ('BROWSER', '/root/.vscode-server/bin/17baf841131aa23349f217ca7c570c76ee87b957/bin/helpers/browser.sh'), ('HOME', '/root'), ('OLDPWD', '/root/ros2_ws/src'), ('TERM_PROGRAM_VERSION', '1.99.3'), ('VSCODE_IPC_HOOK_CLI', '/tmp/vscode-ipc-68549143-8077-4743-9875-84966345cd0e.sock'), ('ROS_PYTHON_VERSION', '3'), ('VSCODE_GIT_ASKPASS_MAIN', '/root/.vscode-server/bin/17baf841131aa23349f217ca7c570c76ee87b957/extensions/git/dist/askpass-main.js'), ('VSCODE_GIT_ASKPASS_NODE', '/root/.vscode-server/bin/17baf841131aa23349f217ca7c570c76ee87b957/node'), ('LC_CTYPE', 'C.UTF-8'), ('COLORTERM', 'truecolor'), ('REMOTE_CONTAINERS', 'true'), ('COLCON_PREFIX_PATH', '/root/ros2_ws/install'), ('ROS_DISTRO', 'humble'), ('REMOTE_CONTAINERS_IPC', '/tmp/vscode-remote-containers-ipc-f285fd1d-9376-4a47-8352-1dbec715791d.sock'), ('_', '/usr/bin/colcon'), ('ROS_VERSION', '2'), ('PKG_CONFIG_PATH', '/root/ros2_ws/install/cartographer/lib/x86_64-linux-gnu/pkgconfig:/root/ros2_ws/install/cartographer/lib/pkgconfig'), ('TERM', 'xterm-256color'), ('ROS_LOCALHOST_ONLY', '0'), ('PATH', '/root/ros2_ws/install/cartographer/bin:/root/.vscode-server/bin/17baf841131aa23349f217ca7c570c76ee87b957/bin/remote-cli:/opt/ros/humble/bin:/usr/local/sbin:/usr/local/bin:/usr/sbin:/usr/bin:/sbin:/bin:/root/.vscode-server/data/User/globalStorage/github.copilot-chat/debugCommand'), ('REMOTE_CONTAINERS_SOCKETS', '["/tmp/vscode-ssh-auth-f285fd1d-9376-4a47-8352-1dbec715791d.sock","/root/.gnupg/S.gpg-agent"]'), ('DISPLAY', 'unix:0'), ('LANG', 'en_US.UTF-8'), ('VSCODE_GIT_IPC_HANDLE', '/tmp/vscode-git-3ce2b43cc6.sock'), ('TERM_PROGRAM', 'vscode'), ('SSH_AUTH_SOCK', '/tmp/vscode-ssh-auth-f285fd1d-9376-4a47-8352-1dbec715791d.sock'), ('AMENT_PREFIX_PATH', '/root/ros2_ws/install/car_launch:/root/ros2_ws/install/robocar_test_cpp:/root/ros2_ws/install/rplidar_ros:/root/ros2_ws/install/ros2_opencv:/root/ros2_ws/install/cartographer_rviz:/root/ros2_ws/install/cartographer_ros:/root/ros2_ws/install/cartographer_ros_msgs:/root/ros2_ws/install/Test_FirstPkg:/opt/ros/humble'), ('SHELL', '/bin/bash'), ('VSCODE_GIT_ASKPASS_EXTRA_ARGS', ''), ('PWD', '/root/ros2_ws/build/rplidar_ros'), ('PYTHONPATH', '/root/ros2_ws/install/ros2_opencv/lib/python3.10/site-packages:/root/ros2_ws/install/cartographer_ros_msgs/local/lib/python3.10/dist-packages:/opt/ros/humble/lib/python3.10/site-packages:/opt/ros/humble/local/lib/python3.10/dist-packages'), ('COLCON', '1'), ('CMAKE_PREFIX_PATH', '/root/ros2_ws/install/car_launch:/root/ros2_ws/install/robocar_test_cpp:/root/ros2_ws/install/rplidar_ros:/root/ros2_ws/install/cartographer_rviz:/root/ros2_ws/install/cartographer_ros:/root/ros2_ws/install/cartographer_ros_msgs:/root/ros2_ws/install/cartographer:/root/ros2_ws/install/Test_FirstPkg:/root/ros2_ws/install/ros2_opencv:/opt/ros/humble')]), 'shell': False}
[1.628832] (car_launch) CommandEnded: {'returncode': 0}
[1.635890] (car_launch) JobProgress: {'identifier': 'car_launch', 'progress': 'install'}
[1.637022] (cartographer_ros_msgs) StdoutLine: {'line': b'[ 97%] Built target cartographer_ros_msgs__rosidl_generator_py\n'}
[1.665073] (-) TimerEvent: {}
[1.666897] (car_launch) Command: {'cmd': ['/usr/bin/cmake', '--install', '/root/ros2_ws/build/car_launch'], 'cwd': '/root/ros2_ws/build/car_launch', 'env': OrderedDict([('HOSTNAME', 'warnie'), ('GIT_ASKPASS', '/root/.vscode-server/bin/17baf841131aa23349f217ca7c570c76ee87b957/extensions/git/dist/askpass.sh'), ('SHLVL', '2'), ('LD_LIBRARY_PATH', '/root/ros2_ws/install/cartographer_rviz/lib:/root/ros2_ws/install/cartographer_ros/lib:/root/ros2_ws/install/cartographer_ros_msgs/lib:/opt/ros/humble/opt/rviz_ogre_vendor/lib:/opt/ros/humble/lib/x86_64-linux-gnu:/opt/ros/humble/lib'), ('BROWSER', '/root/.vscode-server/bin/17baf841131aa23349f217ca7c570c76ee87b957/bin/helpers/browser.sh'), ('HOME', '/root'), ('OLDPWD', '/root/ros2_ws/src'), ('TERM_PROGRAM_VERSION', '1.99.3'), ('VSCODE_IPC_HOOK_CLI', '/tmp/vscode-ipc-68549143-8077-4743-9875-84966345cd0e.sock'), ('ROS_PYTHON_VERSION', '3'), ('VSCODE_GIT_ASKPASS_MAIN', '/root/.vscode-server/bin/17baf841131aa23349f217ca7c570c76ee87b957/extensions/git/dist/askpass-main.js'), ('VSCODE_GIT_ASKPASS_NODE', '/root/.vscode-server/bin/17baf841131aa23349f217ca7c570c76ee87b957/node'), ('LC_CTYPE', 'C.UTF-8'), ('COLORTERM', 'truecolor'), ('REMOTE_CONTAINERS', 'true'), ('COLCON_PREFIX_PATH', '/root/ros2_ws/install'), ('ROS_DISTRO', 'humble'), ('REMOTE_CONTAINERS_IPC', '/tmp/vscode-remote-containers-ipc-f285fd1d-9376-4a47-8352-1dbec715791d.sock'), ('_', '/usr/bin/colcon'), ('ROS_VERSION', '2'), ('PKG_CONFIG_PATH', '/root/ros2_ws/install/cartographer/lib/x86_64-linux-gnu/pkgconfig:/root/ros2_ws/install/cartographer/lib/pkgconfig'), ('TERM', 'xterm-256color'), ('ROS_LOCALHOST_ONLY', '0'), ('PATH', '/root/ros2_ws/install/cartographer/bin:/root/.vscode-server/bin/17baf841131aa23349f217ca7c570c76ee87b957/bin/remote-cli:/opt/ros/humble/bin:/usr/local/sbin:/usr/local/bin:/usr/sbin:/usr/bin:/sbin:/bin:/root/.vscode-server/data/User/globalStorage/github.copilot-chat/debugCommand'), ('REMOTE_CONTAINERS_SOCKETS', '["/tmp/vscode-ssh-auth-f285fd1d-9376-4a47-8352-1dbec715791d.sock","/root/.gnupg/S.gpg-agent"]'), ('DISPLAY', 'unix:0'), ('LANG', 'en_US.UTF-8'), ('VSCODE_GIT_IPC_HANDLE', '/tmp/vscode-git-3ce2b43cc6.sock'), ('TERM_PROGRAM', 'vscode'), ('SSH_AUTH_SOCK', '/tmp/vscode-ssh-auth-f285fd1d-9376-4a47-8352-1dbec715791d.sock'), ('AMENT_PREFIX_PATH', '/root/ros2_ws/install/car_launch:/root/ros2_ws/install/robocar_test_cpp:/root/ros2_ws/install/rplidar_ros:/root/ros2_ws/install/ros2_opencv:/root/ros2_ws/install/cartographer_rviz:/root/ros2_ws/install/cartographer_ros:/root/ros2_ws/install/cartographer_ros_msgs:/root/ros2_ws/install/Test_FirstPkg:/opt/ros/humble'), ('SHELL', '/bin/bash'), ('VSCODE_GIT_ASKPASS_EXTRA_ARGS', ''), ('PWD', '/root/ros2_ws/build/car_launch'), ('PYTHONPATH', '/root/ros2_ws/install/ros2_opencv/lib/python3.10/site-packages:/root/ros2_ws/install/cartographer_ros_msgs/local/lib/python3.10/dist-packages:/opt/ros/humble/lib/python3.10/site-packages:/opt/ros/humble/local/lib/python3.10/dist-packages'), ('COLCON', '1'), ('CMAKE_PREFIX_PATH', '/root/ros2_ws/install/car_launch:/root/ros2_ws/install/robocar_test_cpp:/root/ros2_ws/install/rplidar_ros:/root/ros2_ws/install/cartographer_rviz:/root/ros2_ws/install/cartographer_ros:/root/ros2_ws/install/cartographer_ros_msgs:/root/ros2_ws/install/cartographer:/root/ros2_ws/install/Test_FirstPkg:/root/ros2_ws/install/ros2_opencv:/opt/ros/humble')]), 'shell': False}
[1.731296] (car_launch) StdoutLine: {'line': b'-- Install configuration: ""\n'}
[1.731794] (car_launch) StdoutLine: {'line': b'-- Up-to-date: /root/ros2_ws/install/car_launch/share/car_launch//launch\n'}
[1.732092] (car_launch) StdoutLine: {'line': b'-- Up-to-date: /root/ros2_ws/install/car_launch/share/car_launch//launch/car_launch.launch.py\n'}
[1.732384] (car_launch) StdoutLine: {'line': b'-- Up-to-date: /root/ros2_ws/install/car_launch/share/ament_index/resource_index/package_run_dependencies/car_launch\n'}
[1.732718] (car_launch) StdoutLine: {'line': b'-- Up-to-date: /root/ros2_ws/install/car_launch/share/ament_index/resource_index/parent_prefix_path/car_launch\n'}
[1.733090] (car_launch) StdoutLine: {'line': b'-- Up-to-date: /root/ros2_ws/install/car_launch/share/car_launch/environment/ament_prefix_path.sh\n'}
[1.733349] (car_launch) StdoutLine: {'line': b'-- Up-to-date: /root/ros2_ws/install/car_launch/share/car_launch/environment/ament_prefix_path.dsv\n'}
[1.733645] (car_launch) StdoutLine: {'line': b'-- Up-to-date: /root/ros2_ws/install/car_launch/share/car_launch/environment/path.sh\n'}
[1.734163] (car_launch) StdoutLine: {'line': b'-- Up-to-date: /root/ros2_ws/install/car_launch/share/car_launch/environment/path.dsv\n'}
[1.742559] (car_launch) StdoutLine: {'line': b'-- Up-to-date: /root/ros2_ws/install/car_launch/share/car_launch/local_setup.bash\n'}
[1.744963] (car_launch) StdoutLine: {'line': b'-- Up-to-date: /root/ros2_ws/install/car_launch/share/car_launch/local_setup.sh\n'}
[1.745466] (car_launch) StdoutLine: {'line': b'-- Up-to-date: /root/ros2_ws/install/car_launch/share/car_launch/local_setup.zsh\n'}
[1.745723] (car_launch) StdoutLine: {'line': b'-- Up-to-date: /root/ros2_ws/install/car_launch/share/car_launch/local_setup.dsv\n'}
[1.745981] (car_launch) StdoutLine: {'line': b'-- Installing: /root/ros2_ws/install/car_launch/share/car_launch/package.dsv\n'}
[1.746237] (car_launch) StdoutLine: {'line': b'-- Up-to-date: /root/ros2_ws/install/car_launch/share/ament_index/resource_index/packages/car_launch\n'}
[1.746488] (car_launch) StdoutLine: {'line': b'-- Up-to-date: /root/ros2_ws/install/car_launch/share/car_launch/cmake/car_launchConfig.cmake\n'}
[1.753945] (car_launch) StdoutLine: {'line': b'-- Up-to-date: /root/ros2_ws/install/car_launch/share/car_launch/cmake/car_launchConfig-version.cmake\n'}
[1.754930] (car_launch) StdoutLine: {'line': b'-- Up-to-date: /root/ros2_ws/install/car_launch/share/car_launch/package.xml\n'}
[1.755265] (car_launch) CommandEnded: {'returncode': 0}
[1.773969] (-) TimerEvent: {}
[1.776982] (cartographer_ros_msgs) StdoutLine: {'line': b'[ 98%] Built target cartographer_ros_msgs__rosidl_typesupport_fastrtps_c__pyext\n'}
[1.783687] (cartographer_ros_msgs) StdoutLine: {'line': b'[ 99%] Built target cartographer_ros_msgs__rosidl_typesupport_introspection_c__pyext\n'}
[1.829708] (cartographer_ros_msgs) StdoutLine: {'line': b'[100%] Built target cartographer_ros_msgs__rosidl_typesupport_c__pyext\n'}
[1.879957] (-) TimerEvent: {}
[1.949976] (car_launch) JobEnded: {'identifier': 'car_launch', 'rc': 0}
[1.985648] (-) TimerEvent: {}
[2.016576] (rplidar_ros) StdoutLine: {'line': b'[ 47%] Built target rplidar_node\n'}
[2.027316] (rplidar_ros) StdoutLine: {'line': b'[ 52%] Built target rplidar_client\n'}
[2.084220] (rplidar_ros) StdoutLine: {'line': b'[100%] Built target rplidar_composition\n'}
[2.087399] (-) TimerEvent: {}
[2.134863] (rplidar_ros) CommandEnded: {'returncode': 0}
[2.150475] (rplidar_ros) JobProgress: {'identifier': 'rplidar_ros', 'progress': 'install'}
[2.150775] (rplidar_ros) Command: {'cmd': ['/usr/bin/cmake', '--install', '/root/ros2_ws/build/rplidar_ros'], 'cwd': '/root/ros2_ws/build/rplidar_ros', 'env': OrderedDict([('HOSTNAME', 'warnie'), ('GIT_ASKPASS', '/root/.vscode-server/bin/17baf841131aa23349f217ca7c570c76ee87b957/extensions/git/dist/askpass.sh'), ('SHLVL', '2'), ('LD_LIBRARY_PATH', '/root/ros2_ws/install/cartographer_rviz/lib:/root/ros2_ws/install/cartographer_ros/lib:/root/ros2_ws/install/cartographer_ros_msgs/lib:/opt/ros/humble/opt/rviz_ogre_vendor/lib:/opt/ros/humble/lib/x86_64-linux-gnu:/opt/ros/humble/lib'), ('BROWSER', '/root/.vscode-server/bin/17baf841131aa23349f217ca7c570c76ee87b957/bin/helpers/browser.sh'), ('HOME', '/root'), ('OLDPWD', '/root/ros2_ws/src'), ('TERM_PROGRAM_VERSION', '1.99.3'), ('VSCODE_IPC_HOOK_CLI', '/tmp/vscode-ipc-68549143-8077-4743-9875-84966345cd0e.sock'), ('ROS_PYTHON_VERSION', '3'), ('VSCODE_GIT_ASKPASS_MAIN', '/root/.vscode-server/bin/17baf841131aa23349f217ca7c570c76ee87b957/extensions/git/dist/askpass-main.js'), ('VSCODE_GIT_ASKPASS_NODE', '/root/.vscode-server/bin/17baf841131aa23349f217ca7c570c76ee87b957/node'), ('LC_CTYPE', 'C.UTF-8'), ('COLORTERM', 'truecolor'), ('REMOTE_CONTAINERS', 'true'), ('COLCON_PREFIX_PATH', '/root/ros2_ws/install'), ('ROS_DISTRO', 'humble'), ('REMOTE_CONTAINERS_IPC', '/tmp/vscode-remote-containers-ipc-f285fd1d-9376-4a47-8352-1dbec715791d.sock'), ('_', '/usr/bin/colcon'), ('ROS_VERSION', '2'), ('PKG_CONFIG_PATH', '/root/ros2_ws/install/cartographer/lib/x86_64-linux-gnu/pkgconfig:/root/ros2_ws/install/cartographer/lib/pkgconfig'), ('TERM', 'xterm-256color'), ('ROS_LOCALHOST_ONLY', '0'), ('PATH', '/root/ros2_ws/install/cartographer/bin:/root/.vscode-server/bin/17baf841131aa23349f217ca7c570c76ee87b957/bin/remote-cli:/opt/ros/humble/bin:/usr/local/sbin:/usr/local/bin:/usr/sbin:/usr/bin:/sbin:/bin:/root/.vscode-server/data/User/globalStorage/github.copilot-chat/debugCommand'), ('REMOTE_CONTAINERS_SOCKETS', '["/tmp/vscode-ssh-auth-f285fd1d-9376-4a47-8352-1dbec715791d.sock","/root/.gnupg/S.gpg-agent"]'), ('DISPLAY', 'unix:0'), ('LANG', 'en_US.UTF-8'), ('VSCODE_GIT_IPC_HANDLE', '/tmp/vscode-git-3ce2b43cc6.sock'), ('TERM_PROGRAM', 'vscode'), ('SSH_AUTH_SOCK', '/tmp/vscode-ssh-auth-f285fd1d-9376-4a47-8352-1dbec715791d.sock'), ('AMENT_PREFIX_PATH', '/root/ros2_ws/install/car_launch:/root/ros2_ws/install/robocar_test_cpp:/root/ros2_ws/install/rplidar_ros:/root/ros2_ws/install/ros2_opencv:/root/ros2_ws/install/cartographer_rviz:/root/ros2_ws/install/cartographer_ros:/root/ros2_ws/install/cartographer_ros_msgs:/root/ros2_ws/install/Test_FirstPkg:/opt/ros/humble'), ('SHELL', '/bin/bash'), ('VSCODE_GIT_ASKPASS_EXTRA_ARGS', ''), ('PWD', '/root/ros2_ws/build/rplidar_ros'), ('PYTHONPATH', '/root/ros2_ws/install/ros2_opencv/lib/python3.10/site-packages:/root/ros2_ws/install/cartographer_ros_msgs/local/lib/python3.10/dist-packages:/opt/ros/humble/lib/python3.10/site-packages:/opt/ros/humble/local/lib/python3.10/dist-packages'), ('COLCON', '1'), ('CMAKE_PREFIX_PATH', '/root/ros2_ws/install/car_launch:/root/ros2_ws/install/robocar_test_cpp:/root/ros2_ws/install/rplidar_ros:/root/ros2_ws/install/cartographer_rviz:/root/ros2_ws/install/cartographer_ros:/root/ros2_ws/install/cartographer_ros_msgs:/root/ros2_ws/install/cartographer:/root/ros2_ws/install/Test_FirstPkg:/root/ros2_ws/install/ros2_opencv:/opt/ros/humble')]), 'shell': False}
[2.184228] (rplidar_ros) StdoutLine: {'line': b'-- Install configuration: ""\n'}
[2.184755] (rplidar_ros) StdoutLine: {'line': b'-- Up-to-date: /root/ros2_ws/install/rplidar_ros/share/rplidar_ros/launch\n'}
[2.185111] (rplidar_ros) StdoutLine: {'line': b'-- Up-to-date: /root/ros2_ws/install/rplidar_ros/share/rplidar_ros/launch/rplidar_a2m8_launch.py\n'}
[2.185525] (rplidar_ros) StdoutLine: {'line': b'-- Up-to-date: /root/ros2_ws/install/rplidar_ros/share/rplidar_ros/launch/__pycache__\n'}
[2.188451] (-) TimerEvent: {}
[2.188993] (rplidar_ros) StdoutLine: {'line': b'-- Up-to-date: /root/ros2_ws/install/rplidar_ros/share/rplidar_ros/launch/__pycache__/rplidar_c1_launch.cpython-310.pyc\n'}
[2.189330] (rplidar_ros) StdoutLine: {'line': b'-- Up-to-date: /root/ros2_ws/install/rplidar_ros/share/rplidar_ros/launch/__pycache__/view_rplidar_c1_launch.cpython-310.pyc\n'}
[2.191336] (rplidar_ros) StdoutLine: {'line': b'-- Up-to-date: /root/ros2_ws/install/rplidar_ros/share/rplidar_ros/launch/rplidar_a3_launch.py\n'}
[2.191805] (rplidar_ros) StdoutLine: {'line': b'-- Up-to-date: /root/ros2_ws/install/rplidar_ros/share/rplidar_ros/launch/rplidar_s2_launch.py\n'}
[2.192116] (rplidar_ros) StdoutLine: {'line': b'-- Up-to-date: /root/ros2_ws/install/rplidar_ros/share/rplidar_ros/launch/rplidar_a2m7_launch.py\n'}
[2.192448] (rplidar_ros) StdoutLine: {'line': b'-- Up-to-date: /root/ros2_ws/install/rplidar_ros/share/rplidar_ros/launch/rplidar_s3_launch.py\n'}
[2.193292] (rplidar_ros) StdoutLine: {'line': b'-- Up-to-date: /root/ros2_ws/install/rplidar_ros/share/rplidar_ros/launch/rplidar_c1_launch.py\n'}
[2.195627] (rplidar_ros) StdoutLine: {'line': b'-- Up-to-date: /root/ros2_ws/install/rplidar_ros/share/rplidar_ros/launch/rplidar_a1_launch.py\n'}
[2.196024] (rplidar_ros) StdoutLine: {'line': b'-- Up-to-date: /root/ros2_ws/install/rplidar_ros/share/rplidar_ros/launch/rplidar_a2m12_launch.py\n'}
[2.198647] (rplidar_ros) StdoutLine: {'line': b'-- Up-to-date: /root/ros2_ws/install/rplidar_ros/share/rplidar_ros/launch/view_rplidar_a2m12_launch.py\n'}
[2.199032] (rplidar_ros) StdoutLine: {'line': b'-- Up-to-date: /root/ros2_ws/install/rplidar_ros/share/rplidar_ros/launch/view_rplidar_t1_launch.py\n'}
[2.199348] (rplidar_ros) StdoutLine: {'line': b'-- Up-to-date: /root/ros2_ws/install/rplidar_ros/share/rplidar_ros/launch/view_rplidar_a1_launch.py\n'}
[2.199648] (rplidar_ros) StdoutLine: {'line': b'-- Up-to-date: /root/ros2_ws/install/rplidar_ros/share/rplidar_ros/launch/view_rplidar_a3_launch.py\n'}
[2.202404] (rplidar_ros) StdoutLine: {'line': b'-- Up-to-date: /root/ros2_ws/install/rplidar_ros/share/rplidar_ros/launch/rplidar_s2e_launch.py\n'}
[2.202748] (rplidar_ros) StdoutLine: {'line': b'-- Up-to-date: /root/ros2_ws/install/rplidar_ros/share/rplidar_ros/launch/view_rplidar_c1_launch.py\n'}
[2.203065] (rplidar_ros) StdoutLine: {'line': b'-- Up-to-date: /root/ros2_ws/install/rplidar_ros/share/rplidar_ros/launch/view_rplidar_s3_launch.py\n'}
[2.203427] (rplidar_ros) StdoutLine: {'line': b'-- Up-to-date: /root/ros2_ws/install/rplidar_ros/share/rplidar_ros/launch/view_rplidar_a2m7_launch.py\n'}
[2.206996] (rplidar_ros) StdoutLine: {'line': b'-- Up-to-date: /root/ros2_ws/install/rplidar_ros/share/rplidar_ros/launch/view_rplidar_s2_launch.py\n'}
[2.207465] (rplidar_ros) StdoutLine: {'line': b'-- Up-to-date: /root/ros2_ws/install/rplidar_ros/share/rplidar_ros/launch/rplidar_s1_tcp_launch.py\n'}
[2.207860] (rplidar_ros) StdoutLine: {'line': b'-- Up-to-date: /root/ros2_ws/install/rplidar_ros/share/rplidar_ros/launch/view_rplidar_a2m8_launch.py\n'}
[2.208208] (rplidar_ros) StdoutLine: {'line': b'-- Up-to-date: /root/ros2_ws/install/rplidar_ros/share/rplidar_ros/launch/rplidar_s1_launch.py\n'}
[2.208495] (rplidar_ros) StdoutLine: {'line': b'-- Up-to-date: /root/ros2_ws/install/rplidar_ros/share/rplidar_ros/launch/view_rplidar_s2e_launch.py\n'}
[2.211158] (rplidar_ros) StdoutLine: {'line': b'-- Up-to-date: /root/ros2_ws/install/rplidar_ros/share/rplidar_ros/launch/view_rplidar_s1_tcp_launch.py\n'}
[2.211518] (rplidar_ros) StdoutLine: {'line': b'-- Up-to-date: /root/ros2_ws/install/rplidar_ros/share/rplidar_ros/launch/rplidar_t1_launch.py\n'}
[2.211810] (rplidar_ros) StdoutLine: {'line': b'-- Up-to-date: /root/ros2_ws/install/rplidar_ros/share/rplidar_ros/launch/view_rplidar_s1_launch.py\n'}
[2.212097] (rplidar_ros) StdoutLine: {'line': b'-- Up-to-date: /root/ros2_ws/install/rplidar_ros/share/rplidar_ros/rviz\n'}
[2.212361] (rplidar_ros) StdoutLine: {'line': b'-- Up-to-date: /root/ros2_ws/install/rplidar_ros/share/rplidar_ros/rviz/rplidar_ros.rviz\n'}
[2.212608] (rplidar_ros) StdoutLine: {'line': b'-- Up-to-date: /root/ros2_ws/install/rplidar_ros/lib/rplidar_ros/rplidar_node\n'}
[2.213098] (rplidar_ros) StdoutLine: {'line': b'-- Up-to-date: /root/ros2_ws/install/rplidar_ros/lib/rplidar_ros/rplidar_composition\n'}
[2.213363] (rplidar_ros) StdoutLine: {'line': b'-- Up-to-date: /root/ros2_ws/install/rplidar_ros/lib/rplidar_ros/rplidar_client\n'}
[2.213612] (rplidar_ros) StdoutLine: {'line': b'-- Up-to-date: /root/ros2_ws/install/rplidar_ros/share/ament_index/resource_index/package_run_dependencies/rplidar_ros\n'}
[2.216937] (rplidar_ros) StdoutLine: {'line': b'-- Up-to-date: /root/ros2_ws/install/rplidar_ros/share/ament_index/resource_index/parent_prefix_path/rplidar_ros\n'}
[2.217367] (rplidar_ros) StdoutLine: {'line': b'-- Up-to-date: /root/ros2_ws/install/rplidar_ros/share/rplidar_ros/environment/ament_prefix_path.sh\n'}
[2.217886] (rplidar_ros) StdoutLine: {'line': b'-- Up-to-date: /root/ros2_ws/install/rplidar_ros/share/rplidar_ros/environment/ament_prefix_path.dsv\n'}
[2.219239] (rplidar_ros) StdoutLine: {'line': b'-- Up-to-date: /root/ros2_ws/install/rplidar_ros/share/rplidar_ros/environment/path.sh\n'}
[2.219601] (rplidar_ros) StdoutLine: {'line': b'-- Up-to-date: /root/ros2_ws/install/rplidar_ros/share/rplidar_ros/environment/path.dsv\n'}
[2.219960] (rplidar_ros) StdoutLine: {'line': b'-- Up-to-date: /root/ros2_ws/install/rplidar_ros/share/rplidar_ros/local_setup.bash\n'}
[2.220230] (rplidar_ros) StdoutLine: {'line': b'-- Up-to-date: /root/ros2_ws/install/rplidar_ros/share/rplidar_ros/local_setup.sh\n'}
[2.223138] (rplidar_ros) StdoutLine: {'line': b'-- Up-to-date: /root/ros2_ws/install/rplidar_ros/share/rplidar_ros/local_setup.zsh\n'}
[2.223465] (rplidar_ros) StdoutLine: {'line': b'-- Up-to-date: /root/ros2_ws/install/rplidar_ros/share/rplidar_ros/local_setup.dsv\n'}
[2.223799] (rplidar_ros) StdoutLine: {'line': b'-- Installing: /root/ros2_ws/install/rplidar_ros/share/rplidar_ros/package.dsv\n'}
[2.229484] (rplidar_ros) StdoutLine: {'line': b'-- Up-to-date: /root/ros2_ws/install/rplidar_ros/share/ament_index/resource_index/packages/rplidar_ros\n'}
[2.230352] (rplidar_ros) StdoutLine: {'line': b'-- Up-to-date: /root/ros2_ws/install/rplidar_ros/share/rplidar_ros/cmake/ament_cmake_export_dependencies-extras.cmake\n'}
[2.230637] (rplidar_ros) StdoutLine: {'line': b'-- Up-to-date: /root/ros2_ws/install/rplidar_ros/share/rplidar_ros/cmake/ament_cmake_export_include_directories-extras.cmake\n'}
[2.231275] (rplidar_ros) StdoutLine: {'line': b'-- Up-to-date: /root/ros2_ws/install/rplidar_ros/share/rplidar_ros/cmake/rplidar_rosConfig.cmake\n'}
[2.231527] (rplidar_ros) StdoutLine: {'line': b'-- Up-to-date: /root/ros2_ws/install/rplidar_ros/share/rplidar_ros/cmake/rplidar_rosConfig-version.cmake\n'}
[2.231802] (rplidar_ros) StdoutLine: {'line': b'-- Up-to-date: /root/ros2_ws/install/rplidar_ros/share/rplidar_ros/package.xml\n'}
[2.232370] (rplidar_ros) CommandEnded: {'returncode': 0}
[2.282316] (cartographer) StdoutLine: {'line': b'[ 55%] Built target cartographer\n'}
[2.290768] (-) TimerEvent: {}
[2.303156] (rplidar_ros) JobEnded: {'identifier': 'rplidar_ros', 'rc': 0}
[2.391792] (-) TimerEvent: {}
[2.423974] (cartographer_ros_msgs) StdoutLine: {'line': b'running egg_info\n'}
[2.424420] (cartographer_ros_msgs) StdoutLine: {'line': b'writing cartographer_ros_msgs.egg-info/PKG-INFO\n'}
[2.428014] (cartographer_ros_msgs) StdoutLine: {'line': b'writing dependency_links to cartographer_ros_msgs.egg-info/dependency_links.txt\n'}
[2.432061] (cartographer_ros_msgs) StdoutLine: {'line': b'writing top-level names to cartographer_ros_msgs.egg-info/top_level.txt\n'}
[2.437551] (cartographer) StdoutLine: {'line': b'[ 56%] Built target cartographer_pbstream\n'}
[2.458907] (cartographer_ros_msgs) StdoutLine: {'line': b"reading manifest file 'cartographer_ros_msgs.egg-info/SOURCES.txt'\n"}
[2.465723] (cartographer_ros_msgs) StdoutLine: {'line': b"writing manifest file 'cartographer_ros_msgs.egg-info/SOURCES.txt'\n"}
[2.466302] (cartographer) StdoutLine: {'line': b'[ 57%] Built target cartographer_autogenerate_ground_truth\n'}
[2.474380] (cartographer) StdoutLine: {'line': b'[ 57%] Built target cartographer_print_configuration\n'}
[2.493805] (cartographer) StdoutLine: {'line': b'[ 58%] Built target cartographer_test_library\n'}
[2.494620] (-) TimerEvent: {}
[2.506764] (cartographer) StdoutLine: {'line': b'[ 58%] Built target cartographer_compute_relations_metrics\n'}
[2.596032] (-) TimerEvent: {}
[2.655230] (cartographer_ros_msgs) StdoutLine: {'line': b'[100%] Built target ament_cmake_python_build_cartographer_ros_msgs_egg\n'}
[2.703813] (-) TimerEvent: {}
[2.713297] (cartographer) StdoutLine: {'line': b'[ 58%] Built target cartographer.common.configuration_files_test\n'}
[2.719607] (cartographer) StdoutLine: {'line': b'[ 59%] Built target cartographer.common.fixed_ratio_sampler_test\n'}
[2.741027] (cartographer) StdoutLine: {'line': b'[ 60%] Built target cartographer.common.math_test\n'}
[2.744737] (cartographer) StdoutLine: {'line': b'[ 61%] Built target cartographer.common.internal.rate_timer_test\n'}
[2.758033] (cartographer) StdoutLine: {'line': b'[ 61%] Built target cartographer.common.task_test\n'}
[2.775889] (cartographer) StdoutLine: {'line': b'[ 61%] Built target cartographer.common.internal.blocking_queue_test\n'}
[2.780922] (cartographer_ros_msgs) CommandEnded: {'returncode': 0}
[2.797930] (cartographer_ros_msgs) JobProgress: {'identifier': 'cartographer_ros_msgs', 'progress': 'install'}
[2.798177] (cartographer_ros_msgs) Command: {'cmd': ['/usr/bin/cmake', '--install', '/root/ros2_ws/build/cartographer_ros_msgs'], 'cwd': '/root/ros2_ws/build/cartographer_ros_msgs', 'env': OrderedDict([('HOSTNAME', 'warnie'), ('GIT_ASKPASS', '/root/.vscode-server/bin/17baf841131aa23349f217ca7c570c76ee87b957/extensions/git/dist/askpass.sh'), ('SHLVL', '2'), ('LD_LIBRARY_PATH', '/root/ros2_ws/install/cartographer_rviz/lib:/root/ros2_ws/install/cartographer_ros/lib:/root/ros2_ws/install/cartographer_ros_msgs/lib:/opt/ros/humble/opt/rviz_ogre_vendor/lib:/opt/ros/humble/lib/x86_64-linux-gnu:/opt/ros/humble/lib'), ('BROWSER', '/root/.vscode-server/bin/17baf841131aa23349f217ca7c570c76ee87b957/bin/helpers/browser.sh'), ('HOME', '/root'), ('OLDPWD', '/root/ros2_ws/src'), ('TERM_PROGRAM_VERSION', '1.99.3'), ('VSCODE_IPC_HOOK_CLI', '/tmp/vscode-ipc-68549143-8077-4743-9875-84966345cd0e.sock'), ('ROS_PYTHON_VERSION', '3'), ('VSCODE_GIT_ASKPASS_MAIN', '/root/.vscode-server/bin/17baf841131aa23349f217ca7c570c76ee87b957/extensions/git/dist/askpass-main.js'), ('VSCODE_GIT_ASKPASS_NODE', '/root/.vscode-server/bin/17baf841131aa23349f217ca7c570c76ee87b957/node'), ('LC_CTYPE', 'C.UTF-8'), ('COLORTERM', 'truecolor'), ('REMOTE_CONTAINERS', 'true'), ('COLCON_PREFIX_PATH', '/root/ros2_ws/install'), ('ROS_DISTRO', 'humble'), ('REMOTE_CONTAINERS_IPC', '/tmp/vscode-remote-containers-ipc-f285fd1d-9376-4a47-8352-1dbec715791d.sock'), ('_', '/usr/bin/colcon'), ('ROS_VERSION', '2'), ('PKG_CONFIG_PATH', '/root/ros2_ws/install/cartographer/lib/x86_64-linux-gnu/pkgconfig:/root/ros2_ws/install/cartographer/lib/pkgconfig'), ('TERM', 'xterm-256color'), ('ROS_LOCALHOST_ONLY', '0'), ('PATH', '/root/ros2_ws/install/cartographer/bin:/root/.vscode-server/bin/17baf841131aa23349f217ca7c570c76ee87b957/bin/remote-cli:/opt/ros/humble/bin:/usr/local/sbin:/usr/local/bin:/usr/sbin:/usr/bin:/sbin:/bin:/root/.vscode-server/data/User/globalStorage/github.copilot-chat/debugCommand'), ('REMOTE_CONTAINERS_SOCKETS', '["/tmp/vscode-ssh-auth-f285fd1d-9376-4a47-8352-1dbec715791d.sock","/root/.gnupg/S.gpg-agent"]'), ('DISPLAY', 'unix:0'), ('LANG', 'en_US.UTF-8'), ('VSCODE_GIT_IPC_HANDLE', '/tmp/vscode-git-3ce2b43cc6.sock'), ('TERM_PROGRAM', 'vscode'), ('SSH_AUTH_SOCK', '/tmp/vscode-ssh-auth-f285fd1d-9376-4a47-8352-1dbec715791d.sock'), ('AMENT_PREFIX_PATH', '/root/ros2_ws/install/car_launch:/root/ros2_ws/install/robocar_test_cpp:/root/ros2_ws/install/rplidar_ros:/root/ros2_ws/install/ros2_opencv:/root/ros2_ws/install/cartographer_rviz:/root/ros2_ws/install/cartographer_ros:/root/ros2_ws/install/cartographer_ros_msgs:/root/ros2_ws/install/Test_FirstPkg:/opt/ros/humble'), ('SHELL', '/bin/bash'), ('VSCODE_GIT_ASKPASS_EXTRA_ARGS', ''), ('PWD', '/root/ros2_ws/build/cartographer_ros_msgs'), ('PYTHONPATH', '/root/ros2_ws/install/ros2_opencv/lib/python3.10/site-packages:/root/ros2_ws/install/cartographer_ros_msgs/local/lib/python3.10/dist-packages:/opt/ros/humble/lib/python3.10/site-packages:/opt/ros/humble/local/lib/python3.10/dist-packages'), ('COLCON', '1'), ('CMAKE_PREFIX_PATH', '/root/ros2_ws/install/car_launch:/root/ros2_ws/install/robocar_test_cpp:/root/ros2_ws/install/rplidar_ros:/root/ros2_ws/install/cartographer_rviz:/root/ros2_ws/install/cartographer_ros:/root/ros2_ws/install/cartographer_ros_msgs:/root/ros2_ws/install/cartographer:/root/ros2_ws/install/Test_FirstPkg:/root/ros2_ws/install/ros2_opencv:/opt/ros/humble')]), 'shell': False}
[2.807228] (-) TimerEvent: {}
[2.846573] (cartographer_ros_msgs) StdoutLine: {'line': b'-- Install configuration: ""\n'}
[2.847394] (cartographer_ros_msgs) StdoutLine: {'line': b'-- Up-to-date: /root/ros2_ws/install/cartographer_ros_msgs/share/ament_index/resource_index/rosidl_interfaces/cartographer_ros_msgs\n'}
[2.847968] (cartographer_ros_msgs) StdoutLine: {'line': b'-- Up-to-date: /root/ros2_ws/install/cartographer_ros_msgs/include/cartographer_ros_msgs/cartographer_ros_msgs\n'}
[2.848255] (cartographer_ros_msgs) StdoutLine: {'line': b'-- Up-to-date: /root/ros2_ws/install/cartographer_ros_msgs/include/cartographer_ros_msgs/cartographer_ros_msgs/srv\n'}
[2.848533] (cartographer_ros_msgs) StdoutLine: {'line': b'-- Up-to-date: /root/ros2_ws/install/cartographer_ros_msgs/include/cartographer_ros_msgs/cartographer_ros_msgs/srv/get_trajectory_states.h\n'}
[2.848980] (cartographer_ros_msgs) StdoutLine: {'line': b'-- Up-to-date: /root/ros2_ws/install/cartographer_ros_msgs/include/cartographer_ros_msgs/cartographer_ros_msgs/srv/read_metrics.h\n'}
[2.849535] (cartographer_ros_msgs) StdoutLine: {'line': b'-- Up-to-date: /root/ros2_ws/install/cartographer_ros_msgs/include/cartographer_ros_msgs/cartographer_ros_msgs/srv/finish_trajectory.h\n'}
[2.850412] (cartographer_ros_msgs) StdoutLine: {'line': b'-- Up-to-date: /root/ros2_ws/install/cartographer_ros_msgs/include/cartographer_ros_msgs/cartographer_ros_msgs/srv/write_state.h\n'}
[2.855019] (cartographer_ros_msgs) StdoutLine: {'line': b'-- Up-to-date: /root/ros2_ws/install/cartographer_ros_msgs/include/cartographer_ros_msgs/cartographer_ros_msgs/srv/submap_query.h\n'}
[2.862298] (cartographer_ros_msgs) StdoutLine: {'line': b'-- Up-to-date: /root/ros2_ws/install/cartographer_ros_msgs/include/cartographer_ros_msgs/cartographer_ros_msgs/srv/start_trajectory.h\n'}
[2.864597] (cartographer_ros_msgs) StdoutLine: {'line': b'-- Up-to-date: /root/ros2_ws/install/cartographer_ros_msgs/include/cartographer_ros_msgs/cartographer_ros_msgs/srv/detail\n'}
[2.865645] (cartographer_ros_msgs) StdoutLine: {'line': b'-- Up-to-date: /root/ros2_ws/install/cartographer_ros_msgs/include/cartographer_ros_msgs/cartographer_ros_msgs/srv/detail/write_state__type_support.h\n'}
[2.866005] (cartographer_ros_msgs) StdoutLine: {'line': b'-- Up-to-date: /root/ros2_ws/install/cartographer_ros_msgs/include/cartographer_ros_msgs/cartographer_ros_msgs/srv/detail/get_trajectory_states__struct.h\n'}
[2.866262] (cartographer_ros_msgs) StdoutLine: {'line': b'-- Up-to-date: /root/ros2_ws/install/cartographer_ros_msgs/include/cartographer_ros_msgs/cartographer_ros_msgs/srv/detail/start_trajectory__functions.h\n'}
[2.870067] (cartographer_ros_msgs) StdoutLine: {'line': b'-- Up-to-date: /root/ros2_ws/install/cartographer_ros_msgs/include/cartographer_ros_msgs/cartographer_ros_msgs/srv/detail/finish_trajectory__functions.h\n'}
[2.870520] (cartographer_ros_msgs) StdoutLine: {'line': b'-- Up-to-date: /root/ros2_ws/install/cartographer_ros_msgs/include/cartographer_ros_msgs/cartographer_ros_msgs/srv/detail/get_trajectory_states__functions.c\n'}
[2.870977] (cartographer_ros_msgs) StdoutLine: {'line': b'-- Up-to-date: /root/ros2_ws/install/cartographer_ros_msgs/include/cartographer_ros_msgs/cartographer_ros_msgs/srv/detail/submap_query__type_support.h\n'}
[2.872787] (cartographer_ros_msgs) StdoutLine: {'line': b'-- Up-to-date: /root/ros2_ws/install/cartographer_ros_msgs/include/cartographer_ros_msgs/cartographer_ros_msgs/srv/detail/trajectory_query__functions.h\n'}
[2.873571] (cartographer_ros_msgs) StdoutLine: {'line': b'-- Up-to-date: /root/ros2_ws/install/cartographer_ros_msgs/include/cartographer_ros_msgs/cartographer_ros_msgs/srv/detail/trajectory_query__functions.c\n'}
[2.873986] (cartographer_ros_msgs) StdoutLine: {'line': b'-- Up-to-date: /root/ros2_ws/install/cartographer_ros_msgs/include/cartographer_ros_msgs/cartographer_ros_msgs/srv/detail/get_trajectory_states__functions.h\n'}
[2.874290] (cartographer_ros_msgs) StdoutLine: {'line': b'-- Up-to-date: /root/ros2_ws/install/cartographer_ros_msgs/include/cartographer_ros_msgs/cartographer_ros_msgs/srv/detail/trajectory_query__struct.h\n'}
[2.874573] (cartographer_ros_msgs) StdoutLine: {'line': b'-- Up-to-date: /root/ros2_ws/install/cartographer_ros_msgs/include/cartographer_ros_msgs/cartographer_ros_msgs/srv/detail/read_metrics__type_support.h\n'}
[2.879087] (cartographer_ros_msgs) StdoutLine: {'line': b'-- Up-to-date: /root/ros2_ws/install/cartographer_ros_msgs/include/cartographer_ros_msgs/cartographer_ros_msgs/srv/detail/trajectory_query__type_support.h\n'}
[2.879405] (cartographer_ros_msgs) StdoutLine: {'line': b'-- Up-to-date: /root/ros2_ws/install/cartographer_ros_msgs/include/cartographer_ros_msgs/cartographer_ros_msgs/srv/detail/start_trajectory__functions.c\n'}
[2.879655] (cartographer_ros_msgs) StdoutLine: {'line': b'-- Up-to-date: /root/ros2_ws/install/cartographer_ros_msgs/include/cartographer_ros_msgs/cartographer_ros_msgs/srv/detail/start_trajectory__struct.h\n'}
[2.879991] (cartographer_ros_msgs) StdoutLine: {'line': b'-- Up-to-date: /root/ros2_ws/install/cartographer_ros_msgs/include/cartographer_ros_msgs/cartographer_ros_msgs/srv/detail/read_metrics__struct.h\n'}
[2.880252] (cartographer_ros_msgs) StdoutLine: {'line': b'-- Up-to-date: /root/ros2_ws/install/cartographer_ros_msgs/include/cartographer_ros_msgs/cartographer_ros_msgs/srv/detail/submap_query__functions.h\n'}
[2.880507] (cartographer_ros_msgs) StdoutLine: {'line': b'-- Up-to-date: /root/ros2_ws/install/cartographer_ros_msgs/include/cartographer_ros_msgs/cartographer_ros_msgs/srv/detail/submap_query__struct.h\n'}
[2.880808] (cartographer_ros_msgs) StdoutLine: {'line': b'-- Up-to-date: /root/ros2_ws/install/cartographer_ros_msgs/include/cartographer_ros_msgs/cartographer_ros_msgs/srv/detail/write_state__functions.c\n'}
[2.881048] (cartographer_ros_msgs) StdoutLine: {'line': b'-- Up-to-date: /root/ros2_ws/install/cartographer_ros_msgs/include/cartographer_ros_msgs/cartographer_ros_msgs/srv/detail/write_state__struct.h\n'}
[2.881290] (cartographer_ros_msgs) StdoutLine: {'line': b'-- Up-to-date: /root/ros2_ws/install/cartographer_ros_msgs/include/cartographer_ros_msgs/cartographer_ros_msgs/srv/detail/read_metrics__functions.h\n'}
[2.881611] (cartographer_ros_msgs) StdoutLine: {'line': b'-- Up-to-date: /root/ros2_ws/install/cartographer_ros_msgs/include/cartographer_ros_msgs/cartographer_ros_msgs/srv/detail/get_trajectory_states__type_support.h\n'}
[2.884458] (cartographer_ros_msgs) StdoutLine: {'line': b'-- Up-to-date: /root/ros2_ws/install/cartographer_ros_msgs/include/cartographer_ros_msgs/cartographer_ros_msgs/srv/detail/read_metrics__functions.c\n'}
[2.886813] (cartographer_ros_msgs) StdoutLine: {'line': b'-- Up-to-date: /root/ros2_ws/install/cartographer_ros_msgs/include/cartographer_ros_msgs/cartographer_ros_msgs/srv/detail/finish_trajectory__type_support.h\n'}
[2.887172] (cartographer_ros_msgs) StdoutLine: {'line': b'-- Up-to-date: /root/ros2_ws/install/cartographer_ros_msgs/include/cartographer_ros_msgs/cartographer_ros_msgs/srv/detail/write_state__functions.h\n'}
[2.887450] (cartographer_ros_msgs) StdoutLine: {'line': b'-- Up-to-date: /root/ros2_ws/install/cartographer_ros_msgs/include/cartographer_ros_msgs/cartographer_ros_msgs/srv/detail/start_trajectory__type_support.h\n'}
[2.887799] (cartographer_ros_msgs) StdoutLine: {'line': b'-- Up-to-date: /root/ros2_ws/install/cartographer_ros_msgs/include/cartographer_ros_msgs/cartographer_ros_msgs/srv/detail/finish_trajectory__functions.c\n'}
[2.891794] (cartographer_ros_msgs) StdoutLine: {'line': b'-- Up-to-date: /root/ros2_ws/install/cartographer_ros_msgs/include/cartographer_ros_msgs/cartographer_ros_msgs/srv/detail/submap_query__functions.c\n'}
[2.897033] (cartographer_ros_msgs) StdoutLine: {'line': b'-- Up-to-date: /root/ros2_ws/install/cartographer_ros_msgs/include/cartographer_ros_msgs/cartographer_ros_msgs/srv/detail/finish_trajectory__struct.h\n'}
[2.897378] (cartographer_ros_msgs) StdoutLine: {'line': b'-- Up-to-date: /root/ros2_ws/install/cartographer_ros_msgs/include/cartographer_ros_msgs/cartographer_ros_msgs/srv/trajectory_query.h\n'}
[2.897783] (cartographer_ros_msgs) StdoutLine: {'line': b'-- Up-to-date: /root/ros2_ws/install/cartographer_ros_msgs/include/cartographer_ros_msgs/cartographer_ros_msgs/msg\n'}
[2.898205] (cartographer_ros_msgs) StdoutLine: {'line': b'-- Up-to-date: /root/ros2_ws/install/cartographer_ros_msgs/include/cartographer_ros_msgs/cartographer_ros_msgs/msg/landmark_list.h\n'}
[2.898554] (cartographer_ros_msgs) StdoutLine: {'line': b'-- Up-to-date: /root/ros2_ws/install/cartographer_ros_msgs/include/cartographer_ros_msgs/cartographer_ros_msgs/msg/landmark_entry.h\n'}
[2.898943] (cartographer_ros_msgs) StdoutLine: {'line': b'-- Up-to-date: /root/ros2_ws/install/cartographer_ros_msgs/include/cartographer_ros_msgs/cartographer_ros_msgs/msg/metric_family.h\n'}
[2.899230] (cartographer_ros_msgs) StdoutLine: {'line': b'-- Up-to-date: /root/ros2_ws/install/cartographer_ros_msgs/include/cartographer_ros_msgs/cartographer_ros_msgs/msg/bagfile_progress.h\n'}
[2.899573] (cartographer_ros_msgs) StdoutLine: {'line': b'-- Up-to-date: /root/ros2_ws/install/cartographer_ros_msgs/include/cartographer_ros_msgs/cartographer_ros_msgs/msg/trajectory_states.h\n'}
[2.900266] (cartographer_ros_msgs) StdoutLine: {'line': b'-- Up-to-date: /root/ros2_ws/install/cartographer_ros_msgs/include/cartographer_ros_msgs/cartographer_ros_msgs/msg/submap_texture.h\n'}
[2.900595] (cartographer_ros_msgs) StdoutLine: {'line': b'-- Up-to-date: /root/ros2_ws/install/cartographer_ros_msgs/include/cartographer_ros_msgs/cartographer_ros_msgs/msg/rosidl_generator_c__visibility_control.h\n'}
[2.901214] (cartographer_ros_msgs) StdoutLine: {'line': b'-- Up-to-date: /root/ros2_ws/install/cartographer_ros_msgs/include/cartographer_ros_msgs/cartographer_ros_msgs/msg/status_response.h\n'}
[2.901720] (cartographer_ros_msgs) StdoutLine: {'line': b'-- Up-to-date: /root/ros2_ws/install/cartographer_ros_msgs/include/cartographer_ros_msgs/cartographer_ros_msgs/msg/submap_entry.h\n'}
[2.902004] (cartographer_ros_msgs) StdoutLine: {'line': b'-- Up-to-date: /root/ros2_ws/install/cartographer_ros_msgs/include/cartographer_ros_msgs/cartographer_ros_msgs/msg/status_code.h\n'}
[2.902256] (cartographer_ros_msgs) StdoutLine: {'line': b'-- Up-to-date: /root/ros2_ws/install/cartographer_ros_msgs/include/cartographer_ros_msgs/cartographer_ros_msgs/msg/metric_label.h\n'}
[2.902495] (cartographer_ros_msgs) StdoutLine: {'line': b'-- Up-to-date: /root/ros2_ws/install/cartographer_ros_msgs/include/cartographer_ros_msgs/cartographer_ros_msgs/msg/detail\n'}
[2.902800] (cartographer_ros_msgs) StdoutLine: {'line': b'-- Up-to-date: /root/ros2_ws/install/cartographer_ros_msgs/include/cartographer_ros_msgs/cartographer_ros_msgs/msg/detail/histogram_bucket__type_support.h\n'}
[2.903033] (cartographer_ros_msgs) StdoutLine: {'line': b'-- Up-to-date: /root/ros2_ws/install/cartographer_ros_msgs/include/cartographer_ros_msgs/cartographer_ros_msgs/msg/detail/status_code__struct.h\n'}
[2.903288] (cartographer_ros_msgs) StdoutLine: {'line': b'-- Up-to-date: /root/ros2_ws/install/cartographer_ros_msgs/include/cartographer_ros_msgs/cartographer_ros_msgs/msg/detail/landmark_entry__struct.h\n'}
[2.909069] (-) TimerEvent: {}
[2.909739] (cartographer_ros_msgs) StdoutLine: {'line': b'-- Up-to-date: /root/ros2_ws/install/cartographer_ros_msgs/include/cartographer_ros_msgs/cartographer_ros_msgs/msg/detail/status_response__struct.h\n'}
[2.910607] (cartographer_ros_msgs) StdoutLine: {'line': b'-- Up-to-date: /root/ros2_ws/install/cartographer_ros_msgs/include/cartographer_ros_msgs/cartographer_ros_msgs/msg/detail/landmark_entry__type_support.h\n'}
[2.912785] (cartographer_ros_msgs) StdoutLine: {'line': b'-- Up-to-date: /root/ros2_ws/install/cartographer_ros_msgs/include/cartographer_ros_msgs/cartographer_ros_msgs/msg/detail/metric_family__struct.h\n'}
[2.914647] (cartographer_ros_msgs) StdoutLine: {'line': b'-- Up-to-date: /root/ros2_ws/install/cartographer_ros_msgs/include/cartographer_ros_msgs/cartographer_ros_msgs/msg/detail/metric_family__functions.c\n'}
[2.915633] (cartographer_ros_msgs) StdoutLine: {'line': b'-- Up-to-date: /root/ros2_ws/install/cartographer_ros_msgs/include/cartographer_ros_msgs/cartographer_ros_msgs/msg/detail/submap_texture__functions.h\n'}
[2.919312] (cartographer_ros_msgs) StdoutLine: {'line': b'-- Up-to-date: /root/ros2_ws/install/cartographer_ros_msgs/include/cartographer_ros_msgs/cartographer_ros_msgs/msg/detail/histogram_bucket__struct.h\n'}
[2.919603] (cartographer_ros_msgs) StdoutLine: {'line': b'-- Up-to-date: /root/ros2_ws/install/cartographer_ros_msgs/include/cartographer_ros_msgs/cartographer_ros_msgs/msg/detail/status_code__type_support.h\n'}
[2.921521] (cartographer_ros_msgs) StdoutLine: {'line': b'-- Up-to-date: /root/ros2_ws/install/cartographer_ros_msgs/include/cartographer_ros_msgs/cartographer_ros_msgs/msg/detail/metric_family__type_support.h\n'}
[2.922172] (cartographer_ros_msgs) StdoutLine: {'line': b'-- Up-to-date: /root/ros2_ws/install/cartographer_ros_msgs/include/cartographer_ros_msgs/cartographer_ros_msgs/msg/detail/metric_label__struct.h\n'}
[2.922544] (cartographer_ros_msgs) StdoutLine: {'line': b'-- Up-to-date: /root/ros2_ws/install/cartographer_ros_msgs/include/cartographer_ros_msgs/cartographer_ros_msgs/msg/detail/submap_list__functions.h\n'}
[2.924677] (cartographer_ros_msgs) StdoutLine: {'line': b'-- Up-to-date: /root/ros2_ws/install/cartographer_ros_msgs/include/cartographer_ros_msgs/cartographer_ros_msgs/msg/detail/bagfile_progress__type_support.h\n'}
[2.926383] (cartographer_ros_msgs) StdoutLine: {'line': b'-- Up-to-date: /root/ros2_ws/install/cartographer_ros_msgs/include/cartographer_ros_msgs/cartographer_ros_msgs/msg/detail/status_response__functions.c\n'}
[2.928357] (cartographer_ros_msgs) StdoutLine: {'line': b'-- Up-to-date: /root/ros2_ws/install/cartographer_ros_msgs/include/cartographer_ros_msgs/cartographer_ros_msgs/msg/detail/submap_list__type_support.h\n'}
[2.929985] (cartographer_ros_msgs) StdoutLine: {'line': b'-- Up-to-date: /root/ros2_ws/install/cartographer_ros_msgs/include/cartographer_ros_msgs/cartographer_ros_msgs/msg/detail/submap_texture__functions.c\n'}
[2.932401] (cartographer_ros_msgs) StdoutLine: {'line': b'-- Up-to-date: /root/ros2_ws/install/cartographer_ros_msgs/include/cartographer_ros_msgs/cartographer_ros_msgs/msg/detail/submap_entry__struct.h\n'}
[2.934635] (cartographer_ros_msgs) StdoutLine: {'line': b'-- Up-to-date: /root/ros2_ws/install/cartographer_ros_msgs/include/cartographer_ros_msgs/cartographer_ros_msgs/msg/detail/status_response__functions.h\n'}
[2.935034] (cartographer_ros_msgs) StdoutLine: {'line': b'-- Up-to-date: /root/ros2_ws/install/cartographer_ros_msgs/include/cartographer_ros_msgs/cartographer_ros_msgs/msg/detail/histogram_bucket__functions.c\n'}
[2.935366] (cartographer_ros_msgs) StdoutLine: {'line': b'-- Up-to-date: /root/ros2_ws/install/cartographer_ros_msgs/include/cartographer_ros_msgs/cartographer_ros_msgs/msg/detail/trajectory_states__functions.c\n'}
[2.935725] (cartographer_ros_msgs) StdoutLine: {'line': b'-- Up-to-date: /root/ros2_ws/install/cartographer_ros_msgs/include/cartographer_ros_msgs/cartographer_ros_msgs/msg/detail/landmark_list__functions.h\n'}
[2.936157] (cartographer_ros_msgs) StdoutLine: {'line': b'-- Up-to-date: /root/ros2_ws/install/cartographer_ros_msgs/include/cartographer_ros_msgs/cartographer_ros_msgs/msg/detail/landmark_list__struct.h\n'}
[2.936540] (cartographer_ros_msgs) StdoutLine: {'line': b'-- Up-to-date: /root/ros2_ws/install/cartographer_ros_msgs/include/cartographer_ros_msgs/cartographer_ros_msgs/msg/detail/landmark_list__type_support.h\n'}
[2.939728] (cartographer_ros_msgs) StdoutLine: {'line': b'-- Up-to-date: /root/ros2_ws/install/cartographer_ros_msgs/include/cartographer_ros_msgs/cartographer_ros_msgs/msg/detail/status_code__functions.h\n'}
[2.941374] (cartographer_ros_msgs) StdoutLine: {'line': b'-- Up-to-date: /root/ros2_ws/install/cartographer_ros_msgs/include/cartographer_ros_msgs/cartographer_ros_msgs/msg/detail/metric__functions.h\n'}
[2.941847] (cartographer_ros_msgs) StdoutLine: {'line': b'-- Up-to-date: /root/ros2_ws/install/cartographer_ros_msgs/include/cartographer_ros_msgs/cartographer_ros_msgs/msg/detail/landmark_list__functions.c\n'}
[2.943407] (cartographer_ros_msgs) StdoutLine: {'line': b'-- Up-to-date: /root/ros2_ws/install/cartographer_ros_msgs/include/cartographer_ros_msgs/cartographer_ros_msgs/msg/detail/submap_entry__type_support.h\n'}
[2.944206] (cartographer_ros_msgs) StdoutLine: {'line': b'-- Up-to-date: /root/ros2_ws/install/cartographer_ros_msgs/include/cartographer_ros_msgs/cartographer_ros_msgs/msg/detail/status_response__type_support.h\n'}
[2.944602] (cartographer_ros_msgs) StdoutLine: {'line': b'-- Up-to-date: /root/ros2_ws/install/cartographer_ros_msgs/include/cartographer_ros_msgs/cartographer_ros_msgs/msg/detail/metric_label__type_support.h\n'}
[2.945049] (cartographer_ros_msgs) StdoutLine: {'line': b'-- Up-to-date: /root/ros2_ws/install/cartographer_ros_msgs/include/cartographer_ros_msgs/cartographer_ros_msgs/msg/detail/submap_entry__functions.h\n'}
[2.945408] (cartographer_ros_msgs) StdoutLine: {'line': b'-- Up-to-date: /root/ros2_ws/install/cartographer_ros_msgs/include/cartographer_ros_msgs/cartographer_ros_msgs/msg/detail/submap_texture__struct.h\n'}
[2.945717] (cartographer_ros_msgs) StdoutLine: {'line': b'-- Up-to-date: /root/ros2_ws/install/cartographer_ros_msgs/include/cartographer_ros_msgs/cartographer_ros_msgs/msg/detail/histogram_bucket__functions.h\n'}
[2.946028] (cartographer_ros_msgs) StdoutLine: {'line': b'-- Up-to-date: /root/ros2_ws/install/cartographer_ros_msgs/include/cartographer_ros_msgs/cartographer_ros_msgs/msg/detail/trajectory_states__type_support.h\n'}
[2.946303] (cartographer_ros_msgs) StdoutLine: {'line': b'-- Up-to-date: /root/ros2_ws/install/cartographer_ros_msgs/include/cartographer_ros_msgs/cartographer_ros_msgs/msg/detail/submap_list__struct.h\n'}
[2.946563] (cartographer_ros_msgs) StdoutLine: {'line': b'-- Up-to-date: /root/ros2_ws/install/cartographer_ros_msgs/include/cartographer_ros_msgs/cartographer_ros_msgs/msg/detail/submap_entry__functions.c\n'}
[2.946859] (cartographer_ros_msgs) StdoutLine: {'line': b'-- Up-to-date: /root/ros2_ws/install/cartographer_ros_msgs/include/cartographer_ros_msgs/cartographer_ros_msgs/msg/detail/bagfile_progress__functions.c\n'}
[2.947126] (cartographer_ros_msgs) StdoutLine: {'line': b'-- Up-to-date: /root/ros2_ws/install/cartographer_ros_msgs/include/cartographer_ros_msgs/cartographer_ros_msgs/msg/detail/submap_list__functions.c\n'}
[2.951775] (cartographer_ros_msgs) StdoutLine: {'line': b'-- Up-to-date: /root/ros2_ws/install/cartographer_ros_msgs/include/cartographer_ros_msgs/cartographer_ros_msgs/msg/detail/trajectory_states__struct.h\n'}
[2.952372] (cartographer_ros_msgs) StdoutLine: {'line': b'-- Up-to-date: /root/ros2_ws/install/cartographer_ros_msgs/include/cartographer_ros_msgs/cartographer_ros_msgs/msg/detail/trajectory_states__functions.h\n'}
[2.952791] (cartographer_ros_msgs) StdoutLine: {'line': b'-- Up-to-date: /root/ros2_ws/install/cartographer_ros_msgs/include/cartographer_ros_msgs/cartographer_ros_msgs/msg/detail/submap_texture__type_support.h\n'}
[2.953103] (cartographer_ros_msgs) StdoutLine: {'line': b'-- Up-to-date: /root/ros2_ws/install/cartographer_ros_msgs/include/cartographer_ros_msgs/cartographer_ros_msgs/msg/detail/bagfile_progress__functions.h\n'}
[2.954369] (cartographer_ros_msgs) StdoutLine: {'line': b'-- Up-to-date: /root/ros2_ws/install/cartographer_ros_msgs/include/cartographer_ros_msgs/cartographer_ros_msgs/msg/detail/bagfile_progress__struct.h\n'}
[2.954733] (cartographer_ros_msgs) StdoutLine: {'line': b'-- Up-to-date: /root/ros2_ws/install/cartographer_ros_msgs/include/cartographer_ros_msgs/cartographer_ros_msgs/msg/detail/landmark_entry__functions.h\n'}
[2.955022] (cartographer_ros_msgs) StdoutLine: {'line': b'-- Up-to-date: /root/ros2_ws/install/cartographer_ros_msgs/include/cartographer_ros_msgs/cartographer_ros_msgs/msg/detail/metric__functions.c\n'}
[2.955291] (cartographer_ros_msgs) StdoutLine: {'line': b'-- Up-to-date: /root/ros2_ws/install/cartographer_ros_msgs/include/cartographer_ros_msgs/cartographer_ros_msgs/msg/detail/metric__struct.h\n'}
[2.955550] (cartographer_ros_msgs) StdoutLine: {'line': b'-- Up-to-date: /root/ros2_ws/install/cartographer_ros_msgs/include/cartographer_ros_msgs/cartographer_ros_msgs/msg/detail/status_code__functions.c\n'}
[2.960827] (cartographer_ros_msgs) StdoutLine: {'line': b'-- Up-to-date: /root/ros2_ws/install/cartographer_ros_msgs/include/cartographer_ros_msgs/cartographer_ros_msgs/msg/detail/metric_family__functions.h\n'}
[2.961283] (cartographer_ros_msgs) StdoutLine: {'line': b'-- Up-to-date: /root/ros2_ws/install/cartographer_ros_msgs/include/cartographer_ros_msgs/cartographer_ros_msgs/msg/detail/metric_label__functions.h\n'}
[2.962068] (cartographer_ros_msgs) StdoutLine: {'line': b'-- Up-to-date: /root/ros2_ws/install/cartographer_ros_msgs/include/cartographer_ros_msgs/cartographer_ros_msgs/msg/detail/metric_label__functions.c\n'}
[2.965768] (cartographer_ros_msgs) StdoutLine: {'line': b'-- Up-to-date: /root/ros2_ws/install/cartographer_ros_msgs/include/cartographer_ros_msgs/cartographer_ros_msgs/msg/detail/metric__type_support.h\n'}
[2.966350] (cartographer_ros_msgs) StdoutLine: {'line': b'-- Up-to-date: /root/ros2_ws/install/cartographer_ros_msgs/include/cartographer_ros_msgs/cartographer_ros_msgs/msg/detail/landmark_entry__functions.c\n'}
[2.967322] (cartographer_ros_msgs) StdoutLine: {'line': b'-- Up-to-date: /root/ros2_ws/install/cartographer_ros_msgs/include/cartographer_ros_msgs/cartographer_ros_msgs/msg/metric.h\n'}
[2.967726] (cartographer_ros_msgs) StdoutLine: {'line': b'-- Up-to-date: /root/ros2_ws/install/cartographer_ros_msgs/include/cartographer_ros_msgs/cartographer_ros_msgs/msg/submap_list.h\n'}
[2.972080] (cartographer_ros_msgs) StdoutLine: {'line': b'-- Up-to-date: /root/ros2_ws/install/cartographer_ros_msgs/include/cartographer_ros_msgs/cartographer_ros_msgs/msg/histogram_bucket.h\n'}
[2.972432] (cartographer_ros_msgs) StdoutLine: {'line': b'-- Up-to-date: /root/ros2_ws/install/cartographer_ros_msgs/share/cartographer_ros_msgs/environment/library_path.sh\n'}
[2.972715] (cartographer_ros_msgs) StdoutLine: {'line': b'-- Up-to-date: /root/ros2_ws/install/cartographer_ros_msgs/share/cartographer_ros_msgs/environment/library_path.dsv\n'}
[2.972997] (cartographer_ros_msgs) StdoutLine: {'line': b'-- Up-to-date: /root/ros2_ws/install/cartographer_ros_msgs/lib/libcartographer_ros_msgs__rosidl_generator_c.so\n'}
[2.973259] (cartographer_ros_msgs) StdoutLine: {'line': b'-- Up-to-date: /root/ros2_ws/install/cartographer_ros_msgs/include/cartographer_ros_msgs/cartographer_ros_msgs\n'}
[2.982453] (cartographer_ros_msgs) StdoutLine: {'line': b'-- Up-to-date: /root/ros2_ws/install/cartographer_ros_msgs/include/cartographer_ros_msgs/cartographer_ros_msgs/srv\n'}
[2.986905] (cartographer_ros_msgs) StdoutLine: {'line': b'-- Up-to-date: /root/ros2_ws/install/cartographer_ros_msgs/include/cartographer_ros_msgs/cartographer_ros_msgs/srv/detail\n'}
[2.987410] (cartographer_ros_msgs) StdoutLine: {'line': b'-- Up-to-date: /root/ros2_ws/install/cartographer_ros_msgs/include/cartographer_ros_msgs/cartographer_ros_msgs/srv/detail/start_trajectory__rosidl_typesupport_fastrtps_c.h\n'}
[2.988918] (cartographer_ros_msgs) StdoutLine: {'line': b'-- Up-to-date: /root/ros2_ws/install/cartographer_ros_msgs/include/cartographer_ros_msgs/cartographer_ros_msgs/srv/detail/get_trajectory_states__rosidl_typesupport_fastrtps_c.h\n'}
[2.989539] (cartographer_ros_msgs) StdoutLine: {'line': b'-- Up-to-date: /root/ros2_ws/install/cartographer_ros_msgs/include/cartographer_ros_msgs/cartographer_ros_msgs/srv/detail/trajectory_query__rosidl_typesupport_fastrtps_c.h\n'}
[2.989887] (cartographer_ros_msgs) StdoutLine: {'line': b'-- Up-to-date: /root/ros2_ws/install/cartographer_ros_msgs/include/cartographer_ros_msgs/cartographer_ros_msgs/srv/detail/write_state__rosidl_typesupport_fastrtps_c.h\n'}
[2.990164] (cartographer_ros_msgs) StdoutLine: {'line': b'-- Up-to-date: /root/ros2_ws/install/cartographer_ros_msgs/include/cartographer_ros_msgs/cartographer_ros_msgs/srv/detail/read_metrics__rosidl_typesupport_fastrtps_c.h\n'}
[2.990411] (cartographer_ros_msgs) StdoutLine: {'line': b'-- Up-to-date: /root/ros2_ws/install/cartographer_ros_msgs/include/cartographer_ros_msgs/cartographer_ros_msgs/srv/detail/submap_query__rosidl_typesupport_fastrtps_c.h\n'}
[2.990712] (cartographer_ros_msgs) StdoutLine: {'line': b'-- Up-to-date: /root/ros2_ws/install/cartographer_ros_msgs/include/cartographer_ros_msgs/cartographer_ros_msgs/srv/detail/finish_trajectory__rosidl_typesupport_fastrtps_c.h\n'}
[2.991030] (cartographer_ros_msgs) StdoutLine: {'line': b'-- Up-to-date: /root/ros2_ws/install/cartographer_ros_msgs/include/cartographer_ros_msgs/cartographer_ros_msgs/msg\n'}
[2.991333] (cartographer_ros_msgs) StdoutLine: {'line': b'-- Up-to-date: /root/ros2_ws/install/cartographer_ros_msgs/include/cartographer_ros_msgs/cartographer_ros_msgs/msg/detail\n'}
[2.991690] (cartographer_ros_msgs) StdoutLine: {'line': b'-- Up-to-date: /root/ros2_ws/install/cartographer_ros_msgs/include/cartographer_ros_msgs/cartographer_ros_msgs/msg/detail/status_response__rosidl_typesupport_fastrtps_c.h\n'}
[2.992154] (cartographer_ros_msgs) StdoutLine: {'line': b'-- Up-to-date: /root/ros2_ws/install/cartographer_ros_msgs/include/cartographer_ros_msgs/cartographer_ros_msgs/msg/detail/status_code__rosidl_typesupport_fastrtps_c.h\n'}
[2.999128] (cartographer_ros_msgs) StdoutLine: {'line': b'-- Up-to-date: /root/ros2_ws/install/cartographer_ros_msgs/include/cartographer_ros_msgs/cartographer_ros_msgs/msg/detail/histogram_bucket__rosidl_typesupport_fastrtps_c.h\n'}
[2.999511] (cartographer_ros_msgs) StdoutLine: {'line': b'-- Up-to-date: /root/ros2_ws/install/cartographer_ros_msgs/include/cartographer_ros_msgs/cartographer_ros_msgs/msg/detail/metric_family__rosidl_typesupport_fastrtps_c.h\n'}
[2.999925] (cartographer_ros_msgs) StdoutLine: {'line': b'-- Up-to-date: /root/ros2_ws/install/cartographer_ros_msgs/include/cartographer_ros_msgs/cartographer_ros_msgs/msg/detail/metric_label__rosidl_typesupport_fastrtps_c.h\n'}
[3.000292] (cartographer_ros_msgs) StdoutLine: {'line': b'-- Up-to-date: /root/ros2_ws/install/cartographer_ros_msgs/include/cartographer_ros_msgs/cartographer_ros_msgs/msg/detail/submap_entry__rosidl_typesupport_fastrtps_c.h\n'}
[3.000651] (cartographer_ros_msgs) StdoutLine: {'line': b'-- Up-to-date: /root/ros2_ws/install/cartographer_ros_msgs/include/cartographer_ros_msgs/cartographer_ros_msgs/msg/detail/landmark_list__rosidl_typesupport_fastrtps_c.h\n'}
[3.001029] (cartographer_ros_msgs) StdoutLine: {'line': b'-- Up-to-date: /root/ros2_ws/install/cartographer_ros_msgs/include/cartographer_ros_msgs/cartographer_ros_msgs/msg/detail/submap_list__rosidl_typesupport_fastrtps_c.h\n'}
[3.001355] (cartographer_ros_msgs) StdoutLine: {'line': b'-- Up-to-date: /root/ros2_ws/install/cartographer_ros_msgs/include/cartographer_ros_msgs/cartographer_ros_msgs/msg/detail/metric__rosidl_typesupport_fastrtps_c.h\n'}
[3.007316] (cartographer_ros_msgs) StdoutLine: {'line': b'-- Up-to-date: /root/ros2_ws/install/cartographer_ros_msgs/include/cartographer_ros_msgs/cartographer_ros_msgs/msg/detail/landmark_entry__rosidl_typesupport_fastrtps_c.h\n'}
[3.009524] (-) TimerEvent: {}
[3.012935] (cartographer_ros_msgs) StdoutLine: {'line': b'-- Up-to-date: /root/ros2_ws/install/cartographer_ros_msgs/include/cartographer_ros_msgs/cartographer_ros_msgs/msg/detail/submap_texture__rosidl_typesupport_fastrtps_c.h\n'}
[3.013359] (cartographer_ros_msgs) StdoutLine: {'line': b'-- Up-to-date: /root/ros2_ws/install/cartographer_ros_msgs/include/cartographer_ros_msgs/cartographer_ros_msgs/msg/detail/trajectory_states__rosidl_typesupport_fastrtps_c.h\n'}
[3.013625] (cartographer) StdoutLine: {'line': b'[ 61%] Built target cartographer.common.lua_parameter_dictionary_test\n'}
[3.013910] (cartographer_ros_msgs) StdoutLine: {'line': b'-- Up-to-date: /root/ros2_ws/install/cartographer_ros_msgs/include/cartographer_ros_msgs/cartographer_ros_msgs/msg/detail/bagfile_progress__rosidl_typesupport_fastrtps_c.h\n'}
[3.014174] (cartographer_ros_msgs) StdoutLine: {'line': b'-- Up-to-date: /root/ros2_ws/install/cartographer_ros_msgs/include/cartographer_ros_msgs/cartographer_ros_msgs/msg/rosidl_typesupport_fastrtps_c__visibility_control.h\n'}
[3.014426] (cartographer_ros_msgs) StdoutLine: {'line': b'-- Up-to-date: /root/ros2_ws/install/cartographer_ros_msgs/lib/libcartographer_ros_msgs__rosidl_typesupport_fastrtps_c.so\n'}
[3.014841] (cartographer_ros_msgs) StdoutLine: {'line': b'-- Up-to-date: /root/ros2_ws/install/cartographer_ros_msgs/include/cartographer_ros_msgs/cartographer_ros_msgs\n'}
[3.015129] (cartographer_ros_msgs) StdoutLine: {'line': b'-- Up-to-date: /root/ros2_ws/install/cartographer_ros_msgs/include/cartographer_ros_msgs/cartographer_ros_msgs/srv\n'}
[3.015380] (cartographer_ros_msgs) StdoutLine: {'line': b'-- Up-to-date: /root/ros2_ws/install/cartographer_ros_msgs/include/cartographer_ros_msgs/cartographer_ros_msgs/srv/detail\n'}
[3.015623] (cartographer_ros_msgs) StdoutLine: {'line': b'-- Up-to-date: /root/ros2_ws/install/cartographer_ros_msgs/include/cartographer_ros_msgs/cartographer_ros_msgs/srv/detail/finish_trajectory__type_support.c\n'}
[3.016678] (cartographer_ros_msgs) StdoutLine: {'line': b'-- Up-to-date: /root/ros2_ws/install/cartographer_ros_msgs/include/cartographer_ros_msgs/cartographer_ros_msgs/srv/detail/get_trajectory_states__rosidl_typesupport_introspection_c.h\n'}
[3.017032] (cartographer_ros_msgs) StdoutLine: {'line': b'-- Up-to-date: /root/ros2_ws/install/cartographer_ros_msgs/include/cartographer_ros_msgs/cartographer_ros_msgs/srv/detail/start_trajectory__type_support.c\n'}
[3.017489] (cartographer_ros_msgs) StdoutLine: {'line': b'-- Up-to-date: /root/ros2_ws/install/cartographer_ros_msgs/include/cartographer_ros_msgs/cartographer_ros_msgs/srv/detail/read_metrics__type_support.c\n'}
[3.021267] (cartographer_ros_msgs) StdoutLine: {'line': b'-- Up-to-date: /root/ros2_ws/install/cartographer_ros_msgs/include/cartographer_ros_msgs/cartographer_ros_msgs/srv/detail/write_state__rosidl_typesupport_introspection_c.h\n'}
[3.021565] (cartographer_ros_msgs) StdoutLine: {'line': b'-- Up-to-date: /root/ros2_ws/install/cartographer_ros_msgs/include/cartographer_ros_msgs/cartographer_ros_msgs/srv/detail/submap_query__type_support.c\n'}
[3.021823] (cartographer_ros_msgs) StdoutLine: {'line': b'-- Up-to-date: /root/ros2_ws/install/cartographer_ros_msgs/include/cartographer_ros_msgs/cartographer_ros_msgs/srv/detail/get_trajectory_states__type_support.c\n'}
[3.027304] (cartographer_ros_msgs) StdoutLine: {'line': b'-- Up-to-date: /root/ros2_ws/install/cartographer_ros_msgs/include/cartographer_ros_msgs/cartographer_ros_msgs/srv/detail/submap_query__rosidl_typesupport_introspection_c.h\n'}
[3.028305] (cartographer_ros_msgs) StdoutLine: {'line': b'-- Up-to-date: /root/ros2_ws/install/cartographer_ros_msgs/include/cartographer_ros_msgs/cartographer_ros_msgs/srv/detail/start_trajectory__rosidl_typesupport_introspection_c.h\n'}
[3.028635] (cartographer_ros_msgs) StdoutLine: {'line': b'-- Up-to-date: /root/ros2_ws/install/cartographer_ros_msgs/include/cartographer_ros_msgs/cartographer_ros_msgs/srv/detail/trajectory_query__rosidl_typesupport_introspection_c.h\n'}
[3.029413] (cartographer_ros_msgs) StdoutLine: {'line': b'-- Up-to-date: /root/ros2_ws/install/cartographer_ros_msgs/include/cartographer_ros_msgs/cartographer_ros_msgs/srv/detail/trajectory_query__type_support.c\n'}
[3.029709] (cartographer_ros_msgs) StdoutLine: {'line': b'-- Up-to-date: /root/ros2_ws/install/cartographer_ros_msgs/include/cartographer_ros_msgs/cartographer_ros_msgs/srv/detail/read_metrics__rosidl_typesupport_introspection_c.h\n'}
[3.029979] (cartographer_ros_msgs) StdoutLine: {'line': b'-- Up-to-date: /root/ros2_ws/install/cartographer_ros_msgs/include/cartographer_ros_msgs/cartographer_ros_msgs/srv/detail/finish_trajectory__rosidl_typesupport_introspection_c.h\n'}
[3.030228] (cartographer_ros_msgs) StdoutLine: {'line': b'-- Up-to-date: /root/ros2_ws/install/cartographer_ros_msgs/include/cartographer_ros_msgs/cartographer_ros_msgs/srv/detail/write_state__type_support.c\n'}
[3.030474] (cartographer_ros_msgs) StdoutLine: {'line': b'-- Up-to-date: /root/ros2_ws/install/cartographer_ros_msgs/include/cartographer_ros_msgs/cartographer_ros_msgs/msg\n'}
[3.032820] (cartographer_ros_msgs) StdoutLine: {'line': b'-- Up-to-date: /root/ros2_ws/install/cartographer_ros_msgs/include/cartographer_ros_msgs/cartographer_ros_msgs/msg/detail\n'}
[3.033296] (cartographer_ros_msgs) StdoutLine: {'line': b'-- Up-to-date: /root/ros2_ws/install/cartographer_ros_msgs/include/cartographer_ros_msgs/cartographer_ros_msgs/msg/detail/landmark_list__rosidl_typesupport_introspection_c.h\n'}
[3.033697] (cartographer_ros_msgs) StdoutLine: {'line': b'-- Up-to-date: /root/ros2_ws/install/cartographer_ros_msgs/include/cartographer_ros_msgs/cartographer_ros_msgs/msg/detail/metric_label__rosidl_typesupport_introspection_c.h\n'}
[3.034038] (cartographer_ros_msgs) StdoutLine: {'line': b'-- Up-to-date: /root/ros2_ws/install/cartographer_ros_msgs/include/cartographer_ros_msgs/cartographer_ros_msgs/msg/detail/submap_entry__rosidl_typesupport_introspection_c.h\n'}
[3.037457] (cartographer_ros_msgs) StdoutLine: {'line': b'-- Up-to-date: /root/ros2_ws/install/cartographer_ros_msgs/include/cartographer_ros_msgs/cartographer_ros_msgs/msg/detail/status_code__rosidl_typesupport_introspection_c.h\n'}
[3.038093] (cartographer_ros_msgs) StdoutLine: {'line': b'-- Up-to-date: /root/ros2_ws/install/cartographer_ros_msgs/include/cartographer_ros_msgs/cartographer_ros_msgs/msg/detail/status_response__rosidl_typesupport_introspection_c.h\n'}
[3.038529] (cartographer_ros_msgs) StdoutLine: {'line': b'-- Up-to-date: /root/ros2_ws/install/cartographer_ros_msgs/include/cartographer_ros_msgs/cartographer_ros_msgs/msg/detail/metric_family__rosidl_typesupport_introspection_c.h\n'}
[3.038973] (cartographer_ros_msgs) StdoutLine: {'line': b'-- Up-to-date: /root/ros2_ws/install/cartographer_ros_msgs/include/cartographer_ros_msgs/cartographer_ros_msgs/msg/detail/metric_label__type_support.c\n'}
[3.039240] (cartographer_ros_msgs) StdoutLine: {'line': b'-- Up-to-date: /root/ros2_ws/install/cartographer_ros_msgs/include/cartographer_ros_msgs/cartographer_ros_msgs/msg/detail/submap_list__type_support.c\n'}
[3.039492] (cartographer_ros_msgs) StdoutLine: {'line': b'-- Up-to-date: /root/ros2_ws/install/cartographer_ros_msgs/include/cartographer_ros_msgs/cartographer_ros_msgs/msg/detail/histogram_bucket__type_support.c\n'}
[3.039761] (cartographer_ros_msgs) StdoutLine: {'line': b'-- Up-to-date: /root/ros2_ws/install/cartographer_ros_msgs/include/cartographer_ros_msgs/cartographer_ros_msgs/msg/detail/bagfile_progress__rosidl_typesupport_introspection_c.h\n'}
[3.040058] (cartographer_ros_msgs) StdoutLine: {'line': b'-- Up-to-date: /root/ros2_ws/install/cartographer_ros_msgs/include/cartographer_ros_msgs/cartographer_ros_msgs/msg/detail/landmark_entry__type_support.c\n'}
[3.040320] (cartographer_ros_msgs) StdoutLine: {'line': b'-- Up-to-date: /root/ros2_ws/install/cartographer_ros_msgs/include/cartographer_ros_msgs/cartographer_ros_msgs/msg/detail/metric__rosidl_typesupport_introspection_c.h\n'}
[3.040594] (cartographer_ros_msgs) StdoutLine: {'line': b'-- Up-to-date: /root/ros2_ws/install/cartographer_ros_msgs/include/cartographer_ros_msgs/cartographer_ros_msgs/msg/detail/submap_texture__rosidl_typesupport_introspection_c.h\n'}
[3.040919] (cartographer_ros_msgs) StdoutLine: {'line': b'-- Up-to-date: /root/ros2_ws/install/cartographer_ros_msgs/include/cartographer_ros_msgs/cartographer_ros_msgs/msg/detail/histogram_bucket__rosidl_typesupport_introspection_c.h\n'}
[3.044159] (cartographer_ros_msgs) StdoutLine: {'line': b'-- Up-to-date: /root/ros2_ws/install/cartographer_ros_msgs/include/cartographer_ros_msgs/cartographer_ros_msgs/msg/detail/landmark_list__type_support.c\n'}
[3.045423] (cartographer_ros_msgs) StdoutLine: {'line': b'-- Up-to-date: /root/ros2_ws/install/cartographer_ros_msgs/include/cartographer_ros_msgs/cartographer_ros_msgs/msg/detail/bagfile_progress__type_support.c\n'}
[3.045875] (cartographer_ros_msgs) StdoutLine: {'line': b'-- Up-to-date: /root/ros2_ws/install/cartographer_ros_msgs/include/cartographer_ros_msgs/cartographer_ros_msgs/msg/detail/trajectory_states__rosidl_typesupport_introspection_c.h\n'}
[3.046275] (cartographer_ros_msgs) StdoutLine: {'line': b'-- Up-to-date: /root/ros2_ws/install/cartographer_ros_msgs/include/cartographer_ros_msgs/cartographer_ros_msgs/msg/detail/metric_family__type_support.c\n'}
[3.046582] (cartographer_ros_msgs) StdoutLine: {'line': b'-- Up-to-date: /root/ros2_ws/install/cartographer_ros_msgs/include/cartographer_ros_msgs/cartographer_ros_msgs/msg/detail/metric__type_support.c\n'}
[3.046940] (cartographer_ros_msgs) StdoutLine: {'line': b'-- Up-to-date: /root/ros2_ws/install/cartographer_ros_msgs/include/cartographer_ros_msgs/cartographer_ros_msgs/msg/detail/landmark_entry__rosidl_typesupport_introspection_c.h\n'}
[3.047202] (cartographer_ros_msgs) StdoutLine: {'line': b'-- Up-to-date: /root/ros2_ws/install/cartographer_ros_msgs/include/cartographer_ros_msgs/cartographer_ros_msgs/msg/detail/status_response__type_support.c\n'}
[3.047581] (cartographer_ros_msgs) StdoutLine: {'line': b'-- Up-to-date: /root/ros2_ws/install/cartographer_ros_msgs/include/cartographer_ros_msgs/cartographer_ros_msgs/msg/detail/submap_entry__type_support.c\n'}
[3.047877] (cartographer_ros_msgs) StdoutLine: {'line': b'-- Up-to-date: /root/ros2_ws/install/cartographer_ros_msgs/include/cartographer_ros_msgs/cartographer_ros_msgs/msg/detail/submap_list__rosidl_typesupport_introspection_c.h\n'}
[3.048201] (cartographer_ros_msgs) StdoutLine: {'line': b'-- Up-to-date: /root/ros2_ws/install/cartographer_ros_msgs/include/cartographer_ros_msgs/cartographer_ros_msgs/msg/detail/trajectory_states__type_support.c\n'}
[3.048467] (cartographer_ros_msgs) StdoutLine: {'line': b'-- Up-to-date: /root/ros2_ws/install/cartographer_ros_msgs/include/cartographer_ros_msgs/cartographer_ros_msgs/msg/detail/status_code__type_support.c\n'}
[3.048737] (cartographer_ros_msgs) StdoutLine: {'line': b'-- Up-to-date: /root/ros2_ws/install/cartographer_ros_msgs/include/cartographer_ros_msgs/cartographer_ros_msgs/msg/detail/submap_texture__type_support.c\n'}
[3.049138] (cartographer_ros_msgs) StdoutLine: {'line': b'-- Up-to-date: /root/ros2_ws/install/cartographer_ros_msgs/include/cartographer_ros_msgs/cartographer_ros_msgs/msg/rosidl_typesupport_introspection_c__visibility_control.h\n'}
[3.049425] (cartographer_ros_msgs) StdoutLine: {'line': b'-- Up-to-date: /root/ros2_ws/install/cartographer_ros_msgs/lib/libcartographer_ros_msgs__rosidl_typesupport_introspection_c.so\n'}
[3.049774] (cartographer) StdoutLine: {'line': b'[ 62%] Built target cartographer.io.internal.in_memory_proto_stream_test\n'}
[3.050244] (cartographer_ros_msgs) StdoutLine: {'line': b'-- Up-to-date: /root/ros2_ws/install/cartographer_ros_msgs/lib/libcartographer_ros_msgs__rosidl_typesupport_c.so\n'}
[3.051997] (cartographer_ros_msgs) StdoutLine: {'line': b'-- Up-to-date: /root/ros2_ws/install/cartographer_ros_msgs/include/cartographer_ros_msgs/cartographer_ros_msgs\n'}
[3.052283] (cartographer_ros_msgs) StdoutLine: {'line': b'-- Up-to-date: /root/ros2_ws/install/cartographer_ros_msgs/include/cartographer_ros_msgs/cartographer_ros_msgs/srv\n'}
[3.052539] (cartographer_ros_msgs) StdoutLine: {'line': b'-- Up-to-date: /root/ros2_ws/install/cartographer_ros_msgs/include/cartographer_ros_msgs/cartographer_ros_msgs/srv/trajectory_query.hpp\n'}
[3.052811] (cartographer_ros_msgs) StdoutLine: {'line': b'-- Up-to-date: /root/ros2_ws/install/cartographer_ros_msgs/include/cartographer_ros_msgs/cartographer_ros_msgs/srv/start_trajectory.hpp\n'}
[3.053055] (cartographer_ros_msgs) StdoutLine: {'line': b'-- Up-to-date: /root/ros2_ws/install/cartographer_ros_msgs/include/cartographer_ros_msgs/cartographer_ros_msgs/srv/read_metrics.hpp\n'}
[3.053271] (cartographer_ros_msgs) StdoutLine: {'line': b'-- Up-to-date: /root/ros2_ws/install/cartographer_ros_msgs/include/cartographer_ros_msgs/cartographer_ros_msgs/srv/finish_trajectory.hpp\n'}
[3.053481] (cartographer_ros_msgs) StdoutLine: {'line': b'-- Up-to-date: /root/ros2_ws/install/cartographer_ros_msgs/include/cartographer_ros_msgs/cartographer_ros_msgs/srv/submap_query.hpp\n'}
[3.054721] (cartographer_ros_msgs) StdoutLine: {'line': b'-- Up-to-date: /root/ros2_ws/install/cartographer_ros_msgs/include/cartographer_ros_msgs/cartographer_ros_msgs/srv/get_trajectory_states.hpp\n'}
[3.055131] (cartographer_ros_msgs) StdoutLine: {'line': b'-- Up-to-date: /root/ros2_ws/install/cartographer_ros_msgs/include/cartographer_ros_msgs/cartographer_ros_msgs/srv/detail\n'}
[3.055447] (cartographer_ros_msgs) StdoutLine: {'line': b'-- Up-to-date: /root/ros2_ws/install/cartographer_ros_msgs/include/cartographer_ros_msgs/cartographer_ros_msgs/srv/detail/trajectory_query__builder.hpp\n'}
[3.055789] (cartographer_ros_msgs) StdoutLine: {'line': b'-- Up-to-date: /root/ros2_ws/install/cartographer_ros_msgs/include/cartographer_ros_msgs/cartographer_ros_msgs/srv/detail/submap_query__struct.hpp\n'}
[3.056103] (cartographer_ros_msgs) StdoutLine: {'line': b'-- Up-to-date: /root/ros2_ws/install/cartographer_ros_msgs/include/cartographer_ros_msgs/cartographer_ros_msgs/srv/detail/submap_query__builder.hpp\n'}
[3.056353] (cartographer_ros_msgs) StdoutLine: {'line': b'-- Up-to-date: /root/ros2_ws/install/cartographer_ros_msgs/include/cartographer_ros_msgs/cartographer_ros_msgs/srv/detail/submap_query__traits.hpp\n'}
[3.060052] (cartographer_ros_msgs) StdoutLine: {'line': b'-- Up-to-date: /root/ros2_ws/install/cartographer_ros_msgs/include/cartographer_ros_msgs/cartographer_ros_msgs/srv/detail/write_state__traits.hpp\n'}
[3.060476] (cartographer_ros_msgs) StdoutLine: {'line': b'-- Up-to-date: /root/ros2_ws/install/cartographer_ros_msgs/include/cartographer_ros_msgs/cartographer_ros_msgs/srv/detail/start_trajectory__struct.hpp\n'}
[3.062168] (cartographer_ros_msgs) StdoutLine: {'line': b'-- Up-to-date: /root/ros2_ws/install/cartographer_ros_msgs/include/cartographer_ros_msgs/cartographer_ros_msgs/srv/detail/get_trajectory_states__builder.hpp\n'}
[3.062538] (cartographer_ros_msgs) StdoutLine: {'line': b'-- Up-to-date: /root/ros2_ws/install/cartographer_ros_msgs/include/cartographer_ros_msgs/cartographer_ros_msgs/srv/detail/get_trajectory_states__struct.hpp\n'}
[3.062846] (cartographer_ros_msgs) StdoutLine: {'line': b'-- Up-to-date: /root/ros2_ws/install/cartographer_ros_msgs/include/cartographer_ros_msgs/cartographer_ros_msgs/srv/detail/trajectory_query__traits.hpp\n'}
[3.064146] (cartographer_ros_msgs) StdoutLine: {'line': b'-- Up-to-date: /root/ros2_ws/install/cartographer_ros_msgs/include/cartographer_ros_msgs/cartographer_ros_msgs/srv/detail/finish_trajectory__type_support.hpp\n'}
[3.064551] (cartographer_ros_msgs) StdoutLine: {'line': b'-- Up-to-date: /root/ros2_ws/install/cartographer_ros_msgs/include/cartographer_ros_msgs/cartographer_ros_msgs/srv/detail/finish_trajectory__struct.hpp\n'}
[3.064960] (cartographer_ros_msgs) StdoutLine: {'line': b'-- Up-to-date: /root/ros2_ws/install/cartographer_ros_msgs/include/cartographer_ros_msgs/cartographer_ros_msgs/srv/detail/read_metrics__builder.hpp\n'}
[3.065262] (cartographer_ros_msgs) StdoutLine: {'line': b'-- Up-to-date: /root/ros2_ws/install/cartographer_ros_msgs/include/cartographer_ros_msgs/cartographer_ros_msgs/srv/detail/read_metrics__traits.hpp\n'}
[3.065572] (cartographer_ros_msgs) StdoutLine: {'line': b'-- Up-to-date: /root/ros2_ws/install/cartographer_ros_msgs/include/cartographer_ros_msgs/cartographer_ros_msgs/srv/detail/read_metrics__type_support.hpp\n'}
[3.067711] (cartographer_ros_msgs) StdoutLine: {'line': b'-- Up-to-date: /root/ros2_ws/install/cartographer_ros_msgs/include/cartographer_ros_msgs/cartographer_ros_msgs/srv/detail/start_trajectory__traits.hpp\n'}
[3.068144] (cartographer_ros_msgs) StdoutLine: {'line': b'-- Up-to-date: /root/ros2_ws/install/cartographer_ros_msgs/include/cartographer_ros_msgs/cartographer_ros_msgs/srv/detail/write_state__builder.hpp\n'}
[3.068476] (cartographer_ros_msgs) StdoutLine: {'line': b'-- Up-to-date: /root/ros2_ws/install/cartographer_ros_msgs/include/cartographer_ros_msgs/cartographer_ros_msgs/srv/detail/trajectory_query__type_support.hpp\n'}
[3.069029] (cartographer_ros_msgs) StdoutLine: {'line': b'-- Up-to-date: /root/ros2_ws/install/cartographer_ros_msgs/include/cartographer_ros_msgs/cartographer_ros_msgs/srv/detail/finish_trajectory__traits.hpp\n'}
[3.069511] (cartographer_ros_msgs) StdoutLine: {'line': b'-- Up-to-date: /root/ros2_ws/install/cartographer_ros_msgs/include/cartographer_ros_msgs/cartographer_ros_msgs/srv/detail/submap_query__type_support.hpp\n'}
[3.069898] (cartographer_ros_msgs) StdoutLine: {'line': b'-- Up-to-date: /root/ros2_ws/install/cartographer_ros_msgs/include/cartographer_ros_msgs/cartographer_ros_msgs/srv/detail/finish_trajectory__builder.hpp\n'}
[3.070257] (cartographer_ros_msgs) StdoutLine: {'line': b'-- Up-to-date: /root/ros2_ws/install/cartographer_ros_msgs/include/cartographer_ros_msgs/cartographer_ros_msgs/srv/detail/start_trajectory__builder.hpp\n'}
[3.070503] (cartographer_ros_msgs) StdoutLine: {'line': b'-- Up-to-date: /root/ros2_ws/install/cartographer_ros_msgs/include/cartographer_ros_msgs/cartographer_ros_msgs/srv/detail/trajectory_query__struct.hpp\n'}
[3.070768] (cartographer_ros_msgs) StdoutLine: {'line': b'-- Up-to-date: /root/ros2_ws/install/cartographer_ros_msgs/include/cartographer_ros_msgs/cartographer_ros_msgs/srv/detail/start_trajectory__type_support.hpp\n'}
[3.071022] (cartographer_ros_msgs) StdoutLine: {'line': b'-- Up-to-date: /root/ros2_ws/install/cartographer_ros_msgs/include/cartographer_ros_msgs/cartographer_ros_msgs/srv/detail/write_state__type_support.hpp\n'}
[3.071270] (cartographer_ros_msgs) StdoutLine: {'line': b'-- Up-to-date: /root/ros2_ws/install/cartographer_ros_msgs/include/cartographer_ros_msgs/cartographer_ros_msgs/srv/detail/write_state__struct.hpp\n'}
[3.071584] (cartographer_ros_msgs) StdoutLine: {'line': b'-- Up-to-date: /root/ros2_ws/install/cartographer_ros_msgs/include/cartographer_ros_msgs/cartographer_ros_msgs/srv/detail/get_trajectory_states__type_support.hpp\n'}
[3.071905] (cartographer_ros_msgs) StdoutLine: {'line': b'-- Up-to-date: /root/ros2_ws/install/cartographer_ros_msgs/include/cartographer_ros_msgs/cartographer_ros_msgs/srv/detail/get_trajectory_states__traits.hpp\n'}
[3.072143] (cartographer_ros_msgs) StdoutLine: {'line': b'-- Up-to-date: /root/ros2_ws/install/cartographer_ros_msgs/include/cartographer_ros_msgs/cartographer_ros_msgs/srv/detail/read_metrics__struct.hpp\n'}
[3.072375] (cartographer_ros_msgs) StdoutLine: {'line': b'-- Up-to-date: /root/ros2_ws/install/cartographer_ros_msgs/include/cartographer_ros_msgs/cartographer_ros_msgs/srv/write_state.hpp\n'}
[3.072615] (cartographer_ros_msgs) StdoutLine: {'line': b'-- Up-to-date: /root/ros2_ws/install/cartographer_ros_msgs/include/cartographer_ros_msgs/cartographer_ros_msgs/msg\n'}
[3.072945] (cartographer_ros_msgs) StdoutLine: {'line': b'-- Up-to-date: /root/ros2_ws/install/cartographer_ros_msgs/include/cartographer_ros_msgs/cartographer_ros_msgs/msg/landmark_entry.hpp\n'}
[3.073257] (cartographer_ros_msgs) StdoutLine: {'line': b'-- Up-to-date: /root/ros2_ws/install/cartographer_ros_msgs/include/cartographer_ros_msgs/cartographer_ros_msgs/msg/status_code.hpp\n'}
[3.073496] (cartographer_ros_msgs) StdoutLine: {'line': b'-- Up-to-date: /root/ros2_ws/install/cartographer_ros_msgs/include/cartographer_ros_msgs/cartographer_ros_msgs/msg/metric_family.hpp\n'}
[3.073770] (cartographer_ros_msgs) StdoutLine: {'line': b'-- Up-to-date: /root/ros2_ws/install/cartographer_ros_msgs/include/cartographer_ros_msgs/cartographer_ros_msgs/msg/trajectory_states.hpp\n'}
[3.074046] (cartographer_ros_msgs) StdoutLine: {'line': b'-- Up-to-date: /root/ros2_ws/install/cartographer_ros_msgs/include/cartographer_ros_msgs/cartographer_ros_msgs/msg/histogram_bucket.hpp\n'}
[3.074388] (cartographer_ros_msgs) StdoutLine: {'line': b'-- Up-to-date: /root/ros2_ws/install/cartographer_ros_msgs/include/cartographer_ros_msgs/cartographer_ros_msgs/msg/status_response.hpp\n'}
[3.075086] (cartographer_ros_msgs) StdoutLine: {'line': b'-- Up-to-date: /root/ros2_ws/install/cartographer_ros_msgs/include/cartographer_ros_msgs/cartographer_ros_msgs/msg/rosidl_generator_cpp__visibility_control.hpp\n'}
[3.075590] (cartographer_ros_msgs) StdoutLine: {'line': b'-- Up-to-date: /root/ros2_ws/install/cartographer_ros_msgs/include/cartographer_ros_msgs/cartographer_ros_msgs/msg/metric.hpp\n'}
[3.076243] (cartographer_ros_msgs) StdoutLine: {'line': b'-- Up-to-date: /root/ros2_ws/install/cartographer_ros_msgs/include/cartographer_ros_msgs/cartographer_ros_msgs/msg/submap_list.hpp\n'}
[3.076785] (cartographer_ros_msgs) StdoutLine: {'line': b'-- Up-to-date: /root/ros2_ws/install/cartographer_ros_msgs/include/cartographer_ros_msgs/cartographer_ros_msgs/msg/bagfile_progress.hpp\n'}
[3.077120] (cartographer_ros_msgs) StdoutLine: {'line': b'-- Up-to-date: /root/ros2_ws/install/cartographer_ros_msgs/include/cartographer_ros_msgs/cartographer_ros_msgs/msg/landmark_list.hpp\n'}
[3.077345] (cartographer_ros_msgs) StdoutLine: {'line': b'-- Up-to-date: /root/ros2_ws/install/cartographer_ros_msgs/include/cartographer_ros_msgs/cartographer_ros_msgs/msg/submap_entry.hpp\n'}
[3.077568] (cartographer_ros_msgs) StdoutLine: {'line': b'-- Up-to-date: /root/ros2_ws/install/cartographer_ros_msgs/include/cartographer_ros_msgs/cartographer_ros_msgs/msg/detail\n'}
[3.077849] (cartographer_ros_msgs) StdoutLine: {'line': b'-- Up-to-date: /root/ros2_ws/install/cartographer_ros_msgs/include/cartographer_ros_msgs/cartographer_ros_msgs/msg/detail/submap_texture__builder.hpp\n'}
[3.078045] (cartographer_ros_msgs) StdoutLine: {'line': b'-- Up-to-date: /root/ros2_ws/install/cartographer_ros_msgs/include/cartographer_ros_msgs/cartographer_ros_msgs/msg/detail/landmark_list__traits.hpp\n'}
[3.078263] (cartographer_ros_msgs) StdoutLine: {'line': b'-- Up-to-date: /root/ros2_ws/install/cartographer_ros_msgs/include/cartographer_ros_msgs/cartographer_ros_msgs/msg/detail/histogram_bucket__builder.hpp\n'}
[3.078518] (cartographer_ros_msgs) StdoutLine: {'line': b'-- Up-to-date: /root/ros2_ws/install/cartographer_ros_msgs/include/cartographer_ros_msgs/cartographer_ros_msgs/msg/detail/status_code__builder.hpp\n'}
[3.079079] (cartographer_ros_msgs) StdoutLine: {'line': b'-- Up-to-date: /root/ros2_ws/install/cartographer_ros_msgs/include/cartographer_ros_msgs/cartographer_ros_msgs/msg/detail/metric_family__traits.hpp\n'}
[3.079401] (cartographer_ros_msgs) StdoutLine: {'line': b'-- Up-to-date: /root/ros2_ws/install/cartographer_ros_msgs/include/cartographer_ros_msgs/cartographer_ros_msgs/msg/detail/landmark_list__struct.hpp\n'}
[3.079689] (cartographer_ros_msgs) StdoutLine: {'line': b'-- Up-to-date: /root/ros2_ws/install/cartographer_ros_msgs/include/cartographer_ros_msgs/cartographer_ros_msgs/msg/detail/metric__builder.hpp\n'}
[3.080070] (cartographer_ros_msgs) StdoutLine: {'line': b'-- Up-to-date: /root/ros2_ws/install/cartographer_ros_msgs/include/cartographer_ros_msgs/cartographer_ros_msgs/msg/detail/landmark_entry__struct.hpp\n'}
[3.080369] (cartographer_ros_msgs) StdoutLine: {'line': b'-- Up-to-date: /root/ros2_ws/install/cartographer_ros_msgs/include/cartographer_ros_msgs/cartographer_ros_msgs/msg/detail/submap_texture__traits.hpp\n'}
[3.080695] (cartographer_ros_msgs) StdoutLine: {'line': b'-- Up-to-date: /root/ros2_ws/install/cartographer_ros_msgs/include/cartographer_ros_msgs/cartographer_ros_msgs/msg/detail/status_code__traits.hpp\n'}
[3.081026] (cartographer_ros_msgs) StdoutLine: {'line': b'-- Up-to-date: /root/ros2_ws/install/cartographer_ros_msgs/include/cartographer_ros_msgs/cartographer_ros_msgs/msg/detail/metric__struct.hpp\n'}
[3.081302] (cartographer_ros_msgs) StdoutLine: {'line': b'-- Up-to-date: /root/ros2_ws/install/cartographer_ros_msgs/include/cartographer_ros_msgs/cartographer_ros_msgs/msg/detail/submap_texture__type_support.hpp\n'}
[3.081603] (cartographer_ros_msgs) StdoutLine: {'line': b'-- Up-to-date: /root/ros2_ws/install/cartographer_ros_msgs/include/cartographer_ros_msgs/cartographer_ros_msgs/msg/detail/trajectory_states__builder.hpp\n'}
[3.082007] (cartographer_ros_msgs) StdoutLine: {'line': b'-- Up-to-date: /root/ros2_ws/install/cartographer_ros_msgs/include/cartographer_ros_msgs/cartographer_ros_msgs/msg/detail/trajectory_states__type_support.hpp\n'}
[3.082320] (cartographer_ros_msgs) StdoutLine: {'line': b'-- Up-to-date: /root/ros2_ws/install/cartographer_ros_msgs/include/cartographer_ros_msgs/cartographer_ros_msgs/msg/detail/histogram_bucket__struct.hpp\n'}
[3.082590] (cartographer_ros_msgs) StdoutLine: {'line': b'-- Up-to-date: /root/ros2_ws/install/cartographer_ros_msgs/include/cartographer_ros_msgs/cartographer_ros_msgs/msg/detail/bagfile_progress__traits.hpp\n'}
[3.082919] (cartographer_ros_msgs) StdoutLine: {'line': b'-- Up-to-date: /root/ros2_ws/install/cartographer_ros_msgs/include/cartographer_ros_msgs/cartographer_ros_msgs/msg/detail/metric_label__struct.hpp\n'}
[3.083195] (cartographer_ros_msgs) StdoutLine: {'line': b'-- Up-to-date: /root/ros2_ws/install/cartographer_ros_msgs/include/cartographer_ros_msgs/cartographer_ros_msgs/msg/detail/submap_entry__type_support.hpp\n'}
[3.083503] (cartographer_ros_msgs) StdoutLine: {'line': b'-- Up-to-date: /root/ros2_ws/install/cartographer_ros_msgs/include/cartographer_ros_msgs/cartographer_ros_msgs/msg/detail/metric_label__traits.hpp\n'}
[3.084049] (cartographer_ros_msgs) StdoutLine: {'line': b'-- Up-to-date: /root/ros2_ws/install/cartographer_ros_msgs/include/cartographer_ros_msgs/cartographer_ros_msgs/msg/detail/bagfile_progress__builder.hpp\n'}
[3.084447] (cartographer_ros_msgs) StdoutLine: {'line': b'-- Up-to-date: /root/ros2_ws/install/cartographer_ros_msgs/include/cartographer_ros_msgs/cartographer_ros_msgs/msg/detail/landmark_entry__traits.hpp\n'}
[3.084749] (cartographer_ros_msgs) StdoutLine: {'line': b'-- Up-to-date: /root/ros2_ws/install/cartographer_ros_msgs/include/cartographer_ros_msgs/cartographer_ros_msgs/msg/detail/trajectory_states__struct.hpp\n'}
[3.085048] (cartographer_ros_msgs) StdoutLine: {'line': b'-- Up-to-date: /root/ros2_ws/install/cartographer_ros_msgs/include/cartographer_ros_msgs/cartographer_ros_msgs/msg/detail/landmark_list__builder.hpp\n'}
[3.085306] (cartographer_ros_msgs) StdoutLine: {'line': b'-- Up-to-date: /root/ros2_ws/install/cartographer_ros_msgs/include/cartographer_ros_msgs/cartographer_ros_msgs/msg/detail/submap_list__builder.hpp\n'}
[3.085584] (cartographer_ros_msgs) StdoutLine: {'line': b'-- Up-to-date: /root/ros2_ws/install/cartographer_ros_msgs/include/cartographer_ros_msgs/cartographer_ros_msgs/msg/detail/bagfile_progress__struct.hpp\n'}
[3.085866] (cartographer_ros_msgs) StdoutLine: {'line': b'-- Up-to-date: /root/ros2_ws/install/cartographer_ros_msgs/include/cartographer_ros_msgs/cartographer_ros_msgs/msg/detail/submap_entry__traits.hpp\n'}
[3.086109] (cartographer_ros_msgs) StdoutLine: {'line': b'-- Up-to-date: /root/ros2_ws/install/cartographer_ros_msgs/include/cartographer_ros_msgs/cartographer_ros_msgs/msg/detail/landmark_entry__builder.hpp\n'}
[3.086358] (cartographer_ros_msgs) StdoutLine: {'line': b'-- Up-to-date: /root/ros2_ws/install/cartographer_ros_msgs/include/cartographer_ros_msgs/cartographer_ros_msgs/msg/detail/status_response__builder.hpp\n'}
[3.086592] (cartographer_ros_msgs) StdoutLine: {'line': b'-- Up-to-date: /root/ros2_ws/install/cartographer_ros_msgs/include/cartographer_ros_msgs/cartographer_ros_msgs/msg/detail/metric_family__type_support.hpp\n'}
[3.086844] (cartographer_ros_msgs) StdoutLine: {'line': b'-- Up-to-date: /root/ros2_ws/install/cartographer_ros_msgs/include/cartographer_ros_msgs/cartographer_ros_msgs/msg/detail/submap_entry__struct.hpp\n'}
[3.087150] (cartographer_ros_msgs) StdoutLine: {'line': b'-- Up-to-date: /root/ros2_ws/install/cartographer_ros_msgs/include/cartographer_ros_msgs/cartographer_ros_msgs/msg/detail/metric_label__type_support.hpp\n'}
[3.087409] (cartographer_ros_msgs) StdoutLine: {'line': b'-- Up-to-date: /root/ros2_ws/install/cartographer_ros_msgs/include/cartographer_ros_msgs/cartographer_ros_msgs/msg/detail/bagfile_progress__type_support.hpp\n'}
[3.087706] (cartographer_ros_msgs) StdoutLine: {'line': b'-- Up-to-date: /root/ros2_ws/install/cartographer_ros_msgs/include/cartographer_ros_msgs/cartographer_ros_msgs/msg/detail/status_response__type_support.hpp\n'}
[3.088054] (cartographer_ros_msgs) StdoutLine: {'line': b'-- Up-to-date: /root/ros2_ws/install/cartographer_ros_msgs/include/cartographer_ros_msgs/cartographer_ros_msgs/msg/detail/histogram_bucket__type_support.hpp\n'}
[3.088328] (cartographer_ros_msgs) StdoutLine: {'line': b'-- Up-to-date: /root/ros2_ws/install/cartographer_ros_msgs/include/cartographer_ros_msgs/cartographer_ros_msgs/msg/detail/metric__type_support.hpp\n'}
[3.088621] (cartographer_ros_msgs) StdoutLine: {'line': b'-- Up-to-date: /root/ros2_ws/install/cartographer_ros_msgs/include/cartographer_ros_msgs/cartographer_ros_msgs/msg/detail/submap_list__traits.hpp\n'}
[3.088927] (cartographer_ros_msgs) StdoutLine: {'line': b'-- Up-to-date: /root/ros2_ws/install/cartographer_ros_msgs/include/cartographer_ros_msgs/cartographer_ros_msgs/msg/detail/trajectory_states__traits.hpp\n'}
[3.089189] (cartographer_ros_msgs) StdoutLine: {'line': b'-- Up-to-date: /root/ros2_ws/install/cartographer_ros_msgs/include/cartographer_ros_msgs/cartographer_ros_msgs/msg/detail/status_response__traits.hpp\n'}
[3.089418] (cartographer_ros_msgs) StdoutLine: {'line': b'-- Up-to-date: /root/ros2_ws/install/cartographer_ros_msgs/include/cartographer_ros_msgs/cartographer_ros_msgs/msg/detail/metric__traits.hpp\n'}
[3.089784] (cartographer_ros_msgs) StdoutLine: {'line': b'-- Up-to-date: /root/ros2_ws/install/cartographer_ros_msgs/include/cartographer_ros_msgs/cartographer_ros_msgs/msg/detail/metric_family__struct.hpp\n'}
[3.090082] (cartographer_ros_msgs) StdoutLine: {'line': b'-- Up-to-date: /root/ros2_ws/install/cartographer_ros_msgs/include/cartographer_ros_msgs/cartographer_ros_msgs/msg/detail/submap_list__struct.hpp\n'}
[3.090332] (cartographer_ros_msgs) StdoutLine: {'line': b'-- Up-to-date: /root/ros2_ws/install/cartographer_ros_msgs/include/cartographer_ros_msgs/cartographer_ros_msgs/msg/detail/metric_family__builder.hpp\n'}
[3.090603] (cartographer_ros_msgs) StdoutLine: {'line': b'-- Up-to-date: /root/ros2_ws/install/cartographer_ros_msgs/include/cartographer_ros_msgs/cartographer_ros_msgs/msg/detail/status_code__struct.hpp\n'}
[3.090903] (cartographer_ros_msgs) StdoutLine: {'line': b'-- Up-to-date: /root/ros2_ws/install/cartographer_ros_msgs/include/cartographer_ros_msgs/cartographer_ros_msgs/msg/detail/submap_entry__builder.hpp\n'}
[3.091166] (cartographer_ros_msgs) StdoutLine: {'line': b'-- Up-to-date: /root/ros2_ws/install/cartographer_ros_msgs/include/cartographer_ros_msgs/cartographer_ros_msgs/msg/detail/submap_list__type_support.hpp\n'}
[3.091443] (cartographer_ros_msgs) StdoutLine: {'line': b'-- Up-to-date: /root/ros2_ws/install/cartographer_ros_msgs/include/cartographer_ros_msgs/cartographer_ros_msgs/msg/detail/status_response__struct.hpp\n'}
[3.091932] (cartographer_ros_msgs) StdoutLine: {'line': b'-- Up-to-date: /root/ros2_ws/install/cartographer_ros_msgs/include/cartographer_ros_msgs/cartographer_ros_msgs/msg/detail/submap_texture__struct.hpp\n'}
[3.092478] (cartographer_ros_msgs) StdoutLine: {'line': b'-- Up-to-date: /root/ros2_ws/install/cartographer_ros_msgs/include/cartographer_ros_msgs/cartographer_ros_msgs/msg/detail/landmark_list__type_support.hpp\n'}
[3.092806] (cartographer_ros_msgs) StdoutLine: {'line': b'-- Up-to-date: /root/ros2_ws/install/cartographer_ros_msgs/include/cartographer_ros_msgs/cartographer_ros_msgs/msg/detail/histogram_bucket__traits.hpp\n'}
[3.093051] (cartographer_ros_msgs) StdoutLine: {'line': b'-- Up-to-date: /root/ros2_ws/install/cartographer_ros_msgs/include/cartographer_ros_msgs/cartographer_ros_msgs/msg/detail/status_code__type_support.hpp\n'}
[3.093296] (cartographer_ros_msgs) StdoutLine: {'line': b'-- Up-to-date: /root/ros2_ws/install/cartographer_ros_msgs/include/cartographer_ros_msgs/cartographer_ros_msgs/msg/detail/landmark_entry__type_support.hpp\n'}
[3.093540] (cartographer_ros_msgs) StdoutLine: {'line': b'-- Up-to-date: /root/ros2_ws/install/cartographer_ros_msgs/include/cartographer_ros_msgs/cartographer_ros_msgs/msg/detail/metric_label__builder.hpp\n'}
[3.093792] (cartographer_ros_msgs) StdoutLine: {'line': b'-- Up-to-date: /root/ros2_ws/install/cartographer_ros_msgs/include/cartographer_ros_msgs/cartographer_ros_msgs/msg/submap_texture.hpp\n'}
[3.094051] (cartographer_ros_msgs) StdoutLine: {'line': b'-- Up-to-date: /root/ros2_ws/install/cartographer_ros_msgs/include/cartographer_ros_msgs/cartographer_ros_msgs/msg/metric_label.hpp\n'}
[3.094296] (cartographer_ros_msgs) StdoutLine: {'line': b'-- Up-to-date: /root/ros2_ws/install/cartographer_ros_msgs/include/cartographer_ros_msgs/cartographer_ros_msgs\n'}
[3.094542] (cartographer_ros_msgs) StdoutLine: {'line': b'-- Up-to-date: /root/ros2_ws/install/cartographer_ros_msgs/include/cartographer_ros_msgs/cartographer_ros_msgs/srv\n'}
[3.094865] (cartographer_ros_msgs) StdoutLine: {'line': b'-- Up-to-date: /root/ros2_ws/install/cartographer_ros_msgs/include/cartographer_ros_msgs/cartographer_ros_msgs/srv/detail\n'}
[3.095131] (cartographer_ros_msgs) StdoutLine: {'line': b'-- Up-to-date: /root/ros2_ws/install/cartographer_ros_msgs/include/cartographer_ros_msgs/cartographer_ros_msgs/srv/detail/get_trajectory_states__rosidl_typesupport_fastrtps_cpp.hpp\n'}
[3.095717] (cartographer_ros_msgs) StdoutLine: {'line': b'-- Up-to-date: /root/ros2_ws/install/cartographer_ros_msgs/include/cartographer_ros_msgs/cartographer_ros_msgs/srv/detail/read_metrics__rosidl_typesupport_fastrtps_cpp.hpp\n'}
[3.096015] (cartographer_ros_msgs) StdoutLine: {'line': b'-- Up-to-date: /root/ros2_ws/install/cartographer_ros_msgs/include/cartographer_ros_msgs/cartographer_ros_msgs/srv/detail/trajectory_query__rosidl_typesupport_fastrtps_cpp.hpp\n'}
[3.096256] (cartographer_ros_msgs) StdoutLine: {'line': b'-- Up-to-date: /root/ros2_ws/install/cartographer_ros_msgs/include/cartographer_ros_msgs/cartographer_ros_msgs/srv/detail/write_state__rosidl_typesupport_fastrtps_cpp.hpp\n'}
[3.096509] (cartographer_ros_msgs) StdoutLine: {'line': b'-- Up-to-date: /root/ros2_ws/install/cartographer_ros_msgs/include/cartographer_ros_msgs/cartographer_ros_msgs/srv/detail/dds_fastrtps\n'}
[3.096879] (cartographer_ros_msgs) StdoutLine: {'line': b'-- Up-to-date: /root/ros2_ws/install/cartographer_ros_msgs/include/cartographer_ros_msgs/cartographer_ros_msgs/srv/detail/finish_trajectory__rosidl_typesupport_fastrtps_cpp.hpp\n'}
[3.097131] (cartographer_ros_msgs) StdoutLine: {'line': b'-- Up-to-date: /root/ros2_ws/install/cartographer_ros_msgs/include/cartographer_ros_msgs/cartographer_ros_msgs/srv/detail/submap_query__rosidl_typesupport_fastrtps_cpp.hpp\n'}
[3.097432] (cartographer_ros_msgs) StdoutLine: {'line': b'-- Up-to-date: /root/ros2_ws/install/cartographer_ros_msgs/include/cartographer_ros_msgs/cartographer_ros_msgs/srv/detail/start_trajectory__rosidl_typesupport_fastrtps_cpp.hpp\n'}
[3.097722] (cartographer_ros_msgs) StdoutLine: {'line': b'-- Up-to-date: /root/ros2_ws/install/cartographer_ros_msgs/include/cartographer_ros_msgs/cartographer_ros_msgs/msg\n'}
[3.097987] (cartographer_ros_msgs) StdoutLine: {'line': b'-- Up-to-date: /root/ros2_ws/install/cartographer_ros_msgs/include/cartographer_ros_msgs/cartographer_ros_msgs/msg/rosidl_typesupport_fastrtps_cpp__visibility_control.h\n'}
[3.098270] (cartographer_ros_msgs) StdoutLine: {'line': b'-- Up-to-date: /root/ros2_ws/install/cartographer_ros_msgs/include/cartographer_ros_msgs/cartographer_ros_msgs/msg/detail\n'}
[3.098550] (cartographer_ros_msgs) StdoutLine: {'line': b'-- Up-to-date: /root/ros2_ws/install/cartographer_ros_msgs/include/cartographer_ros_msgs/cartographer_ros_msgs/msg/detail/status_code__rosidl_typesupport_fastrtps_cpp.hpp\n'}
[3.098828] (cartographer_ros_msgs) StdoutLine: {'line': b'-- Up-to-date: /root/ros2_ws/install/cartographer_ros_msgs/include/cartographer_ros_msgs/cartographer_ros_msgs/msg/detail/metric_family__rosidl_typesupport_fastrtps_cpp.hpp\n'}
[3.099106] (cartographer_ros_msgs) StdoutLine: {'line': b'-- Up-to-date: /root/ros2_ws/install/cartographer_ros_msgs/include/cartographer_ros_msgs/cartographer_ros_msgs/msg/detail/submap_entry__rosidl_typesupport_fastrtps_cpp.hpp\n'}
[3.099383] (cartographer_ros_msgs) StdoutLine: {'line': b'-- Up-to-date: /root/ros2_ws/install/cartographer_ros_msgs/include/cartographer_ros_msgs/cartographer_ros_msgs/msg/detail/status_response__rosidl_typesupport_fastrtps_cpp.hpp\n'}
[3.099645] (cartographer_ros_msgs) StdoutLine: {'line': b'-- Up-to-date: /root/ros2_ws/install/cartographer_ros_msgs/include/cartographer_ros_msgs/cartographer_ros_msgs/msg/detail/bagfile_progress__rosidl_typesupport_fastrtps_cpp.hpp\n'}
[3.100043] (cartographer_ros_msgs) StdoutLine: {'line': b'-- Up-to-date: /root/ros2_ws/install/cartographer_ros_msgs/include/cartographer_ros_msgs/cartographer_ros_msgs/msg/detail/submap_texture__rosidl_typesupport_fastrtps_cpp.hpp\n'}
[3.100323] (cartographer_ros_msgs) StdoutLine: {'line': b'-- Up-to-date: /root/ros2_ws/install/cartographer_ros_msgs/include/cartographer_ros_msgs/cartographer_ros_msgs/msg/detail/metric_label__rosidl_typesupport_fastrtps_cpp.hpp\n'}
[3.100578] (cartographer_ros_msgs) StdoutLine: {'line': b'-- Up-to-date: /root/ros2_ws/install/cartographer_ros_msgs/include/cartographer_ros_msgs/cartographer_ros_msgs/msg/detail/histogram_bucket__rosidl_typesupport_fastrtps_cpp.hpp\n'}
[3.100876] (cartographer_ros_msgs) StdoutLine: {'line': b'-- Up-to-date: /root/ros2_ws/install/cartographer_ros_msgs/include/cartographer_ros_msgs/cartographer_ros_msgs/msg/detail/dds_fastrtps\n'}
[3.101147] (cartographer_ros_msgs) StdoutLine: {'line': b'-- Up-to-date: /root/ros2_ws/install/cartographer_ros_msgs/include/cartographer_ros_msgs/cartographer_ros_msgs/msg/detail/metric__rosidl_typesupport_fastrtps_cpp.hpp\n'}
[3.101410] (cartographer_ros_msgs) StdoutLine: {'line': b'-- Up-to-date: /root/ros2_ws/install/cartographer_ros_msgs/include/cartographer_ros_msgs/cartographer_ros_msgs/msg/detail/submap_list__rosidl_typesupport_fastrtps_cpp.hpp\n'}
[3.101712] (cartographer_ros_msgs) StdoutLine: {'line': b'-- Up-to-date: /root/ros2_ws/install/cartographer_ros_msgs/include/cartographer_ros_msgs/cartographer_ros_msgs/msg/detail/trajectory_states__rosidl_typesupport_fastrtps_cpp.hpp\n'}
[3.102023] (cartographer_ros_msgs) StdoutLine: {'line': b'-- Up-to-date: /root/ros2_ws/install/cartographer_ros_msgs/include/cartographer_ros_msgs/cartographer_ros_msgs/msg/detail/landmark_entry__rosidl_typesupport_fastrtps_cpp.hpp\n'}
[3.102330] (cartographer_ros_msgs) StdoutLine: {'line': b'-- Up-to-date: /root/ros2_ws/install/cartographer_ros_msgs/include/cartographer_ros_msgs/cartographer_ros_msgs/msg/detail/landmark_list__rosidl_typesupport_fastrtps_cpp.hpp\n'}
[3.102565] (cartographer_ros_msgs) StdoutLine: {'line': b'-- Up-to-date: /root/ros2_ws/install/cartographer_ros_msgs/lib/libcartographer_ros_msgs__rosidl_typesupport_fastrtps_cpp.so\n'}
[3.102899] (cartographer_ros_msgs) StdoutLine: {'line': b'-- Up-to-date: /root/ros2_ws/install/cartographer_ros_msgs/include/cartographer_ros_msgs/cartographer_ros_msgs\n'}
[3.103230] (cartographer_ros_msgs) StdoutLine: {'line': b'-- Up-to-date: /root/ros2_ws/install/cartographer_ros_msgs/include/cartographer_ros_msgs/cartographer_ros_msgs/srv\n'}
[3.103505] (cartographer_ros_msgs) StdoutLine: {'line': b'-- Up-to-date: /root/ros2_ws/install/cartographer_ros_msgs/include/cartographer_ros_msgs/cartographer_ros_msgs/srv/detail\n'}
[3.103899] (cartographer_ros_msgs) StdoutLine: {'line': b'-- Up-to-date: /root/ros2_ws/install/cartographer_ros_msgs/include/cartographer_ros_msgs/cartographer_ros_msgs/srv/detail/read_metrics__rosidl_typesupport_introspection_cpp.hpp\n'}
[3.104256] (cartographer_ros_msgs) StdoutLine: {'line': b'-- Up-to-date: /root/ros2_ws/install/cartographer_ros_msgs/include/cartographer_ros_msgs/cartographer_ros_msgs/srv/detail/trajectory_query__rosidl_typesupport_introspection_cpp.hpp\n'}
[3.104552] (cartographer_ros_msgs) StdoutLine: {'line': b'-- Up-to-date: /root/ros2_ws/install/cartographer_ros_msgs/include/cartographer_ros_msgs/cartographer_ros_msgs/srv/detail/get_trajectory_states__rosidl_typesupport_introspection_cpp.hpp\n'}
[3.104973] (cartographer_ros_msgs) StdoutLine: {'line': b'-- Up-to-date: /root/ros2_ws/install/cartographer_ros_msgs/include/cartographer_ros_msgs/cartographer_ros_msgs/srv/detail/finish_trajectory__rosidl_typesupport_introspection_cpp.hpp\n'}
[3.105259] (cartographer_ros_msgs) StdoutLine: {'line': b'-- Up-to-date: /root/ros2_ws/install/cartographer_ros_msgs/include/cartographer_ros_msgs/cartographer_ros_msgs/srv/detail/start_trajectory__type_support.cpp\n'}
[3.105504] (cartographer_ros_msgs) StdoutLine: {'line': b'-- Up-to-date: /root/ros2_ws/install/cartographer_ros_msgs/include/cartographer_ros_msgs/cartographer_ros_msgs/srv/detail/write_state__rosidl_typesupport_introspection_cpp.hpp\n'}
[3.105788] (cartographer_ros_msgs) StdoutLine: {'line': b'-- Up-to-date: /root/ros2_ws/install/cartographer_ros_msgs/include/cartographer_ros_msgs/cartographer_ros_msgs/srv/detail/start_trajectory__rosidl_typesupport_introspection_cpp.hpp\n'}
[3.106025] (cartographer_ros_msgs) StdoutLine: {'line': b'-- Up-to-date: /root/ros2_ws/install/cartographer_ros_msgs/include/cartographer_ros_msgs/cartographer_ros_msgs/srv/detail/finish_trajectory__type_support.cpp\n'}
[3.106267] (cartographer_ros_msgs) StdoutLine: {'line': b'-- Up-to-date: /root/ros2_ws/install/cartographer_ros_msgs/include/cartographer_ros_msgs/cartographer_ros_msgs/srv/detail/submap_query__rosidl_typesupport_introspection_cpp.hpp\n'}
[3.106580] (cartographer_ros_msgs) StdoutLine: {'line': b'-- Up-to-date: /root/ros2_ws/install/cartographer_ros_msgs/include/cartographer_ros_msgs/cartographer_ros_msgs/srv/detail/trajectory_query__type_support.cpp\n'}
[3.106837] (cartographer_ros_msgs) StdoutLine: {'line': b'-- Up-to-date: /root/ros2_ws/install/cartographer_ros_msgs/include/cartographer_ros_msgs/cartographer_ros_msgs/srv/detail/write_state__type_support.cpp\n'}
[3.107072] (cartographer_ros_msgs) StdoutLine: {'line': b'-- Up-to-date: /root/ros2_ws/install/cartographer_ros_msgs/include/cartographer_ros_msgs/cartographer_ros_msgs/srv/detail/get_trajectory_states__type_support.cpp\n'}
[3.107334] (cartographer_ros_msgs) StdoutLine: {'line': b'-- Up-to-date: /root/ros2_ws/install/cartographer_ros_msgs/include/cartographer_ros_msgs/cartographer_ros_msgs/srv/detail/read_metrics__type_support.cpp\n'}
[3.107652] (cartographer_ros_msgs) StdoutLine: {'line': b'-- Up-to-date: /root/ros2_ws/install/cartographer_ros_msgs/include/cartographer_ros_msgs/cartographer_ros_msgs/srv/detail/submap_query__type_support.cpp\n'}
[3.108006] (cartographer_ros_msgs) StdoutLine: {'line': b'-- Up-to-date: /root/ros2_ws/install/cartographer_ros_msgs/include/cartographer_ros_msgs/cartographer_ros_msgs/msg\n'}
[3.108305] (cartographer_ros_msgs) StdoutLine: {'line': b'-- Up-to-date: /root/ros2_ws/install/cartographer_ros_msgs/include/cartographer_ros_msgs/cartographer_ros_msgs/msg/detail\n'}
[3.108646] (cartographer_ros_msgs) StdoutLine: {'line': b'-- Up-to-date: /root/ros2_ws/install/cartographer_ros_msgs/include/cartographer_ros_msgs/cartographer_ros_msgs/msg/detail/metric__type_support.cpp\n'}
[3.109060] (cartographer_ros_msgs) StdoutLine: {'line': b'-- Up-to-date: /root/ros2_ws/install/cartographer_ros_msgs/include/cartographer_ros_msgs/cartographer_ros_msgs/msg/detail/landmark_list__rosidl_typesupport_introspection_cpp.hpp\n'}
[3.111560] (cartographer_ros_msgs) StdoutLine: {'line': b'-- Up-to-date: /root/ros2_ws/install/cartographer_ros_msgs/include/cartographer_ros_msgs/cartographer_ros_msgs/msg/detail/submap_list__type_support.cpp\n'}
[3.112026] (-) TimerEvent: {}
[3.112556] (cartographer_ros_msgs) StdoutLine: {'line': b'-- Up-to-date: /root/ros2_ws/install/cartographer_ros_msgs/include/cartographer_ros_msgs/cartographer_ros_msgs/msg/detail/trajectory_states__type_support.cpp\n'}
[3.112939] (cartographer_ros_msgs) StdoutLine: {'line': b'-- Up-to-date: /root/ros2_ws/install/cartographer_ros_msgs/include/cartographer_ros_msgs/cartographer_ros_msgs/msg/detail/submap_entry__type_support.cpp\n'}
[3.113243] (cartographer_ros_msgs) StdoutLine: {'line': b'-- Up-to-date: /root/ros2_ws/install/cartographer_ros_msgs/include/cartographer_ros_msgs/cartographer_ros_msgs/msg/detail/bagfile_progress__type_support.cpp\n'}
[3.113535] (cartographer_ros_msgs) StdoutLine: {'line': b'-- Up-to-date: /root/ros2_ws/install/cartographer_ros_msgs/include/cartographer_ros_msgs/cartographer_ros_msgs/msg/detail/metric_family__rosidl_typesupport_introspection_cpp.hpp\n'}
[3.113783] (cartographer_ros_msgs) StdoutLine: {'line': b'-- Up-to-date: /root/ros2_ws/install/cartographer_ros_msgs/include/cartographer_ros_msgs/cartographer_ros_msgs/msg/detail/metric_label__rosidl_typesupport_introspection_cpp.hpp\n'}
[3.114061] (cartographer_ros_msgs) StdoutLine: {'line': b'-- Up-to-date: /root/ros2_ws/install/cartographer_ros_msgs/include/cartographer_ros_msgs/cartographer_ros_msgs/msg/detail/submap_list__rosidl_typesupport_introspection_cpp.hpp\n'}
[3.114302] (cartographer_ros_msgs) StdoutLine: {'line': b'-- Up-to-date: /root/ros2_ws/install/cartographer_ros_msgs/include/cartographer_ros_msgs/cartographer_ros_msgs/msg/detail/submap_texture__type_support.cpp\n'}
[3.114534] (cartographer_ros_msgs) StdoutLine: {'line': b'-- Up-to-date: /root/ros2_ws/install/cartographer_ros_msgs/include/cartographer_ros_msgs/cartographer_ros_msgs/msg/detail/histogram_bucket__type_support.cpp\n'}
[3.114843] (cartographer_ros_msgs) StdoutLine: {'line': b'-- Up-to-date: /root/ros2_ws/install/cartographer_ros_msgs/include/cartographer_ros_msgs/cartographer_ros_msgs/msg/detail/status_response__type_support.cpp\n'}
[3.115089] (cartographer_ros_msgs) StdoutLine: {'line': b'-- Up-to-date: /root/ros2_ws/install/cartographer_ros_msgs/include/cartographer_ros_msgs/cartographer_ros_msgs/msg/detail/metric_label__type_support.cpp\n'}
[3.115323] (cartographer_ros_msgs) StdoutLine: {'line': b'-- Up-to-date: /root/ros2_ws/install/cartographer_ros_msgs/include/cartographer_ros_msgs/cartographer_ros_msgs/msg/detail/metric__rosidl_typesupport_introspection_cpp.hpp\n'}
[3.115906] (cartographer_ros_msgs) StdoutLine: {'line': b'-- Up-to-date: /root/ros2_ws/install/cartographer_ros_msgs/include/cartographer_ros_msgs/cartographer_ros_msgs/msg/detail/landmark_list__type_support.cpp\n'}
[3.116272] (cartographer_ros_msgs) StdoutLine: {'line': b'-- Up-to-date: /root/ros2_ws/install/cartographer_ros_msgs/include/cartographer_ros_msgs/cartographer_ros_msgs/msg/detail/histogram_bucket__rosidl_typesupport_introspection_cpp.hpp\n'}
[3.116561] (cartographer_ros_msgs) StdoutLine: {'line': b'-- Up-to-date: /root/ros2_ws/install/cartographer_ros_msgs/include/cartographer_ros_msgs/cartographer_ros_msgs/msg/detail/bagfile_progress__rosidl_typesupport_introspection_cpp.hpp\n'}
[3.116934] (cartographer_ros_msgs) StdoutLine: {'line': b'-- Up-to-date: /root/ros2_ws/install/cartographer_ros_msgs/include/cartographer_ros_msgs/cartographer_ros_msgs/msg/detail/landmark_entry__type_support.cpp\n'}
[3.117320] (cartographer_ros_msgs) StdoutLine: {'line': b'-- Up-to-date: /root/ros2_ws/install/cartographer_ros_msgs/include/cartographer_ros_msgs/cartographer_ros_msgs/msg/detail/status_response__rosidl_typesupport_introspection_cpp.hpp\n'}
[3.117801] (cartographer_ros_msgs) StdoutLine: {'line': b'-- Up-to-date: /root/ros2_ws/install/cartographer_ros_msgs/include/cartographer_ros_msgs/cartographer_ros_msgs/msg/detail/status_code__type_support.cpp\n'}
[3.118143] (cartographer_ros_msgs) StdoutLine: {'line': b'-- Up-to-date: /root/ros2_ws/install/cartographer_ros_msgs/include/cartographer_ros_msgs/cartographer_ros_msgs/msg/detail/metric_family__type_support.cpp\n'}
[3.118382] (cartographer_ros_msgs) StdoutLine: {'line': b'-- Up-to-date: /root/ros2_ws/install/cartographer_ros_msgs/include/cartographer_ros_msgs/cartographer_ros_msgs/msg/detail/status_code__rosidl_typesupport_introspection_cpp.hpp\n'}
[3.118638] (cartographer_ros_msgs) StdoutLine: {'line': b'-- Up-to-date: /root/ros2_ws/install/cartographer_ros_msgs/include/cartographer_ros_msgs/cartographer_ros_msgs/msg/detail/trajectory_states__rosidl_typesupport_introspection_cpp.hpp\n'}
[3.118966] (cartographer_ros_msgs) StdoutLine: {'line': b'-- Up-to-date: /root/ros2_ws/install/cartographer_ros_msgs/include/cartographer_ros_msgs/cartographer_ros_msgs/msg/detail/submap_entry__rosidl_typesupport_introspection_cpp.hpp\n'}
[3.119222] (cartographer_ros_msgs) StdoutLine: {'line': b'-- Up-to-date: /root/ros2_ws/install/cartographer_ros_msgs/include/cartographer_ros_msgs/cartographer_ros_msgs/msg/detail/submap_texture__rosidl_typesupport_introspection_cpp.hpp\n'}
[3.119500] (cartographer_ros_msgs) StdoutLine: {'line': b'-- Up-to-date: /root/ros2_ws/install/cartographer_ros_msgs/include/cartographer_ros_msgs/cartographer_ros_msgs/msg/detail/landmark_entry__rosidl_typesupport_introspection_cpp.hpp\n'}
[3.119839] (cartographer) StdoutLine: {'line': b'[ 63%] Built target cartographer.common.thread_pool_test\n'}
[3.120126] (cartographer_ros_msgs) StdoutLine: {'line': b'-- Up-to-date: /root/ros2_ws/install/cartographer_ros_msgs/lib/libcartographer_ros_msgs__rosidl_typesupport_introspection_cpp.so\n'}
[3.120384] (cartographer_ros_msgs) StdoutLine: {'line': b'-- Up-to-date: /root/ros2_ws/install/cartographer_ros_msgs/lib/libcartographer_ros_msgs__rosidl_typesupport_cpp.so\n'}
[3.120730] (cartographer_ros_msgs) StdoutLine: {'line': b'-- Up-to-date: /root/ros2_ws/install/cartographer_ros_msgs/share/cartographer_ros_msgs/environment/pythonpath.sh\n'}
[3.121001] (cartographer_ros_msgs) StdoutLine: {'line': b'-- Up-to-date: /root/ros2_ws/install/cartographer_ros_msgs/share/cartographer_ros_msgs/environment/pythonpath.dsv\n'}
[3.121266] (cartographer_ros_msgs) StdoutLine: {'line': b'-- Up-to-date: /root/ros2_ws/install/cartographer_ros_msgs/local/lib/python3.10/dist-packages/cartographer_ros_msgs-2.0.9003-py3.10.egg-info\n'}
[3.121534] (cartographer_ros_msgs) StdoutLine: {'line': b'-- Installing: /root/ros2_ws/install/cartographer_ros_msgs/local/lib/python3.10/dist-packages/cartographer_ros_msgs-2.0.9003-py3.10.egg-info/top_level.txt\n'}
[3.121917] (cartographer_ros_msgs) StdoutLine: {'line': b'-- Installing: /root/ros2_ws/install/cartographer_ros_msgs/local/lib/python3.10/dist-packages/cartographer_ros_msgs-2.0.9003-py3.10.egg-info/SOURCES.txt\n'}
[3.122224] (cartographer_ros_msgs) StdoutLine: {'line': b'-- Installing: /root/ros2_ws/install/cartographer_ros_msgs/local/lib/python3.10/dist-packages/cartographer_ros_msgs-2.0.9003-py3.10.egg-info/PKG-INFO\n'}
[3.122488] (cartographer_ros_msgs) StdoutLine: {'line': b'-- Installing: /root/ros2_ws/install/cartographer_ros_msgs/local/lib/python3.10/dist-packages/cartographer_ros_msgs-2.0.9003-py3.10.egg-info/dependency_links.txt\n'}
[3.122870] (cartographer_ros_msgs) StdoutLine: {'line': b'-- Up-to-date: /root/ros2_ws/install/cartographer_ros_msgs/local/lib/python3.10/dist-packages/cartographer_ros_msgs\n'}
[3.123129] (cartographer_ros_msgs) StdoutLine: {'line': b'-- Up-to-date: /root/ros2_ws/install/cartographer_ros_msgs/local/lib/python3.10/dist-packages/cartographer_ros_msgs/libcartographer_ros_msgs__rosidl_generator_py.so\n'}
[3.123536] (cartographer_ros_msgs) StdoutLine: {'line': b'-- Up-to-date: /root/ros2_ws/install/cartographer_ros_msgs/local/lib/python3.10/dist-packages/cartographer_ros_msgs/cartographer_ros_msgs_s__rosidl_typesupport_fastrtps_c.cpython-310-x86_64-linux-gnu.so\n'}
[3.123873] (cartographer_ros_msgs) StdoutLine: {'line': b'-- Up-to-date: /root/ros2_ws/install/cartographer_ros_msgs/local/lib/python3.10/dist-packages/cartographer_ros_msgs/_cartographer_ros_msgs_s.ep.rosidl_typesupport_c.c\n'}
[3.124146] (cartographer_ros_msgs) StdoutLine: {'line': b'-- Up-to-date: /root/ros2_ws/install/cartographer_ros_msgs/local/lib/python3.10/dist-packages/cartographer_ros_msgs/_cartographer_ros_msgs_s.ep.rosidl_typesupport_introspection_c.c\n'}
[3.124412] (cartographer_ros_msgs) StdoutLine: {'line': b'-- Up-to-date: /root/ros2_ws/install/cartographer_ros_msgs/local/lib/python3.10/dist-packages/cartographer_ros_msgs/cartographer_ros_msgs_s__rosidl_typesupport_c.cpython-310-x86_64-linux-gnu.so\n'}
[3.124654] (cartographer_ros_msgs) StdoutLine: {'line': b'-- Up-to-date: /root/ros2_ws/install/cartographer_ros_msgs/local/lib/python3.10/dist-packages/cartographer_ros_msgs/cartographer_ros_msgs_s__rosidl_typesupport_introspection_c.cpython-310-x86_64-linux-gnu.so\n'}
[3.125036] (cartographer_ros_msgs) StdoutLine: {'line': b'-- Up-to-date: /root/ros2_ws/install/cartographer_ros_msgs/local/lib/python3.10/dist-packages/cartographer_ros_msgs/srv\n'}
[3.125314] (cartographer_ros_msgs) StdoutLine: {'line': b'-- Up-to-date: /root/ros2_ws/install/cartographer_ros_msgs/local/lib/python3.10/dist-packages/cartographer_ros_msgs/srv/_write_state.py\n'}
[3.125564] (cartographer_ros_msgs) StdoutLine: {'line': b'-- Up-to-date: /root/ros2_ws/install/cartographer_ros_msgs/local/lib/python3.10/dist-packages/cartographer_ros_msgs/srv/_start_trajectory_s.c\n'}
[3.125908] (cartographer_ros_msgs) StdoutLine: {'line': b'-- Up-to-date: /root/ros2_ws/install/cartographer_ros_msgs/local/lib/python3.10/dist-packages/cartographer_ros_msgs/srv/_submap_query.py\n'}
[3.126241] (cartographer_ros_msgs) StdoutLine: {'line': b'-- Up-to-date: /root/ros2_ws/install/cartographer_ros_msgs/local/lib/python3.10/dist-packages/cartographer_ros_msgs/srv/_read_metrics_s.c\n'}
[3.126555] (cartographer_ros_msgs) StdoutLine: {'line': b'-- Up-to-date: /root/ros2_ws/install/cartographer_ros_msgs/local/lib/python3.10/dist-packages/cartographer_ros_msgs/srv/_finish_trajectory.py\n'}
[3.127050] (cartographer_ros_msgs) StdoutLine: {'line': b'-- Up-to-date: /root/ros2_ws/install/cartographer_ros_msgs/local/lib/python3.10/dist-packages/cartographer_ros_msgs/srv/_finish_trajectory_s.c\n'}
[3.127418] (cartographer_ros_msgs) StdoutLine: {'line': b'-- Up-to-date: /root/ros2_ws/install/cartographer_ros_msgs/local/lib/python3.10/dist-packages/cartographer_ros_msgs/srv/_get_trajectory_states_s.c\n'}
[3.127721] (cartographer_ros_msgs) StdoutLine: {'line': b'-- Up-to-date: /root/ros2_ws/install/cartographer_ros_msgs/local/lib/python3.10/dist-packages/cartographer_ros_msgs/srv/_get_trajectory_states.py\n'}
[3.127995] (cartographer_ros_msgs) StdoutLine: {'line': b'-- Up-to-date: /root/ros2_ws/install/cartographer_ros_msgs/local/lib/python3.10/dist-packages/cartographer_ros_msgs/srv/__init__.py\n'}
[3.128227] (cartographer_ros_msgs) StdoutLine: {'line': b'-- Up-to-date: /root/ros2_ws/install/cartographer_ros_msgs/local/lib/python3.10/dist-packages/cartographer_ros_msgs/srv/_write_state_s.c\n'}
[3.128452] (cartographer_ros_msgs) StdoutLine: {'line': b'-- Up-to-date: /root/ros2_ws/install/cartographer_ros_msgs/local/lib/python3.10/dist-packages/cartographer_ros_msgs/srv/_read_metrics.py\n'}
[3.128698] (cartographer_ros_msgs) StdoutLine: {'line': b'-- Up-to-date: /root/ros2_ws/install/cartographer_ros_msgs/local/lib/python3.10/dist-packages/cartographer_ros_msgs/srv/_trajectory_query_s.c\n'}
[3.128960] (cartographer_ros_msgs) StdoutLine: {'line': b'-- Up-to-date: /root/ros2_ws/install/cartographer_ros_msgs/local/lib/python3.10/dist-packages/cartographer_ros_msgs/srv/_start_trajectory.py\n'}
[3.129212] (cartographer_ros_msgs) StdoutLine: {'line': b'-- Up-to-date: /root/ros2_ws/install/cartographer_ros_msgs/local/lib/python3.10/dist-packages/cartographer_ros_msgs/srv/_trajectory_query.py\n'}
[3.129489] (cartographer_ros_msgs) StdoutLine: {'line': b'-- Up-to-date: /root/ros2_ws/install/cartographer_ros_msgs/local/lib/python3.10/dist-packages/cartographer_ros_msgs/srv/_submap_query_s.c\n'}
[3.129816] (cartographer_ros_msgs) StdoutLine: {'line': b'-- Up-to-date: /root/ros2_ws/install/cartographer_ros_msgs/local/lib/python3.10/dist-packages/cartographer_ros_msgs/msg\n'}
[3.130090] (cartographer_ros_msgs) StdoutLine: {'line': b'-- Up-to-date: /root/ros2_ws/install/cartographer_ros_msgs/local/lib/python3.10/dist-packages/cartographer_ros_msgs/msg/_submap_texture_s.c\n'}
[3.130354] (cartographer_ros_msgs) StdoutLine: {'line': b'-- Up-to-date: /root/ros2_ws/install/cartographer_ros_msgs/local/lib/python3.10/dist-packages/cartographer_ros_msgs/msg/_submap_texture.py\n'}
[3.130708] (cartographer_ros_msgs) StdoutLine: {'line': b'-- Up-to-date: /root/ros2_ws/install/cartographer_ros_msgs/local/lib/python3.10/dist-packages/cartographer_ros_msgs/msg/_metric.py\n'}
[3.130975] (cartographer_ros_msgs) StdoutLine: {'line': b'-- Up-to-date: /root/ros2_ws/install/cartographer_ros_msgs/local/lib/python3.10/dist-packages/cartographer_ros_msgs/msg/_status_code.py\n'}
[3.131213] (cartographer_ros_msgs) StdoutLine: {'line': b'-- Up-to-date: /root/ros2_ws/install/cartographer_ros_msgs/local/lib/python3.10/dist-packages/cartographer_ros_msgs/msg/_bagfile_progress.py\n'}
[3.131452] (cartographer_ros_msgs) StdoutLine: {'line': b'-- Up-to-date: /root/ros2_ws/install/cartographer_ros_msgs/local/lib/python3.10/dist-packages/cartographer_ros_msgs/msg/_landmark_entry.py\n'}
[3.131745] (cartographer_ros_msgs) StdoutLine: {'line': b'-- Up-to-date: /root/ros2_ws/install/cartographer_ros_msgs/local/lib/python3.10/dist-packages/cartographer_ros_msgs/msg/_trajectory_states.py\n'}
[3.131991] (cartographer_ros_msgs) StdoutLine: {'line': b'-- Up-to-date: /root/ros2_ws/install/cartographer_ros_msgs/local/lib/python3.10/dist-packages/cartographer_ros_msgs/msg/_bagfile_progress_s.c\n'}
[3.132272] (cartographer_ros_msgs) StdoutLine: {'line': b'-- Up-to-date: /root/ros2_ws/install/cartographer_ros_msgs/local/lib/python3.10/dist-packages/cartographer_ros_msgs/msg/_status_code_s.c\n'}
[3.132534] (cartographer_ros_msgs) StdoutLine: {'line': b'-- Up-to-date: /root/ros2_ws/install/cartographer_ros_msgs/local/lib/python3.10/dist-packages/cartographer_ros_msgs/msg/_submap_entry_s.c\n'}
[3.132898] (cartographer_ros_msgs) StdoutLine: {'line': b'-- Up-to-date: /root/ros2_ws/install/cartographer_ros_msgs/local/lib/python3.10/dist-packages/cartographer_ros_msgs/msg/_landmark_list.py\n'}
[3.133186] (cartographer_ros_msgs) StdoutLine: {'line': b'-- Up-to-date: /root/ros2_ws/install/cartographer_ros_msgs/local/lib/python3.10/dist-packages/cartographer_ros_msgs/msg/_metric_label_s.c\n'}
[3.133515] (cartographer_ros_msgs) StdoutLine: {'line': b'-- Up-to-date: /root/ros2_ws/install/cartographer_ros_msgs/local/lib/python3.10/dist-packages/cartographer_ros_msgs/msg/__init__.py\n'}
[3.133885] (cartographer_ros_msgs) StdoutLine: {'line': b'-- Up-to-date: /root/ros2_ws/install/cartographer_ros_msgs/local/lib/python3.10/dist-packages/cartographer_ros_msgs/msg/_metric_family_s.c\n'}
[3.134224] (cartographer_ros_msgs) StdoutLine: {'line': b'-- Up-to-date: /root/ros2_ws/install/cartographer_ros_msgs/local/lib/python3.10/dist-packages/cartographer_ros_msgs/msg/_submap_entry.py\n'}
[3.134495] (cartographer_ros_msgs) StdoutLine: {'line': b'-- Up-to-date: /root/ros2_ws/install/cartographer_ros_msgs/local/lib/python3.10/dist-packages/cartographer_ros_msgs/msg/_submap_list_s.c\n'}
[3.134831] (cartographer_ros_msgs) StdoutLine: {'line': b'-- Up-to-date: /root/ros2_ws/install/cartographer_ros_msgs/local/lib/python3.10/dist-packages/cartographer_ros_msgs/msg/_histogram_bucket_s.c\n'}
[3.135126] (cartographer_ros_msgs) StdoutLine: {'line': b'-- Up-to-date: /root/ros2_ws/install/cartographer_ros_msgs/local/lib/python3.10/dist-packages/cartographer_ros_msgs/msg/_submap_list.py\n'}
[3.135435] (cartographer_ros_msgs) StdoutLine: {'line': b'-- Up-to-date: /root/ros2_ws/install/cartographer_ros_msgs/local/lib/python3.10/dist-packages/cartographer_ros_msgs/msg/_metric_s.c\n'}
[3.135741] (cartographer_ros_msgs) StdoutLine: {'line': b'-- Up-to-date: /root/ros2_ws/install/cartographer_ros_msgs/local/lib/python3.10/dist-packages/cartographer_ros_msgs/msg/_histogram_bucket.py\n'}
[3.136302] (cartographer_ros_msgs) StdoutLine: {'line': b'-- Up-to-date: /root/ros2_ws/install/cartographer_ros_msgs/local/lib/python3.10/dist-packages/cartographer_ros_msgs/msg/_landmark_entry_s.c\n'}
[3.136613] (cartographer_ros_msgs) StdoutLine: {'line': b'-- Up-to-date: /root/ros2_ws/install/cartographer_ros_msgs/local/lib/python3.10/dist-packages/cartographer_ros_msgs/msg/_metric_label.py\n'}
[3.136907] (cartographer_ros_msgs) StdoutLine: {'line': b'-- Up-to-date: /root/ros2_ws/install/cartographer_ros_msgs/local/lib/python3.10/dist-packages/cartographer_ros_msgs/msg/_status_response_s.c\n'}
[3.137177] (cartographer_ros_msgs) StdoutLine: {'line': b'-- Up-to-date: /root/ros2_ws/install/cartographer_ros_msgs/local/lib/python3.10/dist-packages/cartographer_ros_msgs/msg/_status_response.py\n'}
[3.137565] (cartographer_ros_msgs) StdoutLine: {'line': b'-- Up-to-date: /root/ros2_ws/install/cartographer_ros_msgs/local/lib/python3.10/dist-packages/cartographer_ros_msgs/msg/_landmark_list_s.c\n'}
[3.137928] (cartographer_ros_msgs) StdoutLine: {'line': b'-- Up-to-date: /root/ros2_ws/install/cartographer_ros_msgs/local/lib/python3.10/dist-packages/cartographer_ros_msgs/msg/_metric_family.py\n'}
[3.138240] (cartographer_ros_msgs) StdoutLine: {'line': b'-- Up-to-date: /root/ros2_ws/install/cartographer_ros_msgs/local/lib/python3.10/dist-packages/cartographer_ros_msgs/msg/_trajectory_states_s.c\n'}
[3.138525] (cartographer_ros_msgs) StdoutLine: {'line': b'-- Up-to-date: /root/ros2_ws/install/cartographer_ros_msgs/local/lib/python3.10/dist-packages/cartographer_ros_msgs/_cartographer_ros_msgs_s.ep.rosidl_typesupport_fastrtps_c.c\n'}
[3.138911] (cartographer_ros_msgs) StdoutLine: {'line': b'-- Up-to-date: /root/ros2_ws/install/cartographer_ros_msgs/local/lib/python3.10/dist-packages/cartographer_ros_msgs/__init__.py\n'}
[3.139250] (cartographer) StdoutLine: {'line': b'[ 64%] Built target cartographer.io.probability_grid_points_processor_test\n'}
[3.139638] (cartographer) StdoutLine: {'line': b'[ 64%] Built target cartographer.io.fake_file_writer_test\n'}
[3.140105] (cartographer) StdoutLine: {'line': b'[ 64%] Built target cartographer.io.points_processor_pipeline_builder_test\n'}
[3.140445] (cartographer) StdoutLine: {'line': b'[ 64%] Built target cartographer.io.proto_stream_deserializer_test\n'}
[3.140745] (cartographer) StdoutLine: {'line': b'[ 65%] Built target cartographer.io.proto_stream_test\n'}
[3.212481] (-) TimerEvent: {}
[3.219366] (cartographer) StdoutLine: {'line': b'[ 66%] Built target cartographer.mapping.2d.range_data_inserter_2d_test\n'}
[3.237085] (cartographer) StdoutLine: {'line': b'[ 66%] Built target cartographer.io.serialization_format_migration_test\n'}
[3.256881] (cartographer) StdoutLine: {'line': b'[ 67%] Built target cartographer.mapping.2d.map_limits_test\n'}
[3.264054] (cartographer_ros_msgs) StdoutLine: {'line': b"Listing '/root/ros2_ws/install/cartographer_ros_msgs/local/lib/python3.10/dist-packages/cartographer_ros_msgs'...\n"}
[3.264565] (cartographer_ros_msgs) StdoutLine: {'line': b"Listing '/root/ros2_ws/install/cartographer_ros_msgs/local/lib/python3.10/dist-packages/cartographer_ros_msgs/msg'...\n"}
[3.271798] (cartographer_ros_msgs) StdoutLine: {'line': b"Listing '/root/ros2_ws/install/cartographer_ros_msgs/local/lib/python3.10/dist-packages/cartographer_ros_msgs/srv'...\n"}
[3.305357] (cartographer) StdoutLine: {'line': b'[ 67%] Built target cartographer.mapping.3d.hybrid_grid_test\n'}
[3.306160] (cartographer_ros_msgs) StdoutLine: {'line': b'-- Up-to-date: /root/ros2_ws/install/cartographer_ros_msgs/local/lib/python3.10/dist-packages/cartographer_ros_msgs/cartographer_ros_msgs_s__rosidl_typesupport_fastrtps_c.cpython-310-x86_64-linux-gnu.so\n'}
[3.307925] (cartographer_ros_msgs) StdoutLine: {'line': b'-- Up-to-date: /root/ros2_ws/install/cartographer_ros_msgs/local/lib/python3.10/dist-packages/cartographer_ros_msgs/cartographer_ros_msgs_s__rosidl_typesupport_introspection_c.cpython-310-x86_64-linux-gnu.so\n'}
[3.312336] (cartographer_ros_msgs) StdoutLine: {'line': b'-- Up-to-date: /root/ros2_ws/install/cartographer_ros_msgs/local/lib/python3.10/dist-packages/cartographer_ros_msgs/cartographer_ros_msgs_s__rosidl_typesupport_c.cpython-310-x86_64-linux-gnu.so\n'}
[3.312772] (-) TimerEvent: {}
[3.322467] (cartographer_ros_msgs) StdoutLine: {'line': b'-- Up-to-date: /root/ros2_ws/install/cartographer_ros_msgs/lib/libcartographer_ros_msgs__rosidl_generator_py.so\n'}
[3.323088] (cartographer_ros_msgs) StdoutLine: {'line': b'-- Up-to-date: /root/ros2_ws/install/cartographer_ros_msgs/share/cartographer_ros_msgs/msg/BagfileProgress.idl\n'}
[3.324891] (cartographer_ros_msgs) StdoutLine: {'line': b'-- Up-to-date: /root/ros2_ws/install/cartographer_ros_msgs/share/cartographer_ros_msgs/msg/HistogramBucket.idl\n'}
[3.325742] (cartographer) StdoutLine: {'line': b'[ 67%] Built target cartographer.mapping.2d.probability_grid_test\n'}
[3.330147] (cartographer_ros_msgs) StdoutLine: {'line': b'-- Up-to-date: /root/ros2_ws/install/cartographer_ros_msgs/share/cartographer_ros_msgs/msg/LandmarkEntry.idl\n'}
[3.330731] (cartographer_ros_msgs) StdoutLine: {'line': b'-- Up-to-date: /root/ros2_ws/install/cartographer_ros_msgs/share/cartographer_ros_msgs/msg/LandmarkList.idl\n'}
[3.331020] (cartographer_ros_msgs) StdoutLine: {'line': b'-- Up-to-date: /root/ros2_ws/install/cartographer_ros_msgs/share/cartographer_ros_msgs/msg/MetricFamily.idl\n'}
[3.331281] (cartographer) StdoutLine: {'line': b'[ 68%] Built target cartographer.mapping.2d.xy_index_test\n'}
[3.335905] (cartographer_ros_msgs) StdoutLine: {'line': b'-- Up-to-date: /root/ros2_ws/install/cartographer_ros_msgs/share/cartographer_ros_msgs/msg/MetricLabel.idl\n'}
[3.336643] (cartographer_ros_msgs) StdoutLine: {'line': b'-- Up-to-date: /root/ros2_ws/install/cartographer_ros_msgs/share/cartographer_ros_msgs/msg/Metric.idl\n'}
[3.343033] (cartographer_ros_msgs) StdoutLine: {'line': b'-- Up-to-date: /root/ros2_ws/install/cartographer_ros_msgs/share/cartographer_ros_msgs/msg/StatusCode.idl\n'}
[3.343354] (cartographer_ros_msgs) StdoutLine: {'line': b'-- Up-to-date: /root/ros2_ws/install/cartographer_ros_msgs/share/cartographer_ros_msgs/msg/StatusResponse.idl\n'}
[3.346266] (cartographer_ros_msgs) StdoutLine: {'line': b'-- Up-to-date: /root/ros2_ws/install/cartographer_ros_msgs/share/cartographer_ros_msgs/msg/SubmapEntry.idl\n'}
[3.346695] (cartographer_ros_msgs) StdoutLine: {'line': b'-- Up-to-date: /root/ros2_ws/install/cartographer_ros_msgs/share/cartographer_ros_msgs/msg/SubmapList.idl\n'}
[3.350139] (cartographer_ros_msgs) StdoutLine: {'line': b'-- Up-to-date: /root/ros2_ws/install/cartographer_ros_msgs/share/cartographer_ros_msgs/msg/SubmapTexture.idl\n'}
[3.350795] (cartographer_ros_msgs) StdoutLine: {'line': b'-- Up-to-date: /root/ros2_ws/install/cartographer_ros_msgs/share/cartographer_ros_msgs/msg/TrajectoryStates.idl\n'}
[3.355105] (cartographer_ros_msgs) StdoutLine: {'line': b'-- Up-to-date: /root/ros2_ws/install/cartographer_ros_msgs/share/cartographer_ros_msgs/srv/FinishTrajectory.idl\n'}
[3.355717] (cartographer_ros_msgs) StdoutLine: {'line': b'-- Up-to-date: /root/ros2_ws/install/cartographer_ros_msgs/share/cartographer_ros_msgs/srv/GetTrajectoryStates.idl\n'}
[3.356003] (cartographer_ros_msgs) StdoutLine: {'line': b'-- Up-to-date: /root/ros2_ws/install/cartographer_ros_msgs/share/cartographer_ros_msgs/srv/ReadMetrics.idl\n'}
[3.359772] (cartographer_ros_msgs) StdoutLine: {'line': b'-- Up-to-date: /root/ros2_ws/install/cartographer_ros_msgs/share/cartographer_ros_msgs/srv/StartTrajectory.idl\n'}
[3.360334] (cartographer_ros_msgs) StdoutLine: {'line': b'-- Up-to-date: /root/ros2_ws/install/cartographer_ros_msgs/share/cartographer_ros_msgs/srv/TrajectoryQuery.idl\n'}
[3.360736] (cartographer_ros_msgs) StdoutLine: {'line': b'-- Up-to-date: /root/ros2_ws/install/cartographer_ros_msgs/share/cartographer_ros_msgs/srv/SubmapQuery.idl\n'}
[3.365337] (cartographer_ros_msgs) StdoutLine: {'line': b'-- Up-to-date: /root/ros2_ws/install/cartographer_ros_msgs/share/cartographer_ros_msgs/srv/WriteState.idl\n'}
[3.365762] (cartographer_ros_msgs) StdoutLine: {'line': b'-- Up-to-date: /root/ros2_ws/install/cartographer_ros_msgs/share/cartographer_ros_msgs/msg/BagfileProgress.msg\n'}
[3.366075] (cartographer_ros_msgs) StdoutLine: {'line': b'-- Up-to-date: /root/ros2_ws/install/cartographer_ros_msgs/share/cartographer_ros_msgs/msg/HistogramBucket.msg\n'}
[3.366429] (cartographer_ros_msgs) StdoutLine: {'line': b'-- Up-to-date: /root/ros2_ws/install/cartographer_ros_msgs/share/cartographer_ros_msgs/msg/LandmarkEntry.msg\n'}
[3.366846] (cartographer_ros_msgs) StdoutLine: {'line': b'-- Up-to-date: /root/ros2_ws/install/cartographer_ros_msgs/share/cartographer_ros_msgs/msg/LandmarkList.msg\n'}
[3.368570] (cartographer_ros_msgs) StdoutLine: {'line': b'-- Up-to-date: /root/ros2_ws/install/cartographer_ros_msgs/share/cartographer_ros_msgs/msg/MetricFamily.msg\n'}
[3.369415] (cartographer_ros_msgs) StdoutLine: {'line': b'-- Up-to-date: /root/ros2_ws/install/cartographer_ros_msgs/share/cartographer_ros_msgs/msg/MetricLabel.msg\n'}
[3.376599] (cartographer_ros_msgs) StdoutLine: {'line': b'-- Up-to-date: /root/ros2_ws/install/cartographer_ros_msgs/share/cartographer_ros_msgs/msg/Metric.msg\n'}
[3.380310] (cartographer_ros_msgs) StdoutLine: {'line': b'-- Up-to-date: /root/ros2_ws/install/cartographer_ros_msgs/share/cartographer_ros_msgs/msg/StatusCode.msg\n'}
[3.384353] (cartographer) StdoutLine: {'line': b'[ 68%] Built target cartographer.mapping.2d.submap_2d_test\n'}
[3.384949] (cartographer_ros_msgs) StdoutLine: {'line': b'-- Up-to-date: /root/ros2_ws/install/cartographer_ros_msgs/share/cartographer_ros_msgs/msg/StatusResponse.msg\n'}
[3.391651] (cartographer_ros_msgs) StdoutLine: {'line': b'-- Up-to-date: /root/ros2_ws/install/cartographer_ros_msgs/share/cartographer_ros_msgs/msg/SubmapEntry.msg\n'}
[3.392058] (cartographer_ros_msgs) StdoutLine: {'line': b'-- Up-to-date: /root/ros2_ws/install/cartographer_ros_msgs/share/cartographer_ros_msgs/msg/SubmapList.msg\n'}
[3.392370] (cartographer_ros_msgs) StdoutLine: {'line': b'-- Up-to-date: /root/ros2_ws/install/cartographer_ros_msgs/share/cartographer_ros_msgs/msg/SubmapTexture.msg\n'}
[3.392604] (cartographer_ros_msgs) StdoutLine: {'line': b'-- Up-to-date: /root/ros2_ws/install/cartographer_ros_msgs/share/cartographer_ros_msgs/msg/TrajectoryStates.msg\n'}
[3.392886] (cartographer_ros_msgs) StdoutLine: {'line': b'-- Up-to-date: /root/ros2_ws/install/cartographer_ros_msgs/share/cartographer_ros_msgs/srv/FinishTrajectory.srv\n'}
[3.403224] (cartographer_ros_msgs) StdoutLine: {'line': b'-- Up-to-date: /root/ros2_ws/install/cartographer_ros_msgs/share/cartographer_ros_msgs/srv/FinishTrajectory_Request.msg\n'}
[3.403629] (cartographer_ros_msgs) StdoutLine: {'line': b'-- Up-to-date: /root/ros2_ws/install/cartographer_ros_msgs/share/cartographer_ros_msgs/srv/FinishTrajectory_Response.msg\n'}
[3.403905] (cartographer_ros_msgs) StdoutLine: {'line': b'-- Up-to-date: /root/ros2_ws/install/cartographer_ros_msgs/share/cartographer_ros_msgs/srv/GetTrajectoryStates.srv\n'}
[3.407827] (cartographer_ros_msgs) StdoutLine: {'line': b'-- Up-to-date: /root/ros2_ws/install/cartographer_ros_msgs/share/cartographer_ros_msgs/srv/GetTrajectoryStates_Request.msg\n'}
[3.415602] (cartographer_ros_msgs) StdoutLine: {'line': b'-- Up-to-date: /root/ros2_ws/install/cartographer_ros_msgs/share/cartographer_ros_msgs/srv/GetTrajectoryStates_Response.msg\n'}
[3.416010] (-) TimerEvent: {}
[3.418785] (cartographer_ros_msgs) StdoutLine: {'line': b'-- Up-to-date: /root/ros2_ws/install/cartographer_ros_msgs/share/cartographer_ros_msgs/srv/ReadMetrics.srv\n'}
[3.422056] (cartographer_ros_msgs) StdoutLine: {'line': b'-- Up-to-date: /root/ros2_ws/install/cartographer_ros_msgs/share/cartographer_ros_msgs/srv/ReadMetrics_Request.msg\n'}
[3.423260] (cartographer_ros_msgs) StdoutLine: {'line': b'-- Up-to-date: /root/ros2_ws/install/cartographer_ros_msgs/share/cartographer_ros_msgs/srv/ReadMetrics_Response.msg\n'}
[3.423582] (cartographer_ros_msgs) StdoutLine: {'line': b'-- Up-to-date: /root/ros2_ws/install/cartographer_ros_msgs/share/cartographer_ros_msgs/srv/StartTrajectory.srv\n'}
[3.423964] (cartographer_ros_msgs) StdoutLine: {'line': b'-- Up-to-date: /root/ros2_ws/install/cartographer_ros_msgs/share/cartographer_ros_msgs/srv/StartTrajectory_Request.msg\n'}
[3.424238] (cartographer) StdoutLine: {'line': b'[ 69%] Built target cartographer.mapping.3d.range_data_inserter_3d_test\n'}
[3.435834] (cartographer_ros_msgs) StdoutLine: {'line': b'-- Up-to-date: /root/ros2_ws/install/cartographer_ros_msgs/share/cartographer_ros_msgs/srv/StartTrajectory_Response.msg\n'}
[3.436381] (cartographer_ros_msgs) StdoutLine: {'line': b'-- Up-to-date: /root/ros2_ws/install/cartographer_ros_msgs/share/cartographer_ros_msgs/srv/TrajectoryQuery.srv\n'}
[3.436803] (cartographer_ros_msgs) StdoutLine: {'line': b'-- Up-to-date: /root/ros2_ws/install/cartographer_ros_msgs/share/cartographer_ros_msgs/srv/TrajectoryQuery_Request.msg\n'}
[3.437125] (cartographer_ros_msgs) StdoutLine: {'line': b'-- Up-to-date: /root/ros2_ws/install/cartographer_ros_msgs/share/cartographer_ros_msgs/srv/TrajectoryQuery_Response.msg\n'}
[3.437382] (cartographer_ros_msgs) StdoutLine: {'line': b'-- Up-to-date: /root/ros2_ws/install/cartographer_ros_msgs/share/cartographer_ros_msgs/srv/SubmapQuery.srv\n'}
[3.437608] (cartographer_ros_msgs) StdoutLine: {'line': b'-- Up-to-date: /root/ros2_ws/install/cartographer_ros_msgs/share/cartographer_ros_msgs/srv/SubmapQuery_Request.msg\n'}
[3.437932] (cartographer_ros_msgs) StdoutLine: {'line': b'-- Up-to-date: /root/ros2_ws/install/cartographer_ros_msgs/share/cartographer_ros_msgs/srv/SubmapQuery_Response.msg\n'}
[3.453237] (cartographer_ros_msgs) StdoutLine: {'line': b'-- Up-to-date: /root/ros2_ws/install/cartographer_ros_msgs/share/cartographer_ros_msgs/srv/WriteState.srv\n'}
[3.453899] (cartographer_ros_msgs) StdoutLine: {'line': b'-- Up-to-date: /root/ros2_ws/install/cartographer_ros_msgs/share/cartographer_ros_msgs/srv/WriteState_Request.msg\n'}
[3.454756] (cartographer_ros_msgs) StdoutLine: {'line': b'-- Up-to-date: /root/ros2_ws/install/cartographer_ros_msgs/share/cartographer_ros_msgs/srv/WriteState_Response.msg\n'}
[3.468447] (cartographer_ros_msgs) StdoutLine: {'line': b'-- Up-to-date: /root/ros2_ws/install/cartographer_ros_msgs/share/ament_index/resource_index/package_run_dependencies/cartographer_ros_msgs\n'}
[3.470262] (cartographer_ros_msgs) StdoutLine: {'line': b'-- Up-to-date: /root/ros2_ws/install/cartographer_ros_msgs/share/ament_index/resource_index/parent_prefix_path/cartographer_ros_msgs\n'}
[3.470617] (cartographer_ros_msgs) StdoutLine: {'line': b'-- Up-to-date: /root/ros2_ws/install/cartographer_ros_msgs/share/cartographer_ros_msgs/environment/ament_prefix_path.sh\n'}
[3.470881] (cartographer_ros_msgs) StdoutLine: {'line': b'-- Up-to-date: /root/ros2_ws/install/cartographer_ros_msgs/share/cartographer_ros_msgs/environment/ament_prefix_path.dsv\n'}
[3.471111] (cartographer_ros_msgs) StdoutLine: {'line': b'-- Up-to-date: /root/ros2_ws/install/cartographer_ros_msgs/share/cartographer_ros_msgs/environment/path.sh\n'}
[3.471353] (cartographer_ros_msgs) StdoutLine: {'line': b'-- Up-to-date: /root/ros2_ws/install/cartographer_ros_msgs/share/cartographer_ros_msgs/environment/path.dsv\n'}
[3.471592] (cartographer_ros_msgs) StdoutLine: {'line': b'-- Up-to-date: /root/ros2_ws/install/cartographer_ros_msgs/share/cartographer_ros_msgs/local_setup.bash\n'}
[3.471867] (cartographer_ros_msgs) StdoutLine: {'line': b'-- Up-to-date: /root/ros2_ws/install/cartographer_ros_msgs/share/cartographer_ros_msgs/local_setup.sh\n'}
[3.472106] (cartographer_ros_msgs) StdoutLine: {'line': b'-- Up-to-date: /root/ros2_ws/install/cartographer_ros_msgs/share/cartographer_ros_msgs/local_setup.zsh\n'}
[3.472380] (cartographer_ros_msgs) StdoutLine: {'line': b'-- Up-to-date: /root/ros2_ws/install/cartographer_ros_msgs/share/cartographer_ros_msgs/local_setup.dsv\n'}
[3.477278] (cartographer_ros_msgs) StdoutLine: {'line': b'-- Installing: /root/ros2_ws/install/cartographer_ros_msgs/share/cartographer_ros_msgs/package.dsv\n'}
[3.478076] (cartographer) StdoutLine: {'line': b'[ 70%] Built target cartographer.mapping.id_test\n'}
[3.478391] (cartographer_ros_msgs) StdoutLine: {'line': b'-- Up-to-date: /root/ros2_ws/install/cartographer_ros_msgs/share/ament_index/resource_index/packages/cartographer_ros_msgs\n'}
[3.484063] (cartographer_ros_msgs) StdoutLine: {'line': b'-- Up-to-date: /root/ros2_ws/install/cartographer_ros_msgs/share/cartographer_ros_msgs/cmake/export_cartographer_ros_msgs__rosidl_generator_cExport.cmake\n'}
[3.485164] (cartographer_ros_msgs) StdoutLine: {'line': b'-- Up-to-date: /root/ros2_ws/install/cartographer_ros_msgs/share/cartographer_ros_msgs/cmake/export_cartographer_ros_msgs__rosidl_generator_cExport-noconfig.cmake\n'}
[3.493744] (cartographer_ros_msgs) StdoutLine: {'line': b'-- Up-to-date: /root/ros2_ws/install/cartographer_ros_msgs/share/cartographer_ros_msgs/cmake/export_cartographer_ros_msgs__rosidl_typesupport_fastrtps_cExport.cmake\n'}
[3.494747] (cartographer_ros_msgs) StdoutLine: {'line': b'-- Up-to-date: /root/ros2_ws/install/cartographer_ros_msgs/share/cartographer_ros_msgs/cmake/export_cartographer_ros_msgs__rosidl_typesupport_fastrtps_cExport-noconfig.cmake\n'}
[3.495139] (cartographer_ros_msgs) StdoutLine: {'line': b'-- Up-to-date: /root/ros2_ws/install/cartographer_ros_msgs/share/cartographer_ros_msgs/cmake/cartographer_ros_msgs__rosidl_typesupport_introspection_cExport.cmake\n'}
[3.496437] (cartographer_ros_msgs) StdoutLine: {'line': b'-- Up-to-date: /root/ros2_ws/install/cartographer_ros_msgs/share/cartographer_ros_msgs/cmake/cartographer_ros_msgs__rosidl_typesupport_introspection_cExport-noconfig.cmake\n'}
[3.503453] (cartographer_ros_msgs) StdoutLine: {'line': b'-- Up-to-date: /root/ros2_ws/install/cartographer_ros_msgs/share/cartographer_ros_msgs/cmake/cartographer_ros_msgs__rosidl_typesupport_cExport.cmake\n'}
[3.503965] (cartographer_ros_msgs) StdoutLine: {'line': b'-- Up-to-date: /root/ros2_ws/install/cartographer_ros_msgs/share/cartographer_ros_msgs/cmake/cartographer_ros_msgs__rosidl_typesupport_cExport-noconfig.cmake\n'}
[3.504279] (cartographer) StdoutLine: {'line': b'[ 70%] Built target cartographer.mapping.3d.submap_3d_test\n'}
[3.504612] (cartographer_ros_msgs) StdoutLine: {'line': b'-- Up-to-date: /root/ros2_ws/install/cartographer_ros_msgs/share/cartographer_ros_msgs/cmake/export_cartographer_ros_msgs__rosidl_generator_cppExport.cmake\n'}
[3.508332] (cartographer_ros_msgs) StdoutLine: {'line': b'-- Up-to-date: /root/ros2_ws/install/cartographer_ros_msgs/share/cartographer_ros_msgs/cmake/export_cartographer_ros_msgs__rosidl_typesupport_fastrtps_cppExport.cmake\n'}
[3.509481] (cartographer_ros_msgs) StdoutLine: {'line': b'-- Up-to-date: /root/ros2_ws/install/cartographer_ros_msgs/share/cartographer_ros_msgs/cmake/export_cartographer_ros_msgs__rosidl_typesupport_fastrtps_cppExport-noconfig.cmake\n'}
[3.510080] (cartographer_ros_msgs) StdoutLine: {'line': b'-- Up-to-date: /root/ros2_ws/install/cartographer_ros_msgs/share/cartographer_ros_msgs/cmake/cartographer_ros_msgs__rosidl_typesupport_introspection_cppExport.cmake\n'}
[3.515147] (cartographer_ros_msgs) StdoutLine: {'line': b'-- Up-to-date: /root/ros2_ws/install/cartographer_ros_msgs/share/cartographer_ros_msgs/cmake/cartographer_ros_msgs__rosidl_typesupport_introspection_cppExport-noconfig.cmake\n'}
[3.515470] (cartographer_ros_msgs) StdoutLine: {'line': b'-- Up-to-date: /root/ros2_ws/install/cartographer_ros_msgs/share/cartographer_ros_msgs/cmake/cartographer_ros_msgs__rosidl_typesupport_cppExport.cmake\n'}
[3.515937] (cartographer_ros_msgs) StdoutLine: {'line': b'-- Up-to-date: /root/ros2_ws/install/cartographer_ros_msgs/share/cartographer_ros_msgs/cmake/cartographer_ros_msgs__rosidl_typesupport_cppExport-noconfig.cmake\n'}
[3.516292] (-) TimerEvent: {}
[3.518796] (cartographer_ros_msgs) StdoutLine: {'line': b'-- Up-to-date: /root/ros2_ws/install/cartographer_ros_msgs/share/cartographer_ros_msgs/cmake/export_cartographer_ros_msgs__rosidl_generator_pyExport.cmake\n'}
[3.519334] (cartographer_ros_msgs) StdoutLine: {'line': b'-- Up-to-date: /root/ros2_ws/install/cartographer_ros_msgs/share/cartographer_ros_msgs/cmake/export_cartographer_ros_msgs__rosidl_generator_pyExport-noconfig.cmake\n'}
[3.519598] (cartographer_ros_msgs) StdoutLine: {'line': b'-- Up-to-date: /root/ros2_ws/install/cartographer_ros_msgs/share/cartographer_ros_msgs/cmake/rosidl_cmake-extras.cmake\n'}
[3.521568] (cartographer_ros_msgs) StdoutLine: {'line': b'-- Up-to-date: /root/ros2_ws/install/cartographer_ros_msgs/share/cartographer_ros_msgs/cmake/ament_cmake_export_dependencies-extras.cmake\n'}
[3.523273] (cartographer_ros_msgs) StdoutLine: {'line': b'-- Up-to-date: /root/ros2_ws/install/cartographer_ros_msgs/share/cartographer_ros_msgs/cmake/ament_cmake_export_include_directories-extras.cmake\n'}
[3.523528] (cartographer_ros_msgs) StdoutLine: {'line': b'-- Up-to-date: /root/ros2_ws/install/cartographer_ros_msgs/share/cartographer_ros_msgs/cmake/ament_cmake_export_libraries-extras.cmake\n'}
[3.523800] (cartographer_ros_msgs) StdoutLine: {'line': b'-- Up-to-date: /root/ros2_ws/install/cartographer_ros_msgs/share/cartographer_ros_msgs/cmake/ament_cmake_export_targets-extras.cmake\n'}
[3.530277] (cartographer_ros_msgs) StdoutLine: {'line': b'-- Up-to-date: /root/ros2_ws/install/cartographer_ros_msgs/share/cartographer_ros_msgs/cmake/rosidl_cmake_export_typesupport_targets-extras.cmake\n'}
[3.530745] (cartographer_ros_msgs) StdoutLine: {'line': b'-- Up-to-date: /root/ros2_ws/install/cartographer_ros_msgs/share/cartographer_ros_msgs/cmake/rosidl_cmake_export_typesupport_libraries-extras.cmake\n'}
[3.531023] (cartographer_ros_msgs) StdoutLine: {'line': b'-- Up-to-date: /root/ros2_ws/install/cartographer_ros_msgs/share/cartographer_ros_msgs/cmake/cartographer_ros_msgsConfig.cmake\n'}
[3.531275] (cartographer_ros_msgs) StdoutLine: {'line': b'-- Up-to-date: /root/ros2_ws/install/cartographer_ros_msgs/share/cartographer_ros_msgs/cmake/cartographer_ros_msgsConfig-version.cmake\n'}
[3.532582] (cartographer_ros_msgs) StdoutLine: {'line': b'-- Up-to-date: /root/ros2_ws/install/cartographer_ros_msgs/share/cartographer_ros_msgs/package.xml\n'}
[3.555844] (cartographer_ros_msgs) CommandEnded: {'returncode': 0}
[3.571545] (cartographer) StdoutLine: {'line': b'[ 70%] Built target cartographer.mapping.internal.2d.overlapping_submaps_trimmer_2d_test\n'}
[3.579355] (cartographer) StdoutLine: {'line': b'[ 70%] Built target cartographer.mapping.imu_tracker_test\n'}
[3.602202] (cartographer) StdoutLine: {'line': b'[ 71%] Built target cartographer.mapping.internal.2d.ray_to_pixel_mask_test\n'}
[3.602768] (cartographer) StdoutLine: {'line': b'[ 71%] Built target cartographer.mapping.internal.2d.normal_estimation_2d_test\n'}
[3.610816] (cartographer) StdoutLine: {'line': b'[ 72%] Built target cartographer.mapping.internal.2d.pose_graph_2d_test\n'}
[3.617621] (-) TimerEvent: {}
[3.695751] (cartographer_ros_msgs) JobEnded: {'identifier': 'cartographer_ros_msgs', 'rc': 0}
[3.700771] (cartographer) StdoutLine: {'line': b'[ 72%] Built target cartographer.mapping.internal.2d.scan_matching.correlative_scan_matcher_test\n'}
[3.720763] (-) TimerEvent: {}
[3.738436] (cartographer) StdoutLine: {'line': b'[ 73%] Built target cartographer.mapping.internal.2d.scan_matching.ceres_scan_matcher_2d_test\n'}
[3.797694] (cartographer) StdoutLine: {'line': b'[ 74%] Built target cartographer.mapping.internal.2d.scan_matching.fast_correlative_scan_matcher_2d_test\n'}
[3.821328] (-) TimerEvent: {}
[3.849096] (cartographer) StdoutLine: {'line': b'[ 75%] Built target cartographer.mapping.internal.2d.scan_matching.occupied_space_cost_function_2d_test\n'}
[3.849597] (cartographer) StdoutLine: {'line': b'[ 75%] Built target cartographer.mapping.internal.2d.scan_matching.real_time_correlative_scan_matcher_2d_test\n'}
[3.855555] (cartographer) StdoutLine: {'line': b'[ 76%] Built target cartographer.mapping.internal.2d.scan_matching.interpolated_tsdf_2d_test\n'}
[3.914482] (cartographer) StdoutLine: {'line': b'[ 76%] Built target cartographer.mapping.internal.2d.scan_matching.tsdf_match_cost_function_2d_test\n'}
[3.925770] (-) TimerEvent: {}
[3.927289] (cartographer) StdoutLine: {'line': b'[ 77%] Built target cartographer.mapping.internal.2d.tsd_value_converter_test\n'}
[4.016016] (cartographer) StdoutLine: {'line': b'[ 77%] Built target cartographer.mapping.internal.3d.rotation_parameterization_test\n'}
[4.026311] (-) TimerEvent: {}
[4.038762] (cartographer) StdoutLine: {'line': b'[ 77%] Built target cartographer.mapping.internal.2d.tsdf_2d_test\n'}
[4.083837] (cartographer) StdoutLine: {'line': b'[ 78%] Built target cartographer.mapping.internal.2d.tsdf_range_data_inserter_2d_test\n'}
[4.084512] (cartographer) StdoutLine: {'line': b'[ 79%] Built target cartographer.mapping.internal.3d.pose_graph_3d_test\n'}
[4.131035] (-) TimerEvent: {}
[4.135233] (cartographer) StdoutLine: {'line': b'[ 79%] Built target cartographer.mapping.internal.3d.local_trajectory_builder_3d_test\n'}
[4.168722] (cartographer) StdoutLine: {'line': b'[ 80%] Built target cartographer.mapping.internal.3d.scan_matching.ceres_scan_matcher_3d_test\n'}
[4.180898] (cartographer) StdoutLine: {'line': b'[ 80%] Built target cartographer.mapping.internal.3d.scan_matching.fast_correlative_scan_matcher_3d_test\n'}
[4.222829] (cartographer) StdoutLine: {'line': b'[ 80%] Built target cartographer.mapping.internal.3d.scan_matching.interpolated_grid_test\n'}
[4.233816] (-) TimerEvent: {}
[4.303186] (cartographer) StdoutLine: {'line': b'[ 81%] Built target cartographer.mapping.internal.3d.scan_matching.intensity_cost_function_3d_test\n'}
[4.303646] (cartographer) StdoutLine: {'line': b'[ 81%] Built target cartographer.mapping.internal.3d.scan_matching.real_time_correlative_scan_matcher_3d_test\n'}
[4.334207] (cartographer) StdoutLine: {'line': b'[ 82%] Built target cartographer.mapping.internal.3d.scan_matching.precomputation_grid_3d_test\n'}
[4.334984] (-) TimerEvent: {}
[4.379762] (cartographer) StdoutLine: {'line': b'[ 82%] Built target cartographer.mapping.internal.3d.scan_matching.rotational_scan_matcher_test\n'}
[4.388917] (cartographer) StdoutLine: {'line': b'[ 83%] Built target cartographer.mapping.internal.connected_components_test\n'}
[4.397265] (cartographer) StdoutLine: {'line': b'[ 84%] Built target cartographer.mapping.internal.3d.scan_matching.rotation_delta_cost_functor_3d_test\n'}
[4.435420] (-) TimerEvent: {}
[4.502132] (cartographer) StdoutLine: {'line': b'[ 84%] Built target cartographer.mapping.internal.constraints.constraint_builder_2d_test\n'}
[4.536352] (-) TimerEvent: {}
[4.563141] (cartographer) StdoutLine: {'line': b'[ 85%] Built target cartographer.mapping.internal.optimization.cost_functions.landmark_cost_function_2d_test\n'}
[4.580141] (cartographer) StdoutLine: {'line': b'[ 86%] Built target cartographer.mapping.internal.constraints.constraint_builder_3d_test\n'}
[4.611080] (cartographer) StdoutLine: {'line': b'[ 86%] Built target cartographer.mapping.internal.optimization.optimization_problem_3d_test\n'}
[4.636629] (-) TimerEvent: {}
[4.643754] (cartographer) StdoutLine: {'line': b'[ 87%] Built target cartographer.mapping.internal.optimization.cost_functions.spa_cost_function_2d_test\n'}
[4.655801] (cartographer) StdoutLine: {'line': b'[ 87%] Built target cartographer.mapping.internal.optimization.cost_functions.landmark_cost_function_3d_test\n'}
[4.665407] (cartographer) StdoutLine: {'line': b'[ 87%] Built target cartographer.mapping.internal.motion_filter_test\n'}
[4.735842] (cartographer) StdoutLine: {'line': b'\x1b[01mRunning Sphinx v4.3.2\x1b[39;49;00m\n'}
[4.736627] (-) TimerEvent: {}
[4.739972] (cartographer) StdoutLine: {'line': b'[ 88%] Built target cartographer.mapping.internal.range_data_collator_test\n'}
[4.825854] (cartographer) StdoutLine: {'line': b'[ 89%] Built target cartographer.mapping.map_builder_test\n'}
[4.828251] (cartographer) StdoutLine: {'line': b'[ 89%] Built target cartographer.mapping.internal.trajectory_connectivity_state_test\n'}
[4.837816] (-) TimerEvent: {}
[4.898353] (cartographer) StdoutLine: {'line': b'[ 90%] Built target cartographer.mapping.pose_graph_test\n'}
[4.919785] (cartographer) StdoutLine: {'line': b'[ 90%] Built target cartographer.mapping.pose_extrapolator_test\n'}
[4.920339] (cartographer) StdoutLine: {'line': b'[ 90%] Built target cartographer.mapping.pose_graph_trimmer_test\n'}
[4.938806] (-) TimerEvent: {}
[4.958927] (cartographer) StdoutLine: {'line': b'[ 91%] Built target cartographer.mapping.probability_values_test\n'}
[4.978898] (cartographer) StdoutLine: {'line': b'[ 91%] Built target cartographer.mapping.submaps_test\n'}
[5.040567] (-) TimerEvent: {}
[5.064165] (cartographer) StdoutLine: {'line': b'[ 91%] Built target cartographer.mapping.value_conversion_tables_test\n'}
[5.086524] (cartographer) StdoutLine: {'line': b'[ 92%] Built target cartographer.mapping.trajectory_node_test\n'}
[5.110443] (cartographer) StdoutLine: {'line': b'[ 93%] Built target cartographer.sensor.compressed_point_cloud_test\n'}
[5.141376] (-) TimerEvent: {}
[5.150248] (ros2_opencv) Command: {'cmd': ['/usr/bin/python3', '-W', 'ignore:setup.py install is deprecated', '-W', 'ignore:easy_install command is deprecated', 'setup.py', 'egg_info', '--egg-base', '../../build/ros2_opencv', 'build', '--build-base', '/root/ros2_ws/build/ros2_opencv/build', 'install', '--record', '/root/ros2_ws/build/ros2_opencv/install.log', '--single-version-externally-managed', 'install_data'], 'cwd': '/root/ros2_ws/src/ros2_opencv', 'env': {'HOSTNAME': 'warnie', 'GIT_ASKPASS': '/root/.vscode-server/bin/17baf841131aa23349f217ca7c570c76ee87b957/extensions/git/dist/askpass.sh', 'SHLVL': '2', 'LD_LIBRARY_PATH': '/root/ros2_ws/install/cartographer_rviz/lib:/root/ros2_ws/install/cartographer_ros/lib:/root/ros2_ws/install/cartographer_ros_msgs/lib:/opt/ros/humble/opt/rviz_ogre_vendor/lib:/opt/ros/humble/lib/x86_64-linux-gnu:/opt/ros/humble/lib', 'BROWSER': '/root/.vscode-server/bin/17baf841131aa23349f217ca7c570c76ee87b957/bin/helpers/browser.sh', 'HOME': '/root', 'OLDPWD': '/root/ros2_ws/src', 'TERM_PROGRAM_VERSION': '1.99.3', 'VSCODE_IPC_HOOK_CLI': '/tmp/vscode-ipc-68549143-8077-4743-9875-84966345cd0e.sock', 'ROS_PYTHON_VERSION': '3', 'VSCODE_GIT_ASKPASS_MAIN': '/root/.vscode-server/bin/17baf841131aa23349f217ca7c570c76ee87b957/extensions/git/dist/askpass-main.js', 'VSCODE_GIT_ASKPASS_NODE': '/root/.vscode-server/bin/17baf841131aa23349f217ca7c570c76ee87b957/node', 'LC_CTYPE': 'C.UTF-8', 'COLORTERM': 'truecolor', 'REMOTE_CONTAINERS': 'true', 'COLCON_PREFIX_PATH': '/root/ros2_ws/install', 'ROS_DISTRO': 'humble', 'REMOTE_CONTAINERS_IPC': '/tmp/vscode-remote-containers-ipc-f285fd1d-9376-4a47-8352-1dbec715791d.sock', '_': '/usr/bin/colcon', 'ROS_VERSION': '2', 'PKG_CONFIG_PATH': '/root/ros2_ws/install/cartographer/lib/x86_64-linux-gnu/pkgconfig:/root/ros2_ws/install/cartographer/lib/pkgconfig', 'TERM': 'xterm-256color', 'ROS_LOCALHOST_ONLY': '0', 'PATH': '/root/ros2_ws/install/cartographer/bin:/root/.vscode-server/bin/17baf841131aa23349f217ca7c570c76ee87b957/bin/remote-cli:/opt/ros/humble/bin:/usr/local/sbin:/usr/local/bin:/usr/sbin:/usr/bin:/sbin:/bin:/root/.vscode-server/data/User/globalStorage/github.copilot-chat/debugCommand', 'REMOTE_CONTAINERS_SOCKETS': '["/tmp/vscode-ssh-auth-f285fd1d-9376-4a47-8352-1dbec715791d.sock","/root/.gnupg/S.gpg-agent"]', 'DISPLAY': 'unix:0', 'LANG': 'en_US.UTF-8', 'VSCODE_GIT_IPC_HANDLE': '/tmp/vscode-git-3ce2b43cc6.sock', 'TERM_PROGRAM': 'vscode', 'SSH_AUTH_SOCK': '/tmp/vscode-ssh-auth-f285fd1d-9376-4a47-8352-1dbec715791d.sock', 'AMENT_PREFIX_PATH': '/root/ros2_ws/install/car_launch:/root/ros2_ws/install/robocar_test_cpp:/root/ros2_ws/install/rplidar_ros:/root/ros2_ws/install/ros2_opencv:/root/ros2_ws/install/cartographer_rviz:/root/ros2_ws/install/cartographer_ros:/root/ros2_ws/install/cartographer_ros_msgs:/root/ros2_ws/install/Test_FirstPkg:/opt/ros/humble', 'SHELL': '/bin/bash', 'VSCODE_GIT_ASKPASS_EXTRA_ARGS': '', 'PWD': '/root/ros2_ws/build/ros2_opencv', 'PYTHONPATH': '/root/ros2_ws/build/ros2_opencv/prefix_override:/usr/lib/python3/dist-packages/colcon_core/task/python/colcon_distutils_commands:/root/ros2_ws/install/ros2_opencv/lib/python3.10/site-packages:/root/ros2_ws/install/ros2_opencv/lib/python3.10/site-packages:/root/ros2_ws/install/cartographer_ros_msgs/local/lib/python3.10/dist-packages:/opt/ros/humble/lib/python3.10/site-packages:/opt/ros/humble/local/lib/python3.10/dist-packages', 'COLCON': '1', 'CMAKE_PREFIX_PATH': '/root/ros2_ws/install/car_launch:/root/ros2_ws/install/robocar_test_cpp:/root/ros2_ws/install/rplidar_ros:/root/ros2_ws/install/cartographer_rviz:/root/ros2_ws/install/cartographer_ros:/root/ros2_ws/install/cartographer_ros_msgs:/root/ros2_ws/install/cartographer:/root/ros2_ws/install/Test_FirstPkg'}, 'shell': False}
[5.168228] (cartographer) StdoutLine: {'line': b'[ 93%] Built target cartographer.sensor.internal.collator_test\n'}
[5.243870] (-) TimerEvent: {}
[5.252277] (cartographer) StdoutLine: {'line': b'[ 93%] Built target cartographer.sensor.internal.voxel_filter_test\n'}
[5.264217] (cartographer) StdoutLine: {'line': b'[ 94%] Built target cartographer.sensor.internal.ordered_multi_queue_test\n'}
[5.301294] (cartographer) StdoutLine: {'line': b'[ 95%] Built target cartographer.sensor.internal.trajectory_collator_test\n'}
[5.310500] (cartographer) StdoutLine: {'line': b'[ 96%] Built target cartographer.sensor.landmark_data_test\n'}
[5.328206] (cartographer) StdoutLine: {'line': b'[ 96%] Built target cartographer.sensor.map_by_time_test\n'}
[5.344307] (-) TimerEvent: {}
[5.398905] (cartographer) StdoutLine: {'line': b'[ 96%] Built target cartographer.sensor.range_data_test\n'}
[5.421968] (cartographer) StdoutLine: {'line': b'[ 97%] Built target cartographer.sensor.point_cloud_test\n'}
[5.445457] (-) TimerEvent: {}
[5.455868] (cartographer) StdoutLine: {'line': b'[ 98%] Built target cartographer.transform.rigid_transform_test\n'}
[5.497116] (cartographer) StdoutLine: {'line': b'[ 98%] Built target cartographer.transform.timestamped_transform_test\n'}
[5.523579] (cartographer) StdoutLine: {'line': b'[ 98%] Built target cartographer.transform.transform_test\n'}
[5.540097] (cartographer) StdoutLine: {'line': b'[100%] Built target cartographer.transform.transform_interpolation_buffer_test\n'}
[5.546788] (-) TimerEvent: {}
[5.648111] (-) TimerEvent: {}
[5.751030] (-) TimerEvent: {}
[5.851693] (-) TimerEvent: {}
[5.955446] (-) TimerEvent: {}
[6.056067] (-) TimerEvent: {}
[6.111157] (cartographer) StdoutLine: {'line': b'\x1b[01mloading pickled environment... \x1b[39;49;00mdone\n'}
[6.129741] (cartographer) StdoutLine: {'line': b'\x1b[01mbuilding [mo]: \x1b[39;49;00mtargets for 0 po files that are out of date\n'}
[6.135824] (cartographer) StdoutLine: {'line': b'\x1b[01mbuilding [html]: \x1b[39;49;00mtargets for 0 source files that are out of date\n'}
[6.138543] (cartographer) StdoutLine: {'line': b'\x1b[01mupdating environment: \x1b[39;49;00m0 added, 0 changed, 0 removed\n'}
[6.139717] (cartographer) StdoutLine: {'line': b'\x1b[01mlooking for now-outdated files... \x1b[39;49;00mnone found\n'}
[6.140181] (cartographer) StdoutLine: {'line': b'\x1b[01mno targets are out of date.\x1b[39;49;00m\n'}
[6.140465] (cartographer) StdoutLine: {'line': b'\x1b[01mbuild succeeded.\x1b[39;49;00m\n'}
[6.140753] (cartographer) StdoutLine: {'line': b'\n'}
[6.141061] (cartographer) StdoutLine: {'line': b'The HTML pages are in html.\n'}
[6.156217] (-) TimerEvent: {}
[6.256799] (-) TimerEvent: {}
[6.357455] (-) TimerEvent: {}
[6.454137] (cartographer) StdoutLine: {'line': b'[100%] Built target build_doc\n'}
[6.458046] (-) TimerEvent: {}
[6.499054] (cartographer) CommandEnded: {'returncode': 0}
[6.508127] (cartographer) JobProgress: {'identifier': 'cartographer', 'progress': 'install'}
[6.508319] (cartographer) Command: {'cmd': ['/usr/bin/cmake', '--install', '/root/ros2_ws/build/cartographer'], 'cwd': '/root/ros2_ws/build/cartographer', 'env': OrderedDict([('HOSTNAME', 'warnie'), ('GIT_ASKPASS', '/root/.vscode-server/bin/17baf841131aa23349f217ca7c570c76ee87b957/extensions/git/dist/askpass.sh'), ('SHLVL', '2'), ('LD_LIBRARY_PATH', '/root/ros2_ws/install/cartographer_rviz/lib:/root/ros2_ws/install/cartographer_ros/lib:/root/ros2_ws/install/cartographer_ros_msgs/lib:/opt/ros/humble/opt/rviz_ogre_vendor/lib:/opt/ros/humble/lib/x86_64-linux-gnu:/opt/ros/humble/lib'), ('BROWSER', '/root/.vscode-server/bin/17baf841131aa23349f217ca7c570c76ee87b957/bin/helpers/browser.sh'), ('HOME', '/root'), ('OLDPWD', '/root/ros2_ws/src'), ('TERM_PROGRAM_VERSION', '1.99.3'), ('VSCODE_IPC_HOOK_CLI', '/tmp/vscode-ipc-68549143-8077-4743-9875-84966345cd0e.sock'), ('ROS_PYTHON_VERSION', '3'), ('VSCODE_GIT_ASKPASS_MAIN', '/root/.vscode-server/bin/17baf841131aa23349f217ca7c570c76ee87b957/extensions/git/dist/askpass-main.js'), ('VSCODE_GIT_ASKPASS_NODE', '/root/.vscode-server/bin/17baf841131aa23349f217ca7c570c76ee87b957/node'), ('LC_CTYPE', 'C.UTF-8'), ('COLORTERM', 'truecolor'), ('REMOTE_CONTAINERS', 'true'), ('COLCON_PREFIX_PATH', '/root/ros2_ws/install'), ('ROS_DISTRO', 'humble'), ('REMOTE_CONTAINERS_IPC', '/tmp/vscode-remote-containers-ipc-f285fd1d-9376-4a47-8352-1dbec715791d.sock'), ('_', '/usr/bin/colcon'), ('ROS_VERSION', '2'), ('PKG_CONFIG_PATH', '/root/ros2_ws/install/cartographer/lib/x86_64-linux-gnu/pkgconfig:/root/ros2_ws/install/cartographer/lib/pkgconfig'), ('TERM', 'xterm-256color'), ('ROS_LOCALHOST_ONLY', '0'), ('PATH', '/root/ros2_ws/install/cartographer/bin:/root/.vscode-server/bin/17baf841131aa23349f217ca7c570c76ee87b957/bin/remote-cli:/opt/ros/humble/bin:/usr/local/sbin:/usr/local/bin:/usr/sbin:/usr/bin:/sbin:/bin:/root/.vscode-server/data/User/globalStorage/github.copilot-chat/debugCommand'), ('REMOTE_CONTAINERS_SOCKETS', '["/tmp/vscode-ssh-auth-f285fd1d-9376-4a47-8352-1dbec715791d.sock","/root/.gnupg/S.gpg-agent"]'), ('DISPLAY', 'unix:0'), ('LANG', 'en_US.UTF-8'), ('VSCODE_GIT_IPC_HANDLE', '/tmp/vscode-git-3ce2b43cc6.sock'), ('TERM_PROGRAM', 'vscode'), ('SSH_AUTH_SOCK', '/tmp/vscode-ssh-auth-f285fd1d-9376-4a47-8352-1dbec715791d.sock'), ('AMENT_PREFIX_PATH', '/root/ros2_ws/install/car_launch:/root/ros2_ws/install/robocar_test_cpp:/root/ros2_ws/install/rplidar_ros:/root/ros2_ws/install/ros2_opencv:/root/ros2_ws/install/cartographer_rviz:/root/ros2_ws/install/cartographer_ros:/root/ros2_ws/install/cartographer_ros_msgs:/root/ros2_ws/install/Test_FirstPkg:/opt/ros/humble'), ('SHELL', '/bin/bash'), ('VSCODE_GIT_ASKPASS_EXTRA_ARGS', ''), ('PWD', '/root/ros2_ws/build/cartographer'), ('PYTHONPATH', '/root/ros2_ws/install/ros2_opencv/lib/python3.10/site-packages:/root/ros2_ws/install/cartographer_ros_msgs/local/lib/python3.10/dist-packages:/opt/ros/humble/lib/python3.10/site-packages:/opt/ros/humble/local/lib/python3.10/dist-packages'), ('COLCON', '1'), ('CMAKE_PREFIX_PATH', '/root/ros2_ws/install/car_launch:/root/ros2_ws/install/robocar_test_cpp:/root/ros2_ws/install/rplidar_ros:/root/ros2_ws/install/cartographer_rviz:/root/ros2_ws/install/cartographer_ros:/root/ros2_ws/install/cartographer_ros_msgs:/root/ros2_ws/install/cartographer:/root/ros2_ws/install/Test_FirstPkg:/root/ros2_ws/install/ros2_opencv:/opt/ros/humble')]), 'shell': False}
[6.516175] (ros2_opencv) StdoutLine: {'line': b'running egg_info\n'}
[6.521289] (ros2_opencv) StdoutLine: {'line': b'writing ../../build/ros2_opencv/ros2_opencv.egg-info/PKG-INFO\n'}
[6.521782] (ros2_opencv) StdoutLine: {'line': b'writing dependency_links to ../../build/ros2_opencv/ros2_opencv.egg-info/dependency_links.txt\n'}
[6.522100] (ros2_opencv) StdoutLine: {'line': b'writing entry points to ../../build/ros2_opencv/ros2_opencv.egg-info/entry_points.txt\n'}
[6.522377] (ros2_opencv) StdoutLine: {'line': b'writing requirements to ../../build/ros2_opencv/ros2_opencv.egg-info/requires.txt\n'}
[6.522651] (ros2_opencv) StdoutLine: {'line': b'writing top-level names to ../../build/ros2_opencv/ros2_opencv.egg-info/top_level.txt\n'}
[6.528642] (ros2_opencv) StdoutLine: {'line': b"reading manifest file '../../build/ros2_opencv/ros2_opencv.egg-info/SOURCES.txt'\n"}
[6.533527] (ros2_opencv) StdoutLine: {'line': b"writing manifest file '../../build/ros2_opencv/ros2_opencv.egg-info/SOURCES.txt'\n"}
[6.535250] (ros2_opencv) StdoutLine: {'line': b'running build\n'}
[6.536221] (ros2_opencv) StdoutLine: {'line': b'running build_py\n'}
[6.540616] (ros2_opencv) StdoutLine: {'line': b'running install\n'}
[6.541254] (ros2_opencv) StdoutLine: {'line': b'running install_lib\n'}
[6.544751] (ros2_opencv) StdoutLine: {'line': b'running install_data\n'}
[6.545192] (ros2_opencv) StdoutLine: {'line': b'running install_egg_info\n'}
[6.550354] (ros2_opencv) StdoutLine: {'line': b"removing '/root/ros2_ws/install/ros2_opencv/lib/python3.10/site-packages/ros2_opencv-0.0.0-py3.10.egg-info' (and everything under it)\n"}
[6.551980] (ros2_opencv) StdoutLine: {'line': b'Copying ../../build/ros2_opencv/ros2_opencv.egg-info to /root/ros2_ws/install/ros2_opencv/lib/python3.10/site-packages/ros2_opencv-0.0.0-py3.10.egg-info\n'}
[6.552884] (cartographer) StdoutLine: {'line': b'-- Install configuration: "Release"\n'}
[6.553304] (cartographer) StdoutLine: {'line': b'-- Up-to-date: /root/ros2_ws/install/cartographer/share/cartographer/package.xml\n'}
[6.553734] (cartographer) StdoutLine: {'line': b'-- Up-to-date: /root/ros2_ws/install/cartographer/share/cartographer//configuration_files\n'}
[6.554127] (cartographer) StdoutLine: {'line': b'-- Up-to-date: /root/ros2_ws/install/cartographer/share/cartographer//configuration_files/trajectory_builder_3d.lua\n'}
[6.554483] (cartographer) StdoutLine: {'line': b'-- Up-to-date: /root/ros2_ws/install/cartographer/share/cartographer//configuration_files/map_builder_server.lua\n'}
[6.555001] (cartographer) StdoutLine: {'line': b'-- Up-to-date: /root/ros2_ws/install/cartographer/share/cartographer//configuration_files/trajectory_builder_2d.lua\n'}
[6.555313] (cartographer) StdoutLine: {'line': b'-- Up-to-date: /root/ros2_ws/install/cartographer/share/cartographer//configuration_files/trajectory_builder.lua\n'}
[6.555614] (cartographer) StdoutLine: {'line': b'-- Up-to-date: /root/ros2_ws/install/cartographer/share/cartographer//configuration_files/map_builder.lua\n'}
[6.562216] (-) TimerEvent: {}
[6.563943] (cartographer) StdoutLine: {'line': b'-- Up-to-date: /root/ros2_ws/install/cartographer/share/cartographer//configuration_files/laser_2d.lua\n'}
[6.564363] (cartographer) StdoutLine: {'line': b'-- Up-to-date: /root/ros2_ws/install/cartographer/share/cartographer//configuration_files/pose_graph.lua\n'}
[6.564712] (cartographer) StdoutLine: {'line': b'-- Up-to-date: /root/ros2_ws/install/cartographer/share/cartographer//cmake\n'}
[6.565138] (cartographer) StdoutLine: {'line': b'-- Up-to-date: /root/ros2_ws/install/cartographer/share/cartographer//cmake/modules\n'}
[6.565562] (cartographer) StdoutLine: {'line': b'-- Up-to-date: /root/ros2_ws/install/cartographer/share/cartographer//cmake/modules/FindSphinx.cmake\n'}
[6.565989] (cartographer) StdoutLine: {'line': b'-- Up-to-date: /root/ros2_ws/install/cartographer/share/cartographer//cmake/modules/FindLuaGoogle.cmake\n'}
[6.566371] (cartographer) StdoutLine: {'line': b'-- Up-to-date: /root/ros2_ws/install/cartographer/share/cartographer//cmake/modules/FindGMock.cmake\n'}
[6.570802] (cartographer) StdoutLine: {'line': b'-- Up-to-date: /root/ros2_ws/install/cartographer/share/cartographer//cmake/modules/FindEigen3.cmake\n'}
[6.574543] (cartographer) StdoutLine: {'line': b'-- Up-to-date: /root/ros2_ws/install/cartographer/share/cartographer//cmake/functions.cmake\n'}
[6.574884] (ros2_opencv) StdoutLine: {'line': b'running install_scripts\n'}
[6.575183] (cartographer) StdoutLine: {'line': b'-- Up-to-date: /root/ros2_ws/install/cartographer/bin/cartographer_autogenerate_ground_truth\n'}
[6.579493] (cartographer) StdoutLine: {'line': b'-- Up-to-date: /root/ros2_ws/install/cartographer/bin/cartographer_compute_relations_metrics\n'}
[6.583845] (cartographer) StdoutLine: {'line': b'-- Up-to-date: /root/ros2_ws/install/cartographer/bin/cartographer_pbstream\n'}
[6.584689] (cartographer) StdoutLine: {'line': b'-- Up-to-date: /root/ros2_ws/install/cartographer/bin/cartographer_print_configuration\n'}
[6.589565] (cartographer) StdoutLine: {'line': b'-- Up-to-date: /root/ros2_ws/install/cartographer/lib/libcartographer.a\n'}
[6.593387] (cartographer) StdoutLine: {'line': b'-- Up-to-date: /root/ros2_ws/install/cartographer/include/cartographer/common/configuration_file_resolver.h\n'}
[6.595375] (cartographer) StdoutLine: {'line': b'-- Up-to-date: /root/ros2_ws/install/cartographer/include/cartographer/common/fixed_ratio_sampler.h\n'}
[6.596319] (cartographer) StdoutLine: {'line': b'-- Up-to-date: /root/ros2_ws/install/cartographer/include/cartographer/common/histogram.h\n'}
[6.597347] (cartographer) StdoutLine: {'line': b'-- Up-to-date: /root/ros2_ws/install/cartographer/include/cartographer/common/lua.h\n'}
[6.597700] (cartographer) StdoutLine: {'line': b'-- Up-to-date: /root/ros2_ws/install/cartographer/include/cartographer/common/lua_parameter_dictionary.h\n'}
[6.598002] (cartographer) StdoutLine: {'line': b'-- Up-to-date: /root/ros2_ws/install/cartographer/include/cartographer/common/math.h\n'}
[6.598271] (cartographer) StdoutLine: {'line': b'-- Up-to-date: /root/ros2_ws/install/cartographer/include/cartographer/common/port.h\n'}
[6.598523] (cartographer) StdoutLine: {'line': b'-- Up-to-date: /root/ros2_ws/install/cartographer/include/cartographer/common/task.h\n'}
[6.602614] (cartographer) StdoutLine: {'line': b'-- Up-to-date: /root/ros2_ws/install/cartographer/include/cartographer/common/thread_pool.h\n'}
[6.607114] (cartographer) StdoutLine: {'line': b'-- Up-to-date: /root/ros2_ws/install/cartographer/include/cartographer/common/time.h\n'}
[6.607422] (cartographer) StdoutLine: {'line': b'-- Up-to-date: /root/ros2_ws/install/cartographer/include/cartographer/ground_truth/autogenerate_ground_truth.h\n'}
[6.607680] (cartographer) StdoutLine: {'line': b'-- Up-to-date: /root/ros2_ws/install/cartographer/include/cartographer/ground_truth/relations_text_file.h\n'}
[6.607972] (cartographer) StdoutLine: {'line': b'-- Up-to-date: /root/ros2_ws/install/cartographer/include/cartographer/io/color.h\n'}
[6.608229] (cartographer) StdoutLine: {'line': b'-- Up-to-date: /root/ros2_ws/install/cartographer/include/cartographer/io/coloring_points_processor.h\n'}
[6.608519] (cartographer) StdoutLine: {'line': b'-- Up-to-date: /root/ros2_ws/install/cartographer/include/cartographer/io/counting_points_processor.h\n'}
[6.614124] (cartographer) StdoutLine: {'line': b'-- Up-to-date: /root/ros2_ws/install/cartographer/include/cartographer/io/draw_trajectories.h\n'}
[6.616129] (cartographer) StdoutLine: {'line': b'-- Up-to-date: /root/ros2_ws/install/cartographer/include/cartographer/io/file_writer.h\n'}
[6.616644] (cartographer) StdoutLine: {'line': b'-- Up-to-date: /root/ros2_ws/install/cartographer/include/cartographer/io/fixed_ratio_sampling_points_processor.h\n'}
[6.625942] (cartographer) StdoutLine: {'line': b'-- Up-to-date: /root/ros2_ws/install/cartographer/include/cartographer/io/frame_id_filtering_points_processor.h\n'}
[6.626402] (cartographer) StdoutLine: {'line': b'-- Up-to-date: /root/ros2_ws/install/cartographer/include/cartographer/io/hybrid_grid_points_processor.h\n'}
[6.626704] (cartographer) StdoutLine: {'line': b'-- Up-to-date: /root/ros2_ws/install/cartographer/include/cartographer/io/image.h\n'}
[6.626988] (cartographer) StdoutLine: {'line': b'-- Up-to-date: /root/ros2_ws/install/cartographer/include/cartographer/io/intensity_to_color_points_processor.h\n'}
[6.627246] (cartographer) StdoutLine: {'line': b'-- Up-to-date: /root/ros2_ws/install/cartographer/include/cartographer/io/min_max_range_filtering_points_processor.h\n'}
[6.627497] (cartographer) StdoutLine: {'line': b'-- Up-to-date: /root/ros2_ws/install/cartographer/include/cartographer/io/null_points_processor.h\n'}
[6.629622] (cartographer) StdoutLine: {'line': b'-- Up-to-date: /root/ros2_ws/install/cartographer/include/cartographer/io/outlier_removing_points_processor.h\n'}
[6.632152] (cartographer) StdoutLine: {'line': b'-- Up-to-date: /root/ros2_ws/install/cartographer/include/cartographer/io/pcd_writing_points_processor.h\n'}
[6.632553] (cartographer) StdoutLine: {'line': b'-- Up-to-date: /root/ros2_ws/install/cartographer/include/cartographer/io/ply_writing_points_processor.h\n'}
[6.633776] (cartographer) StdoutLine: {'line': b'-- Up-to-date: /root/ros2_ws/install/cartographer/include/cartographer/io/points_batch.h\n'}
[6.634321] (cartographer) StdoutLine: {'line': b'-- Up-to-date: /root/ros2_ws/install/cartographer/include/cartographer/io/points_processor.h\n'}
[6.634745] (cartographer) StdoutLine: {'line': b'-- Up-to-date: /root/ros2_ws/install/cartographer/include/cartographer/io/points_processor_pipeline_builder.h\n'}
[6.635112] (cartographer) StdoutLine: {'line': b'-- Up-to-date: /root/ros2_ws/install/cartographer/include/cartographer/io/probability_grid_points_processor.h\n'}
[6.635405] (cartographer) StdoutLine: {'line': b'-- Up-to-date: /root/ros2_ws/install/cartographer/include/cartographer/io/proto_stream.h\n'}
[6.644032] (cartographer) StdoutLine: {'line': b'-- Up-to-date: /root/ros2_ws/install/cartographer/include/cartographer/io/proto_stream_deserializer.h\n'}
[6.644436] (cartographer) StdoutLine: {'line': b'-- Up-to-date: /root/ros2_ws/install/cartographer/include/cartographer/io/proto_stream_interface.h\n'}
[6.644732] (cartographer) StdoutLine: {'line': b'-- Up-to-date: /root/ros2_ws/install/cartographer/include/cartographer/io/serialization_format_migration.h\n'}
[6.645008] (cartographer) StdoutLine: {'line': b'-- Up-to-date: /root/ros2_ws/install/cartographer/include/cartographer/io/submap_painter.h\n'}
[6.645274] (cartographer) StdoutLine: {'line': b'-- Up-to-date: /root/ros2_ws/install/cartographer/include/cartographer/io/vertical_range_filtering_points_processor.h\n'}
[6.645524] (cartographer) StdoutLine: {'line': b'-- Up-to-date: /root/ros2_ws/install/cartographer/include/cartographer/io/xray_points_processor.h\n'}
[6.654200] (cartographer) StdoutLine: {'line': b'-- Up-to-date: /root/ros2_ws/install/cartographer/include/cartographer/io/xyz_writing_points_processor.h\n'}
[6.654634] (cartographer) StdoutLine: {'line': b'-- Up-to-date: /root/ros2_ws/install/cartographer/include/cartographer/mapping/2d/grid_2d.h\n'}
[6.655104] (cartographer) StdoutLine: {'line': b'-- Up-to-date: /root/ros2_ws/install/cartographer/include/cartographer/mapping/2d/map_limits.h\n'}
[6.655499] (cartographer) StdoutLine: {'line': b'-- Up-to-date: /root/ros2_ws/install/cartographer/include/cartographer/mapping/2d/probability_grid.h\n'}
[6.659037] (cartographer) StdoutLine: {'line': b'-- Up-to-date: /root/ros2_ws/install/cartographer/include/cartographer/mapping/2d/probability_grid_range_data_inserter_2d.h\n'}
[6.659595] (cartographer) StdoutLine: {'line': b'-- Up-to-date: /root/ros2_ws/install/cartographer/include/cartographer/mapping/2d/submap_2d.h\n'}
[6.662490] (-) TimerEvent: {}
[6.664481] (cartographer) StdoutLine: {'line': b'-- Up-to-date: /root/ros2_ws/install/cartographer/include/cartographer/mapping/2d/xy_index.h\n'}
[6.664923] (cartographer) StdoutLine: {'line': b'-- Up-to-date: /root/ros2_ws/install/cartographer/include/cartographer/mapping/3d/hybrid_grid.h\n'}
[6.665199] (cartographer) StdoutLine: {'line': b'-- Up-to-date: /root/ros2_ws/install/cartographer/include/cartographer/mapping/3d/range_data_inserter_3d.h\n'}
[6.665450] (cartographer) StdoutLine: {'line': b'-- Up-to-date: /root/ros2_ws/install/cartographer/include/cartographer/mapping/3d/submap_3d.h\n'}
[6.665688] (cartographer) StdoutLine: {'line': b'-- Up-to-date: /root/ros2_ws/install/cartographer/include/cartographer/mapping/detect_floors.h\n'}
[6.665939] (cartographer) StdoutLine: {'line': b'-- Up-to-date: /root/ros2_ws/install/cartographer/include/cartographer/mapping/grid_interface.h\n'}
[6.666176] (cartographer) StdoutLine: {'line': b'-- Up-to-date: /root/ros2_ws/install/cartographer/include/cartographer/mapping/id.h\n'}
[6.666409] (cartographer) StdoutLine: {'line': b'-- Up-to-date: /root/ros2_ws/install/cartographer/include/cartographer/mapping/imu_tracker.h\n'}
[6.666633] (cartographer) StdoutLine: {'line': b'-- Up-to-date: /root/ros2_ws/install/cartographer/include/cartographer/mapping/map_builder.h\n'}
[6.666933] (cartographer) StdoutLine: {'line': b'-- Up-to-date: /root/ros2_ws/install/cartographer/include/cartographer/mapping/map_builder_interface.h\n'}
[6.667162] (cartographer) StdoutLine: {'line': b'-- Up-to-date: /root/ros2_ws/install/cartographer/include/cartographer/mapping/pose_extrapolator.h\n'}
[6.667379] (cartographer) StdoutLine: {'line': b'-- Up-to-date: /root/ros2_ws/install/cartographer/include/cartographer/mapping/pose_extrapolator_interface.h\n'}
[6.667612] (cartographer) StdoutLine: {'line': b'-- Up-to-date: /root/ros2_ws/install/cartographer/include/cartographer/mapping/pose_graph.h\n'}
[6.673190] (cartographer) StdoutLine: {'line': b'-- Up-to-date: /root/ros2_ws/install/cartographer/include/cartographer/mapping/pose_graph_interface.h\n'}
[6.673548] (cartographer) StdoutLine: {'line': b'-- Up-to-date: /root/ros2_ws/install/cartographer/include/cartographer/mapping/pose_graph_trimmer.h\n'}
[6.673837] (cartographer) StdoutLine: {'line': b'-- Up-to-date: /root/ros2_ws/install/cartographer/include/cartographer/mapping/probability_values.h\n'}
[6.674070] (cartographer) StdoutLine: {'line': b'-- Up-to-date: /root/ros2_ws/install/cartographer/include/cartographer/mapping/range_data_inserter_interface.h\n'}
[6.674288] (cartographer) StdoutLine: {'line': b'-- Up-to-date: /root/ros2_ws/install/cartographer/include/cartographer/mapping/submaps.h\n'}
[6.674503] (cartographer) StdoutLine: {'line': b'-- Up-to-date: /root/ros2_ws/install/cartographer/include/cartographer/mapping/trajectory_builder_interface.h\n'}
[6.675093] (cartographer) StdoutLine: {'line': b'-- Up-to-date: /root/ros2_ws/install/cartographer/include/cartographer/mapping/trajectory_node.h\n'}
[6.675408] (cartographer) StdoutLine: {'line': b'-- Up-to-date: /root/ros2_ws/install/cartographer/include/cartographer/mapping/value_conversion_tables.h\n'}
[6.675644] (cartographer) StdoutLine: {'line': b'-- Up-to-date: /root/ros2_ws/install/cartographer/include/cartographer/metrics/counter.h\n'}
[6.675892] (cartographer) StdoutLine: {'line': b'-- Up-to-date: /root/ros2_ws/install/cartographer/include/cartographer/metrics/family_factory.h\n'}
[6.676118] (cartographer) StdoutLine: {'line': b'-- Up-to-date: /root/ros2_ws/install/cartographer/include/cartographer/metrics/gauge.h\n'}
[6.676333] (cartographer) StdoutLine: {'line': b'-- Up-to-date: /root/ros2_ws/install/cartographer/include/cartographer/metrics/histogram.h\n'}
[6.676551] (cartographer) StdoutLine: {'line': b'-- Up-to-date: /root/ros2_ws/install/cartographer/include/cartographer/metrics/register.h\n'}
[6.679782] (cartographer) StdoutLine: {'line': b'-- Up-to-date: /root/ros2_ws/install/cartographer/include/cartographer/sensor/collator_interface.h\n'}
[6.680110] (cartographer) StdoutLine: {'line': b'-- Up-to-date: /root/ros2_ws/install/cartographer/include/cartographer/sensor/compressed_point_cloud.h\n'}
[6.680485] (cartographer) StdoutLine: {'line': b'-- Up-to-date: /root/ros2_ws/install/cartographer/include/cartographer/sensor/data.h\n'}
[6.682628] (cartographer) StdoutLine: {'line': b'-- Up-to-date: /root/ros2_ws/install/cartographer/include/cartographer/sensor/fixed_frame_pose_data.h\n'}
[6.688537] (cartographer) StdoutLine: {'line': b'-- Up-to-date: /root/ros2_ws/install/cartographer/include/cartographer/sensor/imu_data.h\n'}
[6.688877] (cartographer) StdoutLine: {'line': b'-- Up-to-date: /root/ros2_ws/install/cartographer/include/cartographer/sensor/landmark_data.h\n'}
[6.689145] (cartographer) StdoutLine: {'line': b'-- Up-to-date: /root/ros2_ws/install/cartographer/include/cartographer/sensor/map_by_time.h\n'}
[6.689362] (cartographer) StdoutLine: {'line': b'-- Up-to-date: /root/ros2_ws/install/cartographer/include/cartographer/sensor/odometry_data.h\n'}
[6.689577] (cartographer) StdoutLine: {'line': b'-- Up-to-date: /root/ros2_ws/install/cartographer/include/cartographer/sensor/point_cloud.h\n'}
[6.689875] (cartographer) StdoutLine: {'line': b'-- Up-to-date: /root/ros2_ws/install/cartographer/include/cartographer/sensor/range_data.h\n'}
[6.690149] (cartographer) StdoutLine: {'line': b'-- Up-to-date: /root/ros2_ws/install/cartographer/include/cartographer/sensor/rangefinder_point.h\n'}
[6.690406] (cartographer) StdoutLine: {'line': b'-- Up-to-date: /root/ros2_ws/install/cartographer/include/cartographer/sensor/timed_point_cloud_data.h\n'}
[6.692101] (cartographer) StdoutLine: {'line': b'-- Up-to-date: /root/ros2_ws/install/cartographer/include/cartographer/transform/rigid_transform.h\n'}
[6.692842] (cartographer) StdoutLine: {'line': b'-- Up-to-date: /root/ros2_ws/install/cartographer/include/cartographer/transform/timestamped_transform.h\n'}
[6.693696] (cartographer) StdoutLine: {'line': b'-- Up-to-date: /root/ros2_ws/install/cartographer/include/cartographer/transform/transform.h\n'}
[6.704833] (cartographer) StdoutLine: {'line': b'-- Up-to-date: /root/ros2_ws/install/cartographer/include/cartographer/transform/transform_interpolation_buffer.h\n'}
[6.705645] (cartographer) StdoutLine: {'line': b'-- Up-to-date: /root/ros2_ws/install/cartographer/include/cartographer/io/fake_file_writer.h\n'}
[6.706516] (cartographer) StdoutLine: {'line': b'-- Up-to-date: /root/ros2_ws/install/cartographer/include/cartographer/transform/rigid_transform_test_helpers.h\n'}
[6.707030] (cartographer) StdoutLine: {'line': b'-- Up-to-date: /root/ros2_ws/install/cartographer/include/cartographer/common/proto/ceres_solver_options.pb.h\n'}
[6.707318] (cartographer) StdoutLine: {'line': b'-- Up-to-date: /root/ros2_ws/install/cartographer/include/cartographer/ground_truth/proto/relations.pb.h\n'}
[6.707549] (cartographer) StdoutLine: {'line': b'-- Up-to-date: /root/ros2_ws/install/cartographer/include/cartographer/mapping/proto/cell_limits_2d.pb.h\n'}
[6.712460] (cartographer) StdoutLine: {'line': b'-- Up-to-date: /root/ros2_ws/install/cartographer/include/cartographer/mapping/proto/connected_components.pb.h\n'}
[6.713003] (cartographer) StdoutLine: {'line': b'-- Up-to-date: /root/ros2_ws/install/cartographer/include/cartographer/mapping/proto/grid_2d.pb.h\n'}
[6.713321] (cartographer) StdoutLine: {'line': b'-- Up-to-date: /root/ros2_ws/install/cartographer/include/cartographer/mapping/proto/grid_2d_options.pb.h\n'}
[6.713834] (cartographer) StdoutLine: {'line': b'-- Up-to-date: /root/ros2_ws/install/cartographer/include/cartographer/mapping/proto/hybrid_grid.pb.h\n'}
[6.714840] (cartographer) StdoutLine: {'line': b'-- Up-to-date: /root/ros2_ws/install/cartographer/include/cartographer/mapping/proto/local_trajectory_builder_options_2d.pb.h\n'}
[6.715188] (cartographer) StdoutLine: {'line': b'-- Up-to-date: /root/ros2_ws/install/cartographer/include/cartographer/mapping/proto/local_trajectory_builder_options_3d.pb.h\n'}
[6.715466] (cartographer) StdoutLine: {'line': b'-- Up-to-date: /root/ros2_ws/install/cartographer/include/cartographer/mapping/proto/map_builder_options.pb.h\n'}
[6.715787] (cartographer) StdoutLine: {'line': b'-- Up-to-date: /root/ros2_ws/install/cartographer/include/cartographer/mapping/proto/map_limits.pb.h\n'}
[6.720227] (cartographer) StdoutLine: {'line': b'-- Up-to-date: /root/ros2_ws/install/cartographer/include/cartographer/mapping/proto/motion_filter_options.pb.h\n'}
[6.720543] (cartographer) StdoutLine: {'line': b'-- Up-to-date: /root/ros2_ws/install/cartographer/include/cartographer/mapping/proto/normal_estimation_options_2d.pb.h\n'}
[6.723390] (cartographer) StdoutLine: {'line': b'-- Up-to-date: /root/ros2_ws/install/cartographer/include/cartographer/mapping/proto/pose_extrapolator_options.pb.h\n'}
[6.724205] (cartographer) StdoutLine: {'line': b'-- Up-to-date: /root/ros2_ws/install/cartographer/include/cartographer/mapping/proto/pose_graph.pb.h\n'}
[6.725139] (cartographer) StdoutLine: {'line': b'-- Up-to-date: /root/ros2_ws/install/cartographer/include/cartographer/mapping/proto/pose_graph/constraint_builder_options.pb.h\n'}
[6.725432] (cartographer) StdoutLine: {'line': b'-- Up-to-date: /root/ros2_ws/install/cartographer/include/cartographer/mapping/proto/pose_graph/optimization_problem_options.pb.h\n'}
[6.725705] (cartographer) StdoutLine: {'line': b'-- Up-to-date: /root/ros2_ws/install/cartographer/include/cartographer/mapping/proto/pose_graph_options.pb.h\n'}
[6.725983] (cartographer) StdoutLine: {'line': b'-- Up-to-date: /root/ros2_ws/install/cartographer/include/cartographer/mapping/proto/probability_grid.pb.h\n'}
[6.726187] (cartographer) StdoutLine: {'line': b'-- Up-to-date: /root/ros2_ws/install/cartographer/include/cartographer/mapping/proto/probability_grid_range_data_inserter_options_2d.pb.h\n'}
[6.726417] (cartographer) StdoutLine: {'line': b'-- Up-to-date: /root/ros2_ws/install/cartographer/include/cartographer/mapping/proto/range_data_inserter_options.pb.h\n'}
[6.726636] (cartographer) StdoutLine: {'line': b'-- Up-to-date: /root/ros2_ws/install/cartographer/include/cartographer/mapping/proto/range_data_inserter_options_3d.pb.h\n'}
[6.731242] (cartographer) StdoutLine: {'line': b'-- Up-to-date: /root/ros2_ws/install/cartographer/include/cartographer/mapping/proto/scan_matching/ceres_scan_matcher_options_2d.pb.h\n'}
[6.731542] (cartographer) StdoutLine: {'line': b'-- Up-to-date: /root/ros2_ws/install/cartographer/include/cartographer/mapping/proto/scan_matching/ceres_scan_matcher_options_3d.pb.h\n'}
[6.731837] (cartographer) StdoutLine: {'line': b'-- Up-to-date: /root/ros2_ws/install/cartographer/include/cartographer/mapping/proto/scan_matching/fast_correlative_scan_matcher_options_2d.pb.h\n'}
[6.732061] (cartographer) StdoutLine: {'line': b'-- Up-to-date: /root/ros2_ws/install/cartographer/include/cartographer/mapping/proto/scan_matching/fast_correlative_scan_matcher_options_3d.pb.h\n'}
[6.732317] (cartographer) StdoutLine: {'line': b'-- Up-to-date: /root/ros2_ws/install/cartographer/include/cartographer/mapping/proto/scan_matching/real_time_correlative_scan_matcher_options.pb.h\n'}
[6.732527] (cartographer) StdoutLine: {'line': b'-- Up-to-date: /root/ros2_ws/install/cartographer/include/cartographer/mapping/proto/serialization.pb.h\n'}
[6.732760] (cartographer) StdoutLine: {'line': b'-- Up-to-date: /root/ros2_ws/install/cartographer/include/cartographer/mapping/proto/submap.pb.h\n'}
[6.733033] (cartographer) StdoutLine: {'line': b'-- Up-to-date: /root/ros2_ws/install/cartographer/include/cartographer/mapping/proto/submap_visualization.pb.h\n'}
[6.733285] (cartographer) StdoutLine: {'line': b'-- Up-to-date: /root/ros2_ws/install/cartographer/include/cartographer/mapping/proto/submaps_options_2d.pb.h\n'}
[6.733614] (cartographer) StdoutLine: {'line': b'-- Up-to-date: /root/ros2_ws/install/cartographer/include/cartographer/mapping/proto/submaps_options_3d.pb.h\n'}
[6.734051] (cartographer) StdoutLine: {'line': b'-- Up-to-date: /root/ros2_ws/install/cartographer/include/cartographer/mapping/proto/trajectory.pb.h\n'}
[6.734367] (cartographer) StdoutLine: {'line': b'-- Up-to-date: /root/ros2_ws/install/cartographer/include/cartographer/mapping/proto/trajectory_builder_options.pb.h\n'}
[6.736558] (cartographer) StdoutLine: {'line': b'-- Up-to-date: /root/ros2_ws/install/cartographer/include/cartographer/mapping/proto/trajectory_node_data.pb.h\n'}
[6.740888] (cartographer) StdoutLine: {'line': b'-- Up-to-date: /root/ros2_ws/install/cartographer/include/cartographer/mapping/proto/tsdf_2d.pb.h\n'}
[6.743315] (cartographer) StdoutLine: {'line': b'-- Up-to-date: /root/ros2_ws/install/cartographer/include/cartographer/mapping/proto/tsdf_range_data_inserter_options_2d.pb.h\n'}
[6.743598] (cartographer) StdoutLine: {'line': b'-- Up-to-date: /root/ros2_ws/install/cartographer/include/cartographer/sensor/proto/adaptive_voxel_filter_options.pb.h\n'}
[6.743982] (cartographer) StdoutLine: {'line': b'-- Up-to-date: /root/ros2_ws/install/cartographer/include/cartographer/sensor/proto/sensor.pb.h\n'}
[6.744247] (cartographer) StdoutLine: {'line': b'-- Up-to-date: /root/ros2_ws/install/cartographer/include/cartographer/transform/proto/timestamped_transform.pb.h\n'}
[6.744519] (cartographer) StdoutLine: {'line': b'-- Up-to-date: /root/ros2_ws/install/cartographer/include/cartographer/transform/proto/transform.pb.h\n'}
[6.747806] (cartographer) StdoutLine: {'line': b'-- Up-to-date: /root/ros2_ws/install/cartographer/share/cartographer/cmake/CartographerTargets.cmake\n'}
[6.748259] (cartographer) StdoutLine: {'line': b'-- Up-to-date: /root/ros2_ws/install/cartographer/share/cartographer/cmake/CartographerTargets-release.cmake\n'}
[6.748582] (cartographer) StdoutLine: {'line': b'-- Up-to-date: /root/ros2_ws/install/cartographer/share/cartographer/cartographer-config.cmake\n'}
[6.748906] (cartographer) CommandEnded: {'returncode': 0}
[6.751390] (ros2_opencv) StdoutLine: {'line': b"writing list of installed files to '/root/ros2_ws/build/ros2_opencv/install.log'\n"}
[6.764920] (-) TimerEvent: {}
[6.792093] (cartographer) JobEnded: {'identifier': 'cartographer', 'rc': 0}
[6.793244] (cartographer_ros) JobStarted: {'identifier': 'cartographer_ros'}
[6.831247] (ros2_opencv) CommandEnded: {'returncode': 0}
[6.860849] (ros2_opencv) JobEnded: {'identifier': 'ros2_opencv', 'rc': 0}
[6.864555] (cartographer_ros) JobProgress: {'identifier': 'cartographer_ros', 'progress': 'cmake'}
[6.865068] (-) TimerEvent: {}
[6.867601] (cartographer_ros) JobProgress: {'identifier': 'cartographer_ros', 'progress': 'build'}
[6.868956] (cartographer_ros) Command: {'cmd': ['/usr/bin/cmake', '--build', '/root/ros2_ws/build/cartographer_ros', '--', '-j8', '-l8'], 'cwd': '/root/ros2_ws/build/cartographer_ros', 'env': OrderedDict([('HOSTNAME', 'warnie'), ('GIT_ASKPASS', '/root/.vscode-server/bin/17baf841131aa23349f217ca7c570c76ee87b957/extensions/git/dist/askpass.sh'), ('SHLVL', '2'), ('LD_LIBRARY_PATH', '/root/ros2_ws/install/cartographer_ros_msgs/lib:/root/ros2_ws/install/cartographer_rviz/lib:/root/ros2_ws/install/cartographer_ros/lib:/opt/ros/humble/opt/rviz_ogre_vendor/lib:/opt/ros/humble/lib/x86_64-linux-gnu:/opt/ros/humble/lib'), ('BROWSER', '/root/.vscode-server/bin/17baf841131aa23349f217ca7c570c76ee87b957/bin/helpers/browser.sh'), ('HOME', '/root'), ('OLDPWD', '/root/ros2_ws/src'), ('TERM_PROGRAM_VERSION', '1.99.3'), ('VSCODE_IPC_HOOK_CLI', '/tmp/vscode-ipc-68549143-8077-4743-9875-84966345cd0e.sock'), ('ROS_PYTHON_VERSION', '3'), ('VSCODE_GIT_ASKPASS_MAIN', '/root/.vscode-server/bin/17baf841131aa23349f217ca7c570c76ee87b957/extensions/git/dist/askpass-main.js'), ('VSCODE_GIT_ASKPASS_NODE', '/root/.vscode-server/bin/17baf841131aa23349f217ca7c570c76ee87b957/node'), ('LC_CTYPE', 'C.UTF-8'), ('COLORTERM', 'truecolor'), ('REMOTE_CONTAINERS', 'true'), ('COLCON_PREFIX_PATH', '/root/ros2_ws/install'), ('ROS_DISTRO', 'humble'), ('REMOTE_CONTAINERS_IPC', '/tmp/vscode-remote-containers-ipc-f285fd1d-9376-4a47-8352-1dbec715791d.sock'), ('_', '/usr/bin/colcon'), ('ROS_VERSION', '2'), ('PKG_CONFIG_PATH', '/root/ros2_ws/install/cartographer/lib/x86_64-linux-gnu/pkgconfig:/root/ros2_ws/install/cartographer/lib/pkgconfig'), ('TERM', 'xterm-256color'), ('ROS_LOCALHOST_ONLY', '0'), ('PATH', '/root/ros2_ws/install/cartographer/bin:/root/.vscode-server/bin/17baf841131aa23349f217ca7c570c76ee87b957/bin/remote-cli:/opt/ros/humble/bin:/usr/local/sbin:/usr/local/bin:/usr/sbin:/usr/bin:/sbin:/bin:/root/.vscode-server/data/User/globalStorage/github.copilot-chat/debugCommand'), ('REMOTE_CONTAINERS_SOCKETS', '["/tmp/vscode-ssh-auth-f285fd1d-9376-4a47-8352-1dbec715791d.sock","/root/.gnupg/S.gpg-agent"]'), ('DISPLAY', 'unix:0'), ('LANG', 'en_US.UTF-8'), ('VSCODE_GIT_IPC_HANDLE', '/tmp/vscode-git-3ce2b43cc6.sock'), ('TERM_PROGRAM', 'vscode'), ('SSH_AUTH_SOCK', '/tmp/vscode-ssh-auth-f285fd1d-9376-4a47-8352-1dbec715791d.sock'), ('AMENT_PREFIX_PATH', '/root/ros2_ws/install/car_launch:/root/ros2_ws/install/robocar_test_cpp:/root/ros2_ws/install/rplidar_ros:/root/ros2_ws/install/ros2_opencv:/root/ros2_ws/install/cartographer_rviz:/root/ros2_ws/install/cartographer_ros:/root/ros2_ws/install/cartographer_ros_msgs:/root/ros2_ws/install/Test_FirstPkg:/opt/ros/humble'), ('SHELL', '/bin/bash'), ('VSCODE_GIT_ASKPASS_EXTRA_ARGS', ''), ('PWD', '/root/ros2_ws/build/cartographer_ros'), ('PYTHONPATH', '/root/ros2_ws/install/ros2_opencv/lib/python3.10/site-packages:/root/ros2_ws/install/cartographer_ros_msgs/local/lib/python3.10/dist-packages:/opt/ros/humble/lib/python3.10/site-packages:/opt/ros/humble/local/lib/python3.10/dist-packages'), ('COLCON', '1'), ('CMAKE_PREFIX_PATH', '/root/ros2_ws/install/cartographer_ros_msgs:/root/ros2_ws/install/cartographer:/root/ros2_ws/install/car_launch:/root/ros2_ws/install/robocar_test_cpp:/root/ros2_ws/install/rplidar_ros:/root/ros2_ws/install/cartographer_rviz:/root/ros2_ws/install/cartographer_ros:/root/ros2_ws/install/Test_FirstPkg:/root/ros2_ws/install/ros2_opencv:/opt/ros/humble')]), 'shell': False}
[6.965286] (-) TimerEvent: {}
[7.066000] (-) TimerEvent: {}
[7.166578] (-) TimerEvent: {}
[7.267179] (-) TimerEvent: {}
[7.276158] (cartographer_ros) StdoutLine: {'line': b'[ 60%] Built target cartographer_ros\n'}
[7.368546] (-) TimerEvent: {}
[7.430860] (cartographer_ros) StdoutLine: {'line': b'[ 65%] Built target cartographer_offline_node\n'}
[7.468747] (-) TimerEvent: {}
[7.471717] (cartographer_ros) StdoutLine: {'line': b'[ 71%] Built target cartographer_pbstream_to_ros_map\n'}
[7.487176] (cartographer_ros) StdoutLine: {'line': b'[ 77%] Built target cartographer_node\n'}
[7.495439] (cartographer_ros) StdoutLine: {'line': b'[ 82%] Built target cartographer_occupancy_grid_node\n'}
[7.513720] (cartographer_ros) StdoutLine: {'line': b'[ 88%] Built target cartographer_assets_writer\n'}
[7.514786] (cartographer_ros) StdoutLine: {'line': b'[ 94%] Built target cartographer_rosbag_validate\n'}
[7.523011] (cartographer_ros) StdoutLine: {'line': b'[100%] Built target cartographer_pbstream_map_publisher\n'}
[7.569148] (-) TimerEvent: {}
[7.570581] (cartographer_ros) CommandEnded: {'returncode': 0}
[7.574092] (cartographer_ros) JobProgress: {'identifier': 'cartographer_ros', 'progress': 'install'}
[7.576593] (cartographer_ros) Command: {'cmd': ['/usr/bin/cmake', '--install', '/root/ros2_ws/build/cartographer_ros'], 'cwd': '/root/ros2_ws/build/cartographer_ros', 'env': OrderedDict([('HOSTNAME', 'warnie'), ('GIT_ASKPASS', '/root/.vscode-server/bin/17baf841131aa23349f217ca7c570c76ee87b957/extensions/git/dist/askpass.sh'), ('SHLVL', '2'), ('LD_LIBRARY_PATH', '/root/ros2_ws/install/cartographer_ros_msgs/lib:/root/ros2_ws/install/cartographer_rviz/lib:/root/ros2_ws/install/cartographer_ros/lib:/opt/ros/humble/opt/rviz_ogre_vendor/lib:/opt/ros/humble/lib/x86_64-linux-gnu:/opt/ros/humble/lib'), ('BROWSER', '/root/.vscode-server/bin/17baf841131aa23349f217ca7c570c76ee87b957/bin/helpers/browser.sh'), ('HOME', '/root'), ('OLDPWD', '/root/ros2_ws/src'), ('TERM_PROGRAM_VERSION', '1.99.3'), ('VSCODE_IPC_HOOK_CLI', '/tmp/vscode-ipc-68549143-8077-4743-9875-84966345cd0e.sock'), ('ROS_PYTHON_VERSION', '3'), ('VSCODE_GIT_ASKPASS_MAIN', '/root/.vscode-server/bin/17baf841131aa23349f217ca7c570c76ee87b957/extensions/git/dist/askpass-main.js'), ('VSCODE_GIT_ASKPASS_NODE', '/root/.vscode-server/bin/17baf841131aa23349f217ca7c570c76ee87b957/node'), ('LC_CTYPE', 'C.UTF-8'), ('COLORTERM', 'truecolor'), ('REMOTE_CONTAINERS', 'true'), ('COLCON_PREFIX_PATH', '/root/ros2_ws/install'), ('ROS_DISTRO', 'humble'), ('REMOTE_CONTAINERS_IPC', '/tmp/vscode-remote-containers-ipc-f285fd1d-9376-4a47-8352-1dbec715791d.sock'), ('_', '/usr/bin/colcon'), ('ROS_VERSION', '2'), ('PKG_CONFIG_PATH', '/root/ros2_ws/install/cartographer/lib/x86_64-linux-gnu/pkgconfig:/root/ros2_ws/install/cartographer/lib/pkgconfig'), ('TERM', 'xterm-256color'), ('ROS_LOCALHOST_ONLY', '0'), ('PATH', '/root/ros2_ws/install/cartographer/bin:/root/.vscode-server/bin/17baf841131aa23349f217ca7c570c76ee87b957/bin/remote-cli:/opt/ros/humble/bin:/usr/local/sbin:/usr/local/bin:/usr/sbin:/usr/bin:/sbin:/bin:/root/.vscode-server/data/User/globalStorage/github.copilot-chat/debugCommand'), ('REMOTE_CONTAINERS_SOCKETS', '["/tmp/vscode-ssh-auth-f285fd1d-9376-4a47-8352-1dbec715791d.sock","/root/.gnupg/S.gpg-agent"]'), ('DISPLAY', 'unix:0'), ('LANG', 'en_US.UTF-8'), ('VSCODE_GIT_IPC_HANDLE', '/tmp/vscode-git-3ce2b43cc6.sock'), ('TERM_PROGRAM', 'vscode'), ('SSH_AUTH_SOCK', '/tmp/vscode-ssh-auth-f285fd1d-9376-4a47-8352-1dbec715791d.sock'), ('AMENT_PREFIX_PATH', '/root/ros2_ws/install/car_launch:/root/ros2_ws/install/robocar_test_cpp:/root/ros2_ws/install/rplidar_ros:/root/ros2_ws/install/ros2_opencv:/root/ros2_ws/install/cartographer_rviz:/root/ros2_ws/install/cartographer_ros:/root/ros2_ws/install/cartographer_ros_msgs:/root/ros2_ws/install/Test_FirstPkg:/opt/ros/humble'), ('SHELL', '/bin/bash'), ('VSCODE_GIT_ASKPASS_EXTRA_ARGS', ''), ('PWD', '/root/ros2_ws/build/cartographer_ros'), ('PYTHONPATH', '/root/ros2_ws/install/ros2_opencv/lib/python3.10/site-packages:/root/ros2_ws/install/cartographer_ros_msgs/local/lib/python3.10/dist-packages:/opt/ros/humble/lib/python3.10/site-packages:/opt/ros/humble/local/lib/python3.10/dist-packages'), ('COLCON', '1'), ('CMAKE_PREFIX_PATH', '/root/ros2_ws/install/cartographer_ros_msgs:/root/ros2_ws/install/cartographer:/root/ros2_ws/install/car_launch:/root/ros2_ws/install/robocar_test_cpp:/root/ros2_ws/install/rplidar_ros:/root/ros2_ws/install/cartographer_rviz:/root/ros2_ws/install/cartographer_ros:/root/ros2_ws/install/Test_FirstPkg:/root/ros2_ws/install/ros2_opencv:/opt/ros/humble')]), 'shell': False}
[7.609704] (cartographer_ros) StdoutLine: {'line': b'-- Install configuration: ""\n'}
[7.610248] (cartographer_ros) StdoutLine: {'line': b'-- Up-to-date: /root/ros2_ws/install/cartographer_ros/lib/libcartographer_ros.a\n'}
[7.612570] (cartographer_ros) StdoutLine: {'line': b'-- Up-to-date: /root/ros2_ws/install/cartographer_ros/lib/cartographer_ros/cartographer_node\n'}
[7.614715] (cartographer_ros) StdoutLine: {'line': b'-- Up-to-date: /root/ros2_ws/install/cartographer_ros/lib/cartographer_ros/cartographer_occupancy_grid_node\n'}
[7.618535] (cartographer_ros) StdoutLine: {'line': b'-- Up-to-date: /root/ros2_ws/install/cartographer_ros/lib/cartographer_ros/cartographer_offline_node\n'}
[7.621126] (cartographer_ros) StdoutLine: {'line': b'-- Up-to-date: /root/ros2_ws/install/cartographer_ros/lib/cartographer_ros/cartographer_assets_writer\n'}
[7.623157] (cartographer_ros) StdoutLine: {'line': b'-- Up-to-date: /root/ros2_ws/install/cartographer_ros/lib/cartographer_ros/cartographer_pbstream_map_publisher\n'}
[7.626773] (cartographer_ros) StdoutLine: {'line': b'-- Up-to-date: /root/ros2_ws/install/cartographer_ros/lib/cartographer_ros/cartographer_pbstream_to_ros_map\n'}
[7.628133] (cartographer_ros) StdoutLine: {'line': b'-- Up-to-date: /root/ros2_ws/install/cartographer_ros/lib/cartographer_ros/cartographer_rosbag_validate\n'}
[7.629234] (cartographer_ros) StdoutLine: {'line': b'-- Up-to-date: /root/ros2_ws/install/cartographer_ros/include/\n'}
[7.629996] (cartographer_ros) StdoutLine: {'line': b'-- Up-to-date: /root/ros2_ws/install/cartographer_ros/include//cartographer_ros\n'}
[7.630462] (cartographer_ros) StdoutLine: {'line': b'-- Up-to-date: /root/ros2_ws/install/cartographer_ros/include//cartographer_ros/offline_node.h\n'}
[7.631175] (cartographer_ros) StdoutLine: {'line': b'-- Up-to-date: /root/ros2_ws/install/cartographer_ros/include//cartographer_ros/ros_log_sink.h\n'}
[7.631902] (cartographer_ros) StdoutLine: {'line': b'-- Up-to-date: /root/ros2_ws/install/cartographer_ros/include//cartographer_ros/msg_conversion.h\n'}
[7.632285] (cartographer_ros) StdoutLine: {'line': b'-- Up-to-date: /root/ros2_ws/install/cartographer_ros/include//cartographer_ros/map_builder_bridge.h\n'}
[7.633757] (cartographer_ros) StdoutLine: {'line': b'-- Up-to-date: /root/ros2_ws/install/cartographer_ros/include//cartographer_ros/ros_map_writing_points_processor.h\n'}
[7.634704] (cartographer_ros) StdoutLine: {'line': b'-- Up-to-date: /root/ros2_ws/install/cartographer_ros/include//cartographer_ros/time_conversion.h\n'}
[7.636516] (cartographer_ros) StdoutLine: {'line': b'-- Up-to-date: /root/ros2_ws/install/cartographer_ros/include//cartographer_ros/node_constants.h\n'}
[7.637987] (cartographer_ros) StdoutLine: {'line': b'-- Up-to-date: /root/ros2_ws/install/cartographer_ros/include//cartographer_ros/trajectory_options.h\n'}
[7.641091] (cartographer_ros) StdoutLine: {'line': b'-- Up-to-date: /root/ros2_ws/install/cartographer_ros/include//cartographer_ros/node_options.h\n'}
[7.642781] (cartographer_ros) StdoutLine: {'line': b'-- Up-to-date: /root/ros2_ws/install/cartographer_ros/include//cartographer_ros/urdf_reader.h\n'}
[7.643248] (cartographer_ros) StdoutLine: {'line': b'-- Up-to-date: /root/ros2_ws/install/cartographer_ros/include//cartographer_ros/submap.h\n'}
[7.644315] (cartographer_ros) StdoutLine: {'line': b'-- Up-to-date: /root/ros2_ws/install/cartographer_ros/include//cartographer_ros/assets_writer.h\n'}
[7.644805] (cartographer_ros) StdoutLine: {'line': b'-- Up-to-date: /root/ros2_ws/install/cartographer_ros/include//cartographer_ros/playable_bag.h\n'}
[7.646032] (cartographer_ros) StdoutLine: {'line': b'-- Up-to-date: /root/ros2_ws/install/cartographer_ros/include//cartographer_ros/tf_bridge.h\n'}
[7.646340] (cartographer_ros) StdoutLine: {'line': b'-- Up-to-date: /root/ros2_ws/install/cartographer_ros/include//cartographer_ros/node.h\n'}
[7.646570] (cartographer_ros) StdoutLine: {'line': b'-- Up-to-date: /root/ros2_ws/install/cartographer_ros/include//cartographer_ros/ros_map.h\n'}
[7.646814] (cartographer_ros) StdoutLine: {'line': b'-- Up-to-date: /root/ros2_ws/install/cartographer_ros/include//cartographer_ros/metrics\n'}
[7.647034] (cartographer_ros) StdoutLine: {'line': b'-- Up-to-date: /root/ros2_ws/install/cartographer_ros/include//cartographer_ros/metrics/internal\n'}
[7.647242] (cartographer_ros) StdoutLine: {'line': b'-- Up-to-date: /root/ros2_ws/install/cartographer_ros/include//cartographer_ros/metrics/internal/counter.h\n'}
[7.647464] (cartographer_ros) StdoutLine: {'line': b'-- Up-to-date: /root/ros2_ws/install/cartographer_ros/include//cartographer_ros/metrics/internal/histogram.h\n'}
[7.647702] (cartographer_ros) StdoutLine: {'line': b'-- Up-to-date: /root/ros2_ws/install/cartographer_ros/include//cartographer_ros/metrics/internal/family.h\n'}
[7.647957] (cartographer_ros) StdoutLine: {'line': b'-- Up-to-date: /root/ros2_ws/install/cartographer_ros/include//cartographer_ros/metrics/internal/gauge.h\n'}
[7.648176] (cartographer_ros) StdoutLine: {'line': b'-- Up-to-date: /root/ros2_ws/install/cartographer_ros/include//cartographer_ros/metrics/family_factory.h\n'}
[7.648760] (cartographer_ros) StdoutLine: {'line': b'-- Up-to-date: /root/ros2_ws/install/cartographer_ros/include//cartographer_ros/sensor_bridge.h\n'}
[7.649032] (cartographer_ros) StdoutLine: {'line': b'-- Up-to-date: /root/ros2_ws/install/cartographer_ros/share/cartographer_ros//configuration_files\n'}
[7.649272] (cartographer_ros) StdoutLine: {'line': b'-- Up-to-date: /root/ros2_ws/install/cartographer_ros/share/cartographer_ros//configuration_files/transform.lua\n'}
[7.649572] (cartographer_ros) StdoutLine: {'line': b'-- Up-to-date: /root/ros2_ws/install/cartographer_ros/share/cartographer_ros//configuration_files/visualize_pbstream.lua\n'}
[7.649910] (cartographer_ros) StdoutLine: {'line': b'-- Up-to-date: /root/ros2_ws/install/cartographer_ros/share/cartographer_ros//configuration_files/taurob_tracker.lua\n'}
[7.650320] (cartographer_ros) StdoutLine: {'line': b'-- Up-to-date: /root/ros2_ws/install/cartographer_ros/share/cartographer_ros//configuration_files/assets_writer_backpack_3d.lua\n'}
[7.650602] (cartographer_ros) StdoutLine: {'line': b'-- Up-to-date: /root/ros2_ws/install/cartographer_ros/share/cartographer_ros//configuration_files/demo_2d.rviz\n'}
[7.650891] (cartographer_ros) StdoutLine: {'line': b'-- Up-to-date: /root/ros2_ws/install/cartographer_ros/share/cartographer_ros//configuration_files/assets_writer_backpack_2d_ci.lua\n'}
[7.651120] (cartographer_ros) StdoutLine: {'line': b'-- Up-to-date: /root/ros2_ws/install/cartographer_ros/share/cartographer_ros//configuration_files/backpack_2d.lua\n'}
[7.651328] (cartographer_ros) StdoutLine: {'line': b'-- Up-to-date: /root/ros2_ws/install/cartographer_ros/share/cartographer_ros//configuration_files/backpack_2d_localization.lua\n'}
[7.651560] (cartographer_ros) StdoutLine: {'line': b'-- Up-to-date: /root/ros2_ws/install/cartographer_ros/share/cartographer_ros//configuration_files/assets_writer_backpack_2d.lua\n'}
[7.653096] (cartographer_ros) StdoutLine: {'line': b'-- Up-to-date: /root/ros2_ws/install/cartographer_ros/share/cartographer_ros//configuration_files/revo_lds.lua\n'}
[7.654633] (cartographer_ros) StdoutLine: {'line': b'-- Up-to-date: /root/ros2_ws/install/cartographer_ros/share/cartographer_ros//configuration_files/demo_3d.rviz\n'}
[7.656628] (cartographer_ros) StdoutLine: {'line': b'-- Up-to-date: /root/ros2_ws/install/cartographer_ros/share/cartographer_ros//configuration_files/assets_writer_ros_map.lua\n'}
[7.657898] (cartographer_ros) StdoutLine: {'line': b'-- Up-to-date: /root/ros2_ws/install/cartographer_ros/share/cartographer_ros//configuration_files/backpack_3d.lua\n'}
[7.658274] (cartographer_ros) StdoutLine: {'line': b'-- Up-to-date: /root/ros2_ws/install/cartographer_ros/share/cartographer_ros//configuration_files/mir-100-mapping.lua\n'}
[7.658565] (cartographer_ros) StdoutLine: {'line': b'-- Up-to-date: /root/ros2_ws/install/cartographer_ros/share/cartographer_ros//configuration_files/backpack_3d_localization.lua\n'}
[7.658872] (cartographer_ros) StdoutLine: {'line': b'-- Up-to-date: /root/ros2_ws/install/cartographer_ros/share/cartographer_ros//configuration_files/pr2.lua\n'}
[7.659783] (cartographer_ros) StdoutLine: {'line': b'-- Up-to-date: /root/ros2_ws/install/cartographer_ros/share/cartographer_ros//configuration_files/backpack_2d_localization_evaluation.lua\n'}
[7.660423] (cartographer_ros) StdoutLine: {'line': b'-- Up-to-date: /root/ros2_ws/install/cartographer_ros/share/cartographer_ros//configuration_files/backpack_2d_server.lua\n'}
[7.661082] (cartographer_ros) StdoutLine: {'line': b'-- Up-to-date: /root/ros2_ws/install/cartographer_ros/share/cartographer_ros//urdf\n'}
[7.661608] (cartographer_ros) StdoutLine: {'line': b'-- Up-to-date: /root/ros2_ws/install/cartographer_ros/share/cartographer_ros//urdf/backpack_3d.urdf\n'}
[7.662068] (cartographer_ros) StdoutLine: {'line': b'-- Up-to-date: /root/ros2_ws/install/cartographer_ros/share/cartographer_ros//urdf/backpack_2d.urdf\n'}
[7.662473] (cartographer_ros) StdoutLine: {'line': b'-- Up-to-date: /root/ros2_ws/install/cartographer_ros/share/cartographer_ros//urdf/mir-100.urdf\n'}
[7.662881] (cartographer_ros) StdoutLine: {'line': b'-- Up-to-date: /root/ros2_ws/install/cartographer_ros/share/cartographer_ros//launch\n'}
[7.663266] (cartographer_ros) StdoutLine: {'line': b'-- Up-to-date: /root/ros2_ws/install/cartographer_ros/share/cartographer_ros//launch/offline_backpack_3d.launch.py\n'}
[7.663643] (cartographer_ros) StdoutLine: {'line': b'-- Up-to-date: /root/ros2_ws/install/cartographer_ros/share/cartographer_ros//launch/__pycache__\n'}
[7.663925] (cartographer_ros) StdoutLine: {'line': b'-- Installing: /root/ros2_ws/install/cartographer_ros/share/cartographer_ros//launch/__pycache__/demo_revo_lds.launch.cpython-310.pyc\n'}
[7.664467] (cartographer_ros) StdoutLine: {'line': b'-- Up-to-date: /root/ros2_ws/install/cartographer_ros/share/cartographer_ros//launch/taurob_tracker.launch.py\n'}
[7.664853] (cartographer_ros) StdoutLine: {'line': b'-- Up-to-date: /root/ros2_ws/install/cartographer_ros/share/cartographer_ros//launch/demo_taurob_tracker.launch.py\n'}
[7.665560] (cartographer_ros) StdoutLine: {'line': b'-- Up-to-date: /root/ros2_ws/install/cartographer_ros/share/cartographer_ros//launch/offline_mir_100_rviz.launch.py\n'}
[7.666026] (cartographer_ros) StdoutLine: {'line': b'-- Up-to-date: /root/ros2_ws/install/cartographer_ros/share/cartographer_ros//launch/assets_writer_backpack_2d.launch.py\n'}
[7.666753] (cartographer_ros) StdoutLine: {'line': b'-- Up-to-date: /root/ros2_ws/install/cartographer_ros/share/cartographer_ros//launch/offline_backpack_2d.launch.py\n'}
[7.667568] (cartographer_ros) StdoutLine: {'line': b'-- Up-to-date: /root/ros2_ws/install/cartographer_ros/share/cartographer_ros//launch/demo_backpack_3d.launch.py\n'}
[7.667948] (cartographer_ros) StdoutLine: {'line': b'-- Up-to-date: /root/ros2_ws/install/cartographer_ros/share/cartographer_ros//launch/backpack_3d.launch.py\n'}
[7.668195] (cartographer_ros) StdoutLine: {'line': b'-- Up-to-date: /root/ros2_ws/install/cartographer_ros/share/cartographer_ros//launch/grpc_demo_backpack_2d.launch\n'}
[7.668457] (cartographer_ros) StdoutLine: {'line': b'-- Up-to-date: /root/ros2_ws/install/cartographer_ros/share/cartographer_ros//launch/demo_backpack_3d_localization.launch.py\n'}
[7.668713] (cartographer_ros) StdoutLine: {'line': b'-- Up-to-date: /root/ros2_ws/install/cartographer_ros/share/cartographer_ros//launch/offline_node.launch.py\n'}
[7.668966] (cartographer_ros) StdoutLine: {'line': b'-- Up-to-date: /root/ros2_ws/install/cartographer_ros/share/cartographer_ros//launch/backpack_2d.launch.py\n'}
[7.669182] (-) TimerEvent: {}
[7.672633] (cartographer_ros) StdoutLine: {'line': b'-- Up-to-date: /root/ros2_ws/install/cartographer_ros/share/cartographer_ros//launch/assets_writer_backpack_3d.launch.py\n'}
[7.673362] (cartographer_ros) StdoutLine: {'line': b'-- Up-to-date: /root/ros2_ws/install/cartographer_ros/share/cartographer_ros//launch/demo_backpack_2d.launch.py\n'}
[7.674715] (cartographer_ros) StdoutLine: {'line': b'-- Up-to-date: /root/ros2_ws/install/cartographer_ros/share/cartographer_ros//launch/assets_writer_ros_map.launch.py\n'}
[7.675251] (cartographer_ros) StdoutLine: {'line': b'-- Up-to-date: /root/ros2_ws/install/cartographer_ros/share/cartographer_ros//launch/demo_pr2.launch\n'}
[7.675622] (cartographer_ros) StdoutLine: {'line': b'-- Up-to-date: /root/ros2_ws/install/cartographer_ros/share/cartographer_ros//launch/demo_revo_lds.launch.py\n'}
[7.678488] (cartographer_ros) StdoutLine: {'line': b'-- Up-to-date: /root/ros2_ws/install/cartographer_ros/share/cartographer_ros//launch/visualize_pbstream.launch.py\n'}
[7.678905] (cartographer_ros) StdoutLine: {'line': b'-- Up-to-date: /root/ros2_ws/install/cartographer_ros/share/cartographer_ros//launch/demo_backpack_2d_localization.launch.py\n'}
[7.679280] (cartographer_ros) StdoutLine: {'line': b'-- Up-to-date: /root/ros2_ws/install/cartographer_ros/share/cartographer_ros//launch/grpc_demo_backpack_2d_localization.launch\n'}
[7.679640] (cartographer_ros) StdoutLine: {'line': b'-- Up-to-date: /root/ros2_ws/install/cartographer_ros/share/cartographer_ros/environment/library_path.sh\n'}
[7.680016] (cartographer_ros) StdoutLine: {'line': b'-- Up-to-date: /root/ros2_ws/install/cartographer_ros/share/cartographer_ros/environment/library_path.dsv\n'}
[7.680279] (cartographer_ros) StdoutLine: {'line': b'-- Up-to-date: /root/ros2_ws/install/cartographer_ros/share/ament_index/resource_index/package_run_dependencies/cartographer_ros\n'}
[7.681441] (cartographer_ros) StdoutLine: {'line': b'-- Up-to-date: /root/ros2_ws/install/cartographer_ros/share/ament_index/resource_index/parent_prefix_path/cartographer_ros\n'}
[7.682005] (cartographer_ros) StdoutLine: {'line': b'-- Up-to-date: /root/ros2_ws/install/cartographer_ros/share/cartographer_ros/environment/ament_prefix_path.sh\n'}
[7.682304] (cartographer_ros) StdoutLine: {'line': b'-- Up-to-date: /root/ros2_ws/install/cartographer_ros/share/cartographer_ros/environment/ament_prefix_path.dsv\n'}
[7.682704] (cartographer_ros) StdoutLine: {'line': b'-- Up-to-date: /root/ros2_ws/install/cartographer_ros/share/cartographer_ros/environment/path.sh\n'}
[7.686736] (cartographer_ros) StdoutLine: {'line': b'-- Up-to-date: /root/ros2_ws/install/cartographer_ros/share/cartographer_ros/environment/path.dsv\n'}
[7.687393] (cartographer_ros) StdoutLine: {'line': b'-- Up-to-date: /root/ros2_ws/install/cartographer_ros/share/cartographer_ros/local_setup.bash\n'}
[7.687683] (cartographer_ros) StdoutLine: {'line': b'-- Up-to-date: /root/ros2_ws/install/cartographer_ros/share/cartographer_ros/local_setup.sh\n'}
[7.687937] (cartographer_ros) StdoutLine: {'line': b'-- Up-to-date: /root/ros2_ws/install/cartographer_ros/share/cartographer_ros/local_setup.zsh\n'}
[7.690709] (cartographer_ros) StdoutLine: {'line': b'-- Up-to-date: /root/ros2_ws/install/cartographer_ros/share/cartographer_ros/local_setup.dsv\n'}
[7.691107] (cartographer_ros) StdoutLine: {'line': b'-- Installing: /root/ros2_ws/install/cartographer_ros/share/cartographer_ros/package.dsv\n'}
[7.691498] (cartographer_ros) StdoutLine: {'line': b'-- Up-to-date: /root/ros2_ws/install/cartographer_ros/share/ament_index/resource_index/packages/cartographer_ros\n'}
[7.692211] (cartographer_ros) StdoutLine: {'line': b'-- Up-to-date: /root/ros2_ws/install/cartographer_ros/share/cartographer_ros/cmake/ament_cmake_export_include_directories-extras.cmake\n'}
[7.694745] (cartographer_ros) StdoutLine: {'line': b'-- Up-to-date: /root/ros2_ws/install/cartographer_ros/share/cartographer_ros/cmake/ament_cmake_export_libraries-extras.cmake\n'}
[7.695062] (cartographer_ros) StdoutLine: {'line': b'-- Up-to-date: /root/ros2_ws/install/cartographer_ros/share/cartographer_ros/cmake/ament_cmake_export_dependencies-extras.cmake\n'}
[7.695356] (cartographer_ros) StdoutLine: {'line': b'-- Up-to-date: /root/ros2_ws/install/cartographer_ros/share/cartographer_ros/cmake/cartographer_rosConfig.cmake\n'}
[7.695627] (cartographer_ros) StdoutLine: {'line': b'-- Up-to-date: /root/ros2_ws/install/cartographer_ros/share/cartographer_ros/cmake/cartographer_rosConfig-version.cmake\n'}
[7.695946] (cartographer_ros) StdoutLine: {'line': b'-- Up-to-date: /root/ros2_ws/install/cartographer_ros/share/cartographer_ros/package.xml\n'}
[7.696249] (cartographer_ros) CommandEnded: {'returncode': 0}
[7.738642] (cartographer_ros) JobEnded: {'identifier': 'cartographer_ros', 'rc': 0}
[7.742360] (cartographer_rviz) JobStarted: {'identifier': 'cartographer_rviz'}
[7.769366] (-) TimerEvent: {}
[7.776699] (cartographer_rviz) JobProgress: {'identifier': 'cartographer_rviz', 'progress': 'cmake'}
[7.781014] (cartographer_rviz) JobProgress: {'identifier': 'cartographer_rviz', 'progress': 'build'}
[7.783397] (cartographer_rviz) Command: {'cmd': ['/usr/bin/cmake', '--build', '/root/ros2_ws/build/cartographer_rviz', '--', '-j8', '-l8'], 'cwd': '/root/ros2_ws/build/cartographer_rviz', 'env': OrderedDict([('HOSTNAME', 'warnie'), ('GIT_ASKPASS', '/root/.vscode-server/bin/17baf841131aa23349f217ca7c570c76ee87b957/extensions/git/dist/askpass.sh'), ('SHLVL', '2'), ('LD_LIBRARY_PATH', '/root/ros2_ws/install/cartographer_ros_msgs/lib:/root/ros2_ws/install/cartographer_rviz/lib:/root/ros2_ws/install/cartographer_ros/lib:/opt/ros/humble/opt/rviz_ogre_vendor/lib:/opt/ros/humble/lib/x86_64-linux-gnu:/opt/ros/humble/lib'), ('BROWSER', '/root/.vscode-server/bin/17baf841131aa23349f217ca7c570c76ee87b957/bin/helpers/browser.sh'), ('HOME', '/root'), ('OLDPWD', '/root/ros2_ws/src'), ('TERM_PROGRAM_VERSION', '1.99.3'), ('VSCODE_IPC_HOOK_CLI', '/tmp/vscode-ipc-68549143-8077-4743-9875-84966345cd0e.sock'), ('ROS_PYTHON_VERSION', '3'), ('VSCODE_GIT_ASKPASS_MAIN', '/root/.vscode-server/bin/17baf841131aa23349f217ca7c570c76ee87b957/extensions/git/dist/askpass-main.js'), ('VSCODE_GIT_ASKPASS_NODE', '/root/.vscode-server/bin/17baf841131aa23349f217ca7c570c76ee87b957/node'), ('LC_CTYPE', 'C.UTF-8'), ('COLORTERM', 'truecolor'), ('REMOTE_CONTAINERS', 'true'), ('COLCON_PREFIX_PATH', '/root/ros2_ws/install'), ('ROS_DISTRO', 'humble'), ('REMOTE_CONTAINERS_IPC', '/tmp/vscode-remote-containers-ipc-f285fd1d-9376-4a47-8352-1dbec715791d.sock'), ('_', '/usr/bin/colcon'), ('ROS_VERSION', '2'), ('PKG_CONFIG_PATH', '/root/ros2_ws/install/cartographer/lib/x86_64-linux-gnu/pkgconfig:/root/ros2_ws/install/cartographer/lib/pkgconfig'), ('TERM', 'xterm-256color'), ('ROS_LOCALHOST_ONLY', '0'), ('PATH', '/root/ros2_ws/install/cartographer/bin:/root/.vscode-server/bin/17baf841131aa23349f217ca7c570c76ee87b957/bin/remote-cli:/opt/ros/humble/bin:/usr/local/sbin:/usr/local/bin:/usr/sbin:/usr/bin:/sbin:/bin:/root/.vscode-server/data/User/globalStorage/github.copilot-chat/debugCommand'), ('REMOTE_CONTAINERS_SOCKETS', '["/tmp/vscode-ssh-auth-f285fd1d-9376-4a47-8352-1dbec715791d.sock","/root/.gnupg/S.gpg-agent"]'), ('DISPLAY', 'unix:0'), ('LANG', 'en_US.UTF-8'), ('VSCODE_GIT_IPC_HANDLE', '/tmp/vscode-git-3ce2b43cc6.sock'), ('TERM_PROGRAM', 'vscode'), ('SSH_AUTH_SOCK', '/tmp/vscode-ssh-auth-f285fd1d-9376-4a47-8352-1dbec715791d.sock'), ('AMENT_PREFIX_PATH', '/root/ros2_ws/install/car_launch:/root/ros2_ws/install/robocar_test_cpp:/root/ros2_ws/install/rplidar_ros:/root/ros2_ws/install/ros2_opencv:/root/ros2_ws/install/cartographer_rviz:/root/ros2_ws/install/cartographer_ros:/root/ros2_ws/install/cartographer_ros_msgs:/root/ros2_ws/install/Test_FirstPkg:/opt/ros/humble'), ('SHELL', '/bin/bash'), ('VSCODE_GIT_ASKPASS_EXTRA_ARGS', ''), ('PWD', '/root/ros2_ws/build/cartographer_rviz'), ('PYTHONPATH', '/root/ros2_ws/install/ros2_opencv/lib/python3.10/site-packages:/root/ros2_ws/install/cartographer_ros_msgs/local/lib/python3.10/dist-packages:/opt/ros/humble/lib/python3.10/site-packages:/opt/ros/humble/local/lib/python3.10/dist-packages'), ('COLCON', '1'), ('CMAKE_PREFIX_PATH', '/root/ros2_ws/install/cartographer_ros:/root/ros2_ws/install/cartographer_ros_msgs:/root/ros2_ws/install/cartographer:/root/ros2_ws/install/car_launch:/root/ros2_ws/install/robocar_test_cpp:/root/ros2_ws/install/rplidar_ros:/root/ros2_ws/install/cartographer_rviz:/root/ros2_ws/install/Test_FirstPkg:/root/ros2_ws/install/ros2_opencv:/opt/ros/humble')]), 'shell': False}
[7.869507] (-) TimerEvent: {}
[7.968856] (cartographer_rviz) StdoutLine: {'line': b'[ 16%] \x1b[34m\x1b[1mAutomatic MOC for target cartographer_rviz\x1b[0m\n'}
[7.969641] (-) TimerEvent: {}
[7.985436] (cartographer_rviz) StdoutLine: {'line': b'[ 16%] Built target cartographer_rviz_detect_changes\n'}
[8.060131] (cartographer_rviz) StdoutLine: {'line': b'[ 16%] Built target cartographer_rviz_autogen\n'}
[8.069957] (-) TimerEvent: {}
[8.171757] (-) TimerEvent: {}
[8.205281] (cartographer_rviz) StdoutLine: {'line': b'[100%] Built target cartographer_rviz\n'}
[8.240604] (cartographer_rviz) CommandEnded: {'returncode': 0}
[8.243155] (cartographer_rviz) JobProgress: {'identifier': 'cartographer_rviz', 'progress': 'install'}
[8.245895] (cartographer_rviz) Command: {'cmd': ['/usr/bin/cmake', '--install', '/root/ros2_ws/build/cartographer_rviz'], 'cwd': '/root/ros2_ws/build/cartographer_rviz', 'env': OrderedDict([('HOSTNAME', 'warnie'), ('GIT_ASKPASS', '/root/.vscode-server/bin/17baf841131aa23349f217ca7c570c76ee87b957/extensions/git/dist/askpass.sh'), ('SHLVL', '2'), ('LD_LIBRARY_PATH', '/root/ros2_ws/install/cartographer_ros_msgs/lib:/root/ros2_ws/install/cartographer_rviz/lib:/root/ros2_ws/install/cartographer_ros/lib:/opt/ros/humble/opt/rviz_ogre_vendor/lib:/opt/ros/humble/lib/x86_64-linux-gnu:/opt/ros/humble/lib'), ('BROWSER', '/root/.vscode-server/bin/17baf841131aa23349f217ca7c570c76ee87b957/bin/helpers/browser.sh'), ('HOME', '/root'), ('OLDPWD', '/root/ros2_ws/src'), ('TERM_PROGRAM_VERSION', '1.99.3'), ('VSCODE_IPC_HOOK_CLI', '/tmp/vscode-ipc-68549143-8077-4743-9875-84966345cd0e.sock'), ('ROS_PYTHON_VERSION', '3'), ('VSCODE_GIT_ASKPASS_MAIN', '/root/.vscode-server/bin/17baf841131aa23349f217ca7c570c76ee87b957/extensions/git/dist/askpass-main.js'), ('VSCODE_GIT_ASKPASS_NODE', '/root/.vscode-server/bin/17baf841131aa23349f217ca7c570c76ee87b957/node'), ('LC_CTYPE', 'C.UTF-8'), ('COLORTERM', 'truecolor'), ('REMOTE_CONTAINERS', 'true'), ('COLCON_PREFIX_PATH', '/root/ros2_ws/install'), ('ROS_DISTRO', 'humble'), ('REMOTE_CONTAINERS_IPC', '/tmp/vscode-remote-containers-ipc-f285fd1d-9376-4a47-8352-1dbec715791d.sock'), ('_', '/usr/bin/colcon'), ('ROS_VERSION', '2'), ('PKG_CONFIG_PATH', '/root/ros2_ws/install/cartographer/lib/x86_64-linux-gnu/pkgconfig:/root/ros2_ws/install/cartographer/lib/pkgconfig'), ('TERM', 'xterm-256color'), ('ROS_LOCALHOST_ONLY', '0'), ('PATH', '/root/ros2_ws/install/cartographer/bin:/root/.vscode-server/bin/17baf841131aa23349f217ca7c570c76ee87b957/bin/remote-cli:/opt/ros/humble/bin:/usr/local/sbin:/usr/local/bin:/usr/sbin:/usr/bin:/sbin:/bin:/root/.vscode-server/data/User/globalStorage/github.copilot-chat/debugCommand'), ('REMOTE_CONTAINERS_SOCKETS', '["/tmp/vscode-ssh-auth-f285fd1d-9376-4a47-8352-1dbec715791d.sock","/root/.gnupg/S.gpg-agent"]'), ('DISPLAY', 'unix:0'), ('LANG', 'en_US.UTF-8'), ('VSCODE_GIT_IPC_HANDLE', '/tmp/vscode-git-3ce2b43cc6.sock'), ('TERM_PROGRAM', 'vscode'), ('SSH_AUTH_SOCK', '/tmp/vscode-ssh-auth-f285fd1d-9376-4a47-8352-1dbec715791d.sock'), ('AMENT_PREFIX_PATH', '/root/ros2_ws/install/car_launch:/root/ros2_ws/install/robocar_test_cpp:/root/ros2_ws/install/rplidar_ros:/root/ros2_ws/install/ros2_opencv:/root/ros2_ws/install/cartographer_rviz:/root/ros2_ws/install/cartographer_ros:/root/ros2_ws/install/cartographer_ros_msgs:/root/ros2_ws/install/Test_FirstPkg:/opt/ros/humble'), ('SHELL', '/bin/bash'), ('VSCODE_GIT_ASKPASS_EXTRA_ARGS', ''), ('PWD', '/root/ros2_ws/build/cartographer_rviz'), ('PYTHONPATH', '/root/ros2_ws/install/ros2_opencv/lib/python3.10/site-packages:/root/ros2_ws/install/cartographer_ros_msgs/local/lib/python3.10/dist-packages:/opt/ros/humble/lib/python3.10/site-packages:/opt/ros/humble/local/lib/python3.10/dist-packages'), ('COLCON', '1'), ('CMAKE_PREFIX_PATH', '/root/ros2_ws/install/cartographer_ros:/root/ros2_ws/install/cartographer_ros_msgs:/root/ros2_ws/install/cartographer:/root/ros2_ws/install/car_launch:/root/ros2_ws/install/robocar_test_cpp:/root/ros2_ws/install/rplidar_ros:/root/ros2_ws/install/cartographer_rviz:/root/ros2_ws/install/Test_FirstPkg:/root/ros2_ws/install/ros2_opencv:/opt/ros/humble')]), 'shell': False}
[8.271467] (cartographer_rviz) StdoutLine: {'line': b'-- Install configuration: "Release"\n'}
[8.271999] (-) TimerEvent: {}
[8.272234] (cartographer_rviz) StdoutLine: {'line': b'-- Up-to-date: /root/ros2_ws/install/cartographer_rviz/share/cartographer_rviz/rviz_plugin_description.xml\n'}
[8.272868] (cartographer_rviz) StdoutLine: {'line': b'-- Up-to-date: /root/ros2_ws/install/cartographer_rviz/lib/libcartographer_rviz.so\n'}
[8.273735] (cartographer_rviz) StdoutLine: {'line': b'-- Up-to-date: /root/ros2_ws/install/cartographer_rviz/include/\n'}
[8.274809] (cartographer_rviz) StdoutLine: {'line': b'-- Up-to-date: /root/ros2_ws/install/cartographer_rviz/include//cartographer_rviz\n'}
[8.275289] (cartographer_rviz) StdoutLine: {'line': b'-- Up-to-date: /root/ros2_ws/install/cartographer_rviz/include//cartographer_rviz/ogre_slice.h\n'}
[8.275633] (cartographer_rviz) StdoutLine: {'line': b'-- Up-to-date: /root/ros2_ws/install/cartographer_rviz/include//cartographer_rviz/submaps_display.h\n'}
[8.276652] (cartographer_rviz) StdoutLine: {'line': b'-- Up-to-date: /root/ros2_ws/install/cartographer_rviz/include//cartographer_rviz/drawable_submap.h\n'}
[8.276967] (cartographer_rviz) StdoutLine: {'line': b'-- Up-to-date: /root/ros2_ws/install/cartographer_rviz/share/cartographer_rviz/environment/library_path.sh\n'}
[8.277330] (cartographer_rviz) StdoutLine: {'line': b'-- Up-to-date: /root/ros2_ws/install/cartographer_rviz/share/cartographer_rviz/environment/library_path.dsv\n'}
[8.277598] (cartographer_rviz) StdoutLine: {'line': b'-- Up-to-date: /root/ros2_ws/install/cartographer_rviz/share/ament_index/resource_index/package_run_dependencies/cartographer_rviz\n'}
[8.277847] (cartographer_rviz) StdoutLine: {'line': b'-- Up-to-date: /root/ros2_ws/install/cartographer_rviz/share/ament_index/resource_index/parent_prefix_path/cartographer_rviz\n'}
[8.278057] (cartographer_rviz) StdoutLine: {'line': b'-- Up-to-date: /root/ros2_ws/install/cartographer_rviz/share/cartographer_rviz/environment/ament_prefix_path.sh\n'}
[8.278249] (cartographer_rviz) StdoutLine: {'line': b'-- Up-to-date: /root/ros2_ws/install/cartographer_rviz/share/cartographer_rviz/environment/ament_prefix_path.dsv\n'}
[8.278462] (cartographer_rviz) StdoutLine: {'line': b'-- Up-to-date: /root/ros2_ws/install/cartographer_rviz/share/cartographer_rviz/environment/path.sh\n'}
[8.278730] (cartographer_rviz) StdoutLine: {'line': b'-- Up-to-date: /root/ros2_ws/install/cartographer_rviz/share/cartographer_rviz/environment/path.dsv\n'}
[8.278971] (cartographer_rviz) StdoutLine: {'line': b'-- Up-to-date: /root/ros2_ws/install/cartographer_rviz/share/cartographer_rviz/local_setup.bash\n'}
[8.279224] (cartographer_rviz) StdoutLine: {'line': b'-- Up-to-date: /root/ros2_ws/install/cartographer_rviz/share/cartographer_rviz/local_setup.sh\n'}
[8.279455] (cartographer_rviz) StdoutLine: {'line': b'-- Up-to-date: /root/ros2_ws/install/cartographer_rviz/share/cartographer_rviz/local_setup.zsh\n'}
[8.281303] (cartographer_rviz) StdoutLine: {'line': b'-- Up-to-date: /root/ros2_ws/install/cartographer_rviz/share/cartographer_rviz/local_setup.dsv\n'}
[8.281728] (cartographer_rviz) StdoutLine: {'line': b'-- Installing: /root/ros2_ws/install/cartographer_rviz/share/cartographer_rviz/package.dsv\n'}
[8.282018] (cartographer_rviz) StdoutLine: {'line': b'-- Up-to-date: /root/ros2_ws/install/cartographer_rviz/share/ament_index/resource_index/packages/cartographer_rviz\n'}
[8.282285] (cartographer_rviz) StdoutLine: {'line': b'-- Up-to-date: /root/ros2_ws/install/cartographer_rviz/share/ament_index/resource_index/rviz_common__pluginlib__plugin/cartographer_rviz\n'}
[8.282572] (cartographer_rviz) StdoutLine: {'line': b'-- Up-to-date: /root/ros2_ws/install/cartographer_rviz/share/cartographer_rviz/ogre_media/materials/glsl120\n'}
[8.283005] (cartographer_rviz) StdoutLine: {'line': b'-- Up-to-date: /root/ros2_ws/install/cartographer_rviz/share/cartographer_rviz/ogre_media/materials/glsl120/submap.vert\n'}
[8.283283] (cartographer_rviz) StdoutLine: {'line': b'-- Up-to-date: /root/ros2_ws/install/cartographer_rviz/share/cartographer_rviz/ogre_media/materials/glsl120/glsl120.program\n'}
[8.283531] (cartographer_rviz) StdoutLine: {'line': b'-- Up-to-date: /root/ros2_ws/install/cartographer_rviz/share/cartographer_rviz/ogre_media/materials/glsl120/submap.frag\n'}
[8.284088] (cartographer_rviz) StdoutLine: {'line': b'-- Up-to-date: /root/ros2_ws/install/cartographer_rviz/share/cartographer_rviz/ogre_media/materials/scripts\n'}
[8.285041] (cartographer_rviz) StdoutLine: {'line': b'-- Up-to-date: /root/ros2_ws/install/cartographer_rviz/share/cartographer_rviz/ogre_media/materials/scripts/submap.material\n'}
[8.285380] (cartographer_rviz) StdoutLine: {'line': b'-- Up-to-date: /root/ros2_ws/install/cartographer_rviz/share/ament_index/resource_index/rviz_ogre_media_exports/cartographer_rviz\n'}
[8.286133] (cartographer_rviz) StdoutLine: {'line': b'-- Up-to-date: /root/ros2_ws/install/cartographer_rviz/share/cartographer_rviz/cmake/cartographer_rvizExport.cmake\n'}
[8.288289] (cartographer_rviz) StdoutLine: {'line': b'-- Up-to-date: /root/ros2_ws/install/cartographer_rviz/share/cartographer_rviz/cmake/cartographer_rvizExport-release.cmake\n'}
[8.288711] (cartographer_rviz) StdoutLine: {'line': b'-- Up-to-date: /root/ros2_ws/install/cartographer_rviz/share/cartographer_rviz/cmake/ament_cmake_export_include_directories-extras.cmake\n'}
[8.289144] (cartographer_rviz) StdoutLine: {'line': b'-- Up-to-date: /root/ros2_ws/install/cartographer_rviz/share/cartographer_rviz/cmake/ament_cmake_export_targets-extras.cmake\n'}
[8.289347] (cartographer_rviz) StdoutLine: {'line': b'-- Up-to-date: /root/ros2_ws/install/cartographer_rviz/share/cartographer_rviz/cmake/ament_cmake_export_dependencies-extras.cmake\n'}
[8.289523] (cartographer_rviz) StdoutLine: {'line': b'-- Up-to-date: /root/ros2_ws/install/cartographer_rviz/share/cartographer_rviz/cmake/cartographer_rvizConfig.cmake\n'}
[8.289706] (cartographer_rviz) StdoutLine: {'line': b'-- Up-to-date: /root/ros2_ws/install/cartographer_rviz/share/cartographer_rviz/cmake/cartographer_rvizConfig-version.cmake\n'}
[8.290268] (cartographer_rviz) StdoutLine: {'line': b'-- Up-to-date: /root/ros2_ws/install/cartographer_rviz/share/cartographer_rviz/package.xml\n'}
[8.291013] (cartographer_rviz) CommandEnded: {'returncode': 0}
[8.362990] (cartographer_rviz) JobEnded: {'identifier': 'cartographer_rviz', 'rc': 0}
[8.372142] (-) TimerEvent: {}
[8.472627] (-) TimerEvent: {}
[8.573240] (-) TimerEvent: {}
[8.674053] (-) TimerEvent: {}
[8.774602] (-) TimerEvent: {}
[8.875438] (-) TimerEvent: {}
[8.976331] (-) TimerEvent: {}
[9.076896] (-) TimerEvent: {}
[9.177500] (-) TimerEvent: {}
[9.277984] (-) TimerEvent: {}
[9.378535] (-) TimerEvent: {}
[9.479170] (-) TimerEvent: {}
[9.579592] (-) TimerEvent: {}
[9.680083] (-) TimerEvent: {}
[9.780496] (-) TimerEvent: {}
[9.880923] (-) TimerEvent: {}
[9.981332] (-) TimerEvent: {}
[10.081769] (-) TimerEvent: {}
[10.182313] (-) TimerEvent: {}
[10.282868] (-) TimerEvent: {}
[10.383526] (-) TimerEvent: {}
[10.485610] (-) TimerEvent: {}
[10.586236] (-) TimerEvent: {}
[10.686759] (-) TimerEvent: {}
[10.787239] (-) TimerEvent: {}
[10.887739] (-) TimerEvent: {}
[10.988166] (-) TimerEvent: {}
[11.088619] (-) TimerEvent: {}
[11.189207] (-) TimerEvent: {}
[11.289701] (-) TimerEvent: {}
[11.390187] (-) TimerEvent: {}
[11.490625] (-) TimerEvent: {}
[11.591241] (-) TimerEvent: {}
[11.691817] (-) TimerEvent: {}
[11.792648] (-) TimerEvent: {}
[11.893519] (-) TimerEvent: {}
[11.994126] (-) TimerEvent: {}
[12.094698] (-) TimerEvent: {}
[12.195202] (-) TimerEvent: {}
[12.295847] (-) TimerEvent: {}
[12.396348] (-) TimerEvent: {}
[12.496900] (-) TimerEvent: {}
[12.597385] (-) TimerEvent: {}
[12.600577] (robocar_test_cpp) StderrLine: {'line': b'\x1b[01m\x1b[K/root/ros2_ws/src/robocar_test_cpp/src/receive_lidar_function.cpp:5:36:\x1b[m\x1b[K \x1b[01;31m\x1b[Kerror: \x1b[m\x1b[K\xe2\x80\x98\x1b[01m\x1b[KString\x1b[m\x1b[K\xe2\x80\x99 is not a member of \xe2\x80\x98\x1b[01m\x1b[Kstd_msgs::msg\x1b[m\x1b[K\xe2\x80\x99\n'}
[12.601326] (robocar_test_cpp) StderrLine: {'line': b'    5 | auto cmd_msg_test = std_msgs::msg::\x1b[01;31m\x1b[KString\x1b[m\x1b[K();\n'}
[12.601645] (robocar_test_cpp) StderrLine: {'line': b'      |                                    \x1b[01;31m\x1b[K^~~~~~\x1b[m\x1b[K\n'}
[12.697565] (-) TimerEvent: {}
[12.772551] (robocar_test_cpp) StderrLine: {'line': b'\x1b[01m\x1b[K/root/ros2_ws/src/robocar_test_cpp/src/receive_lidar_function.cpp:108:23:\x1b[m\x1b[K \x1b[01;31m\x1b[Kerror: \x1b[m\x1b[K\xe2\x80\x98\x1b[01m\x1b[Kgeometry_msgs\x1b[m\x1b[K\xe2\x80\x99 was not declared in this scope\n'}
[12.773095] (robocar_test_cpp) StderrLine: {'line': b'  108 |     rclcpp::Publisher<\x1b[01;31m\x1b[Kgeometry_msgs\x1b[m\x1b[K::msg::Twist>::SharedPtr cmd_pub_;\n'}
[12.773400] (robocar_test_cpp) StderrLine: {'line': b'      |                       \x1b[01;31m\x1b[K^~~~~~~~~~~~~\x1b[m\x1b[K\n'}
[12.773684] (robocar_test_cpp) StderrLine: {'line': b'\x1b[01m\x1b[K/root/ros2_ws/src/robocar_test_cpp/src/receive_lidar_function.cpp:108:48:\x1b[m\x1b[K \x1b[01;31m\x1b[Kerror: \x1b[m\x1b[Ktemplate argument 1 is invalid\n'}
[12.774011] (robocar_test_cpp) StderrLine: {'line': b'  108 |     rclcpp::Publisher<geometry_msgs::msg::Twist\x1b[01;31m\x1b[K>\x1b[m\x1b[K::SharedPtr cmd_pub_;\n'}
[12.774352] (robocar_test_cpp) StderrLine: {'line': b'      |                                                \x1b[01;31m\x1b[K^\x1b[m\x1b[K\n'}
[12.774647] (robocar_test_cpp) StderrLine: {'line': b'\x1b[01m\x1b[K/root/ros2_ws/src/robocar_test_cpp/src/receive_lidar_function.cpp:108:51:\x1b[m\x1b[K \x1b[01;31m\x1b[Kerror: \x1b[m\x1b[Kexpected \xe2\x80\x98\x1b[01m\x1b[K;\x1b[m\x1b[K\xe2\x80\x99 at end of member declaration\n'}
[12.775063] (robocar_test_cpp) StderrLine: {'line': b'  108 |     rclcpp::Publisher<geometry_msgs::msg::Twist>::\x1b[01;31m\x1b[KSharedPtr\x1b[m\x1b[K cmd_pub_;\n'}
[12.775482] (robocar_test_cpp) StderrLine: {'line': b'      |                                                   \x1b[01;31m\x1b[K^~~~~~~~~\x1b[m\x1b[K\n'}
[12.775863] (robocar_test_cpp) StderrLine: {'line': b'      |                                                            \x1b[32m\x1b[K;\x1b[m\x1b[K\n'}
[12.777839] (robocar_test_cpp) StderrLine: {'line': b'\x1b[01m\x1b[K/root/ros2_ws/src/robocar_test_cpp/src/receive_lidar_function.cpp:108:61:\x1b[m\x1b[K \x1b[01;31m\x1b[Kerror: \x1b[m\x1b[K\xe2\x80\x98\x1b[01m\x1b[Kcmd_pub_\x1b[m\x1b[K\xe2\x80\x99 does not name a type\n'}
[12.778351] (robocar_test_cpp) StderrLine: {'line': b'  108 |     rclcpp::Publisher<geometry_msgs::msg::Twist>::SharedPtr \x1b[01;31m\x1b[Kcmd_pub_\x1b[m\x1b[K;\n'}
[12.778687] (robocar_test_cpp) StderrLine: {'line': b'      |                                                             \x1b[01;31m\x1b[K^~~~~~~~\x1b[m\x1b[K\n'}
[12.797723] (-) TimerEvent: {}
[12.801123] (robocar_test_cpp) StderrLine: {'line': b'\x1b[01m\x1b[K/root/ros2_ws/src/robocar_test_cpp/src/receive_lidar_function.cpp:\x1b[m\x1b[K In constructor \xe2\x80\x98\x1b[01m\x1b[KLidarListener::LidarListener()\x1b[m\x1b[K\xe2\x80\x99:\n'}
[12.801600] (robocar_test_cpp) StderrLine: {'line': b'\x1b[01m\x1b[K/root/ros2_ws/src/robocar_test_cpp/src/receive_lidar_function.cpp:12:9:\x1b[m\x1b[K \x1b[01;31m\x1b[Kerror: \x1b[m\x1b[K\xe2\x80\x98\x1b[01m\x1b[Ksubscription_\x1b[m\x1b[K\xe2\x80\x99 was not declared in this scope; did you mean \xe2\x80\x98\x1b[01m\x1b[Krmw_subscription_t\x1b[m\x1b[K\xe2\x80\x99?\n'}
[12.801949] (robocar_test_cpp) StderrLine: {'line': b'   12 |         \x1b[01;31m\x1b[Ksubscription_\x1b[m\x1b[K = this->create_subscription<sensor_msgs::msg::LaserScan>(\n'}
[12.802274] (robocar_test_cpp) StderrLine: {'line': b'      |         \x1b[01;31m\x1b[K^~~~~~~~~~~~~\x1b[m\x1b[K\n'}
[12.802597] (robocar_test_cpp) StderrLine: {'line': b'      |         \x1b[32m\x1b[Krmw_subscription_t\x1b[m\x1b[K\n'}
[12.847720] (robocar_test_cpp) StderrLine: {'line': b'\x1b[01m\x1b[K/root/ros2_ws/src/robocar_test_cpp/src/receive_lidar_function.cpp:18:9:\x1b[m\x1b[K \x1b[01;31m\x1b[Kerror: \x1b[m\x1b[K\xe2\x80\x98\x1b[01m\x1b[Kcmd_pub_\x1b[m\x1b[K\xe2\x80\x99 was not declared in this scope\n'}
[12.848164] (robocar_test_cpp) StderrLine: {'line': b'   18 |         \x1b[01;31m\x1b[Kcmd_pub_\x1b[m\x1b[K = this->create_publisher<geometry_msgs::msg::Twist>(\n'}
[12.848446] (robocar_test_cpp) StderrLine: {'line': b'      |         \x1b[01;31m\x1b[K^~~~~~~~\x1b[m\x1b[K\n'}
[12.872106] (robocar_test_cpp) StderrLine: {'line': b'\x1b[01m\x1b[K/root/ros2_ws/src/robocar_test_cpp/src/receive_lidar_function.cpp:18:43:\x1b[m\x1b[K \x1b[01;31m\x1b[Kerror: \x1b[m\x1b[K\xe2\x80\x98\x1b[01m\x1b[Kgeometry_msgs\x1b[m\x1b[K\xe2\x80\x99 was not declared in this scope\n'}
[12.872576] (robocar_test_cpp) StderrLine: {'line': b'   18 |         cmd_pub_ = this->create_publisher<\x1b[01;31m\x1b[Kgeometry_msgs\x1b[m\x1b[K::msg::Twist>(\n'}
[12.873105] (robocar_test_cpp) StderrLine: {'line': b'      |                                           \x1b[01;31m\x1b[K^~~~~~~~~~~~~\x1b[m\x1b[K\n'}
[12.873379] (robocar_test_cpp) StderrLine: {'line': b'\x1b[01m\x1b[K/root/ros2_ws/src/robocar_test_cpp/src/receive_lidar_function.cpp:18:26:\x1b[m\x1b[K \x1b[01;31m\x1b[Kerror: \x1b[m\x1b[Kparse error in template argument list\n'}
[12.873644] (robocar_test_cpp) StderrLine: {'line': b'   18 |         cmd_pub_ = this->\x1b[01;31m\x1b[Kcreate_publisher<geometry_msgs::msg::Twist>\x1b[m\x1b[K(\n'}
[12.873959] (robocar_test_cpp) StderrLine: {'line': b'      |                          \x1b[01;31m\x1b[K^~~~~~~~~~~~~~~~~~~~~~~~~~~~~~~~~~~~~~~~~~~\x1b[m\x1b[K\n'}
[12.874272] (robocar_test_cpp) StderrLine: {'line': b'\x1b[01m\x1b[K/root/ros2_ws/src/robocar_test_cpp/src/receive_lidar_function.cpp:18:69:\x1b[m\x1b[K \x1b[01;31m\x1b[Kerror: \x1b[m\x1b[Kno matching function for call to \xe2\x80\x98\x1b[01m\x1b[KLidarListener::create_publisher<<expression error> >(const char [9], int)\x1b[m\x1b[K\xe2\x80\x99\n'}
[12.874583] (robocar_test_cpp) StderrLine: {'line': b'   18 |         cmd_pub_ = \x1b[01;31m\x1b[Kthis->create_publisher<geometry_msgs::msg::Twist>(\x1b[m\x1b[K\n'}
[12.874945] (robocar_test_cpp) StderrLine: {'line': b'      |                    \x1b[01;31m\x1b[K~~~~~~~~~~~~~~~~~~~~~~~~~~~~~~~~~~~~~~~~~~~~~~~~~^\x1b[m\x1b[K\n'}
[12.875243] (robocar_test_cpp) StderrLine: {'line': b'   19 | \x1b[01;31m\x1b[K            "/cmd_vel", 10)\x1b[m\x1b[K;\n'}
[12.875574] (robocar_test_cpp) StderrLine: {'line': b'      |             \x1b[01;31m\x1b[K~~~~~~~~~~~~~~~\x1b[m\x1b[K                                          \n'}
[12.876116] (robocar_test_cpp) StderrLine: {'line': b'In file included from \x1b[01m\x1b[K/opt/ros/humble/include/rclcpp/rclcpp/executors/single_threaded_executor.hpp:28\x1b[m\x1b[K,\n'}
[12.876470] (robocar_test_cpp) StderrLine: {'line': b'                 from \x1b[01m\x1b[K/opt/ros/humble/include/rclcpp/rclcpp/executors.hpp:22\x1b[m\x1b[K,\n'}
[12.876783] (robocar_test_cpp) StderrLine: {'line': b'                 from \x1b[01m\x1b[K/opt/ros/humble/include/rclcpp/rclcpp/rclcpp.hpp:155\x1b[m\x1b[K,\n'}
[12.877046] (robocar_test_cpp) StderrLine: {'line': b'                 from \x1b[01m\x1b[K/root/ros2_ws/src/robocar_test_cpp/src/receive_lidar_function.cpp:2\x1b[m\x1b[K:\n'}
[12.877306] (robocar_test_cpp) StderrLine: {'line': b'\x1b[01m\x1b[K/opt/ros/humble/include/rclcpp/rclcpp/node.hpp:195:3:\x1b[m\x1b[K \x1b[01;36m\x1b[Knote: \x1b[m\x1b[Kcandidate: \xe2\x80\x98\x1b[01m\x1b[Ktemplate<class MessageT, class AllocatorT, class PublisherT> std::shared_ptr<PublisherT> rclcpp::Node::create_publisher(const string&, const rclcpp::QoS&, const rclcpp::PublisherOptionsWithAllocator<AllocatorT>&)\x1b[m\x1b[K\xe2\x80\x99\n'}
[12.877633] (robocar_test_cpp) StderrLine: {'line': b'  195 |   \x1b[01;36m\x1b[Kcreate_publisher\x1b[m\x1b[K(\n'}
[12.877969] (robocar_test_cpp) StderrLine: {'line': b'      |   \x1b[01;36m\x1b[K^~~~~~~~~~~~~~~~\x1b[m\x1b[K\n'}
[12.878745] (robocar_test_cpp) StderrLine: {'line': b'\x1b[01m\x1b[K/opt/ros/humble/include/rclcpp/rclcpp/node.hpp:195:3:\x1b[m\x1b[K \x1b[01;36m\x1b[Knote: \x1b[m\x1b[K  template argument deduction/substitution failed:\n'}
[12.879091] (robocar_test_cpp) StderrLine: {'line': b'\x1b[01m\x1b[K/root/ros2_ws/src/robocar_test_cpp/src/receive_lidar_function.cpp:18:69:\x1b[m\x1b[K \x1b[01;31m\x1b[Kerror: \x1b[m\x1b[Ktemplate argument 1 is invalid\n'}
[12.879358] (robocar_test_cpp) StderrLine: {'line': b'   18 |         cmd_pub_ = \x1b[01;31m\x1b[Kthis->create_publisher<geometry_msgs::msg::Twist>(\x1b[m\x1b[K\n'}
[12.879603] (robocar_test_cpp) StderrLine: {'line': b'      |                    \x1b[01;31m\x1b[K~~~~~~~~~~~~~~~~~~~~~~~~~~~~~~~~~~~~~~~~~~~~~~~~~^\x1b[m\x1b[K\n'}
[12.879881] (robocar_test_cpp) StderrLine: {'line': b'   19 | \x1b[01;31m\x1b[K            "/cmd_vel", 10)\x1b[m\x1b[K;\n'}
[12.880151] (robocar_test_cpp) StderrLine: {'line': b'      |             \x1b[01;31m\x1b[K~~~~~~~~~~~~~~~\x1b[m\x1b[K                                          \n'}
[12.897748] (robocar_test_cpp) StderrLine: {'line': b'\x1b[01m\x1b[K/root/ros2_ws/src/robocar_test_cpp/src/receive_lidar_function.cpp:22:9:\x1b[m\x1b[K \x1b[01;31m\x1b[Kerror: \x1b[m\x1b[K\xe2\x80\x98\x1b[01m\x1b[Kcmd_pub_test\x1b[m\x1b[K\xe2\x80\x99 was not declared in this scope; did you mean \xe2\x80\x98\x1b[01m\x1b[Kcmd_msg_test\x1b[m\x1b[K\xe2\x80\x99?\n'}
[12.898183] (-) TimerEvent: {}
[12.898465] (robocar_test_cpp) StderrLine: {'line': b'   22 |         \x1b[01;31m\x1b[Kcmd_pub_test\x1b[m\x1b[K = this->create_publisher<std_msgs::msg::String>(\n'}
[12.898774] (robocar_test_cpp) StderrLine: {'line': b'      |         \x1b[01;31m\x1b[K^~~~~~~~~~~~\x1b[m\x1b[K\n'}
[12.899089] (robocar_test_cpp) StderrLine: {'line': b'      |         \x1b[32m\x1b[Kcmd_msg_test\x1b[m\x1b[K\n'}
[12.899962] (robocar_test_cpp) StderrLine: {'line': b'\x1b[01m\x1b[K/root/ros2_ws/src/robocar_test_cpp/src/receive_lidar_function.cpp:22:62:\x1b[m\x1b[K \x1b[01;31m\x1b[Kerror: \x1b[m\x1b[K\xe2\x80\x98\x1b[01m\x1b[KString\x1b[m\x1b[K\xe2\x80\x99 is not a member of \xe2\x80\x98\x1b[01m\x1b[Kstd_msgs::msg\x1b[m\x1b[K\xe2\x80\x99\n'}
[12.902326] (robocar_test_cpp) StderrLine: {'line': b'   22 |         cmd_pub_test = this->create_publisher<std_msgs::msg::\x1b[01;31m\x1b[KString\x1b[m\x1b[K>(\n'}
[12.902622] (robocar_test_cpp) StderrLine: {'line': b'      |                                                              \x1b[01;31m\x1b[K^~~~~~\x1b[m\x1b[K\n'}
[12.902917] (robocar_test_cpp) StderrLine: {'line': b'\x1b[01m\x1b[K/root/ros2_ws/src/robocar_test_cpp/src/receive_lidar_function.cpp:22:69:\x1b[m\x1b[K \x1b[01;31m\x1b[Kerror: \x1b[m\x1b[Kno matching function for call to \xe2\x80\x98\x1b[01m\x1b[KLidarListener::create_publisher<<expression error> >(const char [14], int)\x1b[m\x1b[K\xe2\x80\x99\n'}
[12.903143] (robocar_test_cpp) StderrLine: {'line': b'   22 |         cmd_pub_test = \x1b[01;31m\x1b[Kthis->create_publisher<std_msgs::msg::String>(\x1b[m\x1b[K\n'}
[12.903358] (robocar_test_cpp) StderrLine: {'line': b'      |                        \x1b[01;31m\x1b[K~~~~~~~~~~~~~~~~~~~~~~~~~~~~~~~~~~~~~~~~~~~~~^\x1b[m\x1b[K\n'}
[12.903556] (robocar_test_cpp) StderrLine: {'line': b'   23 | \x1b[01;31m\x1b[K            "/cmd_msg_test", 10)\x1b[m\x1b[K;\n'}
[12.903815] (robocar_test_cpp) StderrLine: {'line': b'      |             \x1b[01;31m\x1b[K~~~~~~~~~~~~~~~~~~~~\x1b[m\x1b[K                                     \n'}
[12.904217] (robocar_test_cpp) StderrLine: {'line': b'In file included from \x1b[01m\x1b[K/opt/ros/humble/include/rclcpp/rclcpp/executors/single_threaded_executor.hpp:28\x1b[m\x1b[K,\n'}
[12.904528] (robocar_test_cpp) StderrLine: {'line': b'                 from \x1b[01m\x1b[K/opt/ros/humble/include/rclcpp/rclcpp/executors.hpp:22\x1b[m\x1b[K,\n'}
[12.904832] (robocar_test_cpp) StderrLine: {'line': b'                 from \x1b[01m\x1b[K/opt/ros/humble/include/rclcpp/rclcpp/rclcpp.hpp:155\x1b[m\x1b[K,\n'}
[12.905105] (robocar_test_cpp) StderrLine: {'line': b'                 from \x1b[01m\x1b[K/root/ros2_ws/src/robocar_test_cpp/src/receive_lidar_function.cpp:2\x1b[m\x1b[K:\n'}
[12.905394] (robocar_test_cpp) StderrLine: {'line': b'\x1b[01m\x1b[K/opt/ros/humble/include/rclcpp/rclcpp/node.hpp:195:3:\x1b[m\x1b[K \x1b[01;36m\x1b[Knote: \x1b[m\x1b[Kcandidate: \xe2\x80\x98\x1b[01m\x1b[Ktemplate<class MessageT, class AllocatorT, class PublisherT> std::shared_ptr<PublisherT> rclcpp::Node::create_publisher(const string&, const rclcpp::QoS&, const rclcpp::PublisherOptionsWithAllocator<AllocatorT>&)\x1b[m\x1b[K\xe2\x80\x99\n'}
[12.905719] (robocar_test_cpp) StderrLine: {'line': b'  195 |   \x1b[01;36m\x1b[Kcreate_publisher\x1b[m\x1b[K(\n'}
[12.906018] (robocar_test_cpp) StderrLine: {'line': b'      |   \x1b[01;36m\x1b[K^~~~~~~~~~~~~~~~\x1b[m\x1b[K\n'}
[12.906256] (robocar_test_cpp) StderrLine: {'line': b'\x1b[01m\x1b[K/opt/ros/humble/include/rclcpp/rclcpp/node.hpp:195:3:\x1b[m\x1b[K \x1b[01;36m\x1b[Knote: \x1b[m\x1b[K  template argument deduction/substitution failed:\n'}
[12.906456] (robocar_test_cpp) StderrLine: {'line': b'\x1b[01m\x1b[K/root/ros2_ws/src/robocar_test_cpp/src/receive_lidar_function.cpp:22:69:\x1b[m\x1b[K \x1b[01;31m\x1b[Kerror: \x1b[m\x1b[Ktemplate argument 1 is invalid\n'}
[12.906651] (robocar_test_cpp) StderrLine: {'line': b'   22 |         cmd_pub_test = \x1b[01;31m\x1b[Kthis->create_publisher<std_msgs::msg::String>(\x1b[m\x1b[K\n'}
[12.906891] (robocar_test_cpp) StderrLine: {'line': b'      |                        \x1b[01;31m\x1b[K~~~~~~~~~~~~~~~~~~~~~~~~~~~~~~~~~~~~~~~~~~~~~^\x1b[m\x1b[K\n'}
[12.907101] (robocar_test_cpp) StderrLine: {'line': b'   23 | \x1b[01;31m\x1b[K            "/cmd_msg_test", 10)\x1b[m\x1b[K;\n'}
[12.907319] (robocar_test_cpp) StderrLine: {'line': b'      |             \x1b[01;31m\x1b[K~~~~~~~~~~~~~~~~~~~~\x1b[m\x1b[K                                     \n'}
[12.912775] (robocar_test_cpp) StderrLine: {'line': b'\x1b[01m\x1b[K/root/ros2_ws/src/robocar_test_cpp/src/receive_lidar_function.cpp:\x1b[m\x1b[K In member function \xe2\x80\x98\x1b[01m\x1b[Kvoid LidarListener::scan_callback(sensor_msgs::msg::LaserScan_<std::allocator<void> >::SharedPtr)\x1b[m\x1b[K\xe2\x80\x99:\n'}
[12.913360] (robocar_test_cpp) StderrLine: {'line': b'\x1b[01m\x1b[K/root/ros2_ws/src/robocar_test_cpp/src/receive_lidar_function.cpp:73:9:\x1b[m\x1b[K \x1b[01;31m\x1b[Kerror: \x1b[m\x1b[K\xe2\x80\x98\x1b[01m\x1b[Kgeometry_msgs\x1b[m\x1b[K\xe2\x80\x99 has not been declared\n'}
[12.914628] (robocar_test_cpp) StderrLine: {'line': b'   73 |         \x1b[01;31m\x1b[Kgeometry_msgs\x1b[m\x1b[K::msg::Twist cmd_msg;\n'}
[12.915127] (robocar_test_cpp) StderrLine: {'line': b'      |         \x1b[01;31m\x1b[K^~~~~~~~~~~~~\x1b[m\x1b[K\n'}
[12.932616] (robocar_test_cpp) StderrLine: {'line': b'\x1b[01m\x1b[K/root/ros2_ws/src/robocar_test_cpp/src/receive_lidar_function.cpp:78:13:\x1b[m\x1b[K \x1b[01;31m\x1b[Kerror: \x1b[m\x1b[K\xe2\x80\x98\x1b[01m\x1b[Kcmd_msg\x1b[m\x1b[K\xe2\x80\x99 was not declared in this scope\n'}
[12.933225] (robocar_test_cpp) StderrLine: {'line': b'   78 |             \x1b[01;31m\x1b[Kcmd_msg\x1b[m\x1b[K.linear.x = 0.3;\n'}
[12.934578] (robocar_test_cpp) StderrLine: {'line': b'      |             \x1b[01;31m\x1b[K^~~~~~~\x1b[m\x1b[K\n'}
[12.950433] (robocar_test_cpp) StderrLine: {'line': b'\x1b[01m\x1b[K/root/ros2_ws/src/robocar_test_cpp/src/receive_lidar_function.cpp:90:17:\x1b[m\x1b[K \x1b[01;31m\x1b[Kerror: \x1b[m\x1b[K\xe2\x80\x98\x1b[01m\x1b[Kcmd_msg\x1b[m\x1b[K\xe2\x80\x99 was not declared in this scope\n'}
[12.951782] (robocar_test_cpp) StderrLine: {'line': b'   90 |                 \x1b[01;31m\x1b[Kcmd_msg\x1b[m\x1b[K.angular.z = 0.5;\n'}
[12.952090] (robocar_test_cpp) StderrLine: {'line': b'      |                 \x1b[01;31m\x1b[K^~~~~~~\x1b[m\x1b[K\n'}
[12.967308] (robocar_test_cpp) StderrLine: {'line': b'\x1b[01m\x1b[K/root/ros2_ws/src/robocar_test_cpp/src/receive_lidar_function.cpp:95:17:\x1b[m\x1b[K \x1b[01;31m\x1b[Kerror: \x1b[m\x1b[K\xe2\x80\x98\x1b[01m\x1b[Kcmd_msg\x1b[m\x1b[K\xe2\x80\x99 was not declared in this scope\n'}
[12.968238] (robocar_test_cpp) StderrLine: {'line': b'   95 |                 \x1b[01;31m\x1b[Kcmd_msg\x1b[m\x1b[K.angular.z = -0.5;\n'}
[12.968599] (robocar_test_cpp) StderrLine: {'line': b'      |                 \x1b[01;31m\x1b[K^~~~~~~\x1b[m\x1b[K\n'}
[12.984185] (robocar_test_cpp) StderrLine: {'line': b'\x1b[01m\x1b[K/root/ros2_ws/src/robocar_test_cpp/src/receive_lidar_function.cpp:100:17:\x1b[m\x1b[K \x1b[01;31m\x1b[Kerror: \x1b[m\x1b[K\xe2\x80\x98\x1b[01m\x1b[Kcmd_msg\x1b[m\x1b[K\xe2\x80\x99 was not declared in this scope\n'}
[12.984892] (robocar_test_cpp) StderrLine: {'line': b'  100 |                 \x1b[01;31m\x1b[Kcmd_msg\x1b[m\x1b[K.linear.x = -0.2;\n'}
[12.985184] (robocar_test_cpp) StderrLine: {'line': b'      |                 \x1b[01;31m\x1b[K^~~~~~~\x1b[m\x1b[K\n'}
[12.998324] (-) TimerEvent: {}
[13.002550] (robocar_test_cpp) StderrLine: {'line': b'\x1b[01m\x1b[K/root/ros2_ws/src/robocar_test_cpp/src/receive_lidar_function.cpp:104:9:\x1b[m\x1b[K \x1b[01;31m\x1b[Kerror: \x1b[m\x1b[K\xe2\x80\x98\x1b[01m\x1b[Kcmd_pub_\x1b[m\x1b[K\xe2\x80\x99 was not declared in this scope\n'}
[13.003104] (robocar_test_cpp) StderrLine: {'line': b'  104 |         \x1b[01;31m\x1b[Kcmd_pub_\x1b[m\x1b[K->publish(cmd_msg);\n'}
[13.003436] (robocar_test_cpp) StderrLine: {'line': b'      |         \x1b[01;31m\x1b[K^~~~~~~~\x1b[m\x1b[K\n'}
[13.021202] (robocar_test_cpp) StderrLine: {'line': b'\x1b[01m\x1b[K/root/ros2_ws/src/robocar_test_cpp/src/receive_lidar_function.cpp:104:27:\x1b[m\x1b[K \x1b[01;31m\x1b[Kerror: \x1b[m\x1b[K\xe2\x80\x98\x1b[01m\x1b[Kcmd_msg\x1b[m\x1b[K\xe2\x80\x99 was not declared in this scope\n'}
[13.021803] (robocar_test_cpp) StderrLine: {'line': b'  104 |         cmd_pub_->publish(\x1b[01;31m\x1b[Kcmd_msg\x1b[m\x1b[K);\n'}
[13.022170] (robocar_test_cpp) StderrLine: {'line': b'      |                           \x1b[01;31m\x1b[K^~~~~~~\x1b[m\x1b[K\n'}
[13.098481] (-) TimerEvent: {}
[13.199026] (-) TimerEvent: {}
[13.299633] (-) TimerEvent: {}
[13.400440] (-) TimerEvent: {}
[13.501585] (-) TimerEvent: {}
[13.602129] (-) TimerEvent: {}
[13.702549] (-) TimerEvent: {}
[13.802983] (-) TimerEvent: {}
[13.903417] (-) TimerEvent: {}
[14.003961] (-) TimerEvent: {}
[14.104397] (-) TimerEvent: {}
[14.204854] (-) TimerEvent: {}
[14.305277] (-) TimerEvent: {}
[14.405718] (-) TimerEvent: {}
[14.506225] (-) TimerEvent: {}
[14.606605] (-) TimerEvent: {}
[14.707049] (-) TimerEvent: {}
[14.807557] (-) TimerEvent: {}
[14.908065] (-) TimerEvent: {}
[15.008618] (-) TimerEvent: {}
[15.109413] (-) TimerEvent: {}
[15.210033] (-) TimerEvent: {}
[15.310537] (-) TimerEvent: {}
[15.411027] (-) TimerEvent: {}
[15.511579] (-) TimerEvent: {}
[15.612164] (-) TimerEvent: {}
[15.712552] (-) TimerEvent: {}
[15.812930] (-) TimerEvent: {}
[15.913255] (-) TimerEvent: {}
[16.013639] (-) TimerEvent: {}
[16.114083] (-) TimerEvent: {}
[16.214475] (-) TimerEvent: {}
[16.314862] (-) TimerEvent: {}
[16.415243] (-) TimerEvent: {}
[16.515764] (-) TimerEvent: {}
[16.616343] (-) TimerEvent: {}
[16.716723] (-) TimerEvent: {}
[16.817098] (-) TimerEvent: {}
[16.917465] (-) TimerEvent: {}
[17.017851] (-) TimerEvent: {}
[17.118231] (-) TimerEvent: {}
[17.218622] (-) TimerEvent: {}
[17.319073] (-) TimerEvent: {}
[17.419440] (-) TimerEvent: {}
[17.519888] (-) TimerEvent: {}
[17.620382] (-) TimerEvent: {}
[17.720840] (-) TimerEvent: {}
[17.821205] (-) TimerEvent: {}
[17.921583] (-) TimerEvent: {}
[18.021984] (-) TimerEvent: {}
[18.122369] (-) TimerEvent: {}
[18.222746] (-) TimerEvent: {}
[18.323111] (-) TimerEvent: {}
[18.423502] (-) TimerEvent: {}
[18.523880] (-) TimerEvent: {}
[18.577375] (robocar_test_cpp) StderrLine: {'line': b'gmake[2]: *** [CMakeFiles/lidar_listener.dir/build.make:76: CMakeFiles/lidar_listener.dir/src/receive_lidar_function.cpp.o] Error 1\n'}
[18.577792] (robocar_test_cpp) StderrLine: {'line': b'gmake[1]: *** [CMakeFiles/Makefile2:193: CMakeFiles/lidar_listener.dir/all] Error 2\n'}
[18.578081] (robocar_test_cpp) StderrLine: {'line': b'gmake: *** [Makefile:146: all] Error 2\n'}
[18.581873] (robocar_test_cpp) CommandEnded: {'returncode': 2}
[18.597075] (robocar_test_cpp) JobEnded: {'identifier': 'robocar_test_cpp', 'rc': 2}
[18.608247] (-) EventReactorShutdown: {}
