[0.088s] Invoking command in '/root/ros2_ws/build/cartographer_ros_msgs': CMAKE_PREFIX_PATH=${CMAKE_PREFIX_PATH}:/root/ros2_ws/install/ros2_opencv:/opt/ros/humble /usr/bin/cmake /root/ros2_ws/src/cartographer_ros/cartographer_ros_msgs -DCMAKE_INSTALL_PREFIX=/root/ros2_ws/install/cartographer_ros_msgs
[1.475s] -- The C compiler identification is GNU 11.4.0
[1.481s] -- The CXX compiler identification is GNU 11.4.0
[1.481s] -- Detecting C compiler ABI info
[1.481s] -- Detecting C compiler ABI info - done
[1.483s] -- Check for working C compiler: /usr/bin/cc - skipped
[1.483s] -- Detecting C compile features
[1.483s] -- Detecting C compile features - done
[1.484s] -- Detecting CXX compiler ABI info
[1.506s] -- Detecting CXX compiler ABI info - done
[1.540s] -- Check for working CXX compiler: /usr/bin/c++ - skipped
[1.542s] -- Detecting CXX compile features
[1.546s] -- Detecting CXX compile features - done
[1.559s] -- Found ament_cmake: 1.3.11 (/opt/ros/humble/share/ament_cmake/cmake)
[2.363s] -- Found Python3: /usr/bin/python3 (found version "3.10.12") found components: Interpreter 
[2.906s] -- Found rosidl_default_generators: 1.2.0 (/opt/ros/humble/share/rosidl_default_generators/cmake)
[2.942s] -- Using all available rosidl_typesupport_c: rosidl_typesupport_fastrtps_c;rosidl_typesupport_introspection_c
[3.006s] -- Found rosidl_adapter: 3.1.6 (/opt/ros/humble/share/rosidl_adapter/cmake)
[3.260s] -- Using all available rosidl_typesupport_cpp: rosidl_typesupport_fastrtps_cpp;rosidl_typesupport_introspection_cpp
[3.486s] -- Found builtin_interfaces: 1.2.1 (/opt/ros/humble/share/builtin_interfaces/cmake)
[3.555s] -- Found geometry_msgs: 4.8.0 (/opt/ros/humble/share/geometry_msgs/cmake)
[5.779s] -- Found ament_cmake_cppcheck: 0.12.12 (/opt/ros/humble/share/ament_cmake_cppcheck/cmake)
[5.794s] -- Found ament_cmake_cpplint: 0.12.12 (/opt/ros/humble/share/ament_cmake_cpplint/cmake)
[5.810s] -- Found ament_cmake_uncrustify: 0.12.12 (/opt/ros/humble/share/ament_cmake_uncrustify/cmake)
[5.827s] -- Found ament_cmake_ros: 0.10.0 (/opt/ros/humble/share/ament_cmake_ros/cmake)
[7.725s] -- Using all available rosidl_typesupport_c: rosidl_typesupport_fastrtps_c;rosidl_typesupport_introspection_c
[11.925s] -- Using all available rosidl_typesupport_cpp: rosidl_typesupport_fastrtps_cpp;rosidl_typesupport_introspection_cpp
[12.079s] -- Found PythonInterp: /usr/bin/python3 (found suitable version "3.10.12", minimum required is "3.6") 
[12.084s] -- Found python_cmake_module: 0.10.0 (/opt/ros/humble/share/python_cmake_module/cmake)
[12.373s] -- Found PythonLibs: /usr/lib/x86_64-linux-gnu/libpython3.10.so (found suitable version "3.10.12", minimum required is "3.5") 
[12.376s] -- Using PYTHON_EXECUTABLE: /usr/bin/python3
[12.378s] -- Using PYTHON_INCLUDE_DIRS: /usr/include/python3.10
[12.378s] -- Using PYTHON_LIBRARIES: /usr/lib/x86_64-linux-gnu/libpython3.10.so
[12.515s] -- Found PythonExtra: .so  
[13.156s] -- Found ament_cmake_flake8: 0.12.12 (/opt/ros/humble/share/ament_cmake_flake8/cmake)
[13.172s] -- Found ament_cmake_pep257: 0.12.12 (/opt/ros/humble/share/ament_cmake_pep257/cmake)
[13.261s] -- Configuring done
[14.586s] -- Generating done
[14.881s] -- Build files have been written to: /root/ros2_ws/build/cartographer_ros_msgs
[14.938s] Invoked command in '/root/ros2_ws/build/cartographer_ros_msgs' returned '0': CMAKE_PREFIX_PATH=${CMAKE_PREFIX_PATH}:/root/ros2_ws/install/ros2_opencv:/opt/ros/humble /usr/bin/cmake /root/ros2_ws/src/cartographer_ros/cartographer_ros_msgs -DCMAKE_INSTALL_PREFIX=/root/ros2_ws/install/cartographer_ros_msgs
[14.940s] Invoking command in '/root/ros2_ws/build/cartographer_ros_msgs': CMAKE_PREFIX_PATH=${CMAKE_PREFIX_PATH}:/root/ros2_ws/install/ros2_opencv:/opt/ros/humble /usr/bin/cmake --build /root/ros2_ws/build/cartographer_ros_msgs -- -j8 -l8
[15.450s] [  0%] [34m[1mGenerating C code for ROS interfaces[0m
[15.452s] [  0%] [34m[1mGenerating C++ code for ROS interfaces[0m
[15.536s] [  0%] Built target ament_cmake_python_copy_cartographer_ros_msgs
[18.668s] running egg_info
[18.677s] creating cartographer_ros_msgs.egg-info
[18.678s] writing cartographer_ros_msgs.egg-info/PKG-INFO
[18.680s] writing dependency_links to cartographer_ros_msgs.egg-info/dependency_links.txt
[18.682s] writing top-level names to cartographer_ros_msgs.egg-info/top_level.txt
[18.686s] writing manifest file 'cartographer_ros_msgs.egg-info/SOURCES.txt'
[18.711s] reading manifest file 'cartographer_ros_msgs.egg-info/SOURCES.txt'
[18.725s] writing manifest file 'cartographer_ros_msgs.egg-info/SOURCES.txt'
[19.055s] [  0%] Built target ament_cmake_python_build_cartographer_ros_msgs_egg
[30.488s] [  1%] [32mBuilding C object CMakeFiles/cartographer_ros_msgs__rosidl_generator_c.dir/rosidl_generator_c/cartographer_ros_msgs/msg/detail/bagfile_progress__functions.c.o[0m
[30.807s] [  2%] [32mBuilding C object CMakeFiles/cartographer_ros_msgs__rosidl_generator_c.dir/rosidl_generator_c/cartographer_ros_msgs/msg/detail/metric__functions.c.o[0m
[31.006s] [  3%] [32mBuilding C object CMakeFiles/cartographer_ros_msgs__rosidl_generator_c.dir/rosidl_generator_c/cartographer_ros_msgs/msg/detail/status_code__functions.c.o[0m
[31.220s] [  3%] [32mBuilding C object CMakeFiles/cartographer_ros_msgs__rosidl_generator_c.dir/rosidl_generator_c/cartographer_ros_msgs/msg/detail/status_response__functions.c.o[0m
[31.549s] [  4%] [32mBuilding C object CMakeFiles/cartographer_ros_msgs__rosidl_generator_c.dir/rosidl_generator_c/cartographer_ros_msgs/msg/detail/submap_entry__functions.c.o[0m
[31.846s] [  4%] [32mBuilding C object CMakeFiles/cartographer_ros_msgs__rosidl_generator_c.dir/rosidl_generator_c/cartographer_ros_msgs/msg/detail/submap_list__functions.c.o[0m
[32.070s] [  5%] [32mBuilding C object CMakeFiles/cartographer_ros_msgs__rosidl_generator_c.dir/rosidl_generator_c/cartographer_ros_msgs/msg/detail/submap_texture__functions.c.o[0m
[32.401s] [  5%] [32mBuilding C object CMakeFiles/cartographer_ros_msgs__rosidl_generator_c.dir/rosidl_generator_c/cartographer_ros_msgs/msg/detail/trajectory_states__functions.c.o[0m
[32.641s] [  6%] [32mBuilding C object CMakeFiles/cartographer_ros_msgs__rosidl_generator_c.dir/rosidl_generator_c/cartographer_ros_msgs/srv/detail/finish_trajectory__functions.c.o[0m
[32.893s] [  6%] [32mBuilding C object CMakeFiles/cartographer_ros_msgs__rosidl_generator_c.dir/rosidl_generator_c/cartographer_ros_msgs/srv/detail/get_trajectory_states__functions.c.o[0m
[33.184s] [  7%] [32mBuilding C object CMakeFiles/cartographer_ros_msgs__rosidl_generator_c.dir/rosidl_generator_c/cartographer_ros_msgs/srv/detail/read_metrics__functions.c.o[0m
[33.585s] [  7%] [32mBuilding C object CMakeFiles/cartographer_ros_msgs__rosidl_generator_c.dir/rosidl_generator_c/cartographer_ros_msgs/srv/detail/start_trajectory__functions.c.o[0m
[33.844s] [  8%] [32mBuilding C object CMakeFiles/cartographer_ros_msgs__rosidl_generator_c.dir/rosidl_generator_c/cartographer_ros_msgs/srv/detail/trajectory_query__functions.c.o[0m
[34.091s] [  9%] [32mBuilding C object CMakeFiles/cartographer_ros_msgs__rosidl_generator_c.dir/rosidl_generator_c/cartographer_ros_msgs/srv/detail/submap_query__functions.c.o[0m
[34.327s] [  9%] [32mBuilding C object CMakeFiles/cartographer_ros_msgs__rosidl_generator_c.dir/rosidl_generator_c/cartographer_ros_msgs/srv/detail/write_state__functions.c.o[0m
[34.542s] [  9%] [32mBuilding C object CMakeFiles/cartographer_ros_msgs__rosidl_generator_c.dir/rosidl_generator_c/cartographer_ros_msgs/msg/detail/metric_label__functions.c.o[0m
[34.703s] [ 10%] [32mBuilding C object CMakeFiles/cartographer_ros_msgs__rosidl_generator_c.dir/rosidl_generator_c/cartographer_ros_msgs/msg/detail/metric_family__functions.c.o[0m
[34.887s] [ 10%] [32mBuilding C object CMakeFiles/cartographer_ros_msgs__rosidl_generator_c.dir/rosidl_generator_c/cartographer_ros_msgs/msg/detail/landmark_list__functions.c.o[0m
[35.103s] [ 11%] [32mBuilding C object CMakeFiles/cartographer_ros_msgs__rosidl_generator_c.dir/rosidl_generator_c/cartographer_ros_msgs/msg/detail/landmark_entry__functions.c.o[0m
[35.322s] [ 11%] [32mBuilding C object CMakeFiles/cartographer_ros_msgs__rosidl_generator_c.dir/rosidl_generator_c/cartographer_ros_msgs/msg/detail/histogram_bucket__functions.c.o[0m
[35.492s] [ 12%] [32m[1mLinking C shared library libcartographer_ros_msgs__rosidl_generator_c.so[0m
[35.670s] [ 12%] Built target cartographer_ros_msgs__rosidl_generator_c
[36.900s] [ 12%] Built target cartographer_ros_msgs__cpp
[36.931s] [ 13%] [34m[1mGenerating C type support dispatch for ROS interfaces[0m
[43.592s] [ 13%] [32mBuilding CXX object CMakeFiles/cartographer_ros_msgs__rosidl_typesupport_c.dir/rosidl_typesupport_c/cartographer_ros_msgs/msg/bagfile_progress__type_support.cpp.o[0m
[43.776s] [ 13%] [32mBuilding CXX object CMakeFiles/cartographer_ros_msgs__rosidl_typesupport_c.dir/rosidl_typesupport_c/cartographer_ros_msgs/msg/landmark_entry__type_support.cpp.o[0m
[43.950s] [ 14%] [32mBuilding CXX object CMakeFiles/cartographer_ros_msgs__rosidl_typesupport_c.dir/rosidl_typesupport_c/cartographer_ros_msgs/msg/landmark_list__type_support.cpp.o[0m
[44.084s] [ 14%] [32mBuilding CXX object CMakeFiles/cartographer_ros_msgs__rosidl_typesupport_c.dir/rosidl_typesupport_c/cartographer_ros_msgs/msg/metric_family__type_support.cpp.o[0m
[44.190s] [ 15%] [32mBuilding CXX object CMakeFiles/cartographer_ros_msgs__rosidl_typesupport_c.dir/rosidl_typesupport_c/cartographer_ros_msgs/msg/metric_label__type_support.cpp.o[0m
[44.312s] [ 15%] [32mBuilding CXX object CMakeFiles/cartographer_ros_msgs__rosidl_typesupport_c.dir/rosidl_typesupport_c/cartographer_ros_msgs/msg/metric__type_support.cpp.o[0m
[44.416s] [ 16%] [32mBuilding CXX object CMakeFiles/cartographer_ros_msgs__rosidl_typesupport_c.dir/rosidl_typesupport_c/cartographer_ros_msgs/msg/status_code__type_support.cpp.o[0m
[44.522s] [ 17%] [32mBuilding CXX object CMakeFiles/cartographer_ros_msgs__rosidl_typesupport_c.dir/rosidl_typesupport_c/cartographer_ros_msgs/msg/status_response__type_support.cpp.o[0m
[44.650s] [ 17%] [32mBuilding CXX object CMakeFiles/cartographer_ros_msgs__rosidl_typesupport_c.dir/rosidl_typesupport_c/cartographer_ros_msgs/msg/submap_entry__type_support.cpp.o[0m
[44.748s] [ 18%] [32mBuilding CXX object CMakeFiles/cartographer_ros_msgs__rosidl_typesupport_c.dir/rosidl_typesupport_c/cartographer_ros_msgs/msg/submap_list__type_support.cpp.o[0m
[44.845s] [ 18%] [32mBuilding CXX object CMakeFiles/cartographer_ros_msgs__rosidl_typesupport_c.dir/rosidl_typesupport_c/cartographer_ros_msgs/msg/submap_texture__type_support.cpp.o[0m
[44.958s] [ 19%] [32mBuilding CXX object CMakeFiles/cartographer_ros_msgs__rosidl_typesupport_c.dir/rosidl_typesupport_c/cartographer_ros_msgs/msg/trajectory_states__type_support.cpp.o[0m
[45.079s] [ 19%] [32mBuilding CXX object CMakeFiles/cartographer_ros_msgs__rosidl_typesupport_c.dir/rosidl_typesupport_c/cartographer_ros_msgs/srv/finish_trajectory__type_support.cpp.o[0m
[45.183s] [ 20%] [32mBuilding CXX object CMakeFiles/cartographer_ros_msgs__rosidl_typesupport_c.dir/rosidl_typesupport_c/cartographer_ros_msgs/srv/get_trajectory_states__type_support.cpp.o[0m
[45.295s] [ 20%] [32mBuilding CXX object CMakeFiles/cartographer_ros_msgs__rosidl_typesupport_c.dir/rosidl_typesupport_c/cartographer_ros_msgs/srv/read_metrics__type_support.cpp.o[0m
[45.402s] [ 21%] [32mBuilding CXX object CMakeFiles/cartographer_ros_msgs__rosidl_typesupport_c.dir/rosidl_typesupport_c/cartographer_ros_msgs/srv/start_trajectory__type_support.cpp.o[0m
[45.521s] [ 21%] [32mBuilding CXX object CMakeFiles/cartographer_ros_msgs__rosidl_typesupport_c.dir/rosidl_typesupport_c/cartographer_ros_msgs/srv/trajectory_query__type_support.cpp.o[0m
[45.645s] [ 22%] [32mBuilding CXX object CMakeFiles/cartographer_ros_msgs__rosidl_typesupport_c.dir/rosidl_typesupport_c/cartographer_ros_msgs/srv/submap_query__type_support.cpp.o[0m
[45.778s] [ 23%] [32mBuilding CXX object CMakeFiles/cartographer_ros_msgs__rosidl_typesupport_c.dir/rosidl_typesupport_c/cartographer_ros_msgs/srv/write_state__type_support.cpp.o[0m
[45.894s] [ 24%] [32mBuilding CXX object CMakeFiles/cartographer_ros_msgs__rosidl_typesupport_c.dir/rosidl_typesupport_c/cartographer_ros_msgs/msg/histogram_bucket__type_support.cpp.o[0m
[46.023s] [ 24%] [32m[1mLinking CXX shared library libcartographer_ros_msgs__rosidl_typesupport_c.so[0m
[46.228s] [ 24%] Built target cartographer_ros_msgs__rosidl_typesupport_c
[46.279s] [ 25%] [34m[1mGenerating C++ introspection for ROS interfaces[0m
[54.082s] [ 26%] [32mBuilding CXX object CMakeFiles/cartographer_ros_msgs__rosidl_typesupport_introspection_cpp.dir/rosidl_typesupport_introspection_cpp/cartographer_ros_msgs/msg/detail/bagfile_progress__type_support.cpp.o[0m
[55.570s] [ 26%] [32mBuilding CXX object CMakeFiles/cartographer_ros_msgs__rosidl_typesupport_introspection_cpp.dir/rosidl_typesupport_introspection_cpp/cartographer_ros_msgs/msg/detail/landmark_list__type_support.cpp.o[0m
[57.598s] [ 27%] [32mBuilding CXX object CMakeFiles/cartographer_ros_msgs__rosidl_typesupport_introspection_cpp.dir/rosidl_typesupport_introspection_cpp/cartographer_ros_msgs/msg/detail/metric_family__type_support.cpp.o[0m
[60.460s] [ 27%] [32mBuilding CXX object CMakeFiles/cartographer_ros_msgs__rosidl_typesupport_introspection_cpp.dir/rosidl_typesupport_introspection_cpp/cartographer_ros_msgs/msg/detail/metric_label__type_support.cpp.o[0m
[61.922s] [ 28%] [32mBuilding CXX object CMakeFiles/cartographer_ros_msgs__rosidl_typesupport_introspection_cpp.dir/rosidl_typesupport_introspection_cpp/cartographer_ros_msgs/msg/detail/metric__type_support.cpp.o[0m
[63.336s] [ 28%] [32mBuilding CXX object CMakeFiles/cartographer_ros_msgs__rosidl_typesupport_introspection_cpp.dir/rosidl_typesupport_introspection_cpp/cartographer_ros_msgs/msg/detail/status_code__type_support.cpp.o[0m
[64.902s] [ 29%] [32mBuilding CXX object CMakeFiles/cartographer_ros_msgs__rosidl_typesupport_introspection_cpp.dir/rosidl_typesupport_introspection_cpp/cartographer_ros_msgs/msg/detail/status_response__type_support.cpp.o[0m
[66.404s] [ 29%] [32mBuilding CXX object CMakeFiles/cartographer_ros_msgs__rosidl_typesupport_introspection_cpp.dir/rosidl_typesupport_introspection_cpp/cartographer_ros_msgs/msg/detail/submap_entry__type_support.cpp.o[0m
[67.758s] [ 30%] [32mBuilding CXX object CMakeFiles/cartographer_ros_msgs__rosidl_typesupport_introspection_cpp.dir/rosidl_typesupport_introspection_cpp/cartographer_ros_msgs/msg/detail/submap_list__type_support.cpp.o[0m
[69.172s] [ 31%] [32mBuilding CXX object CMakeFiles/cartographer_ros_msgs__rosidl_typesupport_introspection_cpp.dir/rosidl_typesupport_introspection_cpp/cartographer_ros_msgs/msg/detail/submap_texture__type_support.cpp.o[0m
[70.584s] [ 31%] [32mBuilding CXX object CMakeFiles/cartographer_ros_msgs__rosidl_typesupport_introspection_cpp.dir/rosidl_typesupport_introspection_cpp/cartographer_ros_msgs/msg/detail/trajectory_states__type_support.cpp.o[0m
[72.118s] [ 32%] [32mBuilding CXX object CMakeFiles/cartographer_ros_msgs__rosidl_typesupport_introspection_cpp.dir/rosidl_typesupport_introspection_cpp/cartographer_ros_msgs/srv/detail/finish_trajectory__type_support.cpp.o[0m
[73.554s] [ 32%] [32mBuilding CXX object CMakeFiles/cartographer_ros_msgs__rosidl_typesupport_introspection_cpp.dir/rosidl_typesupport_introspection_cpp/cartographer_ros_msgs/srv/detail/get_trajectory_states__type_support.cpp.o[0m
[75.193s] [ 33%] [32mBuilding CXX object CMakeFiles/cartographer_ros_msgs__rosidl_typesupport_introspection_cpp.dir/rosidl_typesupport_introspection_cpp/cartographer_ros_msgs/srv/detail/read_metrics__type_support.cpp.o[0m
[77.459s] [ 33%] [32mBuilding CXX object CMakeFiles/cartographer_ros_msgs__rosidl_typesupport_introspection_cpp.dir/rosidl_typesupport_introspection_cpp/cartographer_ros_msgs/srv/detail/start_trajectory__type_support.cpp.o[0m
[78.679s] [ 34%] [32mBuilding CXX object CMakeFiles/cartographer_ros_msgs__rosidl_typesupport_introspection_cpp.dir/rosidl_typesupport_introspection_cpp/cartographer_ros_msgs/srv/detail/trajectory_query__type_support.cpp.o[0m
[80.195s] [ 34%] [32mBuilding CXX object CMakeFiles/cartographer_ros_msgs__rosidl_typesupport_introspection_cpp.dir/rosidl_typesupport_introspection_cpp/cartographer_ros_msgs/srv/detail/submap_query__type_support.cpp.o[0m
[81.747s] [ 35%] [32mBuilding CXX object CMakeFiles/cartographer_ros_msgs__rosidl_typesupport_introspection_cpp.dir/rosidl_typesupport_introspection_cpp/cartographer_ros_msgs/srv/detail/write_state__type_support.cpp.o[0m
[82.903s] [ 36%] [32mBuilding CXX object CMakeFiles/cartographer_ros_msgs__rosidl_typesupport_introspection_cpp.dir/rosidl_typesupport_introspection_cpp/cartographer_ros_msgs/msg/detail/landmark_entry__type_support.cpp.o[0m
[84.339s] [ 36%] [32mBuilding CXX object CMakeFiles/cartographer_ros_msgs__rosidl_typesupport_introspection_cpp.dir/rosidl_typesupport_introspection_cpp/cartographer_ros_msgs/msg/detail/histogram_bucket__type_support.cpp.o[0m
[85.690s] [ 37%] [32m[1mLinking CXX shared library libcartographer_ros_msgs__rosidl_typesupport_introspection_cpp.so[0m
[86.112s] [ 37%] Built target cartographer_ros_msgs__rosidl_typesupport_introspection_cpp
[86.147s] [ 38%] [34m[1mGenerating C++ type support for eProsima Fast-RTPS[0m
[93.629s] [ 38%] [32mBuilding CXX object CMakeFiles/cartographer_ros_msgs__rosidl_typesupport_fastrtps_cpp.dir/rosidl_typesupport_fastrtps_cpp/cartographer_ros_msgs/msg/detail/dds_fastrtps/bagfile_progress__type_support.cpp.o[0m
[94.782s] [ 39%] [32mBuilding CXX object CMakeFiles/cartographer_ros_msgs__rosidl_typesupport_fastrtps_cpp.dir/rosidl_typesupport_fastrtps_cpp/cartographer_ros_msgs/msg/detail/dds_fastrtps/metric_family__type_support.cpp.o[0m
[96.411s] [ 39%] [32mBuilding CXX object CMakeFiles/cartographer_ros_msgs__rosidl_typesupport_fastrtps_cpp.dir/rosidl_typesupport_fastrtps_cpp/cartographer_ros_msgs/msg/detail/dds_fastrtps/metric_label__type_support.cpp.o[0m
[97.586s] [ 40%] [32mBuilding CXX object CMakeFiles/cartographer_ros_msgs__rosidl_typesupport_fastrtps_cpp.dir/rosidl_typesupport_fastrtps_cpp/cartographer_ros_msgs/msg/detail/dds_fastrtps/metric__type_support.cpp.o[0m
[99.258s] [ 40%] [32mBuilding CXX object CMakeFiles/cartographer_ros_msgs__rosidl_typesupport_fastrtps_cpp.dir/rosidl_typesupport_fastrtps_cpp/cartographer_ros_msgs/msg/detail/dds_fastrtps/status_code__type_support.cpp.o[0m
[100.431s] [ 41%] [32mBuilding CXX object CMakeFiles/cartographer_ros_msgs__rosidl_typesupport_fastrtps_cpp.dir/rosidl_typesupport_fastrtps_cpp/cartographer_ros_msgs/msg/detail/dds_fastrtps/status_response__type_support.cpp.o[0m
[101.736s] [ 41%] [32mBuilding CXX object CMakeFiles/cartographer_ros_msgs__rosidl_typesupport_fastrtps_cpp.dir/rosidl_typesupport_fastrtps_cpp/cartographer_ros_msgs/msg/detail/dds_fastrtps/submap_entry__type_support.cpp.o[0m
[103.256s] [ 42%] [32mBuilding CXX object CMakeFiles/cartographer_ros_msgs__rosidl_typesupport_fastrtps_cpp.dir/rosidl_typesupport_fastrtps_cpp/cartographer_ros_msgs/msg/detail/dds_fastrtps/submap_list__type_support.cpp.o[0m
[104.805s] [ 42%] [32mBuilding CXX object CMakeFiles/cartographer_ros_msgs__rosidl_typesupport_fastrtps_cpp.dir/rosidl_typesupport_fastrtps_cpp/cartographer_ros_msgs/msg/detail/dds_fastrtps/submap_texture__type_support.cpp.o[0m
[106.243s] [ 43%] [32mBuilding CXX object CMakeFiles/cartographer_ros_msgs__rosidl_typesupport_fastrtps_cpp.dir/rosidl_typesupport_fastrtps_cpp/cartographer_ros_msgs/msg/detail/dds_fastrtps/trajectory_states__type_support.cpp.o[0m
[107.692s] [ 44%] [32mBuilding CXX object CMakeFiles/cartographer_ros_msgs__rosidl_typesupport_fastrtps_cpp.dir/rosidl_typesupport_fastrtps_cpp/cartographer_ros_msgs/srv/detail/dds_fastrtps/finish_trajectory__type_support.cpp.o[0m
[108.928s] [ 44%] [32mBuilding CXX object CMakeFiles/cartographer_ros_msgs__rosidl_typesupport_fastrtps_cpp.dir/rosidl_typesupport_fastrtps_cpp/cartographer_ros_msgs/srv/detail/dds_fastrtps/get_trajectory_states__type_support.cpp.o[0m
[110.188s] [ 45%] [32mBuilding CXX object CMakeFiles/cartographer_ros_msgs__rosidl_typesupport_fastrtps_cpp.dir/rosidl_typesupport_fastrtps_cpp/cartographer_ros_msgs/srv/detail/dds_fastrtps/read_metrics__type_support.cpp.o[0m
[111.829s] [ 45%] [32mBuilding CXX object CMakeFiles/cartographer_ros_msgs__rosidl_typesupport_fastrtps_cpp.dir/rosidl_typesupport_fastrtps_cpp/cartographer_ros_msgs/srv/detail/dds_fastrtps/start_trajectory__type_support.cpp.o[0m
[113.042s] [ 46%] [32mBuilding CXX object CMakeFiles/cartographer_ros_msgs__rosidl_typesupport_fastrtps_cpp.dir/rosidl_typesupport_fastrtps_cpp/cartographer_ros_msgs/srv/detail/dds_fastrtps/trajectory_query__type_support.cpp.o[0m
[114.690s] [ 46%] [32mBuilding CXX object CMakeFiles/cartographer_ros_msgs__rosidl_typesupport_fastrtps_cpp.dir/rosidl_typesupport_fastrtps_cpp/cartographer_ros_msgs/srv/detail/dds_fastrtps/submap_query__type_support.cpp.o[0m
[116.315s] [ 47%] [32mBuilding CXX object CMakeFiles/cartographer_ros_msgs__rosidl_typesupport_fastrtps_cpp.dir/rosidl_typesupport_fastrtps_cpp/cartographer_ros_msgs/srv/detail/dds_fastrtps/write_state__type_support.cpp.o[0m
[116.323s] [ 47%] [32mBuilding CXX object CMakeFiles/cartographer_ros_msgs__rosidl_typesupport_fastrtps_cpp.dir/rosidl_typesupport_fastrtps_cpp/cartographer_ros_msgs/msg/detail/dds_fastrtps/landmark_list__type_support.cpp.o[0m
[118.201s] [ 48%] [32mBuilding CXX object CMakeFiles/cartographer_ros_msgs__rosidl_typesupport_fastrtps_cpp.dir/rosidl_typesupport_fastrtps_cpp/cartographer_ros_msgs/msg/detail/dds_fastrtps/landmark_entry__type_support.cpp.o[0m
[120.083s] [ 49%] [32mBuilding CXX object CMakeFiles/cartographer_ros_msgs__rosidl_typesupport_fastrtps_cpp.dir/rosidl_typesupport_fastrtps_cpp/cartographer_ros_msgs/msg/detail/dds_fastrtps/histogram_bucket__type_support.cpp.o[0m
[121.802s] [ 49%] [32m[1mLinking CXX shared library libcartographer_ros_msgs__rosidl_typesupport_fastrtps_cpp.so[0m
[122.253s] [ 49%] Built target cartographer_ros_msgs__rosidl_typesupport_fastrtps_cpp
[122.313s] [ 50%] [34m[1mGenerating C++ type support dispatch for ROS interfaces[0m
[128.416s] [ 50%] [32mBuilding CXX object CMakeFiles/cartographer_ros_msgs__rosidl_typesupport_cpp.dir/rosidl_typesupport_cpp/cartographer_ros_msgs/msg/bagfile_progress__type_support.cpp.o[0m
[129.165s] [ 51%] [32mBuilding CXX object CMakeFiles/cartographer_ros_msgs__rosidl_typesupport_cpp.dir/rosidl_typesupport_cpp/cartographer_ros_msgs/msg/metric_label__type_support.cpp.o[0m
[129.969s] [ 52%] [32mBuilding CXX object CMakeFiles/cartographer_ros_msgs__rosidl_typesupport_cpp.dir/rosidl_typesupport_cpp/cartographer_ros_msgs/msg/metric__type_support.cpp.o[0m
[130.727s] [ 52%] [32mBuilding CXX object CMakeFiles/cartographer_ros_msgs__rosidl_typesupport_cpp.dir/rosidl_typesupport_cpp/cartographer_ros_msgs/msg/status_code__type_support.cpp.o[0m
[131.495s] [ 53%] [32mBuilding CXX object CMakeFiles/cartographer_ros_msgs__rosidl_typesupport_cpp.dir/rosidl_typesupport_cpp/cartographer_ros_msgs/msg/status_response__type_support.cpp.o[0m
[132.237s] [ 53%] [32mBuilding CXX object CMakeFiles/cartographer_ros_msgs__rosidl_typesupport_cpp.dir/rosidl_typesupport_cpp/cartographer_ros_msgs/msg/submap_entry__type_support.cpp.o[0m
[132.971s] [ 54%] [32mBuilding CXX object CMakeFiles/cartographer_ros_msgs__rosidl_typesupport_cpp.dir/rosidl_typesupport_cpp/cartographer_ros_msgs/msg/submap_list__type_support.cpp.o[0m
[133.729s] [ 54%] [32mBuilding CXX object CMakeFiles/cartographer_ros_msgs__rosidl_typesupport_cpp.dir/rosidl_typesupport_cpp/cartographer_ros_msgs/msg/submap_texture__type_support.cpp.o[0m
[134.455s] [ 55%] [32mBuilding CXX object CMakeFiles/cartographer_ros_msgs__rosidl_typesupport_cpp.dir/rosidl_typesupport_cpp/cartographer_ros_msgs/msg/trajectory_states__type_support.cpp.o[0m
[135.227s] [ 55%] [32mBuilding CXX object CMakeFiles/cartographer_ros_msgs__rosidl_typesupport_cpp.dir/rosidl_typesupport_cpp/cartographer_ros_msgs/srv/finish_trajectory__type_support.cpp.o[0m
[136.069s] [ 56%] [32mBuilding CXX object CMakeFiles/cartographer_ros_msgs__rosidl_typesupport_cpp.dir/rosidl_typesupport_cpp/cartographer_ros_msgs/srv/get_trajectory_states__type_support.cpp.o[0m
[136.826s] [ 56%] [32mBuilding CXX object CMakeFiles/cartographer_ros_msgs__rosidl_typesupport_cpp.dir/rosidl_typesupport_cpp/cartographer_ros_msgs/srv/read_metrics__type_support.cpp.o[0m
[137.597s] [ 57%] [32mBuilding CXX object CMakeFiles/cartographer_ros_msgs__rosidl_typesupport_cpp.dir/rosidl_typesupport_cpp/cartographer_ros_msgs/srv/start_trajectory__type_support.cpp.o[0m
[138.345s] [ 58%] [32mBuilding CXX object CMakeFiles/cartographer_ros_msgs__rosidl_typesupport_cpp.dir/rosidl_typesupport_cpp/cartographer_ros_msgs/srv/trajectory_query__type_support.cpp.o[0m
[139.071s] [ 58%] [32mBuilding CXX object CMakeFiles/cartographer_ros_msgs__rosidl_typesupport_cpp.dir/rosidl_typesupport_cpp/cartographer_ros_msgs/srv/submap_query__type_support.cpp.o[0m
[139.872s] [ 59%] [32mBuilding CXX object CMakeFiles/cartographer_ros_msgs__rosidl_typesupport_cpp.dir/rosidl_typesupport_cpp/cartographer_ros_msgs/srv/write_state__type_support.cpp.o[0m
[140.656s] [ 59%] [32mBuilding CXX object CMakeFiles/cartographer_ros_msgs__rosidl_typesupport_cpp.dir/rosidl_typesupport_cpp/cartographer_ros_msgs/msg/metric_family__type_support.cpp.o[0m
[141.495s] [ 60%] [32mBuilding CXX object CMakeFiles/cartographer_ros_msgs__rosidl_typesupport_cpp.dir/rosidl_typesupport_cpp/cartographer_ros_msgs/msg/landmark_list__type_support.cpp.o[0m
[142.356s] [ 60%] [32mBuilding CXX object CMakeFiles/cartographer_ros_msgs__rosidl_typesupport_cpp.dir/rosidl_typesupport_cpp/cartographer_ros_msgs/msg/landmark_entry__type_support.cpp.o[0m
[143.164s] [ 61%] [32mBuilding CXX object CMakeFiles/cartographer_ros_msgs__rosidl_typesupport_cpp.dir/rosidl_typesupport_cpp/cartographer_ros_msgs/msg/histogram_bucket__type_support.cpp.o[0m
[144.168s] [ 61%] [32m[1mLinking CXX shared library libcartographer_ros_msgs__rosidl_typesupport_cpp.so[0m
[144.303s] [ 61%] Built target cartographer_ros_msgs__rosidl_typesupport_cpp
[144.329s] [ 62%] [34m[1mGenerating C introspection for ROS interfaces[0m
[151.364s] [ 62%] [32mBuilding C object CMakeFiles/cartographer_ros_msgs__rosidl_typesupport_introspection_c.dir/rosidl_typesupport_introspection_c/cartographer_ros_msgs/msg/detail/bagfile_progress__type_support.c.o[0m
[151.450s] [ 63%] [32mBuilding C object CMakeFiles/cartographer_ros_msgs__rosidl_typesupport_introspection_c.dir/rosidl_typesupport_introspection_c/cartographer_ros_msgs/msg/detail/metric__type_support.c.o[0m
[151.551s] [ 63%] [32mBuilding C object CMakeFiles/cartographer_ros_msgs__rosidl_typesupport_introspection_c.dir/rosidl_typesupport_introspection_c/cartographer_ros_msgs/msg/detail/status_code__type_support.c.o[0m
[151.636s] [ 64%] [32mBuilding C object CMakeFiles/cartographer_ros_msgs__rosidl_typesupport_introspection_c.dir/rosidl_typesupport_introspection_c/cartographer_ros_msgs/msg/detail/status_response__type_support.c.o[0m
[151.720s] [ 64%] [32mBuilding C object CMakeFiles/cartographer_ros_msgs__rosidl_typesupport_introspection_c.dir/rosidl_typesupport_introspection_c/cartographer_ros_msgs/msg/detail/submap_entry__type_support.c.o[0m
[151.810s] [ 65%] [32mBuilding C object CMakeFiles/cartographer_ros_msgs__rosidl_typesupport_introspection_c.dir/rosidl_typesupport_introspection_c/cartographer_ros_msgs/msg/detail/submap_list__type_support.c.o[0m
[151.906s] [ 65%] [32mBuilding C object CMakeFiles/cartographer_ros_msgs__rosidl_typesupport_introspection_c.dir/rosidl_typesupport_introspection_c/cartographer_ros_msgs/msg/detail/submap_texture__type_support.c.o[0m
[152.001s] [ 66%] [32mBuilding C object CMakeFiles/cartographer_ros_msgs__rosidl_typesupport_introspection_c.dir/rosidl_typesupport_introspection_c/cartographer_ros_msgs/msg/detail/trajectory_states__type_support.c.o[0m
[152.099s] [ 67%] [32mBuilding C object CMakeFiles/cartographer_ros_msgs__rosidl_typesupport_introspection_c.dir/rosidl_typesupport_introspection_c/cartographer_ros_msgs/srv/detail/finish_trajectory__type_support.c.o[0m
[152.185s] [ 67%] [32mBuilding C object CMakeFiles/cartographer_ros_msgs__rosidl_typesupport_introspection_c.dir/rosidl_typesupport_introspection_c/cartographer_ros_msgs/srv/detail/get_trajectory_states__type_support.c.o[0m
[152.292s] [ 68%] [32mBuilding C object CMakeFiles/cartographer_ros_msgs__rosidl_typesupport_introspection_c.dir/rosidl_typesupport_introspection_c/cartographer_ros_msgs/srv/detail/read_metrics__type_support.c.o[0m
[152.401s] [ 68%] [32mBuilding C object CMakeFiles/cartographer_ros_msgs__rosidl_typesupport_introspection_c.dir/rosidl_typesupport_introspection_c/cartographer_ros_msgs/srv/detail/start_trajectory__type_support.c.o[0m
[152.499s] [ 69%] [32mBuilding C object CMakeFiles/cartographer_ros_msgs__rosidl_typesupport_introspection_c.dir/rosidl_typesupport_introspection_c/cartographer_ros_msgs/srv/detail/trajectory_query__type_support.c.o[0m
[152.608s] [ 69%] [32mBuilding C object CMakeFiles/cartographer_ros_msgs__rosidl_typesupport_introspection_c.dir/rosidl_typesupport_introspection_c/cartographer_ros_msgs/srv/detail/submap_query__type_support.c.o[0m
[152.724s] [ 70%] [32mBuilding C object CMakeFiles/cartographer_ros_msgs__rosidl_typesupport_introspection_c.dir/rosidl_typesupport_introspection_c/cartographer_ros_msgs/srv/detail/write_state__type_support.c.o[0m
[152.814s] [ 70%] [32mBuilding C object CMakeFiles/cartographer_ros_msgs__rosidl_typesupport_introspection_c.dir/rosidl_typesupport_introspection_c/cartographer_ros_msgs/msg/detail/metric_label__type_support.c.o[0m
[152.915s] [ 71%] [32mBuilding C object CMakeFiles/cartographer_ros_msgs__rosidl_typesupport_introspection_c.dir/rosidl_typesupport_introspection_c/cartographer_ros_msgs/msg/detail/metric_family__type_support.c.o[0m
[153.007s] [ 71%] [32mBuilding C object CMakeFiles/cartographer_ros_msgs__rosidl_typesupport_introspection_c.dir/rosidl_typesupport_introspection_c/cartographer_ros_msgs/msg/detail/landmark_list__type_support.c.o[0m
[153.102s] [ 72%] [32mBuilding C object CMakeFiles/cartographer_ros_msgs__rosidl_typesupport_introspection_c.dir/rosidl_typesupport_introspection_c/cartographer_ros_msgs/msg/detail/landmark_entry__type_support.c.o[0m
[153.188s] [ 73%] [32mBuilding C object CMakeFiles/cartographer_ros_msgs__rosidl_typesupport_introspection_c.dir/rosidl_typesupport_introspection_c/cartographer_ros_msgs/msg/detail/histogram_bucket__type_support.c.o[0m
[153.267s] [ 73%] [32m[1mLinking C shared library libcartographer_ros_msgs__rosidl_typesupport_introspection_c.so[0m
[153.365s] [ 73%] Built target cartographer_ros_msgs__rosidl_typesupport_introspection_c
[153.391s] [ 74%] [34m[1mGenerating C type support for eProsima Fast-RTPS[0m
[160.226s] [ 74%] [32mBuilding CXX object CMakeFiles/cartographer_ros_msgs__rosidl_typesupport_fastrtps_c.dir/rosidl_typesupport_fastrtps_c/cartographer_ros_msgs/msg/detail/bagfile_progress__type_support_c.cpp.o[0m
[160.236s] [ 75%] [32mBuilding CXX object CMakeFiles/cartographer_ros_msgs__rosidl_typesupport_fastrtps_c.dir/rosidl_typesupport_fastrtps_c/cartographer_ros_msgs/msg/detail/histogram_bucket__type_support_c.cpp.o[0m
[161.326s] [ 75%] [32mBuilding CXX object CMakeFiles/cartographer_ros_msgs__rosidl_typesupport_fastrtps_c.dir/rosidl_typesupport_fastrtps_c/cartographer_ros_msgs/msg/detail/status_code__type_support_c.cpp.o[0m
[161.407s] [ 76%] [32mBuilding CXX object CMakeFiles/cartographer_ros_msgs__rosidl_typesupport_fastrtps_c.dir/rosidl_typesupport_fastrtps_c/cartographer_ros_msgs/msg/detail/metric__type_support_c.cpp.o[0m
[161.876s] [ 76%] [32mBuilding CXX object CMakeFiles/cartographer_ros_msgs__rosidl_typesupport_fastrtps_c.dir/rosidl_typesupport_fastrtps_c/cartographer_ros_msgs/msg/detail/metric_label__type_support_c.cpp.o[0m
[162.173s] [ 77%] [32mBuilding CXX object CMakeFiles/cartographer_ros_msgs__rosidl_typesupport_fastrtps_c.dir/rosidl_typesupport_fastrtps_c/cartographer_ros_msgs/msg/detail/status_response__type_support_c.cpp.o[0m
[163.299s] [ 77%] [32mBuilding CXX object CMakeFiles/cartographer_ros_msgs__rosidl_typesupport_fastrtps_c.dir/rosidl_typesupport_fastrtps_c/cartographer_ros_msgs/msg/detail/submap_entry__type_support_c.cpp.o[0m
[163.389s] [ 78%] [32mBuilding CXX object CMakeFiles/cartographer_ros_msgs__rosidl_typesupport_fastrtps_c.dir/rosidl_typesupport_fastrtps_c/cartographer_ros_msgs/msg/detail/metric_family__type_support_c.cpp.o[0m
[166.965s] [ 79%] [32mBuilding CXX object CMakeFiles/cartographer_ros_msgs__rosidl_typesupport_fastrtps_c.dir/rosidl_typesupport_fastrtps_c/cartographer_ros_msgs/srv/detail/get_trajectory_states__type_support_c.cpp.o[0m
[170.132s] [ 80%] [32mBuilding CXX object CMakeFiles/cartographer_ros_msgs__rosidl_typesupport_fastrtps_c.dir/rosidl_typesupport_fastrtps_c/cartographer_ros_msgs/srv/detail/read_metrics__type_support_c.cpp.o[0m
[172.424s] [ 80%] [32mBuilding CXX object CMakeFiles/cartographer_ros_msgs__rosidl_typesupport_fastrtps_c.dir/rosidl_typesupport_fastrtps_c/cartographer_ros_msgs/srv/detail/start_trajectory__type_support_c.cpp.o[0m
[174.571s] [ 81%] [32mBuilding CXX object CMakeFiles/cartographer_ros_msgs__rosidl_typesupport_fastrtps_c.dir/rosidl_typesupport_fastrtps_c/cartographer_ros_msgs/srv/detail/trajectory_query__type_support_c.cpp.o[0m
[176.387s] [ 81%] [32mBuilding CXX object CMakeFiles/cartographer_ros_msgs__rosidl_typesupport_fastrtps_c.dir/rosidl_typesupport_fastrtps_c/cartographer_ros_msgs/srv/detail/submap_query__type_support_c.cpp.o[0m
[177.841s] [ 82%] [32mBuilding CXX object CMakeFiles/cartographer_ros_msgs__rosidl_typesupport_fastrtps_c.dir/rosidl_typesupport_fastrtps_c/cartographer_ros_msgs/srv/detail/write_state__type_support_c.cpp.o[0m
[179.009s] [ 82%] [32mBuilding CXX object CMakeFiles/cartographer_ros_msgs__rosidl_typesupport_fastrtps_c.dir/rosidl_typesupport_fastrtps_c/cartographer_ros_msgs/srv/detail/finish_trajectory__type_support_c.cpp.o[0m
[180.073s] [ 83%] [32mBuilding CXX object CMakeFiles/cartographer_ros_msgs__rosidl_typesupport_fastrtps_c.dir/rosidl_typesupport_fastrtps_c/cartographer_ros_msgs/msg/detail/trajectory_states__type_support_c.cpp.o[0m
[181.354s] [ 83%] [32mBuilding CXX object CMakeFiles/cartographer_ros_msgs__rosidl_typesupport_fastrtps_c.dir/rosidl_typesupport_fastrtps_c/cartographer_ros_msgs/msg/detail/submap_texture__type_support_c.cpp.o[0m
[182.354s] [ 84%] [32mBuilding CXX object CMakeFiles/cartographer_ros_msgs__rosidl_typesupport_fastrtps_c.dir/rosidl_typesupport_fastrtps_c/cartographer_ros_msgs/msg/detail/submap_list__type_support_c.cpp.o[0m
[183.497s] [ 85%] [32mBuilding CXX object CMakeFiles/cartographer_ros_msgs__rosidl_typesupport_fastrtps_c.dir/rosidl_typesupport_fastrtps_c/cartographer_ros_msgs/msg/detail/landmark_list__type_support_c.cpp.o[0m
[184.507s] [ 85%] [32mBuilding CXX object CMakeFiles/cartographer_ros_msgs__rosidl_typesupport_fastrtps_c.dir/rosidl_typesupport_fastrtps_c/cartographer_ros_msgs/msg/detail/landmark_entry__type_support_c.cpp.o[0m
[185.516s] [ 85%] [32m[1mLinking CXX shared library libcartographer_ros_msgs__rosidl_typesupport_fastrtps_c.so[0m
[185.770s] [ 85%] Built target cartographer_ros_msgs__rosidl_typesupport_fastrtps_c
[185.824s] [ 85%] Built target cartographer_ros_msgs
[185.886s] [ 86%] [34m[1mGenerating Python code for ROS interfaces[0m
[198.889s] [ 86%] Built target cartographer_ros_msgs__py
[198.938s] [ 86%] [32mBuilding C object CMakeFiles/cartographer_ros_msgs__rosidl_generator_py.dir/rosidl_generator_py/cartographer_ros_msgs/msg/_bagfile_progress_s.c.o[0m
[199.269s] [ 87%] [32mBuilding C object CMakeFiles/cartographer_ros_msgs__rosidl_generator_py.dir/rosidl_generator_py/cartographer_ros_msgs/msg/_status_code_s.c.o[0m
[199.529s] [ 88%] [32mBuilding C object CMakeFiles/cartographer_ros_msgs__rosidl_generator_py.dir/rosidl_generator_py/cartographer_ros_msgs/msg/_status_response_s.c.o[0m
[199.818s] [ 88%] [32mBuilding C object CMakeFiles/cartographer_ros_msgs__rosidl_generator_py.dir/rosidl_generator_py/cartographer_ros_msgs/msg/_submap_entry_s.c.o[0m
[200.104s] [ 89%] [32mBuilding C object CMakeFiles/cartographer_ros_msgs__rosidl_generator_py.dir/rosidl_generator_py/cartographer_ros_msgs/msg/_submap_list_s.c.o[0m
[200.384s] [ 89%] [32mBuilding C object CMakeFiles/cartographer_ros_msgs__rosidl_generator_py.dir/rosidl_generator_py/cartographer_ros_msgs/msg/_submap_texture_s.c.o[0m
[200.707s] [ 90%] [32mBuilding C object CMakeFiles/cartographer_ros_msgs__rosidl_generator_py.dir/rosidl_generator_py/cartographer_ros_msgs/msg/_trajectory_states_s.c.o[0m
[201.066s] [ 90%] [32mBuilding C object CMakeFiles/cartographer_ros_msgs__rosidl_generator_py.dir/rosidl_generator_py/cartographer_ros_msgs/srv/_finish_trajectory_s.c.o[0m
[201.364s] [ 91%] [32mBuilding C object CMakeFiles/cartographer_ros_msgs__rosidl_generator_py.dir/rosidl_generator_py/cartographer_ros_msgs/srv/_get_trajectory_states_s.c.o[0m
[201.662s] [ 91%] [32mBuilding C object CMakeFiles/cartographer_ros_msgs__rosidl_generator_py.dir/rosidl_generator_py/cartographer_ros_msgs/srv/_read_metrics_s.c.o[0m
[201.957s] [ 92%] [32mBuilding C object CMakeFiles/cartographer_ros_msgs__rosidl_generator_py.dir/rosidl_generator_py/cartographer_ros_msgs/srv/_start_trajectory_s.c.o[0m
[202.256s] [ 92%] [32mBuilding C object CMakeFiles/cartographer_ros_msgs__rosidl_generator_py.dir/rosidl_generator_py/cartographer_ros_msgs/srv/_trajectory_query_s.c.o[0m
[202.544s] [ 93%] [32mBuilding C object CMakeFiles/cartographer_ros_msgs__rosidl_generator_py.dir/rosidl_generator_py/cartographer_ros_msgs/srv/_submap_query_s.c.o[0m
[202.855s] [ 94%] [32mBuilding C object CMakeFiles/cartographer_ros_msgs__rosidl_generator_py.dir/rosidl_generator_py/cartographer_ros_msgs/srv/_write_state_s.c.o[0m
[203.165s] [ 94%] [32mBuilding C object CMakeFiles/cartographer_ros_msgs__rosidl_generator_py.dir/rosidl_generator_py/cartographer_ros_msgs/msg/_metric_s.c.o[0m
[203.461s] [ 95%] [32mBuilding C object CMakeFiles/cartographer_ros_msgs__rosidl_generator_py.dir/rosidl_generator_py/cartographer_ros_msgs/msg/_metric_label_s.c.o[0m
[203.724s] [ 95%] [32mBuilding C object CMakeFiles/cartographer_ros_msgs__rosidl_generator_py.dir/rosidl_generator_py/cartographer_ros_msgs/msg/_metric_family_s.c.o[0m
[204.015s] [ 96%] [32mBuilding C object CMakeFiles/cartographer_ros_msgs__rosidl_generator_py.dir/rosidl_generator_py/cartographer_ros_msgs/msg/_landmark_list_s.c.o[0m
[204.297s] [ 96%] [32mBuilding C object CMakeFiles/cartographer_ros_msgs__rosidl_generator_py.dir/rosidl_generator_py/cartographer_ros_msgs/msg/_landmark_entry_s.c.o[0m
[204.578s] [ 97%] [32mBuilding C object CMakeFiles/cartographer_ros_msgs__rosidl_generator_py.dir/rosidl_generator_py/cartographer_ros_msgs/msg/_histogram_bucket_s.c.o[0m
[204.858s] [ 97%] [32m[1mLinking C shared library rosidl_generator_py/cartographer_ros_msgs/libcartographer_ros_msgs__rosidl_generator_py.so[0m
[204.984s] [ 97%] Built target cartographer_ros_msgs__rosidl_generator_py
[205.029s] [ 98%] [32mBuilding C object CMakeFiles/cartographer_ros_msgs__rosidl_typesupport_fastrtps_c__pyext.dir/rosidl_generator_py/cartographer_ros_msgs/_cartographer_ros_msgs_s.ep.rosidl_typesupport_fastrtps_c.c.o[0m
[205.554s] [ 98%] [32m[1mLinking C shared library rosidl_generator_py/cartographer_ros_msgs/cartographer_ros_msgs_s__rosidl_typesupport_fastrtps_c.cpython-310-x86_64-linux-gnu.so[0m
[205.668s] [ 98%] Built target cartographer_ros_msgs__rosidl_typesupport_fastrtps_c__pyext
[205.722s] [ 99%] [32mBuilding C object CMakeFiles/cartographer_ros_msgs__rosidl_typesupport_c__pyext.dir/rosidl_generator_py/cartographer_ros_msgs/_cartographer_ros_msgs_s.ep.rosidl_typesupport_c.c.o[0m
[206.403s] [ 99%] [32m[1mLinking C shared library rosidl_generator_py/cartographer_ros_msgs/cartographer_ros_msgs_s__rosidl_typesupport_c.cpython-310-x86_64-linux-gnu.so[0m
[206.577s] [ 99%] Built target cartographer_ros_msgs__rosidl_typesupport_c__pyext
[206.645s] [100%] [32mBuilding C object CMakeFiles/cartographer_ros_msgs__rosidl_typesupport_introspection_c__pyext.dir/rosidl_generator_py/cartographer_ros_msgs/_cartographer_ros_msgs_s.ep.rosidl_typesupport_introspection_c.c.o[0m
[207.373s] [100%] [32m[1mLinking C shared library rosidl_generator_py/cartographer_ros_msgs/cartographer_ros_msgs_s__rosidl_typesupport_introspection_c.cpython-310-x86_64-linux-gnu.so[0m
[207.490s] [100%] Built target cartographer_ros_msgs__rosidl_typesupport_introspection_c__pyext
[207.520s] Invoked command in '/root/ros2_ws/build/cartographer_ros_msgs' returned '0': CMAKE_PREFIX_PATH=${CMAKE_PREFIX_PATH}:/root/ros2_ws/install/ros2_opencv:/opt/ros/humble /usr/bin/cmake --build /root/ros2_ws/build/cartographer_ros_msgs -- -j8 -l8
[207.524s] Invoking command in '/root/ros2_ws/build/cartographer_ros_msgs': CMAKE_PREFIX_PATH=${CMAKE_PREFIX_PATH}:/root/ros2_ws/install/ros2_opencv:/opt/ros/humble /usr/bin/cmake --install /root/ros2_ws/build/cartographer_ros_msgs
[207.540s] -- Install configuration: ""
[207.540s] -- Installing: /root/ros2_ws/install/cartographer_ros_msgs/share/ament_index/resource_index/rosidl_interfaces/cartographer_ros_msgs
[207.541s] -- Installing: /root/ros2_ws/install/cartographer_ros_msgs/include/cartographer_ros_msgs/cartographer_ros_msgs
[207.541s] -- Installing: /root/ros2_ws/install/cartographer_ros_msgs/include/cartographer_ros_msgs/cartographer_ros_msgs/srv
[207.542s] -- Installing: /root/ros2_ws/install/cartographer_ros_msgs/include/cartographer_ros_msgs/cartographer_ros_msgs/srv/get_trajectory_states.h
[207.542s] -- Installing: /root/ros2_ws/install/cartographer_ros_msgs/include/cartographer_ros_msgs/cartographer_ros_msgs/srv/read_metrics.h
[207.542s] -- Installing: /root/ros2_ws/install/cartographer_ros_msgs/include/cartographer_ros_msgs/cartographer_ros_msgs/srv/finish_trajectory.h
[207.543s] -- Installing: /root/ros2_ws/install/cartographer_ros_msgs/include/cartographer_ros_msgs/cartographer_ros_msgs/srv/write_state.h
[207.543s] -- Installing: /root/ros2_ws/install/cartographer_ros_msgs/include/cartographer_ros_msgs/cartographer_ros_msgs/srv/submap_query.h
[207.544s] -- Installing: /root/ros2_ws/install/cartographer_ros_msgs/include/cartographer_ros_msgs/cartographer_ros_msgs/srv/start_trajectory.h
[207.544s] -- Installing: /root/ros2_ws/install/cartographer_ros_msgs/include/cartographer_ros_msgs/cartographer_ros_msgs/srv/detail
[207.544s] -- Installing: /root/ros2_ws/install/cartographer_ros_msgs/include/cartographer_ros_msgs/cartographer_ros_msgs/srv/detail/write_state__type_support.h
[207.545s] -- Installing: /root/ros2_ws/install/cartographer_ros_msgs/include/cartographer_ros_msgs/cartographer_ros_msgs/srv/detail/get_trajectory_states__struct.h
[207.545s] -- Installing: /root/ros2_ws/install/cartographer_ros_msgs/include/cartographer_ros_msgs/cartographer_ros_msgs/srv/detail/start_trajectory__functions.h
[207.545s] -- Installing: /root/ros2_ws/install/cartographer_ros_msgs/include/cartographer_ros_msgs/cartographer_ros_msgs/srv/detail/finish_trajectory__functions.h
[207.546s] -- Installing: /root/ros2_ws/install/cartographer_ros_msgs/include/cartographer_ros_msgs/cartographer_ros_msgs/srv/detail/get_trajectory_states__functions.c
[207.546s] -- Installing: /root/ros2_ws/install/cartographer_ros_msgs/include/cartographer_ros_msgs/cartographer_ros_msgs/srv/detail/submap_query__type_support.h
[207.547s] -- Installing: /root/ros2_ws/install/cartographer_ros_msgs/include/cartographer_ros_msgs/cartographer_ros_msgs/srv/detail/trajectory_query__functions.h
[207.547s] -- Installing: /root/ros2_ws/install/cartographer_ros_msgs/include/cartographer_ros_msgs/cartographer_ros_msgs/srv/detail/trajectory_query__functions.c
[207.547s] -- Installing: /root/ros2_ws/install/cartographer_ros_msgs/include/cartographer_ros_msgs/cartographer_ros_msgs/srv/detail/get_trajectory_states__functions.h
[207.548s] -- Installing: /root/ros2_ws/install/cartographer_ros_msgs/include/cartographer_ros_msgs/cartographer_ros_msgs/srv/detail/trajectory_query__struct.h
[207.548s] -- Installing: /root/ros2_ws/install/cartographer_ros_msgs/include/cartographer_ros_msgs/cartographer_ros_msgs/srv/detail/read_metrics__type_support.h
[207.548s] -- Installing: /root/ros2_ws/install/cartographer_ros_msgs/include/cartographer_ros_msgs/cartographer_ros_msgs/srv/detail/trajectory_query__type_support.h
[207.549s] -- Installing: /root/ros2_ws/install/cartographer_ros_msgs/include/cartographer_ros_msgs/cartographer_ros_msgs/srv/detail/start_trajectory__functions.c
[207.550s] -- Installing: /root/ros2_ws/install/cartographer_ros_msgs/include/cartographer_ros_msgs/cartographer_ros_msgs/srv/detail/start_trajectory__struct.h
[207.550s] -- Installing: /root/ros2_ws/install/cartographer_ros_msgs/include/cartographer_ros_msgs/cartographer_ros_msgs/srv/detail/read_metrics__struct.h
[207.550s] -- Installing: /root/ros2_ws/install/cartographer_ros_msgs/include/cartographer_ros_msgs/cartographer_ros_msgs/srv/detail/submap_query__functions.h
[207.550s] -- Installing: /root/ros2_ws/install/cartographer_ros_msgs/include/cartographer_ros_msgs/cartographer_ros_msgs/srv/detail/submap_query__struct.h
[207.551s] -- Installing: /root/ros2_ws/install/cartographer_ros_msgs/include/cartographer_ros_msgs/cartographer_ros_msgs/srv/detail/write_state__functions.c
[207.551s] -- Installing: /root/ros2_ws/install/cartographer_ros_msgs/include/cartographer_ros_msgs/cartographer_ros_msgs/srv/detail/write_state__struct.h
[207.552s] -- Installing: /root/ros2_ws/install/cartographer_ros_msgs/include/cartographer_ros_msgs/cartographer_ros_msgs/srv/detail/read_metrics__functions.h
[207.552s] -- Installing: /root/ros2_ws/install/cartographer_ros_msgs/include/cartographer_ros_msgs/cartographer_ros_msgs/srv/detail/get_trajectory_states__type_support.h
[207.552s] -- Installing: /root/ros2_ws/install/cartographer_ros_msgs/include/cartographer_ros_msgs/cartographer_ros_msgs/srv/detail/read_metrics__functions.c
[207.552s] -- Installing: /root/ros2_ws/install/cartographer_ros_msgs/include/cartographer_ros_msgs/cartographer_ros_msgs/srv/detail/finish_trajectory__type_support.h
[207.552s] -- Installing: /root/ros2_ws/install/cartographer_ros_msgs/include/cartographer_ros_msgs/cartographer_ros_msgs/srv/detail/write_state__functions.h
[207.553s] -- Installing: /root/ros2_ws/install/cartographer_ros_msgs/include/cartographer_ros_msgs/cartographer_ros_msgs/srv/detail/start_trajectory__type_support.h
[207.553s] -- Installing: /root/ros2_ws/install/cartographer_ros_msgs/include/cartographer_ros_msgs/cartographer_ros_msgs/srv/detail/finish_trajectory__functions.c
[207.553s] -- Installing: /root/ros2_ws/install/cartographer_ros_msgs/include/cartographer_ros_msgs/cartographer_ros_msgs/srv/detail/submap_query__functions.c
[207.554s] -- Installing: /root/ros2_ws/install/cartographer_ros_msgs/include/cartographer_ros_msgs/cartographer_ros_msgs/srv/detail/finish_trajectory__struct.h
[207.554s] -- Installing: /root/ros2_ws/install/cartographer_ros_msgs/include/cartographer_ros_msgs/cartographer_ros_msgs/srv/trajectory_query.h
[207.554s] -- Installing: /root/ros2_ws/install/cartographer_ros_msgs/include/cartographer_ros_msgs/cartographer_ros_msgs/msg
[207.555s] -- Installing: /root/ros2_ws/install/cartographer_ros_msgs/include/cartographer_ros_msgs/cartographer_ros_msgs/msg/landmark_list.h
[207.555s] -- Installing: /root/ros2_ws/install/cartographer_ros_msgs/include/cartographer_ros_msgs/cartographer_ros_msgs/msg/landmark_entry.h
[207.555s] -- Installing: /root/ros2_ws/install/cartographer_ros_msgs/include/cartographer_ros_msgs/cartographer_ros_msgs/msg/metric_family.h
[207.555s] -- Installing: /root/ros2_ws/install/cartographer_ros_msgs/include/cartographer_ros_msgs/cartographer_ros_msgs/msg/bagfile_progress.h
[207.556s] -- Installing: /root/ros2_ws/install/cartographer_ros_msgs/include/cartographer_ros_msgs/cartographer_ros_msgs/msg/trajectory_states.h
[207.556s] -- Installing: /root/ros2_ws/install/cartographer_ros_msgs/include/cartographer_ros_msgs/cartographer_ros_msgs/msg/submap_texture.h
[207.556s] -- Installing: /root/ros2_ws/install/cartographer_ros_msgs/include/cartographer_ros_msgs/cartographer_ros_msgs/msg/rosidl_generator_c__visibility_control.h
[207.556s] -- Installing: /root/ros2_ws/install/cartographer_ros_msgs/include/cartographer_ros_msgs/cartographer_ros_msgs/msg/status_response.h
[207.557s] -- Installing: /root/ros2_ws/install/cartographer_ros_msgs/include/cartographer_ros_msgs/cartographer_ros_msgs/msg/submap_entry.h
[207.557s] -- Installing: /root/ros2_ws/install/cartographer_ros_msgs/include/cartographer_ros_msgs/cartographer_ros_msgs/msg/status_code.h
[207.557s] -- Installing: /root/ros2_ws/install/cartographer_ros_msgs/include/cartographer_ros_msgs/cartographer_ros_msgs/msg/metric_label.h
[207.558s] -- Installing: /root/ros2_ws/install/cartographer_ros_msgs/include/cartographer_ros_msgs/cartographer_ros_msgs/msg/detail
[207.558s] -- Installing: /root/ros2_ws/install/cartographer_ros_msgs/include/cartographer_ros_msgs/cartographer_ros_msgs/msg/detail/histogram_bucket__type_support.h
[207.558s] -- Installing: /root/ros2_ws/install/cartographer_ros_msgs/include/cartographer_ros_msgs/cartographer_ros_msgs/msg/detail/status_code__struct.h
[207.559s] -- Installing: /root/ros2_ws/install/cartographer_ros_msgs/include/cartographer_ros_msgs/cartographer_ros_msgs/msg/detail/landmark_entry__struct.h
[207.559s] -- Installing: /root/ros2_ws/install/cartographer_ros_msgs/include/cartographer_ros_msgs/cartographer_ros_msgs/msg/detail/status_response__struct.h
[207.561s] -- Installing: /root/ros2_ws/install/cartographer_ros_msgs/include/cartographer_ros_msgs/cartographer_ros_msgs/msg/detail/landmark_entry__type_support.h
[207.561s] -- Installing: /root/ros2_ws/install/cartographer_ros_msgs/include/cartographer_ros_msgs/cartographer_ros_msgs/msg/detail/metric_family__struct.h
[207.562s] -- Installing: /root/ros2_ws/install/cartographer_ros_msgs/include/cartographer_ros_msgs/cartographer_ros_msgs/msg/detail/metric_family__functions.c
[207.562s] -- Installing: /root/ros2_ws/install/cartographer_ros_msgs/include/cartographer_ros_msgs/cartographer_ros_msgs/msg/detail/submap_texture__functions.h
[207.562s] -- Installing: /root/ros2_ws/install/cartographer_ros_msgs/include/cartographer_ros_msgs/cartographer_ros_msgs/msg/detail/histogram_bucket__struct.h
[207.563s] -- Installing: /root/ros2_ws/install/cartographer_ros_msgs/include/cartographer_ros_msgs/cartographer_ros_msgs/msg/detail/status_code__type_support.h
[207.563s] -- Installing: /root/ros2_ws/install/cartographer_ros_msgs/include/cartographer_ros_msgs/cartographer_ros_msgs/msg/detail/metric_family__type_support.h
[207.564s] -- Installing: /root/ros2_ws/install/cartographer_ros_msgs/include/cartographer_ros_msgs/cartographer_ros_msgs/msg/detail/metric_label__struct.h
[207.564s] -- Installing: /root/ros2_ws/install/cartographer_ros_msgs/include/cartographer_ros_msgs/cartographer_ros_msgs/msg/detail/submap_list__functions.h
[207.564s] -- Installing: /root/ros2_ws/install/cartographer_ros_msgs/include/cartographer_ros_msgs/cartographer_ros_msgs/msg/detail/bagfile_progress__type_support.h
[207.567s] -- Installing: /root/ros2_ws/install/cartographer_ros_msgs/include/cartographer_ros_msgs/cartographer_ros_msgs/msg/detail/status_response__functions.c
[207.567s] -- Installing: /root/ros2_ws/install/cartographer_ros_msgs/include/cartographer_ros_msgs/cartographer_ros_msgs/msg/detail/submap_list__type_support.h
[207.568s] -- Installing: /root/ros2_ws/install/cartographer_ros_msgs/include/cartographer_ros_msgs/cartographer_ros_msgs/msg/detail/submap_texture__functions.c
[207.568s] -- Installing: /root/ros2_ws/install/cartographer_ros_msgs/include/cartographer_ros_msgs/cartographer_ros_msgs/msg/detail/submap_entry__struct.h
[207.569s] -- Installing: /root/ros2_ws/install/cartographer_ros_msgs/include/cartographer_ros_msgs/cartographer_ros_msgs/msg/detail/status_response__functions.h
[207.569s] -- Installing: /root/ros2_ws/install/cartographer_ros_msgs/include/cartographer_ros_msgs/cartographer_ros_msgs/msg/detail/histogram_bucket__functions.c
[207.570s] -- Installing: /root/ros2_ws/install/cartographer_ros_msgs/include/cartographer_ros_msgs/cartographer_ros_msgs/msg/detail/trajectory_states__functions.c
[207.570s] -- Installing: /root/ros2_ws/install/cartographer_ros_msgs/include/cartographer_ros_msgs/cartographer_ros_msgs/msg/detail/landmark_list__functions.h
[207.570s] -- Installing: /root/ros2_ws/install/cartographer_ros_msgs/include/cartographer_ros_msgs/cartographer_ros_msgs/msg/detail/landmark_list__struct.h
[207.571s] -- Installing: /root/ros2_ws/install/cartographer_ros_msgs/include/cartographer_ros_msgs/cartographer_ros_msgs/msg/detail/landmark_list__type_support.h
[207.571s] -- Installing: /root/ros2_ws/install/cartographer_ros_msgs/include/cartographer_ros_msgs/cartographer_ros_msgs/msg/detail/status_code__functions.h
[207.572s] -- Installing: /root/ros2_ws/install/cartographer_ros_msgs/include/cartographer_ros_msgs/cartographer_ros_msgs/msg/detail/metric__functions.h
[207.573s] -- Installing: /root/ros2_ws/install/cartographer_ros_msgs/include/cartographer_ros_msgs/cartographer_ros_msgs/msg/detail/landmark_list__functions.c
[207.574s] -- Installing: /root/ros2_ws/install/cartographer_ros_msgs/include/cartographer_ros_msgs/cartographer_ros_msgs/msg/detail/submap_entry__type_support.h
[207.578s] -- Installing: /root/ros2_ws/install/cartographer_ros_msgs/include/cartographer_ros_msgs/cartographer_ros_msgs/msg/detail/status_response__type_support.h
[207.578s] -- Installing: /root/ros2_ws/install/cartographer_ros_msgs/include/cartographer_ros_msgs/cartographer_ros_msgs/msg/detail/metric_label__type_support.h
[207.579s] -- Installing: /root/ros2_ws/install/cartographer_ros_msgs/include/cartographer_ros_msgs/cartographer_ros_msgs/msg/detail/submap_entry__functions.h
[207.580s] -- Installing: /root/ros2_ws/install/cartographer_ros_msgs/include/cartographer_ros_msgs/cartographer_ros_msgs/msg/detail/submap_texture__struct.h
[207.581s] -- Installing: /root/ros2_ws/install/cartographer_ros_msgs/include/cartographer_ros_msgs/cartographer_ros_msgs/msg/detail/histogram_bucket__functions.h
[207.581s] -- Installing: /root/ros2_ws/install/cartographer_ros_msgs/include/cartographer_ros_msgs/cartographer_ros_msgs/msg/detail/trajectory_states__type_support.h
[207.581s] -- Installing: /root/ros2_ws/install/cartographer_ros_msgs/include/cartographer_ros_msgs/cartographer_ros_msgs/msg/detail/submap_list__struct.h
[207.581s] -- Installing: /root/ros2_ws/install/cartographer_ros_msgs/include/cartographer_ros_msgs/cartographer_ros_msgs/msg/detail/submap_entry__functions.c
[207.582s] -- Installing: /root/ros2_ws/install/cartographer_ros_msgs/include/cartographer_ros_msgs/cartographer_ros_msgs/msg/detail/bagfile_progress__functions.c
[207.582s] -- Installing: /root/ros2_ws/install/cartographer_ros_msgs/include/cartographer_ros_msgs/cartographer_ros_msgs/msg/detail/submap_list__functions.c
[207.582s] -- Installing: /root/ros2_ws/install/cartographer_ros_msgs/include/cartographer_ros_msgs/cartographer_ros_msgs/msg/detail/trajectory_states__struct.h
[207.583s] -- Installing: /root/ros2_ws/install/cartographer_ros_msgs/include/cartographer_ros_msgs/cartographer_ros_msgs/msg/detail/trajectory_states__functions.h
[207.583s] -- Installing: /root/ros2_ws/install/cartographer_ros_msgs/include/cartographer_ros_msgs/cartographer_ros_msgs/msg/detail/submap_texture__type_support.h
[207.583s] -- Installing: /root/ros2_ws/install/cartographer_ros_msgs/include/cartographer_ros_msgs/cartographer_ros_msgs/msg/detail/bagfile_progress__functions.h
[207.584s] -- Installing: /root/ros2_ws/install/cartographer_ros_msgs/include/cartographer_ros_msgs/cartographer_ros_msgs/msg/detail/bagfile_progress__struct.h
[207.584s] -- Installing: /root/ros2_ws/install/cartographer_ros_msgs/include/cartographer_ros_msgs/cartographer_ros_msgs/msg/detail/landmark_entry__functions.h
[207.585s] -- Installing: /root/ros2_ws/install/cartographer_ros_msgs/include/cartographer_ros_msgs/cartographer_ros_msgs/msg/detail/metric__functions.c
[207.585s] -- Installing: /root/ros2_ws/install/cartographer_ros_msgs/include/cartographer_ros_msgs/cartographer_ros_msgs/msg/detail/metric__struct.h
[207.585s] -- Installing: /root/ros2_ws/install/cartographer_ros_msgs/include/cartographer_ros_msgs/cartographer_ros_msgs/msg/detail/status_code__functions.c
[207.585s] -- Installing: /root/ros2_ws/install/cartographer_ros_msgs/include/cartographer_ros_msgs/cartographer_ros_msgs/msg/detail/metric_family__functions.h
[207.586s] -- Installing: /root/ros2_ws/install/cartographer_ros_msgs/include/cartographer_ros_msgs/cartographer_ros_msgs/msg/detail/metric_label__functions.h
[207.586s] -- Installing: /root/ros2_ws/install/cartographer_ros_msgs/include/cartographer_ros_msgs/cartographer_ros_msgs/msg/detail/metric_label__functions.c
[207.586s] -- Installing: /root/ros2_ws/install/cartographer_ros_msgs/include/cartographer_ros_msgs/cartographer_ros_msgs/msg/detail/metric__type_support.h
[207.587s] -- Installing: /root/ros2_ws/install/cartographer_ros_msgs/include/cartographer_ros_msgs/cartographer_ros_msgs/msg/detail/landmark_entry__functions.c
[207.587s] -- Installing: /root/ros2_ws/install/cartographer_ros_msgs/include/cartographer_ros_msgs/cartographer_ros_msgs/msg/metric.h
[207.588s] -- Installing: /root/ros2_ws/install/cartographer_ros_msgs/include/cartographer_ros_msgs/cartographer_ros_msgs/msg/submap_list.h
[207.590s] -- Installing: /root/ros2_ws/install/cartographer_ros_msgs/include/cartographer_ros_msgs/cartographer_ros_msgs/msg/histogram_bucket.h
[207.590s] -- Installing: /root/ros2_ws/install/cartographer_ros_msgs/share/cartographer_ros_msgs/environment/library_path.sh
[207.590s] -- Installing: /root/ros2_ws/install/cartographer_ros_msgs/share/cartographer_ros_msgs/environment/library_path.dsv
[207.591s] -- Installing: /root/ros2_ws/install/cartographer_ros_msgs/lib/libcartographer_ros_msgs__rosidl_generator_c.so
[207.592s] -- Set runtime path of "/root/ros2_ws/install/cartographer_ros_msgs/lib/libcartographer_ros_msgs__rosidl_generator_c.so" to ""
[207.592s] -- Up-to-date: /root/ros2_ws/install/cartographer_ros_msgs/include/cartographer_ros_msgs/cartographer_ros_msgs
[207.592s] -- Up-to-date: /root/ros2_ws/install/cartographer_ros_msgs/include/cartographer_ros_msgs/cartographer_ros_msgs/srv
[207.593s] -- Up-to-date: /root/ros2_ws/install/cartographer_ros_msgs/include/cartographer_ros_msgs/cartographer_ros_msgs/srv/detail
[207.593s] -- Installing: /root/ros2_ws/install/cartographer_ros_msgs/include/cartographer_ros_msgs/cartographer_ros_msgs/srv/detail/start_trajectory__rosidl_typesupport_fastrtps_c.h
[207.593s] -- Installing: /root/ros2_ws/install/cartographer_ros_msgs/include/cartographer_ros_msgs/cartographer_ros_msgs/srv/detail/get_trajectory_states__rosidl_typesupport_fastrtps_c.h
[207.593s] -- Installing: /root/ros2_ws/install/cartographer_ros_msgs/include/cartographer_ros_msgs/cartographer_ros_msgs/srv/detail/trajectory_query__rosidl_typesupport_fastrtps_c.h
[207.594s] -- Installing: /root/ros2_ws/install/cartographer_ros_msgs/include/cartographer_ros_msgs/cartographer_ros_msgs/srv/detail/write_state__rosidl_typesupport_fastrtps_c.h
[207.594s] -- Installing: /root/ros2_ws/install/cartographer_ros_msgs/include/cartographer_ros_msgs/cartographer_ros_msgs/srv/detail/read_metrics__rosidl_typesupport_fastrtps_c.h
[207.594s] -- Installing: /root/ros2_ws/install/cartographer_ros_msgs/include/cartographer_ros_msgs/cartographer_ros_msgs/srv/detail/submap_query__rosidl_typesupport_fastrtps_c.h
[207.594s] -- Installing: /root/ros2_ws/install/cartographer_ros_msgs/include/cartographer_ros_msgs/cartographer_ros_msgs/srv/detail/finish_trajectory__rosidl_typesupport_fastrtps_c.h
[207.594s] -- Up-to-date: /root/ros2_ws/install/cartographer_ros_msgs/include/cartographer_ros_msgs/cartographer_ros_msgs/msg
[207.595s] -- Up-to-date: /root/ros2_ws/install/cartographer_ros_msgs/include/cartographer_ros_msgs/cartographer_ros_msgs/msg/detail
[207.595s] -- Installing: /root/ros2_ws/install/cartographer_ros_msgs/include/cartographer_ros_msgs/cartographer_ros_msgs/msg/detail/status_response__rosidl_typesupport_fastrtps_c.h
[207.595s] -- Installing: /root/ros2_ws/install/cartographer_ros_msgs/include/cartographer_ros_msgs/cartographer_ros_msgs/msg/detail/status_code__rosidl_typesupport_fastrtps_c.h
[207.595s] -- Installing: /root/ros2_ws/install/cartographer_ros_msgs/include/cartographer_ros_msgs/cartographer_ros_msgs/msg/detail/histogram_bucket__rosidl_typesupport_fastrtps_c.h
[207.596s] -- Installing: /root/ros2_ws/install/cartographer_ros_msgs/include/cartographer_ros_msgs/cartographer_ros_msgs/msg/detail/metric_family__rosidl_typesupport_fastrtps_c.h
[207.596s] -- Installing: /root/ros2_ws/install/cartographer_ros_msgs/include/cartographer_ros_msgs/cartographer_ros_msgs/msg/detail/metric_label__rosidl_typesupport_fastrtps_c.h
[207.596s] -- Installing: /root/ros2_ws/install/cartographer_ros_msgs/include/cartographer_ros_msgs/cartographer_ros_msgs/msg/detail/submap_entry__rosidl_typesupport_fastrtps_c.h
[207.597s] -- Installing: /root/ros2_ws/install/cartographer_ros_msgs/include/cartographer_ros_msgs/cartographer_ros_msgs/msg/detail/landmark_list__rosidl_typesupport_fastrtps_c.h
[207.597s] -- Installing: /root/ros2_ws/install/cartographer_ros_msgs/include/cartographer_ros_msgs/cartographer_ros_msgs/msg/detail/submap_list__rosidl_typesupport_fastrtps_c.h
[207.597s] -- Installing: /root/ros2_ws/install/cartographer_ros_msgs/include/cartographer_ros_msgs/cartographer_ros_msgs/msg/detail/metric__rosidl_typesupport_fastrtps_c.h
[207.597s] -- Installing: /root/ros2_ws/install/cartographer_ros_msgs/include/cartographer_ros_msgs/cartographer_ros_msgs/msg/detail/landmark_entry__rosidl_typesupport_fastrtps_c.h
[207.598s] -- Installing: /root/ros2_ws/install/cartographer_ros_msgs/include/cartographer_ros_msgs/cartographer_ros_msgs/msg/detail/submap_texture__rosidl_typesupport_fastrtps_c.h
[207.598s] -- Installing: /root/ros2_ws/install/cartographer_ros_msgs/include/cartographer_ros_msgs/cartographer_ros_msgs/msg/detail/trajectory_states__rosidl_typesupport_fastrtps_c.h
[207.598s] -- Installing: /root/ros2_ws/install/cartographer_ros_msgs/include/cartographer_ros_msgs/cartographer_ros_msgs/msg/detail/bagfile_progress__rosidl_typesupport_fastrtps_c.h
[207.598s] -- Installing: /root/ros2_ws/install/cartographer_ros_msgs/include/cartographer_ros_msgs/cartographer_ros_msgs/msg/rosidl_typesupport_fastrtps_c__visibility_control.h
[207.599s] -- Installing: /root/ros2_ws/install/cartographer_ros_msgs/lib/libcartographer_ros_msgs__rosidl_typesupport_fastrtps_c.so
[207.601s] -- Set runtime path of "/root/ros2_ws/install/cartographer_ros_msgs/lib/libcartographer_ros_msgs__rosidl_typesupport_fastrtps_c.so" to ""
[207.601s] -- Up-to-date: /root/ros2_ws/install/cartographer_ros_msgs/include/cartographer_ros_msgs/cartographer_ros_msgs
[207.601s] -- Up-to-date: /root/ros2_ws/install/cartographer_ros_msgs/include/cartographer_ros_msgs/cartographer_ros_msgs/srv
[207.602s] -- Up-to-date: /root/ros2_ws/install/cartographer_ros_msgs/include/cartographer_ros_msgs/cartographer_ros_msgs/srv/detail
[207.602s] -- Installing: /root/ros2_ws/install/cartographer_ros_msgs/include/cartographer_ros_msgs/cartographer_ros_msgs/srv/detail/finish_trajectory__type_support.c
[207.602s] -- Installing: /root/ros2_ws/install/cartographer_ros_msgs/include/cartographer_ros_msgs/cartographer_ros_msgs/srv/detail/get_trajectory_states__rosidl_typesupport_introspection_c.h
[207.602s] -- Installing: /root/ros2_ws/install/cartographer_ros_msgs/include/cartographer_ros_msgs/cartographer_ros_msgs/srv/detail/start_trajectory__type_support.c
[207.603s] -- Installing: /root/ros2_ws/install/cartographer_ros_msgs/include/cartographer_ros_msgs/cartographer_ros_msgs/srv/detail/read_metrics__type_support.c
[207.603s] -- Installing: /root/ros2_ws/install/cartographer_ros_msgs/include/cartographer_ros_msgs/cartographer_ros_msgs/srv/detail/write_state__rosidl_typesupport_introspection_c.h
[207.604s] -- Installing: /root/ros2_ws/install/cartographer_ros_msgs/include/cartographer_ros_msgs/cartographer_ros_msgs/srv/detail/submap_query__type_support.c
[207.604s] -- Installing: /root/ros2_ws/install/cartographer_ros_msgs/include/cartographer_ros_msgs/cartographer_ros_msgs/srv/detail/get_trajectory_states__type_support.c
[207.605s] -- Installing: /root/ros2_ws/install/cartographer_ros_msgs/include/cartographer_ros_msgs/cartographer_ros_msgs/srv/detail/submap_query__rosidl_typesupport_introspection_c.h
[207.605s] -- Installing: /root/ros2_ws/install/cartographer_ros_msgs/include/cartographer_ros_msgs/cartographer_ros_msgs/srv/detail/start_trajectory__rosidl_typesupport_introspection_c.h
[207.605s] -- Installing: /root/ros2_ws/install/cartographer_ros_msgs/include/cartographer_ros_msgs/cartographer_ros_msgs/srv/detail/trajectory_query__rosidl_typesupport_introspection_c.h
[207.606s] -- Installing: /root/ros2_ws/install/cartographer_ros_msgs/include/cartographer_ros_msgs/cartographer_ros_msgs/srv/detail/trajectory_query__type_support.c
[207.606s] -- Installing: /root/ros2_ws/install/cartographer_ros_msgs/include/cartographer_ros_msgs/cartographer_ros_msgs/srv/detail/read_metrics__rosidl_typesupport_introspection_c.h
[207.607s] -- Installing: /root/ros2_ws/install/cartographer_ros_msgs/include/cartographer_ros_msgs/cartographer_ros_msgs/srv/detail/finish_trajectory__rosidl_typesupport_introspection_c.h
[207.607s] -- Installing: /root/ros2_ws/install/cartographer_ros_msgs/include/cartographer_ros_msgs/cartographer_ros_msgs/srv/detail/write_state__type_support.c
[207.608s] -- Up-to-date: /root/ros2_ws/install/cartographer_ros_msgs/include/cartographer_ros_msgs/cartographer_ros_msgs/msg
[207.608s] -- Up-to-date: /root/ros2_ws/install/cartographer_ros_msgs/include/cartographer_ros_msgs/cartographer_ros_msgs/msg/detail
[207.608s] -- Installing: /root/ros2_ws/install/cartographer_ros_msgs/include/cartographer_ros_msgs/cartographer_ros_msgs/msg/detail/landmark_list__rosidl_typesupport_introspection_c.h
[207.608s] -- Installing: /root/ros2_ws/install/cartographer_ros_msgs/include/cartographer_ros_msgs/cartographer_ros_msgs/msg/detail/metric_label__rosidl_typesupport_introspection_c.h
[207.608s] -- Installing: /root/ros2_ws/install/cartographer_ros_msgs/include/cartographer_ros_msgs/cartographer_ros_msgs/msg/detail/submap_entry__rosidl_typesupport_introspection_c.h
[207.609s] -- Installing: /root/ros2_ws/install/cartographer_ros_msgs/include/cartographer_ros_msgs/cartographer_ros_msgs/msg/detail/status_code__rosidl_typesupport_introspection_c.h
[207.609s] -- Installing: /root/ros2_ws/install/cartographer_ros_msgs/include/cartographer_ros_msgs/cartographer_ros_msgs/msg/detail/status_response__rosidl_typesupport_introspection_c.h
[207.609s] -- Installing: /root/ros2_ws/install/cartographer_ros_msgs/include/cartographer_ros_msgs/cartographer_ros_msgs/msg/detail/metric_family__rosidl_typesupport_introspection_c.h
[207.609s] -- Installing: /root/ros2_ws/install/cartographer_ros_msgs/include/cartographer_ros_msgs/cartographer_ros_msgs/msg/detail/metric_label__type_support.c
[207.610s] -- Installing: /root/ros2_ws/install/cartographer_ros_msgs/include/cartographer_ros_msgs/cartographer_ros_msgs/msg/detail/submap_list__type_support.c
[207.610s] -- Installing: /root/ros2_ws/install/cartographer_ros_msgs/include/cartographer_ros_msgs/cartographer_ros_msgs/msg/detail/histogram_bucket__type_support.c
[207.610s] -- Installing: /root/ros2_ws/install/cartographer_ros_msgs/include/cartographer_ros_msgs/cartographer_ros_msgs/msg/detail/bagfile_progress__rosidl_typesupport_introspection_c.h
[207.611s] -- Installing: /root/ros2_ws/install/cartographer_ros_msgs/include/cartographer_ros_msgs/cartographer_ros_msgs/msg/detail/landmark_entry__type_support.c
[207.611s] -- Installing: /root/ros2_ws/install/cartographer_ros_msgs/include/cartographer_ros_msgs/cartographer_ros_msgs/msg/detail/metric__rosidl_typesupport_introspection_c.h
[207.612s] -- Installing: /root/ros2_ws/install/cartographer_ros_msgs/include/cartographer_ros_msgs/cartographer_ros_msgs/msg/detail/submap_texture__rosidl_typesupport_introspection_c.h
[207.612s] -- Installing: /root/ros2_ws/install/cartographer_ros_msgs/include/cartographer_ros_msgs/cartographer_ros_msgs/msg/detail/histogram_bucket__rosidl_typesupport_introspection_c.h
[207.613s] -- Installing: /root/ros2_ws/install/cartographer_ros_msgs/include/cartographer_ros_msgs/cartographer_ros_msgs/msg/detail/landmark_list__type_support.c
[207.613s] -- Installing: /root/ros2_ws/install/cartographer_ros_msgs/include/cartographer_ros_msgs/cartographer_ros_msgs/msg/detail/bagfile_progress__type_support.c
[207.613s] -- Installing: /root/ros2_ws/install/cartographer_ros_msgs/include/cartographer_ros_msgs/cartographer_ros_msgs/msg/detail/trajectory_states__rosidl_typesupport_introspection_c.h
[207.613s] -- Installing: /root/ros2_ws/install/cartographer_ros_msgs/include/cartographer_ros_msgs/cartographer_ros_msgs/msg/detail/metric_family__type_support.c
[207.614s] -- Installing: /root/ros2_ws/install/cartographer_ros_msgs/include/cartographer_ros_msgs/cartographer_ros_msgs/msg/detail/metric__type_support.c
[207.614s] -- Installing: /root/ros2_ws/install/cartographer_ros_msgs/include/cartographer_ros_msgs/cartographer_ros_msgs/msg/detail/landmark_entry__rosidl_typesupport_introspection_c.h
[207.614s] -- Installing: /root/ros2_ws/install/cartographer_ros_msgs/include/cartographer_ros_msgs/cartographer_ros_msgs/msg/detail/status_response__type_support.c
[207.615s] -- Installing: /root/ros2_ws/install/cartographer_ros_msgs/include/cartographer_ros_msgs/cartographer_ros_msgs/msg/detail/submap_entry__type_support.c
[207.615s] -- Installing: /root/ros2_ws/install/cartographer_ros_msgs/include/cartographer_ros_msgs/cartographer_ros_msgs/msg/detail/submap_list__rosidl_typesupport_introspection_c.h
[207.616s] -- Installing: /root/ros2_ws/install/cartographer_ros_msgs/include/cartographer_ros_msgs/cartographer_ros_msgs/msg/detail/trajectory_states__type_support.c
[207.616s] -- Installing: /root/ros2_ws/install/cartographer_ros_msgs/include/cartographer_ros_msgs/cartographer_ros_msgs/msg/detail/status_code__type_support.c
[207.616s] -- Installing: /root/ros2_ws/install/cartographer_ros_msgs/include/cartographer_ros_msgs/cartographer_ros_msgs/msg/detail/submap_texture__type_support.c
[207.617s] -- Installing: /root/ros2_ws/install/cartographer_ros_msgs/include/cartographer_ros_msgs/cartographer_ros_msgs/msg/rosidl_typesupport_introspection_c__visibility_control.h
[207.617s] -- Installing: /root/ros2_ws/install/cartographer_ros_msgs/lib/libcartographer_ros_msgs__rosidl_typesupport_introspection_c.so
[207.618s] -- Set runtime path of "/root/ros2_ws/install/cartographer_ros_msgs/lib/libcartographer_ros_msgs__rosidl_typesupport_introspection_c.so" to ""
[207.619s] -- Installing: /root/ros2_ws/install/cartographer_ros_msgs/lib/libcartographer_ros_msgs__rosidl_typesupport_c.so
[207.619s] -- Set runtime path of "/root/ros2_ws/install/cartographer_ros_msgs/lib/libcartographer_ros_msgs__rosidl_typesupport_c.so" to ""
[207.620s] -- Up-to-date: /root/ros2_ws/install/cartographer_ros_msgs/include/cartographer_ros_msgs/cartographer_ros_msgs
[207.620s] -- Up-to-date: /root/ros2_ws/install/cartographer_ros_msgs/include/cartographer_ros_msgs/cartographer_ros_msgs/srv
[207.620s] -- Installing: /root/ros2_ws/install/cartographer_ros_msgs/include/cartographer_ros_msgs/cartographer_ros_msgs/srv/trajectory_query.hpp
[207.621s] -- Installing: /root/ros2_ws/install/cartographer_ros_msgs/include/cartographer_ros_msgs/cartographer_ros_msgs/srv/start_trajectory.hpp
[207.621s] -- Installing: /root/ros2_ws/install/cartographer_ros_msgs/include/cartographer_ros_msgs/cartographer_ros_msgs/srv/read_metrics.hpp
[207.621s] -- Installing: /root/ros2_ws/install/cartographer_ros_msgs/include/cartographer_ros_msgs/cartographer_ros_msgs/srv/finish_trajectory.hpp
[207.621s] -- Installing: /root/ros2_ws/install/cartographer_ros_msgs/include/cartographer_ros_msgs/cartographer_ros_msgs/srv/submap_query.hpp
[207.622s] -- Installing: /root/ros2_ws/install/cartographer_ros_msgs/include/cartographer_ros_msgs/cartographer_ros_msgs/srv/get_trajectory_states.hpp
[207.622s] -- Up-to-date: /root/ros2_ws/install/cartographer_ros_msgs/include/cartographer_ros_msgs/cartographer_ros_msgs/srv/detail
[207.622s] -- Installing: /root/ros2_ws/install/cartographer_ros_msgs/include/cartographer_ros_msgs/cartographer_ros_msgs/srv/detail/trajectory_query__builder.hpp
[207.622s] -- Installing: /root/ros2_ws/install/cartographer_ros_msgs/include/cartographer_ros_msgs/cartographer_ros_msgs/srv/detail/submap_query__struct.hpp
[207.623s] -- Installing: /root/ros2_ws/install/cartographer_ros_msgs/include/cartographer_ros_msgs/cartographer_ros_msgs/srv/detail/submap_query__builder.hpp
[207.623s] -- Installing: /root/ros2_ws/install/cartographer_ros_msgs/include/cartographer_ros_msgs/cartographer_ros_msgs/srv/detail/submap_query__traits.hpp
[207.623s] -- Installing: /root/ros2_ws/install/cartographer_ros_msgs/include/cartographer_ros_msgs/cartographer_ros_msgs/srv/detail/write_state__traits.hpp
[207.623s] -- Installing: /root/ros2_ws/install/cartographer_ros_msgs/include/cartographer_ros_msgs/cartographer_ros_msgs/srv/detail/start_trajectory__struct.hpp
[207.624s] -- Installing: /root/ros2_ws/install/cartographer_ros_msgs/include/cartographer_ros_msgs/cartographer_ros_msgs/srv/detail/get_trajectory_states__builder.hpp
[207.624s] -- Installing: /root/ros2_ws/install/cartographer_ros_msgs/include/cartographer_ros_msgs/cartographer_ros_msgs/srv/detail/get_trajectory_states__struct.hpp
[207.624s] -- Installing: /root/ros2_ws/install/cartographer_ros_msgs/include/cartographer_ros_msgs/cartographer_ros_msgs/srv/detail/trajectory_query__traits.hpp
[207.625s] -- Installing: /root/ros2_ws/install/cartographer_ros_msgs/include/cartographer_ros_msgs/cartographer_ros_msgs/srv/detail/finish_trajectory__type_support.hpp
[207.625s] -- Installing: /root/ros2_ws/install/cartographer_ros_msgs/include/cartographer_ros_msgs/cartographer_ros_msgs/srv/detail/finish_trajectory__struct.hpp
[207.626s] -- Installing: /root/ros2_ws/install/cartographer_ros_msgs/include/cartographer_ros_msgs/cartographer_ros_msgs/srv/detail/read_metrics__builder.hpp
[207.626s] -- Installing: /root/ros2_ws/install/cartographer_ros_msgs/include/cartographer_ros_msgs/cartographer_ros_msgs/srv/detail/read_metrics__traits.hpp
[207.627s] -- Installing: /root/ros2_ws/install/cartographer_ros_msgs/include/cartographer_ros_msgs/cartographer_ros_msgs/srv/detail/read_metrics__type_support.hpp
[207.627s] -- Installing: /root/ros2_ws/install/cartographer_ros_msgs/include/cartographer_ros_msgs/cartographer_ros_msgs/srv/detail/start_trajectory__traits.hpp
[207.628s] -- Installing: /root/ros2_ws/install/cartographer_ros_msgs/include/cartographer_ros_msgs/cartographer_ros_msgs/srv/detail/write_state__builder.hpp
[207.628s] -- Installing: /root/ros2_ws/install/cartographer_ros_msgs/include/cartographer_ros_msgs/cartographer_ros_msgs/srv/detail/trajectory_query__type_support.hpp
[207.628s] -- Installing: /root/ros2_ws/install/cartographer_ros_msgs/include/cartographer_ros_msgs/cartographer_ros_msgs/srv/detail/finish_trajectory__traits.hpp
[207.629s] -- Installing: /root/ros2_ws/install/cartographer_ros_msgs/include/cartographer_ros_msgs/cartographer_ros_msgs/srv/detail/submap_query__type_support.hpp
[207.629s] -- Installing: /root/ros2_ws/install/cartographer_ros_msgs/include/cartographer_ros_msgs/cartographer_ros_msgs/srv/detail/finish_trajectory__builder.hpp
[207.630s] -- Installing: /root/ros2_ws/install/cartographer_ros_msgs/include/cartographer_ros_msgs/cartographer_ros_msgs/srv/detail/start_trajectory__builder.hpp
[207.630s] -- Installing: /root/ros2_ws/install/cartographer_ros_msgs/include/cartographer_ros_msgs/cartographer_ros_msgs/srv/detail/trajectory_query__struct.hpp
[207.631s] -- Installing: /root/ros2_ws/install/cartographer_ros_msgs/include/cartographer_ros_msgs/cartographer_ros_msgs/srv/detail/start_trajectory__type_support.hpp
[207.631s] -- Installing: /root/ros2_ws/install/cartographer_ros_msgs/include/cartographer_ros_msgs/cartographer_ros_msgs/srv/detail/write_state__type_support.hpp
[207.631s] -- Installing: /root/ros2_ws/install/cartographer_ros_msgs/include/cartographer_ros_msgs/cartographer_ros_msgs/srv/detail/write_state__struct.hpp
[207.632s] -- Installing: /root/ros2_ws/install/cartographer_ros_msgs/include/cartographer_ros_msgs/cartographer_ros_msgs/srv/detail/get_trajectory_states__type_support.hpp
[207.632s] -- Installing: /root/ros2_ws/install/cartographer_ros_msgs/include/cartographer_ros_msgs/cartographer_ros_msgs/srv/detail/get_trajectory_states__traits.hpp
[207.632s] -- Installing: /root/ros2_ws/install/cartographer_ros_msgs/include/cartographer_ros_msgs/cartographer_ros_msgs/srv/detail/read_metrics__struct.hpp
[207.633s] -- Installing: /root/ros2_ws/install/cartographer_ros_msgs/include/cartographer_ros_msgs/cartographer_ros_msgs/srv/write_state.hpp
[207.633s] -- Up-to-date: /root/ros2_ws/install/cartographer_ros_msgs/include/cartographer_ros_msgs/cartographer_ros_msgs/msg
[207.633s] -- Installing: /root/ros2_ws/install/cartographer_ros_msgs/include/cartographer_ros_msgs/cartographer_ros_msgs/msg/landmark_entry.hpp
[207.634s] -- Installing: /root/ros2_ws/install/cartographer_ros_msgs/include/cartographer_ros_msgs/cartographer_ros_msgs/msg/status_code.hpp
[207.634s] -- Installing: /root/ros2_ws/install/cartographer_ros_msgs/include/cartographer_ros_msgs/cartographer_ros_msgs/msg/metric_family.hpp
[207.634s] -- Installing: /root/ros2_ws/install/cartographer_ros_msgs/include/cartographer_ros_msgs/cartographer_ros_msgs/msg/trajectory_states.hpp
[207.635s] -- Installing: /root/ros2_ws/install/cartographer_ros_msgs/include/cartographer_ros_msgs/cartographer_ros_msgs/msg/histogram_bucket.hpp
[207.636s] -- Installing: /root/ros2_ws/install/cartographer_ros_msgs/include/cartographer_ros_msgs/cartographer_ros_msgs/msg/status_response.hpp
[207.636s] -- Installing: /root/ros2_ws/install/cartographer_ros_msgs/include/cartographer_ros_msgs/cartographer_ros_msgs/msg/rosidl_generator_cpp__visibility_control.hpp
[207.637s] -- Installing: /root/ros2_ws/install/cartographer_ros_msgs/include/cartographer_ros_msgs/cartographer_ros_msgs/msg/metric.hpp
[207.637s] -- Installing: /root/ros2_ws/install/cartographer_ros_msgs/include/cartographer_ros_msgs/cartographer_ros_msgs/msg/submap_list.hpp
[207.637s] -- Installing: /root/ros2_ws/install/cartographer_ros_msgs/include/cartographer_ros_msgs/cartographer_ros_msgs/msg/bagfile_progress.hpp
[207.637s] -- Installing: /root/ros2_ws/install/cartographer_ros_msgs/include/cartographer_ros_msgs/cartographer_ros_msgs/msg/landmark_list.hpp
[207.637s] -- Installing: /root/ros2_ws/install/cartographer_ros_msgs/include/cartographer_ros_msgs/cartographer_ros_msgs/msg/submap_entry.hpp
[207.638s] -- Up-to-date: /root/ros2_ws/install/cartographer_ros_msgs/include/cartographer_ros_msgs/cartographer_ros_msgs/msg/detail
[207.638s] -- Installing: /root/ros2_ws/install/cartographer_ros_msgs/include/cartographer_ros_msgs/cartographer_ros_msgs/msg/detail/submap_texture__builder.hpp
[207.638s] -- Installing: /root/ros2_ws/install/cartographer_ros_msgs/include/cartographer_ros_msgs/cartographer_ros_msgs/msg/detail/landmark_list__traits.hpp
[207.638s] -- Installing: /root/ros2_ws/install/cartographer_ros_msgs/include/cartographer_ros_msgs/cartographer_ros_msgs/msg/detail/histogram_bucket__builder.hpp
[207.639s] -- Installing: /root/ros2_ws/install/cartographer_ros_msgs/include/cartographer_ros_msgs/cartographer_ros_msgs/msg/detail/status_code__builder.hpp
[207.639s] -- Installing: /root/ros2_ws/install/cartographer_ros_msgs/include/cartographer_ros_msgs/cartographer_ros_msgs/msg/detail/metric_family__traits.hpp
[207.639s] -- Installing: /root/ros2_ws/install/cartographer_ros_msgs/include/cartographer_ros_msgs/cartographer_ros_msgs/msg/detail/landmark_list__struct.hpp
[207.640s] -- Installing: /root/ros2_ws/install/cartographer_ros_msgs/include/cartographer_ros_msgs/cartographer_ros_msgs/msg/detail/metric__builder.hpp
[207.640s] -- Installing: /root/ros2_ws/install/cartographer_ros_msgs/include/cartographer_ros_msgs/cartographer_ros_msgs/msg/detail/landmark_entry__struct.hpp
[207.641s] -- Installing: /root/ros2_ws/install/cartographer_ros_msgs/include/cartographer_ros_msgs/cartographer_ros_msgs/msg/detail/submap_texture__traits.hpp
[207.641s] -- Installing: /root/ros2_ws/install/cartographer_ros_msgs/include/cartographer_ros_msgs/cartographer_ros_msgs/msg/detail/status_code__traits.hpp
[207.641s] -- Installing: /root/ros2_ws/install/cartographer_ros_msgs/include/cartographer_ros_msgs/cartographer_ros_msgs/msg/detail/metric__struct.hpp
[207.642s] -- Installing: /root/ros2_ws/install/cartographer_ros_msgs/include/cartographer_ros_msgs/cartographer_ros_msgs/msg/detail/submap_texture__type_support.hpp
[207.642s] -- Installing: /root/ros2_ws/install/cartographer_ros_msgs/include/cartographer_ros_msgs/cartographer_ros_msgs/msg/detail/trajectory_states__builder.hpp
[207.643s] -- Installing: /root/ros2_ws/install/cartographer_ros_msgs/include/cartographer_ros_msgs/cartographer_ros_msgs/msg/detail/trajectory_states__type_support.hpp
[207.643s] -- Installing: /root/ros2_ws/install/cartographer_ros_msgs/include/cartographer_ros_msgs/cartographer_ros_msgs/msg/detail/histogram_bucket__struct.hpp
[207.643s] -- Installing: /root/ros2_ws/install/cartographer_ros_msgs/include/cartographer_ros_msgs/cartographer_ros_msgs/msg/detail/bagfile_progress__traits.hpp
[207.644s] -- Installing: /root/ros2_ws/install/cartographer_ros_msgs/include/cartographer_ros_msgs/cartographer_ros_msgs/msg/detail/metric_label__struct.hpp
[207.644s] -- Installing: /root/ros2_ws/install/cartographer_ros_msgs/include/cartographer_ros_msgs/cartographer_ros_msgs/msg/detail/submap_entry__type_support.hpp
[207.645s] -- Installing: /root/ros2_ws/install/cartographer_ros_msgs/include/cartographer_ros_msgs/cartographer_ros_msgs/msg/detail/metric_label__traits.hpp
[207.646s] -- Installing: /root/ros2_ws/install/cartographer_ros_msgs/include/cartographer_ros_msgs/cartographer_ros_msgs/msg/detail/bagfile_progress__builder.hpp
[207.646s] -- Installing: /root/ros2_ws/install/cartographer_ros_msgs/include/cartographer_ros_msgs/cartographer_ros_msgs/msg/detail/landmark_entry__traits.hpp
[207.647s] -- Installing: /root/ros2_ws/install/cartographer_ros_msgs/include/cartographer_ros_msgs/cartographer_ros_msgs/msg/detail/trajectory_states__struct.hpp
[207.647s] -- Installing: /root/ros2_ws/install/cartographer_ros_msgs/include/cartographer_ros_msgs/cartographer_ros_msgs/msg/detail/landmark_list__builder.hpp
[207.647s] -- Installing: /root/ros2_ws/install/cartographer_ros_msgs/include/cartographer_ros_msgs/cartographer_ros_msgs/msg/detail/submap_list__builder.hpp
[207.648s] -- Installing: /root/ros2_ws/install/cartographer_ros_msgs/include/cartographer_ros_msgs/cartographer_ros_msgs/msg/detail/bagfile_progress__struct.hpp
[207.648s] -- Installing: /root/ros2_ws/install/cartographer_ros_msgs/include/cartographer_ros_msgs/cartographer_ros_msgs/msg/detail/submap_entry__traits.hpp
[207.649s] -- Installing: /root/ros2_ws/install/cartographer_ros_msgs/include/cartographer_ros_msgs/cartographer_ros_msgs/msg/detail/landmark_entry__builder.hpp
[207.649s] -- Installing: /root/ros2_ws/install/cartographer_ros_msgs/include/cartographer_ros_msgs/cartographer_ros_msgs/msg/detail/status_response__builder.hpp
[207.649s] -- Installing: /root/ros2_ws/install/cartographer_ros_msgs/include/cartographer_ros_msgs/cartographer_ros_msgs/msg/detail/metric_family__type_support.hpp
[207.650s] -- Installing: /root/ros2_ws/install/cartographer_ros_msgs/include/cartographer_ros_msgs/cartographer_ros_msgs/msg/detail/submap_entry__struct.hpp
[207.651s] -- Installing: /root/ros2_ws/install/cartographer_ros_msgs/include/cartographer_ros_msgs/cartographer_ros_msgs/msg/detail/metric_label__type_support.hpp
[207.651s] -- Installing: /root/ros2_ws/install/cartographer_ros_msgs/include/cartographer_ros_msgs/cartographer_ros_msgs/msg/detail/bagfile_progress__type_support.hpp
[207.651s] -- Installing: /root/ros2_ws/install/cartographer_ros_msgs/include/cartographer_ros_msgs/cartographer_ros_msgs/msg/detail/status_response__type_support.hpp
[207.652s] -- Installing: /root/ros2_ws/install/cartographer_ros_msgs/include/cartographer_ros_msgs/cartographer_ros_msgs/msg/detail/histogram_bucket__type_support.hpp
[207.652s] -- Installing: /root/ros2_ws/install/cartographer_ros_msgs/include/cartographer_ros_msgs/cartographer_ros_msgs/msg/detail/metric__type_support.hpp
[207.652s] -- Installing: /root/ros2_ws/install/cartographer_ros_msgs/include/cartographer_ros_msgs/cartographer_ros_msgs/msg/detail/submap_list__traits.hpp
[207.652s] -- Installing: /root/ros2_ws/install/cartographer_ros_msgs/include/cartographer_ros_msgs/cartographer_ros_msgs/msg/detail/trajectory_states__traits.hpp
[207.653s] -- Installing: /root/ros2_ws/install/cartographer_ros_msgs/include/cartographer_ros_msgs/cartographer_ros_msgs/msg/detail/status_response__traits.hpp
[207.653s] -- Installing: /root/ros2_ws/install/cartographer_ros_msgs/include/cartographer_ros_msgs/cartographer_ros_msgs/msg/detail/metric__traits.hpp
[207.654s] -- Installing: /root/ros2_ws/install/cartographer_ros_msgs/include/cartographer_ros_msgs/cartographer_ros_msgs/msg/detail/metric_family__struct.hpp
[207.654s] -- Installing: /root/ros2_ws/install/cartographer_ros_msgs/include/cartographer_ros_msgs/cartographer_ros_msgs/msg/detail/submap_list__struct.hpp
[207.655s] -- Installing: /root/ros2_ws/install/cartographer_ros_msgs/include/cartographer_ros_msgs/cartographer_ros_msgs/msg/detail/metric_family__builder.hpp
[207.655s] -- Installing: /root/ros2_ws/install/cartographer_ros_msgs/include/cartographer_ros_msgs/cartographer_ros_msgs/msg/detail/status_code__struct.hpp
[207.655s] -- Installing: /root/ros2_ws/install/cartographer_ros_msgs/include/cartographer_ros_msgs/cartographer_ros_msgs/msg/detail/submap_entry__builder.hpp
[207.656s] -- Installing: /root/ros2_ws/install/cartographer_ros_msgs/include/cartographer_ros_msgs/cartographer_ros_msgs/msg/detail/submap_list__type_support.hpp
[207.656s] -- Installing: /root/ros2_ws/install/cartographer_ros_msgs/include/cartographer_ros_msgs/cartographer_ros_msgs/msg/detail/status_response__struct.hpp
[207.657s] -- Installing: /root/ros2_ws/install/cartographer_ros_msgs/include/cartographer_ros_msgs/cartographer_ros_msgs/msg/detail/submap_texture__struct.hpp
[207.657s] -- Installing: /root/ros2_ws/install/cartographer_ros_msgs/include/cartographer_ros_msgs/cartographer_ros_msgs/msg/detail/landmark_list__type_support.hpp
[207.658s] -- Installing: /root/ros2_ws/install/cartographer_ros_msgs/include/cartographer_ros_msgs/cartographer_ros_msgs/msg/detail/histogram_bucket__traits.hpp
[207.658s] -- Installing: /root/ros2_ws/install/cartographer_ros_msgs/include/cartographer_ros_msgs/cartographer_ros_msgs/msg/detail/status_code__type_support.hpp
[207.659s] -- Installing: /root/ros2_ws/install/cartographer_ros_msgs/include/cartographer_ros_msgs/cartographer_ros_msgs/msg/detail/landmark_entry__type_support.hpp
[207.659s] -- Installing: /root/ros2_ws/install/cartographer_ros_msgs/include/cartographer_ros_msgs/cartographer_ros_msgs/msg/detail/metric_label__builder.hpp
[207.660s] -- Installing: /root/ros2_ws/install/cartographer_ros_msgs/include/cartographer_ros_msgs/cartographer_ros_msgs/msg/submap_texture.hpp
[207.660s] -- Installing: /root/ros2_ws/install/cartographer_ros_msgs/include/cartographer_ros_msgs/cartographer_ros_msgs/msg/metric_label.hpp
[207.661s] -- Up-to-date: /root/ros2_ws/install/cartographer_ros_msgs/include/cartographer_ros_msgs/cartographer_ros_msgs
[207.661s] -- Up-to-date: /root/ros2_ws/install/cartographer_ros_msgs/include/cartographer_ros_msgs/cartographer_ros_msgs/srv
[207.662s] -- Up-to-date: /root/ros2_ws/install/cartographer_ros_msgs/include/cartographer_ros_msgs/cartographer_ros_msgs/srv/detail
[207.662s] -- Installing: /root/ros2_ws/install/cartographer_ros_msgs/include/cartographer_ros_msgs/cartographer_ros_msgs/srv/detail/get_trajectory_states__rosidl_typesupport_fastrtps_cpp.hpp
[207.662s] -- Installing: /root/ros2_ws/install/cartographer_ros_msgs/include/cartographer_ros_msgs/cartographer_ros_msgs/srv/detail/read_metrics__rosidl_typesupport_fastrtps_cpp.hpp
[207.663s] -- Installing: /root/ros2_ws/install/cartographer_ros_msgs/include/cartographer_ros_msgs/cartographer_ros_msgs/srv/detail/trajectory_query__rosidl_typesupport_fastrtps_cpp.hpp
[207.663s] -- Installing: /root/ros2_ws/install/cartographer_ros_msgs/include/cartographer_ros_msgs/cartographer_ros_msgs/srv/detail/write_state__rosidl_typesupport_fastrtps_cpp.hpp
[207.663s] -- Installing: /root/ros2_ws/install/cartographer_ros_msgs/include/cartographer_ros_msgs/cartographer_ros_msgs/srv/detail/dds_fastrtps
[207.664s] -- Installing: /root/ros2_ws/install/cartographer_ros_msgs/include/cartographer_ros_msgs/cartographer_ros_msgs/srv/detail/finish_trajectory__rosidl_typesupport_fastrtps_cpp.hpp
[207.664s] -- Installing: /root/ros2_ws/install/cartographer_ros_msgs/include/cartographer_ros_msgs/cartographer_ros_msgs/srv/detail/submap_query__rosidl_typesupport_fastrtps_cpp.hpp
[207.665s] -- Installing: /root/ros2_ws/install/cartographer_ros_msgs/include/cartographer_ros_msgs/cartographer_ros_msgs/srv/detail/start_trajectory__rosidl_typesupport_fastrtps_cpp.hpp
[207.665s] -- Up-to-date: /root/ros2_ws/install/cartographer_ros_msgs/include/cartographer_ros_msgs/cartographer_ros_msgs/msg
[207.665s] -- Installing: /root/ros2_ws/install/cartographer_ros_msgs/include/cartographer_ros_msgs/cartographer_ros_msgs/msg/rosidl_typesupport_fastrtps_cpp__visibility_control.h
[207.666s] -- Up-to-date: /root/ros2_ws/install/cartographer_ros_msgs/include/cartographer_ros_msgs/cartographer_ros_msgs/msg/detail
[207.666s] -- Installing: /root/ros2_ws/install/cartographer_ros_msgs/include/cartographer_ros_msgs/cartographer_ros_msgs/msg/detail/status_code__rosidl_typesupport_fastrtps_cpp.hpp
[207.666s] -- Installing: /root/ros2_ws/install/cartographer_ros_msgs/include/cartographer_ros_msgs/cartographer_ros_msgs/msg/detail/metric_family__rosidl_typesupport_fastrtps_cpp.hpp
[207.667s] -- Installing: /root/ros2_ws/install/cartographer_ros_msgs/include/cartographer_ros_msgs/cartographer_ros_msgs/msg/detail/submap_entry__rosidl_typesupport_fastrtps_cpp.hpp
[207.667s] -- Installing: /root/ros2_ws/install/cartographer_ros_msgs/include/cartographer_ros_msgs/cartographer_ros_msgs/msg/detail/status_response__rosidl_typesupport_fastrtps_cpp.hpp
[207.668s] -- Installing: /root/ros2_ws/install/cartographer_ros_msgs/include/cartographer_ros_msgs/cartographer_ros_msgs/msg/detail/bagfile_progress__rosidl_typesupport_fastrtps_cpp.hpp
[207.669s] -- Installing: /root/ros2_ws/install/cartographer_ros_msgs/include/cartographer_ros_msgs/cartographer_ros_msgs/msg/detail/submap_texture__rosidl_typesupport_fastrtps_cpp.hpp
[207.669s] -- Installing: /root/ros2_ws/install/cartographer_ros_msgs/include/cartographer_ros_msgs/cartographer_ros_msgs/msg/detail/metric_label__rosidl_typesupport_fastrtps_cpp.hpp
[207.669s] -- Installing: /root/ros2_ws/install/cartographer_ros_msgs/include/cartographer_ros_msgs/cartographer_ros_msgs/msg/detail/histogram_bucket__rosidl_typesupport_fastrtps_cpp.hpp
[207.670s] -- Installing: /root/ros2_ws/install/cartographer_ros_msgs/include/cartographer_ros_msgs/cartographer_ros_msgs/msg/detail/dds_fastrtps
[207.670s] -- Installing: /root/ros2_ws/install/cartographer_ros_msgs/include/cartographer_ros_msgs/cartographer_ros_msgs/msg/detail/metric__rosidl_typesupport_fastrtps_cpp.hpp
[207.671s] -- Installing: /root/ros2_ws/install/cartographer_ros_msgs/include/cartographer_ros_msgs/cartographer_ros_msgs/msg/detail/submap_list__rosidl_typesupport_fastrtps_cpp.hpp
[207.673s] -- Installing: /root/ros2_ws/install/cartographer_ros_msgs/include/cartographer_ros_msgs/cartographer_ros_msgs/msg/detail/trajectory_states__rosidl_typesupport_fastrtps_cpp.hpp
[207.674s] -- Installing: /root/ros2_ws/install/cartographer_ros_msgs/include/cartographer_ros_msgs/cartographer_ros_msgs/msg/detail/landmark_entry__rosidl_typesupport_fastrtps_cpp.hpp
[207.674s] -- Installing: /root/ros2_ws/install/cartographer_ros_msgs/include/cartographer_ros_msgs/cartographer_ros_msgs/msg/detail/landmark_list__rosidl_typesupport_fastrtps_cpp.hpp
[207.674s] -- Installing: /root/ros2_ws/install/cartographer_ros_msgs/lib/libcartographer_ros_msgs__rosidl_typesupport_fastrtps_cpp.so
[207.677s] -- Set runtime path of "/root/ros2_ws/install/cartographer_ros_msgs/lib/libcartographer_ros_msgs__rosidl_typesupport_fastrtps_cpp.so" to ""
[207.677s] -- Up-to-date: /root/ros2_ws/install/cartographer_ros_msgs/include/cartographer_ros_msgs/cartographer_ros_msgs
[207.678s] -- Up-to-date: /root/ros2_ws/install/cartographer_ros_msgs/include/cartographer_ros_msgs/cartographer_ros_msgs/srv
[207.678s] -- Up-to-date: /root/ros2_ws/install/cartographer_ros_msgs/include/cartographer_ros_msgs/cartographer_ros_msgs/srv/detail
[207.678s] -- Installing: /root/ros2_ws/install/cartographer_ros_msgs/include/cartographer_ros_msgs/cartographer_ros_msgs/srv/detail/read_metrics__rosidl_typesupport_introspection_cpp.hpp
[207.679s] -- Installing: /root/ros2_ws/install/cartographer_ros_msgs/include/cartographer_ros_msgs/cartographer_ros_msgs/srv/detail/trajectory_query__rosidl_typesupport_introspection_cpp.hpp
[207.680s] -- Installing: /root/ros2_ws/install/cartographer_ros_msgs/include/cartographer_ros_msgs/cartographer_ros_msgs/srv/detail/get_trajectory_states__rosidl_typesupport_introspection_cpp.hpp
[207.681s] -- Installing: /root/ros2_ws/install/cartographer_ros_msgs/include/cartographer_ros_msgs/cartographer_ros_msgs/srv/detail/finish_trajectory__rosidl_typesupport_introspection_cpp.hpp
[207.682s] -- Installing: /root/ros2_ws/install/cartographer_ros_msgs/include/cartographer_ros_msgs/cartographer_ros_msgs/srv/detail/start_trajectory__type_support.cpp
[207.683s] -- Installing: /root/ros2_ws/install/cartographer_ros_msgs/include/cartographer_ros_msgs/cartographer_ros_msgs/srv/detail/write_state__rosidl_typesupport_introspection_cpp.hpp
[207.683s] -- Installing: /root/ros2_ws/install/cartographer_ros_msgs/include/cartographer_ros_msgs/cartographer_ros_msgs/srv/detail/start_trajectory__rosidl_typesupport_introspection_cpp.hpp
[207.683s] -- Installing: /root/ros2_ws/install/cartographer_ros_msgs/include/cartographer_ros_msgs/cartographer_ros_msgs/srv/detail/finish_trajectory__type_support.cpp
[207.684s] -- Installing: /root/ros2_ws/install/cartographer_ros_msgs/include/cartographer_ros_msgs/cartographer_ros_msgs/srv/detail/submap_query__rosidl_typesupport_introspection_cpp.hpp
[207.684s] -- Installing: /root/ros2_ws/install/cartographer_ros_msgs/include/cartographer_ros_msgs/cartographer_ros_msgs/srv/detail/trajectory_query__type_support.cpp
[207.684s] -- Installing: /root/ros2_ws/install/cartographer_ros_msgs/include/cartographer_ros_msgs/cartographer_ros_msgs/srv/detail/write_state__type_support.cpp
[207.685s] -- Installing: /root/ros2_ws/install/cartographer_ros_msgs/include/cartographer_ros_msgs/cartographer_ros_msgs/srv/detail/get_trajectory_states__type_support.cpp
[207.685s] -- Installing: /root/ros2_ws/install/cartographer_ros_msgs/include/cartographer_ros_msgs/cartographer_ros_msgs/srv/detail/read_metrics__type_support.cpp
[207.685s] -- Installing: /root/ros2_ws/install/cartographer_ros_msgs/include/cartographer_ros_msgs/cartographer_ros_msgs/srv/detail/submap_query__type_support.cpp
[207.686s] -- Up-to-date: /root/ros2_ws/install/cartographer_ros_msgs/include/cartographer_ros_msgs/cartographer_ros_msgs/msg
[207.686s] -- Up-to-date: /root/ros2_ws/install/cartographer_ros_msgs/include/cartographer_ros_msgs/cartographer_ros_msgs/msg/detail
[207.687s] -- Installing: /root/ros2_ws/install/cartographer_ros_msgs/include/cartographer_ros_msgs/cartographer_ros_msgs/msg/detail/metric__type_support.cpp
[207.687s] -- Installing: /root/ros2_ws/install/cartographer_ros_msgs/include/cartographer_ros_msgs/cartographer_ros_msgs/msg/detail/landmark_list__rosidl_typesupport_introspection_cpp.hpp
[207.687s] -- Installing: /root/ros2_ws/install/cartographer_ros_msgs/include/cartographer_ros_msgs/cartographer_ros_msgs/msg/detail/submap_list__type_support.cpp
[207.688s] -- Installing: /root/ros2_ws/install/cartographer_ros_msgs/include/cartographer_ros_msgs/cartographer_ros_msgs/msg/detail/trajectory_states__type_support.cpp
[207.688s] -- Installing: /root/ros2_ws/install/cartographer_ros_msgs/include/cartographer_ros_msgs/cartographer_ros_msgs/msg/detail/submap_entry__type_support.cpp
[207.688s] -- Installing: /root/ros2_ws/install/cartographer_ros_msgs/include/cartographer_ros_msgs/cartographer_ros_msgs/msg/detail/bagfile_progress__type_support.cpp
[207.689s] -- Installing: /root/ros2_ws/install/cartographer_ros_msgs/include/cartographer_ros_msgs/cartographer_ros_msgs/msg/detail/metric_family__rosidl_typesupport_introspection_cpp.hpp
[207.689s] -- Installing: /root/ros2_ws/install/cartographer_ros_msgs/include/cartographer_ros_msgs/cartographer_ros_msgs/msg/detail/metric_label__rosidl_typesupport_introspection_cpp.hpp
[207.689s] -- Installing: /root/ros2_ws/install/cartographer_ros_msgs/include/cartographer_ros_msgs/cartographer_ros_msgs/msg/detail/submap_list__rosidl_typesupport_introspection_cpp.hpp
[207.689s] -- Installing: /root/ros2_ws/install/cartographer_ros_msgs/include/cartographer_ros_msgs/cartographer_ros_msgs/msg/detail/submap_texture__type_support.cpp
[207.690s] -- Installing: /root/ros2_ws/install/cartographer_ros_msgs/include/cartographer_ros_msgs/cartographer_ros_msgs/msg/detail/histogram_bucket__type_support.cpp
[207.690s] -- Installing: /root/ros2_ws/install/cartographer_ros_msgs/include/cartographer_ros_msgs/cartographer_ros_msgs/msg/detail/status_response__type_support.cpp
[207.691s] -- Installing: /root/ros2_ws/install/cartographer_ros_msgs/include/cartographer_ros_msgs/cartographer_ros_msgs/msg/detail/metric_label__type_support.cpp
[207.692s] -- Installing: /root/ros2_ws/install/cartographer_ros_msgs/include/cartographer_ros_msgs/cartographer_ros_msgs/msg/detail/metric__rosidl_typesupport_introspection_cpp.hpp
[207.692s] -- Installing: /root/ros2_ws/install/cartographer_ros_msgs/include/cartographer_ros_msgs/cartographer_ros_msgs/msg/detail/landmark_list__type_support.cpp
[207.692s] -- Installing: /root/ros2_ws/install/cartographer_ros_msgs/include/cartographer_ros_msgs/cartographer_ros_msgs/msg/detail/histogram_bucket__rosidl_typesupport_introspection_cpp.hpp
[207.692s] -- Installing: /root/ros2_ws/install/cartographer_ros_msgs/include/cartographer_ros_msgs/cartographer_ros_msgs/msg/detail/bagfile_progress__rosidl_typesupport_introspection_cpp.hpp
[207.693s] -- Installing: /root/ros2_ws/install/cartographer_ros_msgs/include/cartographer_ros_msgs/cartographer_ros_msgs/msg/detail/landmark_entry__type_support.cpp
[207.693s] -- Installing: /root/ros2_ws/install/cartographer_ros_msgs/include/cartographer_ros_msgs/cartographer_ros_msgs/msg/detail/status_response__rosidl_typesupport_introspection_cpp.hpp
[207.693s] -- Installing: /root/ros2_ws/install/cartographer_ros_msgs/include/cartographer_ros_msgs/cartographer_ros_msgs/msg/detail/status_code__type_support.cpp
[207.693s] -- Installing: /root/ros2_ws/install/cartographer_ros_msgs/include/cartographer_ros_msgs/cartographer_ros_msgs/msg/detail/metric_family__type_support.cpp
[207.694s] -- Installing: /root/ros2_ws/install/cartographer_ros_msgs/include/cartographer_ros_msgs/cartographer_ros_msgs/msg/detail/status_code__rosidl_typesupport_introspection_cpp.hpp
[207.694s] -- Installing: /root/ros2_ws/install/cartographer_ros_msgs/include/cartographer_ros_msgs/cartographer_ros_msgs/msg/detail/trajectory_states__rosidl_typesupport_introspection_cpp.hpp
[207.694s] -- Installing: /root/ros2_ws/install/cartographer_ros_msgs/include/cartographer_ros_msgs/cartographer_ros_msgs/msg/detail/submap_entry__rosidl_typesupport_introspection_cpp.hpp
[207.695s] -- Installing: /root/ros2_ws/install/cartographer_ros_msgs/include/cartographer_ros_msgs/cartographer_ros_msgs/msg/detail/submap_texture__rosidl_typesupport_introspection_cpp.hpp
[207.695s] -- Installing: /root/ros2_ws/install/cartographer_ros_msgs/include/cartographer_ros_msgs/cartographer_ros_msgs/msg/detail/landmark_entry__rosidl_typesupport_introspection_cpp.hpp
[207.696s] -- Installing: /root/ros2_ws/install/cartographer_ros_msgs/lib/libcartographer_ros_msgs__rosidl_typesupport_introspection_cpp.so
[207.698s] -- Set runtime path of "/root/ros2_ws/install/cartographer_ros_msgs/lib/libcartographer_ros_msgs__rosidl_typesupport_introspection_cpp.so" to ""
[207.699s] -- Installing: /root/ros2_ws/install/cartographer_ros_msgs/lib/libcartographer_ros_msgs__rosidl_typesupport_cpp.so
[207.700s] -- Set runtime path of "/root/ros2_ws/install/cartographer_ros_msgs/lib/libcartographer_ros_msgs__rosidl_typesupport_cpp.so" to ""
[207.700s] -- Installing: /root/ros2_ws/install/cartographer_ros_msgs/share/cartographer_ros_msgs/environment/pythonpath.sh
[207.700s] -- Installing: /root/ros2_ws/install/cartographer_ros_msgs/share/cartographer_ros_msgs/environment/pythonpath.dsv
[207.701s] -- Installing: /root/ros2_ws/install/cartographer_ros_msgs/local/lib/python3.10/dist-packages/cartographer_ros_msgs-2.0.9003-py3.10.egg-info
[207.701s] -- Installing: /root/ros2_ws/install/cartographer_ros_msgs/local/lib/python3.10/dist-packages/cartographer_ros_msgs-2.0.9003-py3.10.egg-info/top_level.txt
[207.701s] -- Installing: /root/ros2_ws/install/cartographer_ros_msgs/local/lib/python3.10/dist-packages/cartographer_ros_msgs-2.0.9003-py3.10.egg-info/SOURCES.txt
[207.702s] -- Installing: /root/ros2_ws/install/cartographer_ros_msgs/local/lib/python3.10/dist-packages/cartographer_ros_msgs-2.0.9003-py3.10.egg-info/PKG-INFO
[207.703s] -- Installing: /root/ros2_ws/install/cartographer_ros_msgs/local/lib/python3.10/dist-packages/cartographer_ros_msgs-2.0.9003-py3.10.egg-info/dependency_links.txt
[207.703s] -- Installing: /root/ros2_ws/install/cartographer_ros_msgs/local/lib/python3.10/dist-packages/cartographer_ros_msgs
[207.703s] -- Installing: /root/ros2_ws/install/cartographer_ros_msgs/local/lib/python3.10/dist-packages/cartographer_ros_msgs/libcartographer_ros_msgs__rosidl_generator_py.so
[207.704s] -- Installing: /root/ros2_ws/install/cartographer_ros_msgs/local/lib/python3.10/dist-packages/cartographer_ros_msgs/cartographer_ros_msgs_s__rosidl_typesupport_fastrtps_c.cpython-310-x86_64-linux-gnu.so
[207.704s] -- Installing: /root/ros2_ws/install/cartographer_ros_msgs/local/lib/python3.10/dist-packages/cartographer_ros_msgs/_cartographer_ros_msgs_s.ep.rosidl_typesupport_c.c
[207.705s] -- Installing: /root/ros2_ws/install/cartographer_ros_msgs/local/lib/python3.10/dist-packages/cartographer_ros_msgs/_cartographer_ros_msgs_s.ep.rosidl_typesupport_introspection_c.c
[207.705s] -- Installing: /root/ros2_ws/install/cartographer_ros_msgs/local/lib/python3.10/dist-packages/cartographer_ros_msgs/cartographer_ros_msgs_s__rosidl_typesupport_c.cpython-310-x86_64-linux-gnu.so
[207.705s] -- Installing: /root/ros2_ws/install/cartographer_ros_msgs/local/lib/python3.10/dist-packages/cartographer_ros_msgs/cartographer_ros_msgs_s__rosidl_typesupport_introspection_c.cpython-310-x86_64-linux-gnu.so
[207.706s] -- Installing: /root/ros2_ws/install/cartographer_ros_msgs/local/lib/python3.10/dist-packages/cartographer_ros_msgs/srv
[207.706s] -- Installing: /root/ros2_ws/install/cartographer_ros_msgs/local/lib/python3.10/dist-packages/cartographer_ros_msgs/srv/_write_state.py
[207.707s] -- Installing: /root/ros2_ws/install/cartographer_ros_msgs/local/lib/python3.10/dist-packages/cartographer_ros_msgs/srv/_start_trajectory_s.c
[207.707s] -- Installing: /root/ros2_ws/install/cartographer_ros_msgs/local/lib/python3.10/dist-packages/cartographer_ros_msgs/srv/_submap_query.py
[207.707s] -- Installing: /root/ros2_ws/install/cartographer_ros_msgs/local/lib/python3.10/dist-packages/cartographer_ros_msgs/srv/_read_metrics_s.c
[207.708s] -- Installing: /root/ros2_ws/install/cartographer_ros_msgs/local/lib/python3.10/dist-packages/cartographer_ros_msgs/srv/_finish_trajectory.py
[207.708s] -- Installing: /root/ros2_ws/install/cartographer_ros_msgs/local/lib/python3.10/dist-packages/cartographer_ros_msgs/srv/_finish_trajectory_s.c
[207.708s] -- Installing: /root/ros2_ws/install/cartographer_ros_msgs/local/lib/python3.10/dist-packages/cartographer_ros_msgs/srv/_get_trajectory_states_s.c
[207.709s] -- Installing: /root/ros2_ws/install/cartographer_ros_msgs/local/lib/python3.10/dist-packages/cartographer_ros_msgs/srv/_get_trajectory_states.py
[207.709s] -- Installing: /root/ros2_ws/install/cartographer_ros_msgs/local/lib/python3.10/dist-packages/cartographer_ros_msgs/srv/__init__.py
[207.709s] -- Installing: /root/ros2_ws/install/cartographer_ros_msgs/local/lib/python3.10/dist-packages/cartographer_ros_msgs/srv/_write_state_s.c
[207.710s] -- Installing: /root/ros2_ws/install/cartographer_ros_msgs/local/lib/python3.10/dist-packages/cartographer_ros_msgs/srv/_read_metrics.py
[207.710s] -- Installing: /root/ros2_ws/install/cartographer_ros_msgs/local/lib/python3.10/dist-packages/cartographer_ros_msgs/srv/_trajectory_query_s.c
[207.710s] -- Installing: /root/ros2_ws/install/cartographer_ros_msgs/local/lib/python3.10/dist-packages/cartographer_ros_msgs/srv/_start_trajectory.py
[207.711s] -- Installing: /root/ros2_ws/install/cartographer_ros_msgs/local/lib/python3.10/dist-packages/cartographer_ros_msgs/srv/_trajectory_query.py
[207.712s] -- Installing: /root/ros2_ws/install/cartographer_ros_msgs/local/lib/python3.10/dist-packages/cartographer_ros_msgs/srv/_submap_query_s.c
[207.712s] -- Installing: /root/ros2_ws/install/cartographer_ros_msgs/local/lib/python3.10/dist-packages/cartographer_ros_msgs/msg
[207.713s] -- Installing: /root/ros2_ws/install/cartographer_ros_msgs/local/lib/python3.10/dist-packages/cartographer_ros_msgs/msg/_submap_texture_s.c
[207.713s] -- Installing: /root/ros2_ws/install/cartographer_ros_msgs/local/lib/python3.10/dist-packages/cartographer_ros_msgs/msg/_submap_texture.py
[207.713s] -- Installing: /root/ros2_ws/install/cartographer_ros_msgs/local/lib/python3.10/dist-packages/cartographer_ros_msgs/msg/_metric.py
[207.714s] -- Installing: /root/ros2_ws/install/cartographer_ros_msgs/local/lib/python3.10/dist-packages/cartographer_ros_msgs/msg/_status_code.py
[207.714s] -- Installing: /root/ros2_ws/install/cartographer_ros_msgs/local/lib/python3.10/dist-packages/cartographer_ros_msgs/msg/_bagfile_progress.py
[207.714s] -- Installing: /root/ros2_ws/install/cartographer_ros_msgs/local/lib/python3.10/dist-packages/cartographer_ros_msgs/msg/_landmark_entry.py
[207.714s] -- Installing: /root/ros2_ws/install/cartographer_ros_msgs/local/lib/python3.10/dist-packages/cartographer_ros_msgs/msg/_trajectory_states.py
[207.715s] -- Installing: /root/ros2_ws/install/cartographer_ros_msgs/local/lib/python3.10/dist-packages/cartographer_ros_msgs/msg/_bagfile_progress_s.c
[207.715s] -- Installing: /root/ros2_ws/install/cartographer_ros_msgs/local/lib/python3.10/dist-packages/cartographer_ros_msgs/msg/_status_code_s.c
[207.715s] -- Installing: /root/ros2_ws/install/cartographer_ros_msgs/local/lib/python3.10/dist-packages/cartographer_ros_msgs/msg/_submap_entry_s.c
[207.716s] -- Installing: /root/ros2_ws/install/cartographer_ros_msgs/local/lib/python3.10/dist-packages/cartographer_ros_msgs/msg/_landmark_list.py
[207.716s] -- Installing: /root/ros2_ws/install/cartographer_ros_msgs/local/lib/python3.10/dist-packages/cartographer_ros_msgs/msg/_metric_label_s.c
[207.717s] -- Installing: /root/ros2_ws/install/cartographer_ros_msgs/local/lib/python3.10/dist-packages/cartographer_ros_msgs/msg/__init__.py
[207.717s] -- Installing: /root/ros2_ws/install/cartographer_ros_msgs/local/lib/python3.10/dist-packages/cartographer_ros_msgs/msg/_metric_family_s.c
[207.717s] -- Installing: /root/ros2_ws/install/cartographer_ros_msgs/local/lib/python3.10/dist-packages/cartographer_ros_msgs/msg/_submap_entry.py
[207.718s] -- Installing: /root/ros2_ws/install/cartographer_ros_msgs/local/lib/python3.10/dist-packages/cartographer_ros_msgs/msg/_submap_list_s.c
[207.718s] -- Installing: /root/ros2_ws/install/cartographer_ros_msgs/local/lib/python3.10/dist-packages/cartographer_ros_msgs/msg/_histogram_bucket_s.c
[207.718s] -- Installing: /root/ros2_ws/install/cartographer_ros_msgs/local/lib/python3.10/dist-packages/cartographer_ros_msgs/msg/_submap_list.py
[207.719s] -- Installing: /root/ros2_ws/install/cartographer_ros_msgs/local/lib/python3.10/dist-packages/cartographer_ros_msgs/msg/_metric_s.c
[207.719s] -- Installing: /root/ros2_ws/install/cartographer_ros_msgs/local/lib/python3.10/dist-packages/cartographer_ros_msgs/msg/_histogram_bucket.py
[207.720s] -- Installing: /root/ros2_ws/install/cartographer_ros_msgs/local/lib/python3.10/dist-packages/cartographer_ros_msgs/msg/_landmark_entry_s.c
[207.720s] -- Installing: /root/ros2_ws/install/cartographer_ros_msgs/local/lib/python3.10/dist-packages/cartographer_ros_msgs/msg/_metric_label.py
[207.720s] -- Installing: /root/ros2_ws/install/cartographer_ros_msgs/local/lib/python3.10/dist-packages/cartographer_ros_msgs/msg/_status_response_s.c
[207.721s] -- Installing: /root/ros2_ws/install/cartographer_ros_msgs/local/lib/python3.10/dist-packages/cartographer_ros_msgs/msg/_status_response.py
[207.721s] -- Installing: /root/ros2_ws/install/cartographer_ros_msgs/local/lib/python3.10/dist-packages/cartographer_ros_msgs/msg/_landmark_list_s.c
[207.721s] -- Installing: /root/ros2_ws/install/cartographer_ros_msgs/local/lib/python3.10/dist-packages/cartographer_ros_msgs/msg/_metric_family.py
[207.722s] -- Installing: /root/ros2_ws/install/cartographer_ros_msgs/local/lib/python3.10/dist-packages/cartographer_ros_msgs/msg/_trajectory_states_s.c
[207.722s] -- Installing: /root/ros2_ws/install/cartographer_ros_msgs/local/lib/python3.10/dist-packages/cartographer_ros_msgs/_cartographer_ros_msgs_s.ep.rosidl_typesupport_fastrtps_c.c
[207.722s] -- Installing: /root/ros2_ws/install/cartographer_ros_msgs/local/lib/python3.10/dist-packages/cartographer_ros_msgs/__init__.py
[207.917s] Listing '/root/ros2_ws/install/cartographer_ros_msgs/local/lib/python3.10/dist-packages/cartographer_ros_msgs'...
[207.918s] Compiling '/root/ros2_ws/install/cartographer_ros_msgs/local/lib/python3.10/dist-packages/cartographer_ros_msgs/__init__.py'...
[207.918s] Listing '/root/ros2_ws/install/cartographer_ros_msgs/local/lib/python3.10/dist-packages/cartographer_ros_msgs/msg'...
[207.918s] Compiling '/root/ros2_ws/install/cartographer_ros_msgs/local/lib/python3.10/dist-packages/cartographer_ros_msgs/msg/__init__.py'...
[207.919s] Compiling '/root/ros2_ws/install/cartographer_ros_msgs/local/lib/python3.10/dist-packages/cartographer_ros_msgs/msg/_bagfile_progress.py'...
[207.919s] Compiling '/root/ros2_ws/install/cartographer_ros_msgs/local/lib/python3.10/dist-packages/cartographer_ros_msgs/msg/_histogram_bucket.py'...
[207.919s] Compiling '/root/ros2_ws/install/cartographer_ros_msgs/local/lib/python3.10/dist-packages/cartographer_ros_msgs/msg/_landmark_entry.py'...
[207.919s] Compiling '/root/ros2_ws/install/cartographer_ros_msgs/local/lib/python3.10/dist-packages/cartographer_ros_msgs/msg/_landmark_list.py'...
[207.919s] Compiling '/root/ros2_ws/install/cartographer_ros_msgs/local/lib/python3.10/dist-packages/cartographer_ros_msgs/msg/_metric.py'...
[207.920s] Compiling '/root/ros2_ws/install/cartographer_ros_msgs/local/lib/python3.10/dist-packages/cartographer_ros_msgs/msg/_metric_family.py'...
[207.920s] Compiling '/root/ros2_ws/install/cartographer_ros_msgs/local/lib/python3.10/dist-packages/cartographer_ros_msgs/msg/_metric_label.py'...
[207.920s] Compiling '/root/ros2_ws/install/cartographer_ros_msgs/local/lib/python3.10/dist-packages/cartographer_ros_msgs/msg/_status_code.py'...
[207.920s] Compiling '/root/ros2_ws/install/cartographer_ros_msgs/local/lib/python3.10/dist-packages/cartographer_ros_msgs/msg/_status_response.py'...
[207.921s] Compiling '/root/ros2_ws/install/cartographer_ros_msgs/local/lib/python3.10/dist-packages/cartographer_ros_msgs/msg/_submap_entry.py'...
[207.921s] Compiling '/root/ros2_ws/install/cartographer_ros_msgs/local/lib/python3.10/dist-packages/cartographer_ros_msgs/msg/_submap_list.py'...
[207.921s] Compiling '/root/ros2_ws/install/cartographer_ros_msgs/local/lib/python3.10/dist-packages/cartographer_ros_msgs/msg/_submap_texture.py'...
[207.921s] Compiling '/root/ros2_ws/install/cartographer_ros_msgs/local/lib/python3.10/dist-packages/cartographer_ros_msgs/msg/_trajectory_states.py'...
[207.921s] Listing '/root/ros2_ws/install/cartographer_ros_msgs/local/lib/python3.10/dist-packages/cartographer_ros_msgs/srv'...
[207.921s] Compiling '/root/ros2_ws/install/cartographer_ros_msgs/local/lib/python3.10/dist-packages/cartographer_ros_msgs/srv/__init__.py'...
[207.922s] Compiling '/root/ros2_ws/install/cartographer_ros_msgs/local/lib/python3.10/dist-packages/cartographer_ros_msgs/srv/_finish_trajectory.py'...
[207.922s] Compiling '/root/ros2_ws/install/cartographer_ros_msgs/local/lib/python3.10/dist-packages/cartographer_ros_msgs/srv/_get_trajectory_states.py'...
[207.922s] Compiling '/root/ros2_ws/install/cartographer_ros_msgs/local/lib/python3.10/dist-packages/cartographer_ros_msgs/srv/_read_metrics.py'...
[207.923s] Compiling '/root/ros2_ws/install/cartographer_ros_msgs/local/lib/python3.10/dist-packages/cartographer_ros_msgs/srv/_start_trajectory.py'...
[207.923s] Compiling '/root/ros2_ws/install/cartographer_ros_msgs/local/lib/python3.10/dist-packages/cartographer_ros_msgs/srv/_submap_query.py'...
[207.923s] Compiling '/root/ros2_ws/install/cartographer_ros_msgs/local/lib/python3.10/dist-packages/cartographer_ros_msgs/srv/_trajectory_query.py'...
[207.924s] Compiling '/root/ros2_ws/install/cartographer_ros_msgs/local/lib/python3.10/dist-packages/cartographer_ros_msgs/srv/_write_state.py'...
[207.934s] -- Installing: /root/ros2_ws/install/cartographer_ros_msgs/local/lib/python3.10/dist-packages/cartographer_ros_msgs/cartographer_ros_msgs_s__rosidl_typesupport_fastrtps_c.cpython-310-x86_64-linux-gnu.so
[207.936s] -- Set runtime path of "/root/ros2_ws/install/cartographer_ros_msgs/local/lib/python3.10/dist-packages/cartographer_ros_msgs/cartographer_ros_msgs_s__rosidl_typesupport_fastrtps_c.cpython-310-x86_64-linux-gnu.so" to ""
[207.937s] -- Installing: /root/ros2_ws/install/cartographer_ros_msgs/local/lib/python3.10/dist-packages/cartographer_ros_msgs/cartographer_ros_msgs_s__rosidl_typesupport_introspection_c.cpython-310-x86_64-linux-gnu.so
[207.938s] -- Set runtime path of "/root/ros2_ws/install/cartographer_ros_msgs/local/lib/python3.10/dist-packages/cartographer_ros_msgs/cartographer_ros_msgs_s__rosidl_typesupport_introspection_c.cpython-310-x86_64-linux-gnu.so" to ""
[207.938s] -- Installing: /root/ros2_ws/install/cartographer_ros_msgs/local/lib/python3.10/dist-packages/cartographer_ros_msgs/cartographer_ros_msgs_s__rosidl_typesupport_c.cpython-310-x86_64-linux-gnu.so
[207.939s] -- Set runtime path of "/root/ros2_ws/install/cartographer_ros_msgs/local/lib/python3.10/dist-packages/cartographer_ros_msgs/cartographer_ros_msgs_s__rosidl_typesupport_c.cpython-310-x86_64-linux-gnu.so" to ""
[207.940s] -- Installing: /root/ros2_ws/install/cartographer_ros_msgs/lib/libcartographer_ros_msgs__rosidl_generator_py.so
[207.941s] -- Set runtime path of "/root/ros2_ws/install/cartographer_ros_msgs/lib/libcartographer_ros_msgs__rosidl_generator_py.so" to ""
[207.942s] -- Installing: /root/ros2_ws/install/cartographer_ros_msgs/share/cartographer_ros_msgs/msg/BagfileProgress.idl
[207.942s] -- Installing: /root/ros2_ws/install/cartographer_ros_msgs/share/cartographer_ros_msgs/msg/HistogramBucket.idl
[207.942s] -- Installing: /root/ros2_ws/install/cartographer_ros_msgs/share/cartographer_ros_msgs/msg/LandmarkEntry.idl
[207.943s] -- Installing: /root/ros2_ws/install/cartographer_ros_msgs/share/cartographer_ros_msgs/msg/LandmarkList.idl
[207.943s] -- Installing: /root/ros2_ws/install/cartographer_ros_msgs/share/cartographer_ros_msgs/msg/MetricFamily.idl
[207.944s] -- Installing: /root/ros2_ws/install/cartographer_ros_msgs/share/cartographer_ros_msgs/msg/MetricLabel.idl
[207.944s] -- Installing: /root/ros2_ws/install/cartographer_ros_msgs/share/cartographer_ros_msgs/msg/Metric.idl
[207.945s] -- Installing: /root/ros2_ws/install/cartographer_ros_msgs/share/cartographer_ros_msgs/msg/StatusCode.idl
[207.946s] -- Installing: /root/ros2_ws/install/cartographer_ros_msgs/share/cartographer_ros_msgs/msg/StatusResponse.idl
[207.946s] -- Installing: /root/ros2_ws/install/cartographer_ros_msgs/share/cartographer_ros_msgs/msg/SubmapEntry.idl
[207.947s] -- Installing: /root/ros2_ws/install/cartographer_ros_msgs/share/cartographer_ros_msgs/msg/SubmapList.idl
[207.947s] -- Installing: /root/ros2_ws/install/cartographer_ros_msgs/share/cartographer_ros_msgs/msg/SubmapTexture.idl
[207.948s] -- Installing: /root/ros2_ws/install/cartographer_ros_msgs/share/cartographer_ros_msgs/msg/TrajectoryStates.idl
[207.948s] -- Installing: /root/ros2_ws/install/cartographer_ros_msgs/share/cartographer_ros_msgs/srv/FinishTrajectory.idl
[207.949s] -- Installing: /root/ros2_ws/install/cartographer_ros_msgs/share/cartographer_ros_msgs/srv/GetTrajectoryStates.idl
[207.949s] -- Installing: /root/ros2_ws/install/cartographer_ros_msgs/share/cartographer_ros_msgs/srv/ReadMetrics.idl
[207.949s] -- Installing: /root/ros2_ws/install/cartographer_ros_msgs/share/cartographer_ros_msgs/srv/StartTrajectory.idl
[207.950s] -- Installing: /root/ros2_ws/install/cartographer_ros_msgs/share/cartographer_ros_msgs/srv/TrajectoryQuery.idl
[207.950s] -- Installing: /root/ros2_ws/install/cartographer_ros_msgs/share/cartographer_ros_msgs/srv/SubmapQuery.idl
[207.951s] -- Installing: /root/ros2_ws/install/cartographer_ros_msgs/share/cartographer_ros_msgs/srv/WriteState.idl
[207.951s] -- Installing: /root/ros2_ws/install/cartographer_ros_msgs/share/cartographer_ros_msgs/msg/BagfileProgress.msg
[207.952s] -- Installing: /root/ros2_ws/install/cartographer_ros_msgs/share/cartographer_ros_msgs/msg/HistogramBucket.msg
[207.952s] -- Installing: /root/ros2_ws/install/cartographer_ros_msgs/share/cartographer_ros_msgs/msg/LandmarkEntry.msg
[207.953s] -- Installing: /root/ros2_ws/install/cartographer_ros_msgs/share/cartographer_ros_msgs/msg/LandmarkList.msg
[207.954s] -- Installing: /root/ros2_ws/install/cartographer_ros_msgs/share/cartographer_ros_msgs/msg/MetricFamily.msg
[207.956s] -- Installing: /root/ros2_ws/install/cartographer_ros_msgs/share/cartographer_ros_msgs/msg/MetricLabel.msg
[207.956s] -- Installing: /root/ros2_ws/install/cartographer_ros_msgs/share/cartographer_ros_msgs/msg/Metric.msg
[207.957s] -- Installing: /root/ros2_ws/install/cartographer_ros_msgs/share/cartographer_ros_msgs/msg/StatusCode.msg
[207.957s] -- Installing: /root/ros2_ws/install/cartographer_ros_msgs/share/cartographer_ros_msgs/msg/StatusResponse.msg
[207.958s] -- Installing: /root/ros2_ws/install/cartographer_ros_msgs/share/cartographer_ros_msgs/msg/SubmapEntry.msg
[207.959s] -- Installing: /root/ros2_ws/install/cartographer_ros_msgs/share/cartographer_ros_msgs/msg/SubmapList.msg
[207.959s] -- Installing: /root/ros2_ws/install/cartographer_ros_msgs/share/cartographer_ros_msgs/msg/SubmapTexture.msg
[207.960s] -- Installing: /root/ros2_ws/install/cartographer_ros_msgs/share/cartographer_ros_msgs/msg/TrajectoryStates.msg
[207.961s] -- Installing: /root/ros2_ws/install/cartographer_ros_msgs/share/cartographer_ros_msgs/srv/FinishTrajectory.srv
[207.962s] -- Installing: /root/ros2_ws/install/cartographer_ros_msgs/share/cartographer_ros_msgs/srv/FinishTrajectory_Request.msg
[207.962s] -- Installing: /root/ros2_ws/install/cartographer_ros_msgs/share/cartographer_ros_msgs/srv/FinishTrajectory_Response.msg
[207.962s] -- Installing: /root/ros2_ws/install/cartographer_ros_msgs/share/cartographer_ros_msgs/srv/GetTrajectoryStates.srv
[207.963s] -- Installing: /root/ros2_ws/install/cartographer_ros_msgs/share/cartographer_ros_msgs/srv/GetTrajectoryStates_Request.msg
[207.964s] -- Installing: /root/ros2_ws/install/cartographer_ros_msgs/share/cartographer_ros_msgs/srv/GetTrajectoryStates_Response.msg
[207.964s] -- Installing: /root/ros2_ws/install/cartographer_ros_msgs/share/cartographer_ros_msgs/srv/ReadMetrics.srv
[207.965s] -- Installing: /root/ros2_ws/install/cartographer_ros_msgs/share/cartographer_ros_msgs/srv/ReadMetrics_Request.msg
[207.966s] -- Installing: /root/ros2_ws/install/cartographer_ros_msgs/share/cartographer_ros_msgs/srv/ReadMetrics_Response.msg
[207.967s] -- Installing: /root/ros2_ws/install/cartographer_ros_msgs/share/cartographer_ros_msgs/srv/StartTrajectory.srv
[207.968s] -- Installing: /root/ros2_ws/install/cartographer_ros_msgs/share/cartographer_ros_msgs/srv/StartTrajectory_Request.msg
[207.968s] -- Installing: /root/ros2_ws/install/cartographer_ros_msgs/share/cartographer_ros_msgs/srv/StartTrajectory_Response.msg
[207.969s] -- Installing: /root/ros2_ws/install/cartographer_ros_msgs/share/cartographer_ros_msgs/srv/TrajectoryQuery.srv
[207.969s] -- Installing: /root/ros2_ws/install/cartographer_ros_msgs/share/cartographer_ros_msgs/srv/TrajectoryQuery_Request.msg
[207.970s] -- Installing: /root/ros2_ws/install/cartographer_ros_msgs/share/cartographer_ros_msgs/srv/TrajectoryQuery_Response.msg
[207.971s] -- Installing: /root/ros2_ws/install/cartographer_ros_msgs/share/cartographer_ros_msgs/srv/SubmapQuery.srv
[207.972s] -- Installing: /root/ros2_ws/install/cartographer_ros_msgs/share/cartographer_ros_msgs/srv/SubmapQuery_Request.msg
[207.973s] -- Installing: /root/ros2_ws/install/cartographer_ros_msgs/share/cartographer_ros_msgs/srv/SubmapQuery_Response.msg
[207.974s] -- Installing: /root/ros2_ws/install/cartographer_ros_msgs/share/cartographer_ros_msgs/srv/WriteState.srv
[207.975s] -- Installing: /root/ros2_ws/install/cartographer_ros_msgs/share/cartographer_ros_msgs/srv/WriteState_Request.msg
[207.976s] -- Installing: /root/ros2_ws/install/cartographer_ros_msgs/share/cartographer_ros_msgs/srv/WriteState_Response.msg
[207.978s] -- Installing: /root/ros2_ws/install/cartographer_ros_msgs/share/ament_index/resource_index/package_run_dependencies/cartographer_ros_msgs
[207.980s] -- Installing: /root/ros2_ws/install/cartographer_ros_msgs/share/ament_index/resource_index/parent_prefix_path/cartographer_ros_msgs
[207.981s] -- Installing: /root/ros2_ws/install/cartographer_ros_msgs/share/cartographer_ros_msgs/environment/ament_prefix_path.sh
[207.982s] -- Installing: /root/ros2_ws/install/cartographer_ros_msgs/share/cartographer_ros_msgs/environment/ament_prefix_path.dsv
[207.983s] -- Installing: /root/ros2_ws/install/cartographer_ros_msgs/share/cartographer_ros_msgs/environment/path.sh
[207.983s] -- Installing: /root/ros2_ws/install/cartographer_ros_msgs/share/cartographer_ros_msgs/environment/path.dsv
[207.984s] -- Installing: /root/ros2_ws/install/cartographer_ros_msgs/share/cartographer_ros_msgs/local_setup.bash
[207.985s] -- Installing: /root/ros2_ws/install/cartographer_ros_msgs/share/cartographer_ros_msgs/local_setup.sh
[207.986s] -- Installing: /root/ros2_ws/install/cartographer_ros_msgs/share/cartographer_ros_msgs/local_setup.zsh
[207.987s] -- Installing: /root/ros2_ws/install/cartographer_ros_msgs/share/cartographer_ros_msgs/local_setup.dsv
[207.987s] -- Installing: /root/ros2_ws/install/cartographer_ros_msgs/share/cartographer_ros_msgs/package.dsv
[207.988s] -- Installing: /root/ros2_ws/install/cartographer_ros_msgs/share/ament_index/resource_index/packages/cartographer_ros_msgs
[207.990s] -- Installing: /root/ros2_ws/install/cartographer_ros_msgs/share/cartographer_ros_msgs/cmake/export_cartographer_ros_msgs__rosidl_generator_cExport.cmake
[207.991s] -- Installing: /root/ros2_ws/install/cartographer_ros_msgs/share/cartographer_ros_msgs/cmake/export_cartographer_ros_msgs__rosidl_generator_cExport-noconfig.cmake
[207.993s] -- Installing: /root/ros2_ws/install/cartographer_ros_msgs/share/cartographer_ros_msgs/cmake/export_cartographer_ros_msgs__rosidl_typesupport_fastrtps_cExport.cmake
[207.993s] -- Installing: /root/ros2_ws/install/cartographer_ros_msgs/share/cartographer_ros_msgs/cmake/export_cartographer_ros_msgs__rosidl_typesupport_fastrtps_cExport-noconfig.cmake
[207.994s] -- Installing: /root/ros2_ws/install/cartographer_ros_msgs/share/cartographer_ros_msgs/cmake/cartographer_ros_msgs__rosidl_typesupport_introspection_cExport.cmake
[207.994s] -- Installing: /root/ros2_ws/install/cartographer_ros_msgs/share/cartographer_ros_msgs/cmake/cartographer_ros_msgs__rosidl_typesupport_introspection_cExport-noconfig.cmake
[207.995s] -- Installing: /root/ros2_ws/install/cartographer_ros_msgs/share/cartographer_ros_msgs/cmake/cartographer_ros_msgs__rosidl_typesupport_cExport.cmake
[207.996s] -- Installing: /root/ros2_ws/install/cartographer_ros_msgs/share/cartographer_ros_msgs/cmake/cartographer_ros_msgs__rosidl_typesupport_cExport-noconfig.cmake
[207.996s] -- Installing: /root/ros2_ws/install/cartographer_ros_msgs/share/cartographer_ros_msgs/cmake/export_cartographer_ros_msgs__rosidl_generator_cppExport.cmake
[207.997s] -- Installing: /root/ros2_ws/install/cartographer_ros_msgs/share/cartographer_ros_msgs/cmake/export_cartographer_ros_msgs__rosidl_typesupport_fastrtps_cppExport.cmake
[207.997s] -- Installing: /root/ros2_ws/install/cartographer_ros_msgs/share/cartographer_ros_msgs/cmake/export_cartographer_ros_msgs__rosidl_typesupport_fastrtps_cppExport-noconfig.cmake
[207.998s] -- Installing: /root/ros2_ws/install/cartographer_ros_msgs/share/cartographer_ros_msgs/cmake/cartographer_ros_msgs__rosidl_typesupport_introspection_cppExport.cmake
[207.999s] -- Installing: /root/ros2_ws/install/cartographer_ros_msgs/share/cartographer_ros_msgs/cmake/cartographer_ros_msgs__rosidl_typesupport_introspection_cppExport-noconfig.cmake
[208.000s] -- Installing: /root/ros2_ws/install/cartographer_ros_msgs/share/cartographer_ros_msgs/cmake/cartographer_ros_msgs__rosidl_typesupport_cppExport.cmake
[208.000s] -- Installing: /root/ros2_ws/install/cartographer_ros_msgs/share/cartographer_ros_msgs/cmake/cartographer_ros_msgs__rosidl_typesupport_cppExport-noconfig.cmake
[208.000s] -- Installing: /root/ros2_ws/install/cartographer_ros_msgs/share/cartographer_ros_msgs/cmake/export_cartographer_ros_msgs__rosidl_generator_pyExport.cmake
[208.001s] -- Installing: /root/ros2_ws/install/cartographer_ros_msgs/share/cartographer_ros_msgs/cmake/export_cartographer_ros_msgs__rosidl_generator_pyExport-noconfig.cmake
[208.001s] -- Installing: /root/ros2_ws/install/cartographer_ros_msgs/share/cartographer_ros_msgs/cmake/rosidl_cmake-extras.cmake
[208.002s] -- Installing: /root/ros2_ws/install/cartographer_ros_msgs/share/cartographer_ros_msgs/cmake/ament_cmake_export_dependencies-extras.cmake
[208.002s] -- Installing: /root/ros2_ws/install/cartographer_ros_msgs/share/cartographer_ros_msgs/cmake/ament_cmake_export_include_directories-extras.cmake
[208.003s] -- Installing: /root/ros2_ws/install/cartographer_ros_msgs/share/cartographer_ros_msgs/cmake/ament_cmake_export_libraries-extras.cmake
[208.004s] -- Installing: /root/ros2_ws/install/cartographer_ros_msgs/share/cartographer_ros_msgs/cmake/ament_cmake_export_targets-extras.cmake
[208.005s] -- Installing: /root/ros2_ws/install/cartographer_ros_msgs/share/cartographer_ros_msgs/cmake/rosidl_cmake_export_typesupport_targets-extras.cmake
[208.005s] -- Installing: /root/ros2_ws/install/cartographer_ros_msgs/share/cartographer_ros_msgs/cmake/rosidl_cmake_export_typesupport_libraries-extras.cmake
[208.005s] -- Installing: /root/ros2_ws/install/cartographer_ros_msgs/share/cartographer_ros_msgs/cmake/cartographer_ros_msgsConfig.cmake
[208.006s] -- Installing: /root/ros2_ws/install/cartographer_ros_msgs/share/cartographer_ros_msgs/cmake/cartographer_ros_msgsConfig-version.cmake
[208.006s] -- Installing: /root/ros2_ws/install/cartographer_ros_msgs/share/cartographer_ros_msgs/package.xml
[208.013s] Invoked command in '/root/ros2_ws/build/cartographer_ros_msgs' returned '0': CMAKE_PREFIX_PATH=${CMAKE_PREFIX_PATH}:/root/ros2_ws/install/ros2_opencv:/opt/ros/humble /usr/bin/cmake --install /root/ros2_ws/build/cartographer_ros_msgs
