[0.000000] (-) TimerEvent: {}
[0.002413] (car_launch) JobQueued: {'identifier': 'car_launch', 'dependencies': OrderedDict()}
[0.002914] (cartographer) JobQueued: {'identifier': 'cartographer', 'dependencies': OrderedDict()}
[0.003345] (cartographer_ros_msgs) JobQueued: {'identifier': 'cartographer_ros_msgs', 'dependencies': OrderedDict()}
[0.003488] (robocar_test_cpp) JobQueued: {'identifier': 'robocar_test_cpp', 'dependencies': OrderedDict()}
[0.003555] (ros2_opencv) JobQueued: {'identifier': 'ros2_opencv', 'dependencies': OrderedDict()}
[0.003624] (rplidar_ros) JobQueued: {'identifier': 'rplidar_ros', 'dependencies': OrderedDict()}
[0.003726] (cartographer_ros) JobQueued: {'identifier': 'cartographer_ros', 'dependencies': OrderedDict([('cartographer', '/root/ros2_ws/install/cartographer'), ('cartographer_ros_msgs', '/root/ros2_ws/install/cartographer_ros_msgs')])}
[0.004057] (cartographer_rviz) JobQueued: {'identifier': 'cartographer_rviz', 'dependencies': OrderedDict([('cartographer', '/root/ros2_ws/install/cartographer'), ('cartographer_ros_msgs', '/root/ros2_ws/install/cartographer_ros_msgs'), ('cartographer_ros', '/root/ros2_ws/install/cartographer_ros')])}
[0.004177] (cartographer) JobStarted: {'identifier': 'cartographer'}
[0.024740] (cartographer_ros_msgs) JobStarted: {'identifier': 'cartographer_ros_msgs'}
[0.040536] (car_launch) JobStarted: {'identifier': 'car_launch'}
[0.055704] (robocar_test_cpp) JobStarted: {'identifier': 'robocar_test_cpp'}
[0.068228] (ros2_opencv) JobStarted: {'identifier': 'ros2_opencv'}
[0.096789] (rplidar_ros) JobStarted: {'identifier': 'rplidar_ros'}
[0.099365] (-) TimerEvent: {}
[0.118482] (cartographer) JobProgress: {'identifier': 'cartographer', 'progress': 'cmake'}
[0.121054] (cartographer) JobProgress: {'identifier': 'cartographer', 'progress': 'build'}
[0.123423] (cartographer) Command: {'cmd': ['/usr/bin/cmake', '--build', '/root/ros2_ws/build/cartographer', '--', '-j8', '-l8'], 'cwd': '/root/ros2_ws/build/cartographer', 'env': OrderedDict([('HOSTNAME', 'warnie'), ('GIT_ASKPASS', '/root/.vscode-server/bin/17baf841131aa23349f217ca7c570c76ee87b957/extensions/git/dist/askpass.sh'), ('SHLVL', '2'), ('LD_LIBRARY_PATH', '/root/ros2_ws/install/cartographer_rviz/lib:/root/ros2_ws/install/cartographer_ros/lib:/root/ros2_ws/install/cartographer_ros_msgs/lib:/opt/ros/humble/opt/rviz_ogre_vendor/lib:/opt/ros/humble/lib/x86_64-linux-gnu:/opt/ros/humble/lib'), ('BROWSER', '/root/.vscode-server/bin/17baf841131aa23349f217ca7c570c76ee87b957/bin/helpers/browser.sh'), ('HOME', '/root'), ('OLDPWD', '/root/ros2_ws/src'), ('TERM_PROGRAM_VERSION', '1.99.3'), ('VSCODE_IPC_HOOK_CLI', '/tmp/vscode-ipc-68549143-8077-4743-9875-84966345cd0e.sock'), ('ROS_PYTHON_VERSION', '3'), ('VSCODE_GIT_ASKPASS_MAIN', '/root/.vscode-server/bin/17baf841131aa23349f217ca7c570c76ee87b957/extensions/git/dist/askpass-main.js'), ('VSCODE_GIT_ASKPASS_NODE', '/root/.vscode-server/bin/17baf841131aa23349f217ca7c570c76ee87b957/node'), ('LC_CTYPE', 'C.UTF-8'), ('COLORTERM', 'truecolor'), ('REMOTE_CONTAINERS', 'true'), ('COLCON_PREFIX_PATH', '/root/ros2_ws/install'), ('ROS_DISTRO', 'humble'), ('REMOTE_CONTAINERS_IPC', '/tmp/vscode-remote-containers-ipc-f285fd1d-9376-4a47-8352-1dbec715791d.sock'), ('_', '/usr/bin/colcon'), ('ROS_VERSION', '2'), ('PKG_CONFIG_PATH', '/root/ros2_ws/install/cartographer/lib/x86_64-linux-gnu/pkgconfig:/root/ros2_ws/install/cartographer/lib/pkgconfig'), ('TERM', 'xterm-256color'), ('ROS_LOCALHOST_ONLY', '0'), ('PATH', '/root/ros2_ws/install/cartographer/bin:/root/.vscode-server/bin/17baf841131aa23349f217ca7c570c76ee87b957/bin/remote-cli:/opt/ros/humble/bin:/usr/local/sbin:/usr/local/bin:/usr/sbin:/usr/bin:/sbin:/bin:/root/.vscode-server/data/User/globalStorage/github.copilot-chat/debugCommand'), ('REMOTE_CONTAINERS_SOCKETS', '["/tmp/vscode-ssh-auth-f285fd1d-9376-4a47-8352-1dbec715791d.sock","/root/.gnupg/S.gpg-agent"]'), ('DISPLAY', 'unix:0'), ('LANG', 'en_US.UTF-8'), ('VSCODE_GIT_IPC_HANDLE', '/tmp/vscode-git-3ce2b43cc6.sock'), ('TERM_PROGRAM', 'vscode'), ('SSH_AUTH_SOCK', '/tmp/vscode-ssh-auth-f285fd1d-9376-4a47-8352-1dbec715791d.sock'), ('AMENT_PREFIX_PATH', '/root/ros2_ws/install/car_launch:/root/ros2_ws/install/robocar_test_cpp:/root/ros2_ws/install/rplidar_ros:/root/ros2_ws/install/ros2_opencv:/root/ros2_ws/install/cartographer_rviz:/root/ros2_ws/install/cartographer_ros:/root/ros2_ws/install/cartographer_ros_msgs:/root/ros2_ws/install/Test_FirstPkg:/opt/ros/humble'), ('SHELL', '/bin/bash'), ('VSCODE_GIT_ASKPASS_EXTRA_ARGS', ''), ('PWD', '/root/ros2_ws/build/cartographer'), ('PYTHONPATH', '/root/ros2_ws/install/ros2_opencv/lib/python3.10/site-packages:/root/ros2_ws/install/cartographer_ros_msgs/local/lib/python3.10/dist-packages:/opt/ros/humble/lib/python3.10/site-packages:/opt/ros/humble/local/lib/python3.10/dist-packages'), ('COLCON', '1'), ('CMAKE_PREFIX_PATH', '/root/ros2_ws/install/car_launch:/root/ros2_ws/install/robocar_test_cpp:/root/ros2_ws/install/rplidar_ros:/root/ros2_ws/install/cartographer_rviz:/root/ros2_ws/install/cartographer_ros:/root/ros2_ws/install/cartographer_ros_msgs:/root/ros2_ws/install/cartographer:/root/ros2_ws/install/Test_FirstPkg:/root/ros2_ws/install/ros2_opencv:/opt/ros/humble')]), 'shell': False}
[0.132740] (cartographer_ros_msgs) JobProgress: {'identifier': 'cartographer_ros_msgs', 'progress': 'cmake'}
[0.135908] (cartographer_ros_msgs) JobProgress: {'identifier': 'cartographer_ros_msgs', 'progress': 'build'}
[0.137612] (cartographer_ros_msgs) Command: {'cmd': ['/usr/bin/cmake', '--build', '/root/ros2_ws/build/cartographer_ros_msgs', '--', '-j8', '-l8'], 'cwd': '/root/ros2_ws/build/cartographer_ros_msgs', 'env': OrderedDict([('HOSTNAME', 'warnie'), ('GIT_ASKPASS', '/root/.vscode-server/bin/17baf841131aa23349f217ca7c570c76ee87b957/extensions/git/dist/askpass.sh'), ('SHLVL', '2'), ('LD_LIBRARY_PATH', '/root/ros2_ws/install/cartographer_rviz/lib:/root/ros2_ws/install/cartographer_ros/lib:/root/ros2_ws/install/cartographer_ros_msgs/lib:/opt/ros/humble/opt/rviz_ogre_vendor/lib:/opt/ros/humble/lib/x86_64-linux-gnu:/opt/ros/humble/lib'), ('BROWSER', '/root/.vscode-server/bin/17baf841131aa23349f217ca7c570c76ee87b957/bin/helpers/browser.sh'), ('HOME', '/root'), ('OLDPWD', '/root/ros2_ws/src'), ('TERM_PROGRAM_VERSION', '1.99.3'), ('VSCODE_IPC_HOOK_CLI', '/tmp/vscode-ipc-68549143-8077-4743-9875-84966345cd0e.sock'), ('ROS_PYTHON_VERSION', '3'), ('VSCODE_GIT_ASKPASS_MAIN', '/root/.vscode-server/bin/17baf841131aa23349f217ca7c570c76ee87b957/extensions/git/dist/askpass-main.js'), ('VSCODE_GIT_ASKPASS_NODE', '/root/.vscode-server/bin/17baf841131aa23349f217ca7c570c76ee87b957/node'), ('LC_CTYPE', 'C.UTF-8'), ('COLORTERM', 'truecolor'), ('REMOTE_CONTAINERS', 'true'), ('COLCON_PREFIX_PATH', '/root/ros2_ws/install'), ('ROS_DISTRO', 'humble'), ('REMOTE_CONTAINERS_IPC', '/tmp/vscode-remote-containers-ipc-f285fd1d-9376-4a47-8352-1dbec715791d.sock'), ('_', '/usr/bin/colcon'), ('ROS_VERSION', '2'), ('PKG_CONFIG_PATH', '/root/ros2_ws/install/cartographer/lib/x86_64-linux-gnu/pkgconfig:/root/ros2_ws/install/cartographer/lib/pkgconfig'), ('TERM', 'xterm-256color'), ('ROS_LOCALHOST_ONLY', '0'), ('PATH', '/root/ros2_ws/install/cartographer/bin:/root/.vscode-server/bin/17baf841131aa23349f217ca7c570c76ee87b957/bin/remote-cli:/opt/ros/humble/bin:/usr/local/sbin:/usr/local/bin:/usr/sbin:/usr/bin:/sbin:/bin:/root/.vscode-server/data/User/globalStorage/github.copilot-chat/debugCommand'), ('REMOTE_CONTAINERS_SOCKETS', '["/tmp/vscode-ssh-auth-f285fd1d-9376-4a47-8352-1dbec715791d.sock","/root/.gnupg/S.gpg-agent"]'), ('DISPLAY', 'unix:0'), ('LANG', 'en_US.UTF-8'), ('VSCODE_GIT_IPC_HANDLE', '/tmp/vscode-git-3ce2b43cc6.sock'), ('TERM_PROGRAM', 'vscode'), ('SSH_AUTH_SOCK', '/tmp/vscode-ssh-auth-f285fd1d-9376-4a47-8352-1dbec715791d.sock'), ('AMENT_PREFIX_PATH', '/root/ros2_ws/install/car_launch:/root/ros2_ws/install/robocar_test_cpp:/root/ros2_ws/install/rplidar_ros:/root/ros2_ws/install/ros2_opencv:/root/ros2_ws/install/cartographer_rviz:/root/ros2_ws/install/cartographer_ros:/root/ros2_ws/install/cartographer_ros_msgs:/root/ros2_ws/install/Test_FirstPkg:/opt/ros/humble'), ('SHELL', '/bin/bash'), ('VSCODE_GIT_ASKPASS_EXTRA_ARGS', ''), ('PWD', '/root/ros2_ws/build/cartographer_ros_msgs'), ('PYTHONPATH', '/root/ros2_ws/install/ros2_opencv/lib/python3.10/site-packages:/root/ros2_ws/install/cartographer_ros_msgs/local/lib/python3.10/dist-packages:/opt/ros/humble/lib/python3.10/site-packages:/opt/ros/humble/local/lib/python3.10/dist-packages'), ('COLCON', '1'), ('CMAKE_PREFIX_PATH', '/root/ros2_ws/install/car_launch:/root/ros2_ws/install/robocar_test_cpp:/root/ros2_ws/install/rplidar_ros:/root/ros2_ws/install/cartographer_rviz:/root/ros2_ws/install/cartographer_ros:/root/ros2_ws/install/cartographer_ros_msgs:/root/ros2_ws/install/cartographer:/root/ros2_ws/install/Test_FirstPkg:/root/ros2_ws/install/ros2_opencv:/opt/ros/humble')]), 'shell': False}
[0.144289] (car_launch) JobProgress: {'identifier': 'car_launch', 'progress': 'cmake'}
[0.145132] (car_launch) JobProgress: {'identifier': 'car_launch', 'progress': 'build'}
[0.148145] (car_launch) Command: {'cmd': ['/usr/bin/cmake', '--build', '/root/ros2_ws/build/car_launch', '--', '-j8', '-l8'], 'cwd': '/root/ros2_ws/build/car_launch', 'env': OrderedDict([('HOSTNAME', 'warnie'), ('GIT_ASKPASS', '/root/.vscode-server/bin/17baf841131aa23349f217ca7c570c76ee87b957/extensions/git/dist/askpass.sh'), ('SHLVL', '2'), ('LD_LIBRARY_PATH', '/root/ros2_ws/install/cartographer_rviz/lib:/root/ros2_ws/install/cartographer_ros/lib:/root/ros2_ws/install/cartographer_ros_msgs/lib:/opt/ros/humble/opt/rviz_ogre_vendor/lib:/opt/ros/humble/lib/x86_64-linux-gnu:/opt/ros/humble/lib'), ('BROWSER', '/root/.vscode-server/bin/17baf841131aa23349f217ca7c570c76ee87b957/bin/helpers/browser.sh'), ('HOME', '/root'), ('OLDPWD', '/root/ros2_ws/src'), ('TERM_PROGRAM_VERSION', '1.99.3'), ('VSCODE_IPC_HOOK_CLI', '/tmp/vscode-ipc-68549143-8077-4743-9875-84966345cd0e.sock'), ('ROS_PYTHON_VERSION', '3'), ('VSCODE_GIT_ASKPASS_MAIN', '/root/.vscode-server/bin/17baf841131aa23349f217ca7c570c76ee87b957/extensions/git/dist/askpass-main.js'), ('VSCODE_GIT_ASKPASS_NODE', '/root/.vscode-server/bin/17baf841131aa23349f217ca7c570c76ee87b957/node'), ('LC_CTYPE', 'C.UTF-8'), ('COLORTERM', 'truecolor'), ('REMOTE_CONTAINERS', 'true'), ('COLCON_PREFIX_PATH', '/root/ros2_ws/install'), ('ROS_DISTRO', 'humble'), ('REMOTE_CONTAINERS_IPC', '/tmp/vscode-remote-containers-ipc-f285fd1d-9376-4a47-8352-1dbec715791d.sock'), ('_', '/usr/bin/colcon'), ('ROS_VERSION', '2'), ('PKG_CONFIG_PATH', '/root/ros2_ws/install/cartographer/lib/x86_64-linux-gnu/pkgconfig:/root/ros2_ws/install/cartographer/lib/pkgconfig'), ('TERM', 'xterm-256color'), ('ROS_LOCALHOST_ONLY', '0'), ('PATH', '/root/ros2_ws/install/cartographer/bin:/root/.vscode-server/bin/17baf841131aa23349f217ca7c570c76ee87b957/bin/remote-cli:/opt/ros/humble/bin:/usr/local/sbin:/usr/local/bin:/usr/sbin:/usr/bin:/sbin:/bin:/root/.vscode-server/data/User/globalStorage/github.copilot-chat/debugCommand'), ('REMOTE_CONTAINERS_SOCKETS', '["/tmp/vscode-ssh-auth-f285fd1d-9376-4a47-8352-1dbec715791d.sock","/root/.gnupg/S.gpg-agent"]'), ('DISPLAY', 'unix:0'), ('LANG', 'en_US.UTF-8'), ('VSCODE_GIT_IPC_HANDLE', '/tmp/vscode-git-3ce2b43cc6.sock'), ('TERM_PROGRAM', 'vscode'), ('SSH_AUTH_SOCK', '/tmp/vscode-ssh-auth-f285fd1d-9376-4a47-8352-1dbec715791d.sock'), ('AMENT_PREFIX_PATH', '/root/ros2_ws/install/car_launch:/root/ros2_ws/install/robocar_test_cpp:/root/ros2_ws/install/rplidar_ros:/root/ros2_ws/install/ros2_opencv:/root/ros2_ws/install/cartographer_rviz:/root/ros2_ws/install/cartographer_ros:/root/ros2_ws/install/cartographer_ros_msgs:/root/ros2_ws/install/Test_FirstPkg:/opt/ros/humble'), ('SHELL', '/bin/bash'), ('VSCODE_GIT_ASKPASS_EXTRA_ARGS', ''), ('PWD', '/root/ros2_ws/build/car_launch'), ('PYTHONPATH', '/root/ros2_ws/install/ros2_opencv/lib/python3.10/site-packages:/root/ros2_ws/install/cartographer_ros_msgs/local/lib/python3.10/dist-packages:/opt/ros/humble/lib/python3.10/site-packages:/opt/ros/humble/local/lib/python3.10/dist-packages'), ('COLCON', '1'), ('CMAKE_PREFIX_PATH', '/root/ros2_ws/install/car_launch:/root/ros2_ws/install/robocar_test_cpp:/root/ros2_ws/install/rplidar_ros:/root/ros2_ws/install/cartographer_rviz:/root/ros2_ws/install/cartographer_ros:/root/ros2_ws/install/cartographer_ros_msgs:/root/ros2_ws/install/cartographer:/root/ros2_ws/install/Test_FirstPkg:/root/ros2_ws/install/ros2_opencv:/opt/ros/humble')]), 'shell': False}
[0.155684] (robocar_test_cpp) JobProgress: {'identifier': 'robocar_test_cpp', 'progress': 'cmake'}
[0.162011] (robocar_test_cpp) JobProgress: {'identifier': 'robocar_test_cpp', 'progress': 'build'}
[0.162203] (robocar_test_cpp) Command: {'cmd': ['/usr/bin/cmake', '--build', '/root/ros2_ws/build/robocar_test_cpp', '--', '-j8', '-l8'], 'cwd': '/root/ros2_ws/build/robocar_test_cpp', 'env': OrderedDict([('HOSTNAME', 'warnie'), ('GIT_ASKPASS', '/root/.vscode-server/bin/17baf841131aa23349f217ca7c570c76ee87b957/extensions/git/dist/askpass.sh'), ('SHLVL', '2'), ('LD_LIBRARY_PATH', '/root/ros2_ws/install/cartographer_rviz/lib:/root/ros2_ws/install/cartographer_ros/lib:/root/ros2_ws/install/cartographer_ros_msgs/lib:/opt/ros/humble/opt/rviz_ogre_vendor/lib:/opt/ros/humble/lib/x86_64-linux-gnu:/opt/ros/humble/lib'), ('BROWSER', '/root/.vscode-server/bin/17baf841131aa23349f217ca7c570c76ee87b957/bin/helpers/browser.sh'), ('HOME', '/root'), ('OLDPWD', '/root/ros2_ws/src'), ('TERM_PROGRAM_VERSION', '1.99.3'), ('VSCODE_IPC_HOOK_CLI', '/tmp/vscode-ipc-68549143-8077-4743-9875-84966345cd0e.sock'), ('ROS_PYTHON_VERSION', '3'), ('VSCODE_GIT_ASKPASS_MAIN', '/root/.vscode-server/bin/17baf841131aa23349f217ca7c570c76ee87b957/extensions/git/dist/askpass-main.js'), ('VSCODE_GIT_ASKPASS_NODE', '/root/.vscode-server/bin/17baf841131aa23349f217ca7c570c76ee87b957/node'), ('LC_CTYPE', 'C.UTF-8'), ('COLORTERM', 'truecolor'), ('REMOTE_CONTAINERS', 'true'), ('COLCON_PREFIX_PATH', '/root/ros2_ws/install'), ('ROS_DISTRO', 'humble'), ('REMOTE_CONTAINERS_IPC', '/tmp/vscode-remote-containers-ipc-f285fd1d-9376-4a47-8352-1dbec715791d.sock'), ('_', '/usr/bin/colcon'), ('ROS_VERSION', '2'), ('PKG_CONFIG_PATH', '/root/ros2_ws/install/cartographer/lib/x86_64-linux-gnu/pkgconfig:/root/ros2_ws/install/cartographer/lib/pkgconfig'), ('TERM', 'xterm-256color'), ('ROS_LOCALHOST_ONLY', '0'), ('PATH', '/root/ros2_ws/install/cartographer/bin:/root/.vscode-server/bin/17baf841131aa23349f217ca7c570c76ee87b957/bin/remote-cli:/opt/ros/humble/bin:/usr/local/sbin:/usr/local/bin:/usr/sbin:/usr/bin:/sbin:/bin:/root/.vscode-server/data/User/globalStorage/github.copilot-chat/debugCommand'), ('REMOTE_CONTAINERS_SOCKETS', '["/tmp/vscode-ssh-auth-f285fd1d-9376-4a47-8352-1dbec715791d.sock","/root/.gnupg/S.gpg-agent"]'), ('DISPLAY', 'unix:0'), ('LANG', 'en_US.UTF-8'), ('VSCODE_GIT_IPC_HANDLE', '/tmp/vscode-git-3ce2b43cc6.sock'), ('TERM_PROGRAM', 'vscode'), ('SSH_AUTH_SOCK', '/tmp/vscode-ssh-auth-f285fd1d-9376-4a47-8352-1dbec715791d.sock'), ('AMENT_PREFIX_PATH', '/root/ros2_ws/install/car_launch:/root/ros2_ws/install/robocar_test_cpp:/root/ros2_ws/install/rplidar_ros:/root/ros2_ws/install/ros2_opencv:/root/ros2_ws/install/cartographer_rviz:/root/ros2_ws/install/cartographer_ros:/root/ros2_ws/install/cartographer_ros_msgs:/root/ros2_ws/install/Test_FirstPkg:/opt/ros/humble'), ('SHELL', '/bin/bash'), ('VSCODE_GIT_ASKPASS_EXTRA_ARGS', ''), ('PWD', '/root/ros2_ws/build/robocar_test_cpp'), ('PYTHONPATH', '/root/ros2_ws/install/ros2_opencv/lib/python3.10/site-packages:/root/ros2_ws/install/cartographer_ros_msgs/local/lib/python3.10/dist-packages:/opt/ros/humble/lib/python3.10/site-packages:/opt/ros/humble/local/lib/python3.10/dist-packages'), ('COLCON', '1'), ('CMAKE_PREFIX_PATH', '/root/ros2_ws/install/car_launch:/root/ros2_ws/install/robocar_test_cpp:/root/ros2_ws/install/rplidar_ros:/root/ros2_ws/install/cartographer_rviz:/root/ros2_ws/install/cartographer_ros:/root/ros2_ws/install/cartographer_ros_msgs:/root/ros2_ws/install/cartographer:/root/ros2_ws/install/Test_FirstPkg:/root/ros2_ws/install/ros2_opencv:/opt/ros/humble')]), 'shell': False}
[0.201809] (-) TimerEvent: {}
[0.303262] (-) TimerEvent: {}
[0.410948] (-) TimerEvent: {}
[0.512010] (-) TimerEvent: {}
[0.612910] (-) TimerEvent: {}
[0.713533] (-) TimerEvent: {}
[0.817787] (-) TimerEvent: {}
[0.918795] (-) TimerEvent: {}
[1.022744] (-) TimerEvent: {}
[1.123387] (-) TimerEvent: {}
[1.224360] (-) TimerEvent: {}
[1.325196] (-) TimerEvent: {}
[1.427865] (-) TimerEvent: {}
[1.528632] (-) TimerEvent: {}
[1.632820] (-) TimerEvent: {}
[1.733897] (-) TimerEvent: {}
[1.835904] (-) TimerEvent: {}
[1.939011] (-) TimerEvent: {}
[2.043053] (-) TimerEvent: {}
[2.151875] (-) TimerEvent: {}
[2.252548] (-) TimerEvent: {}
[2.355394] (-) TimerEvent: {}
[2.457637] (-) TimerEvent: {}
[2.565784] (-) TimerEvent: {}
[2.666982] (-) TimerEvent: {}
[2.772861] (cartographer) StdoutLine: {'line': b'[  0%] Built target cartographer_detect_changes\n'}
[2.773354] (-) TimerEvent: {}
[2.775415] (cartographer) StdoutLine: {'line': b'[  1%] Built target gtest\n'}
[2.775969] (cartographer) StdoutLine: {'line': b'[  1%] \x1b[34m\x1b[1mBuilding documentation.\x1b[0m\n'}
[2.776445] (cartographer) StdoutLine: {'line': b'[  2%] Built target gmock\n'}
[2.777106] (cartographer) StdoutLine: {'line': b'[  2%] Built target gmock_main\n'}
[2.777496] (cartographer) StdoutLine: {'line': b'[ 55%] Built target cartographer\n'}
[2.789967] (cartographer) StdoutLine: {'line': b'[ 56%] Built target cartographer_autogenerate_ground_truth\n'}
[2.790400] (cartographer) StdoutLine: {'line': b'[ 57%] Built target cartographer_pbstream\n'}
[2.790712] (cartographer) StdoutLine: {'line': b'[ 57%] Built target cartographer_compute_relations_metrics\n'}
[2.791006] (cartographer) StdoutLine: {'line': b'[ 57%] Built target cartographer_print_configuration\n'}
[2.791272] (cartographer) StdoutLine: {'line': b'[ 58%] Built target cartographer_test_library\n'}
[2.791503] (cartographer) StdoutLine: {'line': b'\x1b[01mRunning Sphinx v4.3.2\x1b[39;49;00m\n'}
[2.791780] (cartographer) StdoutLine: {'line': b'[ 59%] Built target cartographer.common.fixed_ratio_sampler_test\n'}
[2.792017] (cartographer) StdoutLine: {'line': b'[ 60%] Built target cartographer.common.math_test\n'}
[2.792234] (cartographer) StdoutLine: {'line': b'[ 60%] Built target cartographer.common.task_test\n'}
[2.792524] (cartographer) StdoutLine: {'line': b'[ 61%] Built target cartographer.common.internal.rate_timer_test\n'}
[2.819268] (cartographer) StdoutLine: {'line': b'[ 61%] Built target cartographer.common.internal.blocking_queue_test\n'}
[2.820533] (cartographer) StdoutLine: {'line': b'[ 61%] Built target cartographer.common.configuration_files_test\n'}
[2.820880] (cartographer) StdoutLine: {'line': b'[ 61%] Built target cartographer.common.lua_parameter_dictionary_test\n'}
[2.821151] (cartographer) StdoutLine: {'line': b'[ 62%] Built target cartographer.common.thread_pool_test\n'}
[2.821406] (cartographer_ros_msgs) StdoutLine: {'line': b'[  0%] Built target cartographer_ros_msgs__cpp\n'}
[2.825684] (cartographer_ros_msgs) StdoutLine: {'line': b'[  0%] Built target ament_cmake_python_copy_cartographer_ros_msgs\n'}
[2.830011] (cartographer_ros_msgs) StdoutLine: {'line': b'[ 12%] Built target cartographer_ros_msgs__rosidl_generator_c\n'}
[2.830397] (cartographer_ros_msgs) StdoutLine: {'line': b'[ 24%] Built target cartographer_ros_msgs__rosidl_typesupport_introspection_c\n'}
[2.830674] (cartographer_ros_msgs) StdoutLine: {'line': b'[ 37%] Built target cartographer_ros_msgs__rosidl_typesupport_introspection_cpp\n'}
[2.830938] (cartographer_ros_msgs) StdoutLine: {'line': b'[ 49%] Built target cartographer_ros_msgs__rosidl_typesupport_c\n'}
[2.831281] (cartographer_ros_msgs) StdoutLine: {'line': b'[ 61%] Built target cartographer_ros_msgs__rosidl_typesupport_cpp\n'}
[2.831595] (cartographer_ros_msgs) StdoutLine: {'line': b'[ 73%] Built target cartographer_ros_msgs__rosidl_typesupport_fastrtps_cpp\n'}
[2.832063] (cartographer_ros_msgs) StdoutLine: {'line': b'[ 85%] Built target cartographer_ros_msgs__rosidl_typesupport_fastrtps_c\n'}
[2.832310] (cartographer_ros_msgs) StdoutLine: {'line': b'[ 85%] Built target cartographer_ros_msgs\n'}
[2.832551] (cartographer_ros_msgs) StdoutLine: {'line': b'[ 86%] Built target cartographer_ros_msgs__py\n'}
[2.832843] (cartographer_ros_msgs) StdoutLine: {'line': b'[ 97%] Built target cartographer_ros_msgs__rosidl_generator_py\n'}
[2.833110] (cartographer_ros_msgs) StdoutLine: {'line': b'[ 98%] Built target cartographer_ros_msgs__rosidl_typesupport_introspection_c__pyext\n'}
[2.833340] (cartographer_ros_msgs) StdoutLine: {'line': b'[ 99%] Built target cartographer_ros_msgs__rosidl_typesupport_c__pyext\n'}
[2.840117] (cartographer_ros_msgs) StdoutLine: {'line': b'[100%] Built target cartographer_ros_msgs__rosidl_typesupport_fastrtps_c__pyext\n'}
[2.840465] (cartographer_ros_msgs) StdoutLine: {'line': b'running egg_info\n'}
[2.840818] (cartographer_ros_msgs) StdoutLine: {'line': b'writing cartographer_ros_msgs.egg-info/PKG-INFO\n'}
[2.841873] (cartographer_ros_msgs) StdoutLine: {'line': b'writing dependency_links to cartographer_ros_msgs.egg-info/dependency_links.txt\n'}
[2.842309] (cartographer_ros_msgs) StdoutLine: {'line': b'writing top-level names to cartographer_ros_msgs.egg-info/top_level.txt\n'}
[2.842585] (cartographer_ros_msgs) StdoutLine: {'line': b"reading manifest file 'cartographer_ros_msgs.egg-info/SOURCES.txt'\n"}
[2.842904] (cartographer_ros_msgs) StdoutLine: {'line': b"writing manifest file 'cartographer_ros_msgs.egg-info/SOURCES.txt'\n"}
[2.843216] (cartographer_ros_msgs) StdoutLine: {'line': b'[100%] Built target ament_cmake_python_build_cartographer_ros_msgs_egg\n'}
[2.854797] (robocar_test_cpp) StdoutLine: {'line': b'\x1b[35m\x1b[1mConsolidate compiler generated dependencies of target lidar_listener\x1b[0m\n'}
[2.855719] (robocar_test_cpp) StdoutLine: {'line': b'[ 33%] Built target talker\n'}
[2.855994] (robocar_test_cpp) StdoutLine: {'line': b'[ 66%] Built target listener\n'}
[2.856272] (robocar_test_cpp) StdoutLine: {'line': b'[ 83%] \x1b[32mBuilding CXX object CMakeFiles/lidar_listener.dir/src/receive_lidar_function.cpp.o\x1b[0m\n'}
[2.856533] (cartographer) StdoutLine: {'line': b'[ 63%] Built target cartographer.io.internal.in_memory_proto_stream_test\n'}
[2.856843] (rplidar_ros) JobProgress: {'identifier': 'rplidar_ros', 'progress': 'cmake'}
[2.865251] (rplidar_ros) JobProgress: {'identifier': 'rplidar_ros', 'progress': 'build'}
[2.865403] (rplidar_ros) Command: {'cmd': ['/usr/bin/cmake', '--build', '/root/ros2_ws/build/rplidar_ros', '--', '-j8', '-l8'], 'cwd': '/root/ros2_ws/build/rplidar_ros', 'env': OrderedDict([('HOSTNAME', 'warnie'), ('GIT_ASKPASS', '/root/.vscode-server/bin/17baf841131aa23349f217ca7c570c76ee87b957/extensions/git/dist/askpass.sh'), ('SHLVL', '2'), ('LD_LIBRARY_PATH', '/root/ros2_ws/install/cartographer_rviz/lib:/root/ros2_ws/install/cartographer_ros/lib:/root/ros2_ws/install/cartographer_ros_msgs/lib:/opt/ros/humble/opt/rviz_ogre_vendor/lib:/opt/ros/humble/lib/x86_64-linux-gnu:/opt/ros/humble/lib'), ('BROWSER', '/root/.vscode-server/bin/17baf841131aa23349f217ca7c570c76ee87b957/bin/helpers/browser.sh'), ('HOME', '/root'), ('OLDPWD', '/root/ros2_ws/src'), ('TERM_PROGRAM_VERSION', '1.99.3'), ('VSCODE_IPC_HOOK_CLI', '/tmp/vscode-ipc-68549143-8077-4743-9875-84966345cd0e.sock'), ('ROS_PYTHON_VERSION', '3'), ('VSCODE_GIT_ASKPASS_MAIN', '/root/.vscode-server/bin/17baf841131aa23349f217ca7c570c76ee87b957/extensions/git/dist/askpass-main.js'), ('VSCODE_GIT_ASKPASS_NODE', '/root/.vscode-server/bin/17baf841131aa23349f217ca7c570c76ee87b957/node'), ('LC_CTYPE', 'C.UTF-8'), ('COLORTERM', 'truecolor'), ('REMOTE_CONTAINERS', 'true'), ('COLCON_PREFIX_PATH', '/root/ros2_ws/install'), ('ROS_DISTRO', 'humble'), ('REMOTE_CONTAINERS_IPC', '/tmp/vscode-remote-containers-ipc-f285fd1d-9376-4a47-8352-1dbec715791d.sock'), ('_', '/usr/bin/colcon'), ('ROS_VERSION', '2'), ('PKG_CONFIG_PATH', '/root/ros2_ws/install/cartographer/lib/x86_64-linux-gnu/pkgconfig:/root/ros2_ws/install/cartographer/lib/pkgconfig'), ('TERM', 'xterm-256color'), ('ROS_LOCALHOST_ONLY', '0'), ('PATH', '/root/ros2_ws/install/cartographer/bin:/root/.vscode-server/bin/17baf841131aa23349f217ca7c570c76ee87b957/bin/remote-cli:/opt/ros/humble/bin:/usr/local/sbin:/usr/local/bin:/usr/sbin:/usr/bin:/sbin:/bin:/root/.vscode-server/data/User/globalStorage/github.copilot-chat/debugCommand'), ('REMOTE_CONTAINERS_SOCKETS', '["/tmp/vscode-ssh-auth-f285fd1d-9376-4a47-8352-1dbec715791d.sock","/root/.gnupg/S.gpg-agent"]'), ('DISPLAY', 'unix:0'), ('LANG', 'en_US.UTF-8'), ('VSCODE_GIT_IPC_HANDLE', '/tmp/vscode-git-3ce2b43cc6.sock'), ('TERM_PROGRAM', 'vscode'), ('SSH_AUTH_SOCK', '/tmp/vscode-ssh-auth-f285fd1d-9376-4a47-8352-1dbec715791d.sock'), ('AMENT_PREFIX_PATH', '/root/ros2_ws/install/car_launch:/root/ros2_ws/install/robocar_test_cpp:/root/ros2_ws/install/rplidar_ros:/root/ros2_ws/install/ros2_opencv:/root/ros2_ws/install/cartographer_rviz:/root/ros2_ws/install/cartographer_ros:/root/ros2_ws/install/cartographer_ros_msgs:/root/ros2_ws/install/Test_FirstPkg:/opt/ros/humble'), ('SHELL', '/bin/bash'), ('VSCODE_GIT_ASKPASS_EXTRA_ARGS', ''), ('PWD', '/root/ros2_ws/build/rplidar_ros'), ('PYTHONPATH', '/root/ros2_ws/install/ros2_opencv/lib/python3.10/site-packages:/root/ros2_ws/install/cartographer_ros_msgs/local/lib/python3.10/dist-packages:/opt/ros/humble/lib/python3.10/site-packages:/opt/ros/humble/local/lib/python3.10/dist-packages'), ('COLCON', '1'), ('CMAKE_PREFIX_PATH', '/root/ros2_ws/install/car_launch:/root/ros2_ws/install/robocar_test_cpp:/root/ros2_ws/install/rplidar_ros:/root/ros2_ws/install/cartographer_rviz:/root/ros2_ws/install/cartographer_ros:/root/ros2_ws/install/cartographer_ros_msgs:/root/ros2_ws/install/cartographer:/root/ros2_ws/install/Test_FirstPkg:/root/ros2_ws/install/ros2_opencv:/opt/ros/humble')]), 'shell': False}
[2.874882] (-) TimerEvent: {}
[2.891928] (car_launch) CommandEnded: {'returncode': 0}
[2.896401] (car_launch) JobProgress: {'identifier': 'car_launch', 'progress': 'install'}
[2.922079] (cartographer) StdoutLine: {'line': b'[ 63%] Built target cartographer.io.points_processor_pipeline_builder_test\n'}
[2.936773] (car_launch) Command: {'cmd': ['/usr/bin/cmake', '--install', '/root/ros2_ws/build/car_launch'], 'cwd': '/root/ros2_ws/build/car_launch', 'env': OrderedDict([('HOSTNAME', 'warnie'), ('GIT_ASKPASS', '/root/.vscode-server/bin/17baf841131aa23349f217ca7c570c76ee87b957/extensions/git/dist/askpass.sh'), ('SHLVL', '2'), ('LD_LIBRARY_PATH', '/root/ros2_ws/install/cartographer_rviz/lib:/root/ros2_ws/install/cartographer_ros/lib:/root/ros2_ws/install/cartographer_ros_msgs/lib:/opt/ros/humble/opt/rviz_ogre_vendor/lib:/opt/ros/humble/lib/x86_64-linux-gnu:/opt/ros/humble/lib'), ('BROWSER', '/root/.vscode-server/bin/17baf841131aa23349f217ca7c570c76ee87b957/bin/helpers/browser.sh'), ('HOME', '/root'), ('OLDPWD', '/root/ros2_ws/src'), ('TERM_PROGRAM_VERSION', '1.99.3'), ('VSCODE_IPC_HOOK_CLI', '/tmp/vscode-ipc-68549143-8077-4743-9875-84966345cd0e.sock'), ('ROS_PYTHON_VERSION', '3'), ('VSCODE_GIT_ASKPASS_MAIN', '/root/.vscode-server/bin/17baf841131aa23349f217ca7c570c76ee87b957/extensions/git/dist/askpass-main.js'), ('VSCODE_GIT_ASKPASS_NODE', '/root/.vscode-server/bin/17baf841131aa23349f217ca7c570c76ee87b957/node'), ('LC_CTYPE', 'C.UTF-8'), ('COLORTERM', 'truecolor'), ('REMOTE_CONTAINERS', 'true'), ('COLCON_PREFIX_PATH', '/root/ros2_ws/install'), ('ROS_DISTRO', 'humble'), ('REMOTE_CONTAINERS_IPC', '/tmp/vscode-remote-containers-ipc-f285fd1d-9376-4a47-8352-1dbec715791d.sock'), ('_', '/usr/bin/colcon'), ('ROS_VERSION', '2'), ('PKG_CONFIG_PATH', '/root/ros2_ws/install/cartographer/lib/x86_64-linux-gnu/pkgconfig:/root/ros2_ws/install/cartographer/lib/pkgconfig'), ('TERM', 'xterm-256color'), ('ROS_LOCALHOST_ONLY', '0'), ('PATH', '/root/ros2_ws/install/cartographer/bin:/root/.vscode-server/bin/17baf841131aa23349f217ca7c570c76ee87b957/bin/remote-cli:/opt/ros/humble/bin:/usr/local/sbin:/usr/local/bin:/usr/sbin:/usr/bin:/sbin:/bin:/root/.vscode-server/data/User/globalStorage/github.copilot-chat/debugCommand'), ('REMOTE_CONTAINERS_SOCKETS', '["/tmp/vscode-ssh-auth-f285fd1d-9376-4a47-8352-1dbec715791d.sock","/root/.gnupg/S.gpg-agent"]'), ('DISPLAY', 'unix:0'), ('LANG', 'en_US.UTF-8'), ('VSCODE_GIT_IPC_HANDLE', '/tmp/vscode-git-3ce2b43cc6.sock'), ('TERM_PROGRAM', 'vscode'), ('SSH_AUTH_SOCK', '/tmp/vscode-ssh-auth-f285fd1d-9376-4a47-8352-1dbec715791d.sock'), ('AMENT_PREFIX_PATH', '/root/ros2_ws/install/car_launch:/root/ros2_ws/install/robocar_test_cpp:/root/ros2_ws/install/rplidar_ros:/root/ros2_ws/install/ros2_opencv:/root/ros2_ws/install/cartographer_rviz:/root/ros2_ws/install/cartographer_ros:/root/ros2_ws/install/cartographer_ros_msgs:/root/ros2_ws/install/Test_FirstPkg:/opt/ros/humble'), ('SHELL', '/bin/bash'), ('VSCODE_GIT_ASKPASS_EXTRA_ARGS', ''), ('PWD', '/root/ros2_ws/build/car_launch'), ('PYTHONPATH', '/root/ros2_ws/install/ros2_opencv/lib/python3.10/site-packages:/root/ros2_ws/install/cartographer_ros_msgs/local/lib/python3.10/dist-packages:/opt/ros/humble/lib/python3.10/site-packages:/opt/ros/humble/local/lib/python3.10/dist-packages'), ('COLCON', '1'), ('CMAKE_PREFIX_PATH', '/root/ros2_ws/install/car_launch:/root/ros2_ws/install/robocar_test_cpp:/root/ros2_ws/install/rplidar_ros:/root/ros2_ws/install/cartographer_rviz:/root/ros2_ws/install/cartographer_ros:/root/ros2_ws/install/cartographer_ros_msgs:/root/ros2_ws/install/cartographer:/root/ros2_ws/install/Test_FirstPkg:/root/ros2_ws/install/ros2_opencv:/opt/ros/humble')]), 'shell': False}
[2.938481] (cartographer) StdoutLine: {'line': b'[ 63%] Built target cartographer.io.fake_file_writer_test\n'}
[2.963200] (cartographer) StdoutLine: {'line': b'[ 64%] Built target cartographer.io.probability_grid_points_processor_test\n'}
[2.963681] (car_launch) StdoutLine: {'line': b'-- Install configuration: ""\n'}
[2.964315] (car_launch) StdoutLine: {'line': b'-- Up-to-date: /root/ros2_ws/install/car_launch/share/car_launch//launch\n'}
[2.964731] (car_launch) StdoutLine: {'line': b'-- Up-to-date: /root/ros2_ws/install/car_launch/share/car_launch//launch/car_launch.launch.py\n'}
[2.965134] (car_launch) StdoutLine: {'line': b'-- Up-to-date: /root/ros2_ws/install/car_launch/share/ament_index/resource_index/package_run_dependencies/car_launch\n'}
[2.965458] (car_launch) StdoutLine: {'line': b'-- Up-to-date: /root/ros2_ws/install/car_launch/share/ament_index/resource_index/parent_prefix_path/car_launch\n'}
[2.966421] (car_launch) StdoutLine: {'line': b'-- Up-to-date: /root/ros2_ws/install/car_launch/share/car_launch/environment/ament_prefix_path.sh\n'}
[2.966781] (car_launch) StdoutLine: {'line': b'-- Up-to-date: /root/ros2_ws/install/car_launch/share/car_launch/environment/ament_prefix_path.dsv\n'}
[2.967138] (car_launch) StdoutLine: {'line': b'-- Up-to-date: /root/ros2_ws/install/car_launch/share/car_launch/environment/path.sh\n'}
[2.973494] (car_launch) StdoutLine: {'line': b'-- Up-to-date: /root/ros2_ws/install/car_launch/share/car_launch/environment/path.dsv\n'}
[2.973805] (car_launch) StdoutLine: {'line': b'-- Up-to-date: /root/ros2_ws/install/car_launch/share/car_launch/local_setup.bash\n'}
[2.974098] (car_launch) StdoutLine: {'line': b'-- Up-to-date: /root/ros2_ws/install/car_launch/share/car_launch/local_setup.sh\n'}
[2.974367] (car_launch) StdoutLine: {'line': b'-- Up-to-date: /root/ros2_ws/install/car_launch/share/car_launch/local_setup.zsh\n'}
[2.974763] (car_launch) StdoutLine: {'line': b'-- Up-to-date: /root/ros2_ws/install/car_launch/share/car_launch/local_setup.dsv\n'}
[2.975218] (-) TimerEvent: {}
[2.975888] (car_launch) StdoutLine: {'line': b'-- Installing: /root/ros2_ws/install/car_launch/share/car_launch/package.dsv\n'}
[2.976544] (car_launch) StdoutLine: {'line': b'-- Up-to-date: /root/ros2_ws/install/car_launch/share/ament_index/resource_index/packages/car_launch\n'}
[2.981353] (car_launch) StdoutLine: {'line': b'-- Up-to-date: /root/ros2_ws/install/car_launch/share/car_launch/cmake/car_launchConfig.cmake\n'}
[2.982094] (car_launch) StdoutLine: {'line': b'-- Up-to-date: /root/ros2_ws/install/car_launch/share/car_launch/cmake/car_launchConfig-version.cmake\n'}
[2.983249] (car_launch) StdoutLine: {'line': b'-- Up-to-date: /root/ros2_ws/install/car_launch/share/car_launch/package.xml\n'}
[2.983586] (cartographer) StdoutLine: {'line': b'[ 65%] Built target cartographer.io.proto_stream_test\n'}
[2.987438] (cartographer) StdoutLine: {'line': b'[ 65%] Built target cartographer.io.proto_stream_deserializer_test\n'}
[2.987781] (cartographer_ros_msgs) CommandEnded: {'returncode': 0}
[2.990870] (cartographer_ros_msgs) JobProgress: {'identifier': 'cartographer_ros_msgs', 'progress': 'install'}
[2.991035] (cartographer_ros_msgs) Command: {'cmd': ['/usr/bin/cmake', '--install', '/root/ros2_ws/build/cartographer_ros_msgs'], 'cwd': '/root/ros2_ws/build/cartographer_ros_msgs', 'env': OrderedDict([('HOSTNAME', 'warnie'), ('GIT_ASKPASS', '/root/.vscode-server/bin/17baf841131aa23349f217ca7c570c76ee87b957/extensions/git/dist/askpass.sh'), ('SHLVL', '2'), ('LD_LIBRARY_PATH', '/root/ros2_ws/install/cartographer_rviz/lib:/root/ros2_ws/install/cartographer_ros/lib:/root/ros2_ws/install/cartographer_ros_msgs/lib:/opt/ros/humble/opt/rviz_ogre_vendor/lib:/opt/ros/humble/lib/x86_64-linux-gnu:/opt/ros/humble/lib'), ('BROWSER', '/root/.vscode-server/bin/17baf841131aa23349f217ca7c570c76ee87b957/bin/helpers/browser.sh'), ('HOME', '/root'), ('OLDPWD', '/root/ros2_ws/src'), ('TERM_PROGRAM_VERSION', '1.99.3'), ('VSCODE_IPC_HOOK_CLI', '/tmp/vscode-ipc-68549143-8077-4743-9875-84966345cd0e.sock'), ('ROS_PYTHON_VERSION', '3'), ('VSCODE_GIT_ASKPASS_MAIN', '/root/.vscode-server/bin/17baf841131aa23349f217ca7c570c76ee87b957/extensions/git/dist/askpass-main.js'), ('VSCODE_GIT_ASKPASS_NODE', '/root/.vscode-server/bin/17baf841131aa23349f217ca7c570c76ee87b957/node'), ('LC_CTYPE', 'C.UTF-8'), ('COLORTERM', 'truecolor'), ('REMOTE_CONTAINERS', 'true'), ('COLCON_PREFIX_PATH', '/root/ros2_ws/install'), ('ROS_DISTRO', 'humble'), ('REMOTE_CONTAINERS_IPC', '/tmp/vscode-remote-containers-ipc-f285fd1d-9376-4a47-8352-1dbec715791d.sock'), ('_', '/usr/bin/colcon'), ('ROS_VERSION', '2'), ('PKG_CONFIG_PATH', '/root/ros2_ws/install/cartographer/lib/x86_64-linux-gnu/pkgconfig:/root/ros2_ws/install/cartographer/lib/pkgconfig'), ('TERM', 'xterm-256color'), ('ROS_LOCALHOST_ONLY', '0'), ('PATH', '/root/ros2_ws/install/cartographer/bin:/root/.vscode-server/bin/17baf841131aa23349f217ca7c570c76ee87b957/bin/remote-cli:/opt/ros/humble/bin:/usr/local/sbin:/usr/local/bin:/usr/sbin:/usr/bin:/sbin:/bin:/root/.vscode-server/data/User/globalStorage/github.copilot-chat/debugCommand'), ('REMOTE_CONTAINERS_SOCKETS', '["/tmp/vscode-ssh-auth-f285fd1d-9376-4a47-8352-1dbec715791d.sock","/root/.gnupg/S.gpg-agent"]'), ('DISPLAY', 'unix:0'), ('LANG', 'en_US.UTF-8'), ('VSCODE_GIT_IPC_HANDLE', '/tmp/vscode-git-3ce2b43cc6.sock'), ('TERM_PROGRAM', 'vscode'), ('SSH_AUTH_SOCK', '/tmp/vscode-ssh-auth-f285fd1d-9376-4a47-8352-1dbec715791d.sock'), ('AMENT_PREFIX_PATH', '/root/ros2_ws/install/car_launch:/root/ros2_ws/install/robocar_test_cpp:/root/ros2_ws/install/rplidar_ros:/root/ros2_ws/install/ros2_opencv:/root/ros2_ws/install/cartographer_rviz:/root/ros2_ws/install/cartographer_ros:/root/ros2_ws/install/cartographer_ros_msgs:/root/ros2_ws/install/Test_FirstPkg:/opt/ros/humble'), ('SHELL', '/bin/bash'), ('VSCODE_GIT_ASKPASS_EXTRA_ARGS', ''), ('PWD', '/root/ros2_ws/build/cartographer_ros_msgs'), ('PYTHONPATH', '/root/ros2_ws/install/ros2_opencv/lib/python3.10/site-packages:/root/ros2_ws/install/cartographer_ros_msgs/local/lib/python3.10/dist-packages:/opt/ros/humble/lib/python3.10/site-packages:/opt/ros/humble/local/lib/python3.10/dist-packages'), ('COLCON', '1'), ('CMAKE_PREFIX_PATH', '/root/ros2_ws/install/car_launch:/root/ros2_ws/install/robocar_test_cpp:/root/ros2_ws/install/rplidar_ros:/root/ros2_ws/install/cartographer_rviz:/root/ros2_ws/install/cartographer_ros:/root/ros2_ws/install/cartographer_ros_msgs:/root/ros2_ws/install/cartographer:/root/ros2_ws/install/Test_FirstPkg:/root/ros2_ws/install/ros2_opencv:/opt/ros/humble')]), 'shell': False}
[3.004279] (car_launch) CommandEnded: {'returncode': 0}
[3.071075] (cartographer_ros_msgs) StdoutLine: {'line': b'-- Install configuration: ""\n'}
[3.077367] (-) TimerEvent: {}
[3.077937] (cartographer_ros_msgs) StdoutLine: {'line': b'-- Up-to-date: /root/ros2_ws/install/cartographer_ros_msgs/share/ament_index/resource_index/rosidl_interfaces/cartographer_ros_msgs\n'}
[3.078790] (cartographer_ros_msgs) StdoutLine: {'line': b'-- Up-to-date: /root/ros2_ws/install/cartographer_ros_msgs/include/cartographer_ros_msgs/cartographer_ros_msgs\n'}
[3.088777] (cartographer_ros_msgs) StdoutLine: {'line': b'-- Up-to-date: /root/ros2_ws/install/cartographer_ros_msgs/include/cartographer_ros_msgs/cartographer_ros_msgs/srv\n'}
[3.089215] (cartographer_ros_msgs) StdoutLine: {'line': b'-- Up-to-date: /root/ros2_ws/install/cartographer_ros_msgs/include/cartographer_ros_msgs/cartographer_ros_msgs/srv/get_trajectory_states.h\n'}
[3.089511] (cartographer_ros_msgs) StdoutLine: {'line': b'-- Up-to-date: /root/ros2_ws/install/cartographer_ros_msgs/include/cartographer_ros_msgs/cartographer_ros_msgs/srv/read_metrics.h\n'}
[3.089826] (cartographer_ros_msgs) StdoutLine: {'line': b'-- Up-to-date: /root/ros2_ws/install/cartographer_ros_msgs/include/cartographer_ros_msgs/cartographer_ros_msgs/srv/finish_trajectory.h\n'}
[3.090143] (cartographer_ros_msgs) StdoutLine: {'line': b'-- Up-to-date: /root/ros2_ws/install/cartographer_ros_msgs/include/cartographer_ros_msgs/cartographer_ros_msgs/srv/write_state.h\n'}
[3.090425] (cartographer_ros_msgs) StdoutLine: {'line': b'-- Up-to-date: /root/ros2_ws/install/cartographer_ros_msgs/include/cartographer_ros_msgs/cartographer_ros_msgs/srv/submap_query.h\n'}
[3.090748] (cartographer_ros_msgs) StdoutLine: {'line': b'-- Up-to-date: /root/ros2_ws/install/cartographer_ros_msgs/include/cartographer_ros_msgs/cartographer_ros_msgs/srv/start_trajectory.h\n'}
[3.091083] (cartographer_ros_msgs) StdoutLine: {'line': b'-- Up-to-date: /root/ros2_ws/install/cartographer_ros_msgs/include/cartographer_ros_msgs/cartographer_ros_msgs/srv/detail\n'}
[3.102470] (cartographer_ros_msgs) StdoutLine: {'line': b'-- Up-to-date: /root/ros2_ws/install/cartographer_ros_msgs/include/cartographer_ros_msgs/cartographer_ros_msgs/srv/detail/write_state__type_support.h\n'}
[3.122159] (cartographer_ros_msgs) StdoutLine: {'line': b'-- Up-to-date: /root/ros2_ws/install/cartographer_ros_msgs/include/cartographer_ros_msgs/cartographer_ros_msgs/srv/detail/get_trajectory_states__struct.h\n'}
[3.122471] (cartographer_ros_msgs) StdoutLine: {'line': b'-- Up-to-date: /root/ros2_ws/install/cartographer_ros_msgs/include/cartographer_ros_msgs/cartographer_ros_msgs/srv/detail/start_trajectory__functions.h\n'}
[3.122797] (cartographer_ros_msgs) StdoutLine: {'line': b'-- Up-to-date: /root/ros2_ws/install/cartographer_ros_msgs/include/cartographer_ros_msgs/cartographer_ros_msgs/srv/detail/finish_trajectory__functions.h\n'}
[3.123081] (cartographer_ros_msgs) StdoutLine: {'line': b'-- Up-to-date: /root/ros2_ws/install/cartographer_ros_msgs/include/cartographer_ros_msgs/cartographer_ros_msgs/srv/detail/get_trajectory_states__functions.c\n'}
[3.123347] (cartographer_ros_msgs) StdoutLine: {'line': b'-- Up-to-date: /root/ros2_ws/install/cartographer_ros_msgs/include/cartographer_ros_msgs/cartographer_ros_msgs/srv/detail/submap_query__type_support.h\n'}
[3.123596] (cartographer_ros_msgs) StdoutLine: {'line': b'-- Up-to-date: /root/ros2_ws/install/cartographer_ros_msgs/include/cartographer_ros_msgs/cartographer_ros_msgs/srv/detail/trajectory_query__functions.h\n'}
[3.123884] (cartographer_ros_msgs) StdoutLine: {'line': b'-- Up-to-date: /root/ros2_ws/install/cartographer_ros_msgs/include/cartographer_ros_msgs/cartographer_ros_msgs/srv/detail/trajectory_query__functions.c\n'}
[3.124142] (cartographer_ros_msgs) StdoutLine: {'line': b'-- Up-to-date: /root/ros2_ws/install/cartographer_ros_msgs/include/cartographer_ros_msgs/cartographer_ros_msgs/srv/detail/get_trajectory_states__functions.h\n'}
[3.124435] (cartographer_ros_msgs) StdoutLine: {'line': b'-- Up-to-date: /root/ros2_ws/install/cartographer_ros_msgs/include/cartographer_ros_msgs/cartographer_ros_msgs/srv/detail/trajectory_query__struct.h\n'}
[3.124883] (cartographer_ros_msgs) StdoutLine: {'line': b'-- Up-to-date: /root/ros2_ws/install/cartographer_ros_msgs/include/cartographer_ros_msgs/cartographer_ros_msgs/srv/detail/read_metrics__type_support.h\n'}
[3.125184] (cartographer_ros_msgs) StdoutLine: {'line': b'-- Up-to-date: /root/ros2_ws/install/cartographer_ros_msgs/include/cartographer_ros_msgs/cartographer_ros_msgs/srv/detail/trajectory_query__type_support.h\n'}
[3.125437] (cartographer_ros_msgs) StdoutLine: {'line': b'-- Up-to-date: /root/ros2_ws/install/cartographer_ros_msgs/include/cartographer_ros_msgs/cartographer_ros_msgs/srv/detail/start_trajectory__functions.c\n'}
[3.125751] (cartographer_ros_msgs) StdoutLine: {'line': b'-- Up-to-date: /root/ros2_ws/install/cartographer_ros_msgs/include/cartographer_ros_msgs/cartographer_ros_msgs/srv/detail/start_trajectory__struct.h\n'}
[3.126063] (cartographer_ros_msgs) StdoutLine: {'line': b'-- Up-to-date: /root/ros2_ws/install/cartographer_ros_msgs/include/cartographer_ros_msgs/cartographer_ros_msgs/srv/detail/read_metrics__struct.h\n'}
[3.126347] (cartographer_ros_msgs) StdoutLine: {'line': b'-- Up-to-date: /root/ros2_ws/install/cartographer_ros_msgs/include/cartographer_ros_msgs/cartographer_ros_msgs/srv/detail/submap_query__functions.h\n'}
[3.126642] (cartographer_ros_msgs) StdoutLine: {'line': b'-- Up-to-date: /root/ros2_ws/install/cartographer_ros_msgs/include/cartographer_ros_msgs/cartographer_ros_msgs/srv/detail/submap_query__struct.h\n'}
[3.127886] (cartographer_ros_msgs) StdoutLine: {'line': b'-- Up-to-date: /root/ros2_ws/install/cartographer_ros_msgs/include/cartographer_ros_msgs/cartographer_ros_msgs/srv/detail/write_state__functions.c\n'}
[3.128264] (cartographer_ros_msgs) StdoutLine: {'line': b'-- Up-to-date: /root/ros2_ws/install/cartographer_ros_msgs/include/cartographer_ros_msgs/cartographer_ros_msgs/srv/detail/write_state__struct.h\n'}
[3.134737] (cartographer_ros_msgs) StdoutLine: {'line': b'-- Up-to-date: /root/ros2_ws/install/cartographer_ros_msgs/include/cartographer_ros_msgs/cartographer_ros_msgs/srv/detail/read_metrics__functions.h\n'}
[3.135174] (cartographer_ros_msgs) StdoutLine: {'line': b'-- Up-to-date: /root/ros2_ws/install/cartographer_ros_msgs/include/cartographer_ros_msgs/cartographer_ros_msgs/srv/detail/get_trajectory_states__type_support.h\n'}
[3.139576] (cartographer_ros_msgs) StdoutLine: {'line': b'-- Up-to-date: /root/ros2_ws/install/cartographer_ros_msgs/include/cartographer_ros_msgs/cartographer_ros_msgs/srv/detail/read_metrics__functions.c\n'}
[3.140187] (cartographer_ros_msgs) StdoutLine: {'line': b'-- Up-to-date: /root/ros2_ws/install/cartographer_ros_msgs/include/cartographer_ros_msgs/cartographer_ros_msgs/srv/detail/finish_trajectory__type_support.h\n'}
[3.140610] (cartographer_ros_msgs) StdoutLine: {'line': b'-- Up-to-date: /root/ros2_ws/install/cartographer_ros_msgs/include/cartographer_ros_msgs/cartographer_ros_msgs/srv/detail/write_state__functions.h\n'}
[3.154544] (cartographer_ros_msgs) StdoutLine: {'line': b'-- Up-to-date: /root/ros2_ws/install/cartographer_ros_msgs/include/cartographer_ros_msgs/cartographer_ros_msgs/srv/detail/start_trajectory__type_support.h\n'}
[3.154994] (cartographer_ros_msgs) StdoutLine: {'line': b'-- Up-to-date: /root/ros2_ws/install/cartographer_ros_msgs/include/cartographer_ros_msgs/cartographer_ros_msgs/srv/detail/finish_trajectory__functions.c\n'}
[3.155343] (cartographer_ros_msgs) StdoutLine: {'line': b'-- Up-to-date: /root/ros2_ws/install/cartographer_ros_msgs/include/cartographer_ros_msgs/cartographer_ros_msgs/srv/detail/submap_query__functions.c\n'}
[3.156968] (cartographer_ros_msgs) StdoutLine: {'line': b'-- Up-to-date: /root/ros2_ws/install/cartographer_ros_msgs/include/cartographer_ros_msgs/cartographer_ros_msgs/srv/detail/finish_trajectory__struct.h\n'}
[3.157344] (cartographer_ros_msgs) StdoutLine: {'line': b'-- Up-to-date: /root/ros2_ws/install/cartographer_ros_msgs/include/cartographer_ros_msgs/cartographer_ros_msgs/srv/trajectory_query.h\n'}
[3.161748] (cartographer_ros_msgs) StdoutLine: {'line': b'-- Up-to-date: /root/ros2_ws/install/cartographer_ros_msgs/include/cartographer_ros_msgs/cartographer_ros_msgs/msg\n'}
[3.162153] (cartographer_ros_msgs) StdoutLine: {'line': b'-- Up-to-date: /root/ros2_ws/install/cartographer_ros_msgs/include/cartographer_ros_msgs/cartographer_ros_msgs/msg/landmark_list.h\n'}
[3.162431] (cartographer_ros_msgs) StdoutLine: {'line': b'-- Up-to-date: /root/ros2_ws/install/cartographer_ros_msgs/include/cartographer_ros_msgs/cartographer_ros_msgs/msg/landmark_entry.h\n'}
[3.162708] (cartographer_ros_msgs) StdoutLine: {'line': b'-- Up-to-date: /root/ros2_ws/install/cartographer_ros_msgs/include/cartographer_ros_msgs/cartographer_ros_msgs/msg/metric_family.h\n'}
[3.168935] (cartographer_ros_msgs) StdoutLine: {'line': b'-- Up-to-date: /root/ros2_ws/install/cartographer_ros_msgs/include/cartographer_ros_msgs/cartographer_ros_msgs/msg/bagfile_progress.h\n'}
[3.176012] (cartographer_ros_msgs) StdoutLine: {'line': b'-- Up-to-date: /root/ros2_ws/install/cartographer_ros_msgs/include/cartographer_ros_msgs/cartographer_ros_msgs/msg/trajectory_states.h\n'}
[3.176325] (cartographer_ros_msgs) StdoutLine: {'line': b'-- Up-to-date: /root/ros2_ws/install/cartographer_ros_msgs/include/cartographer_ros_msgs/cartographer_ros_msgs/msg/submap_texture.h\n'}
[3.176591] (cartographer_ros_msgs) StdoutLine: {'line': b'-- Up-to-date: /root/ros2_ws/install/cartographer_ros_msgs/include/cartographer_ros_msgs/cartographer_ros_msgs/msg/rosidl_generator_c__visibility_control.h\n'}
[3.234439] (-) TimerEvent: {}
[3.235573] (cartographer_ros_msgs) StdoutLine: {'line': b'-- Up-to-date: /root/ros2_ws/install/cartographer_ros_msgs/include/cartographer_ros_msgs/cartographer_ros_msgs/msg/status_response.h\n'}
[3.236659] (cartographer_ros_msgs) StdoutLine: {'line': b'-- Up-to-date: /root/ros2_ws/install/cartographer_ros_msgs/include/cartographer_ros_msgs/cartographer_ros_msgs/msg/submap_entry.h\n'}
[3.237038] (cartographer_ros_msgs) StdoutLine: {'line': b'-- Up-to-date: /root/ros2_ws/install/cartographer_ros_msgs/include/cartographer_ros_msgs/cartographer_ros_msgs/msg/status_code.h\n'}
[3.237315] (cartographer_ros_msgs) StdoutLine: {'line': b'-- Up-to-date: /root/ros2_ws/install/cartographer_ros_msgs/include/cartographer_ros_msgs/cartographer_ros_msgs/msg/metric_label.h\n'}
[3.237583] (cartographer_ros_msgs) StdoutLine: {'line': b'-- Up-to-date: /root/ros2_ws/install/cartographer_ros_msgs/include/cartographer_ros_msgs/cartographer_ros_msgs/msg/detail\n'}
[3.247316] (cartographer_ros_msgs) StdoutLine: {'line': b'-- Up-to-date: /root/ros2_ws/install/cartographer_ros_msgs/include/cartographer_ros_msgs/cartographer_ros_msgs/msg/detail/histogram_bucket__type_support.h\n'}
[3.247670] (cartographer_ros_msgs) StdoutLine: {'line': b'-- Up-to-date: /root/ros2_ws/install/cartographer_ros_msgs/include/cartographer_ros_msgs/cartographer_ros_msgs/msg/detail/status_code__struct.h\n'}
[3.248049] (cartographer_ros_msgs) StdoutLine: {'line': b'-- Up-to-date: /root/ros2_ws/install/cartographer_ros_msgs/include/cartographer_ros_msgs/cartographer_ros_msgs/msg/detail/landmark_entry__struct.h\n'}
[3.248395] (cartographer_ros_msgs) StdoutLine: {'line': b'-- Up-to-date: /root/ros2_ws/install/cartographer_ros_msgs/include/cartographer_ros_msgs/cartographer_ros_msgs/msg/detail/status_response__struct.h\n'}
[3.248766] (cartographer_ros_msgs) StdoutLine: {'line': b'-- Up-to-date: /root/ros2_ws/install/cartographer_ros_msgs/include/cartographer_ros_msgs/cartographer_ros_msgs/msg/detail/landmark_entry__type_support.h\n'}
[3.249151] (cartographer_ros_msgs) StdoutLine: {'line': b'-- Up-to-date: /root/ros2_ws/install/cartographer_ros_msgs/include/cartographer_ros_msgs/cartographer_ros_msgs/msg/detail/metric_family__struct.h\n'}
[3.249498] (cartographer_ros_msgs) StdoutLine: {'line': b'-- Up-to-date: /root/ros2_ws/install/cartographer_ros_msgs/include/cartographer_ros_msgs/cartographer_ros_msgs/msg/detail/metric_family__functions.c\n'}
[3.249865] (cartographer_ros_msgs) StdoutLine: {'line': b'-- Up-to-date: /root/ros2_ws/install/cartographer_ros_msgs/include/cartographer_ros_msgs/cartographer_ros_msgs/msg/detail/submap_texture__functions.h\n'}
[3.250167] (cartographer_ros_msgs) StdoutLine: {'line': b'-- Up-to-date: /root/ros2_ws/install/cartographer_ros_msgs/include/cartographer_ros_msgs/cartographer_ros_msgs/msg/detail/histogram_bucket__struct.h\n'}
[3.271840] (cartographer_ros_msgs) StdoutLine: {'line': b'-- Up-to-date: /root/ros2_ws/install/cartographer_ros_msgs/include/cartographer_ros_msgs/cartographer_ros_msgs/msg/detail/status_code__type_support.h\n'}
[3.272320] (cartographer_ros_msgs) StdoutLine: {'line': b'-- Up-to-date: /root/ros2_ws/install/cartographer_ros_msgs/include/cartographer_ros_msgs/cartographer_ros_msgs/msg/detail/metric_family__type_support.h\n'}
[3.272643] (cartographer_ros_msgs) StdoutLine: {'line': b'-- Up-to-date: /root/ros2_ws/install/cartographer_ros_msgs/include/cartographer_ros_msgs/cartographer_ros_msgs/msg/detail/metric_label__struct.h\n'}
[3.273323] (cartographer_ros_msgs) StdoutLine: {'line': b'-- Up-to-date: /root/ros2_ws/install/cartographer_ros_msgs/include/cartographer_ros_msgs/cartographer_ros_msgs/msg/detail/submap_list__functions.h\n'}
[3.273659] (cartographer_ros_msgs) StdoutLine: {'line': b'-- Up-to-date: /root/ros2_ws/install/cartographer_ros_msgs/include/cartographer_ros_msgs/cartographer_ros_msgs/msg/detail/bagfile_progress__type_support.h\n'}
[3.273968] (cartographer_ros_msgs) StdoutLine: {'line': b'-- Up-to-date: /root/ros2_ws/install/cartographer_ros_msgs/include/cartographer_ros_msgs/cartographer_ros_msgs/msg/detail/status_response__functions.c\n'}
[3.274323] (cartographer_ros_msgs) StdoutLine: {'line': b'-- Up-to-date: /root/ros2_ws/install/cartographer_ros_msgs/include/cartographer_ros_msgs/cartographer_ros_msgs/msg/detail/submap_list__type_support.h\n'}
[3.274709] (cartographer_ros_msgs) StdoutLine: {'line': b'-- Up-to-date: /root/ros2_ws/install/cartographer_ros_msgs/include/cartographer_ros_msgs/cartographer_ros_msgs/msg/detail/submap_texture__functions.c\n'}
[3.275092] (cartographer_ros_msgs) StdoutLine: {'line': b'-- Up-to-date: /root/ros2_ws/install/cartographer_ros_msgs/include/cartographer_ros_msgs/cartographer_ros_msgs/msg/detail/submap_entry__struct.h\n'}
[3.275325] (cartographer_ros_msgs) StdoutLine: {'line': b'-- Up-to-date: /root/ros2_ws/install/cartographer_ros_msgs/include/cartographer_ros_msgs/cartographer_ros_msgs/msg/detail/status_response__functions.h\n'}
[3.275555] (cartographer_ros_msgs) StdoutLine: {'line': b'-- Up-to-date: /root/ros2_ws/install/cartographer_ros_msgs/include/cartographer_ros_msgs/cartographer_ros_msgs/msg/detail/histogram_bucket__functions.c\n'}
[3.303525] (cartographer_ros_msgs) StdoutLine: {'line': b'-- Up-to-date: /root/ros2_ws/install/cartographer_ros_msgs/include/cartographer_ros_msgs/cartographer_ros_msgs/msg/detail/trajectory_states__functions.c\n'}
[3.303966] (cartographer_ros_msgs) StdoutLine: {'line': b'-- Up-to-date: /root/ros2_ws/install/cartographer_ros_msgs/include/cartographer_ros_msgs/cartographer_ros_msgs/msg/detail/landmark_list__functions.h\n'}
[3.304352] (cartographer_ros_msgs) StdoutLine: {'line': b'-- Up-to-date: /root/ros2_ws/install/cartographer_ros_msgs/include/cartographer_ros_msgs/cartographer_ros_msgs/msg/detail/landmark_list__struct.h\n'}
[3.304753] (cartographer_ros_msgs) StdoutLine: {'line': b'-- Up-to-date: /root/ros2_ws/install/cartographer_ros_msgs/include/cartographer_ros_msgs/cartographer_ros_msgs/msg/detail/landmark_list__type_support.h\n'}
[3.305182] (cartographer_ros_msgs) StdoutLine: {'line': b'-- Up-to-date: /root/ros2_ws/install/cartographer_ros_msgs/include/cartographer_ros_msgs/cartographer_ros_msgs/msg/detail/status_code__functions.h\n'}
[3.305512] (cartographer_ros_msgs) StdoutLine: {'line': b'-- Up-to-date: /root/ros2_ws/install/cartographer_ros_msgs/include/cartographer_ros_msgs/cartographer_ros_msgs/msg/detail/metric__functions.h\n'}
[3.305867] (cartographer_ros_msgs) StdoutLine: {'line': b'-- Up-to-date: /root/ros2_ws/install/cartographer_ros_msgs/include/cartographer_ros_msgs/cartographer_ros_msgs/msg/detail/landmark_list__functions.c\n'}
[3.306194] (cartographer_ros_msgs) StdoutLine: {'line': b'-- Up-to-date: /root/ros2_ws/install/cartographer_ros_msgs/include/cartographer_ros_msgs/cartographer_ros_msgs/msg/detail/submap_entry__type_support.h\n'}
[3.306486] (cartographer_ros_msgs) StdoutLine: {'line': b'-- Up-to-date: /root/ros2_ws/install/cartographer_ros_msgs/include/cartographer_ros_msgs/cartographer_ros_msgs/msg/detail/status_response__type_support.h\n'}
[3.323715] (cartographer_ros_msgs) StdoutLine: {'line': b'-- Up-to-date: /root/ros2_ws/install/cartographer_ros_msgs/include/cartographer_ros_msgs/cartographer_ros_msgs/msg/detail/metric_label__type_support.h\n'}
[3.324108] (cartographer_ros_msgs) StdoutLine: {'line': b'-- Up-to-date: /root/ros2_ws/install/cartographer_ros_msgs/include/cartographer_ros_msgs/cartographer_ros_msgs/msg/detail/submap_entry__functions.h\n'}
[3.324381] (cartographer_ros_msgs) StdoutLine: {'line': b'-- Up-to-date: /root/ros2_ws/install/cartographer_ros_msgs/include/cartographer_ros_msgs/cartographer_ros_msgs/msg/detail/submap_texture__struct.h\n'}
[3.324639] (cartographer_ros_msgs) StdoutLine: {'line': b'-- Up-to-date: /root/ros2_ws/install/cartographer_ros_msgs/include/cartographer_ros_msgs/cartographer_ros_msgs/msg/detail/histogram_bucket__functions.h\n'}
[3.324960] (cartographer_ros_msgs) StdoutLine: {'line': b'-- Up-to-date: /root/ros2_ws/install/cartographer_ros_msgs/include/cartographer_ros_msgs/cartographer_ros_msgs/msg/detail/trajectory_states__type_support.h\n'}
[3.325229] (cartographer_ros_msgs) StdoutLine: {'line': b'-- Up-to-date: /root/ros2_ws/install/cartographer_ros_msgs/include/cartographer_ros_msgs/cartographer_ros_msgs/msg/detail/submap_list__struct.h\n'}
[3.325516] (cartographer_ros_msgs) StdoutLine: {'line': b'-- Up-to-date: /root/ros2_ws/install/cartographer_ros_msgs/include/cartographer_ros_msgs/cartographer_ros_msgs/msg/detail/submap_entry__functions.c\n'}
[3.325875] (cartographer_ros_msgs) StdoutLine: {'line': b'-- Up-to-date: /root/ros2_ws/install/cartographer_ros_msgs/include/cartographer_ros_msgs/cartographer_ros_msgs/msg/detail/bagfile_progress__functions.c\n'}
[3.326204] (cartographer_ros_msgs) StdoutLine: {'line': b'-- Up-to-date: /root/ros2_ws/install/cartographer_ros_msgs/include/cartographer_ros_msgs/cartographer_ros_msgs/msg/detail/submap_list__functions.c\n'}
[3.326536] (cartographer_ros_msgs) StdoutLine: {'line': b'-- Up-to-date: /root/ros2_ws/install/cartographer_ros_msgs/include/cartographer_ros_msgs/cartographer_ros_msgs/msg/detail/trajectory_states__struct.h\n'}
[3.333689] (cartographer_ros_msgs) StdoutLine: {'line': b'-- Up-to-date: /root/ros2_ws/install/cartographer_ros_msgs/include/cartographer_ros_msgs/cartographer_ros_msgs/msg/detail/trajectory_states__functions.h\n'}
[3.334165] (cartographer_ros_msgs) StdoutLine: {'line': b'-- Up-to-date: /root/ros2_ws/install/cartographer_ros_msgs/include/cartographer_ros_msgs/cartographer_ros_msgs/msg/detail/submap_texture__type_support.h\n'}
[3.334564] (-) TimerEvent: {}
[3.341801] (cartographer_ros_msgs) StdoutLine: {'line': b'-- Up-to-date: /root/ros2_ws/install/cartographer_ros_msgs/include/cartographer_ros_msgs/cartographer_ros_msgs/msg/detail/bagfile_progress__functions.h\n'}
[3.342322] (cartographer_ros_msgs) StdoutLine: {'line': b'-- Up-to-date: /root/ros2_ws/install/cartographer_ros_msgs/include/cartographer_ros_msgs/cartographer_ros_msgs/msg/detail/bagfile_progress__struct.h\n'}
[3.342701] (cartographer_ros_msgs) StdoutLine: {'line': b'-- Up-to-date: /root/ros2_ws/install/cartographer_ros_msgs/include/cartographer_ros_msgs/cartographer_ros_msgs/msg/detail/landmark_entry__functions.h\n'}
[3.343064] (cartographer_ros_msgs) StdoutLine: {'line': b'-- Up-to-date: /root/ros2_ws/install/cartographer_ros_msgs/include/cartographer_ros_msgs/cartographer_ros_msgs/msg/detail/metric__functions.c\n'}
[3.343412] (cartographer_ros_msgs) StdoutLine: {'line': b'-- Up-to-date: /root/ros2_ws/install/cartographer_ros_msgs/include/cartographer_ros_msgs/cartographer_ros_msgs/msg/detail/metric__struct.h\n'}
[3.355814] (cartographer_ros_msgs) StdoutLine: {'line': b'-- Up-to-date: /root/ros2_ws/install/cartographer_ros_msgs/include/cartographer_ros_msgs/cartographer_ros_msgs/msg/detail/status_code__functions.c\n'}
[3.356318] (cartographer_ros_msgs) StdoutLine: {'line': b'-- Up-to-date: /root/ros2_ws/install/cartographer_ros_msgs/include/cartographer_ros_msgs/cartographer_ros_msgs/msg/detail/metric_family__functions.h\n'}
[3.356664] (cartographer_ros_msgs) StdoutLine: {'line': b'-- Up-to-date: /root/ros2_ws/install/cartographer_ros_msgs/include/cartographer_ros_msgs/cartographer_ros_msgs/msg/detail/metric_label__functions.h\n'}
[3.357180] (cartographer_ros_msgs) StdoutLine: {'line': b'-- Up-to-date: /root/ros2_ws/install/cartographer_ros_msgs/include/cartographer_ros_msgs/cartographer_ros_msgs/msg/detail/metric_label__functions.c\n'}
[3.357450] (cartographer_ros_msgs) StdoutLine: {'line': b'-- Up-to-date: /root/ros2_ws/install/cartographer_ros_msgs/include/cartographer_ros_msgs/cartographer_ros_msgs/msg/detail/metric__type_support.h\n'}
[3.357843] (cartographer_ros_msgs) StdoutLine: {'line': b'-- Up-to-date: /root/ros2_ws/install/cartographer_ros_msgs/include/cartographer_ros_msgs/cartographer_ros_msgs/msg/detail/landmark_entry__functions.c\n'}
[3.358258] (cartographer_ros_msgs) StdoutLine: {'line': b'-- Up-to-date: /root/ros2_ws/install/cartographer_ros_msgs/include/cartographer_ros_msgs/cartographer_ros_msgs/msg/metric.h\n'}
[3.358615] (cartographer_ros_msgs) StdoutLine: {'line': b'-- Up-to-date: /root/ros2_ws/install/cartographer_ros_msgs/include/cartographer_ros_msgs/cartographer_ros_msgs/msg/submap_list.h\n'}
[3.359099] (cartographer_ros_msgs) StdoutLine: {'line': b'-- Up-to-date: /root/ros2_ws/install/cartographer_ros_msgs/include/cartographer_ros_msgs/cartographer_ros_msgs/msg/histogram_bucket.h\n'}
[3.376994] (cartographer_ros_msgs) StdoutLine: {'line': b'-- Up-to-date: /root/ros2_ws/install/cartographer_ros_msgs/share/cartographer_ros_msgs/environment/library_path.sh\n'}
[3.377429] (cartographer_ros_msgs) StdoutLine: {'line': b'-- Up-to-date: /root/ros2_ws/install/cartographer_ros_msgs/share/cartographer_ros_msgs/environment/library_path.dsv\n'}
[3.377854] (cartographer_ros_msgs) StdoutLine: {'line': b'-- Up-to-date: /root/ros2_ws/install/cartographer_ros_msgs/lib/libcartographer_ros_msgs__rosidl_generator_c.so\n'}
[3.378437] (cartographer_ros_msgs) StdoutLine: {'line': b'-- Up-to-date: /root/ros2_ws/install/cartographer_ros_msgs/include/cartographer_ros_msgs/cartographer_ros_msgs\n'}
[3.379503] (cartographer_ros_msgs) StdoutLine: {'line': b'-- Up-to-date: /root/ros2_ws/install/cartographer_ros_msgs/include/cartographer_ros_msgs/cartographer_ros_msgs/srv\n'}
[3.383628] (cartographer_ros_msgs) StdoutLine: {'line': b'-- Up-to-date: /root/ros2_ws/install/cartographer_ros_msgs/include/cartographer_ros_msgs/cartographer_ros_msgs/srv/detail\n'}
[3.387422] (cartographer_ros_msgs) StdoutLine: {'line': b'-- Up-to-date: /root/ros2_ws/install/cartographer_ros_msgs/include/cartographer_ros_msgs/cartographer_ros_msgs/srv/detail/start_trajectory__rosidl_typesupport_fastrtps_c.h\n'}
[3.390136] (cartographer_ros_msgs) StdoutLine: {'line': b'-- Up-to-date: /root/ros2_ws/install/cartographer_ros_msgs/include/cartographer_ros_msgs/cartographer_ros_msgs/srv/detail/get_trajectory_states__rosidl_typesupport_fastrtps_c.h\n'}
[3.390489] (cartographer_ros_msgs) StdoutLine: {'line': b'-- Up-to-date: /root/ros2_ws/install/cartographer_ros_msgs/include/cartographer_ros_msgs/cartographer_ros_msgs/srv/detail/trajectory_query__rosidl_typesupport_fastrtps_c.h\n'}
[3.390929] (cartographer_ros_msgs) StdoutLine: {'line': b'-- Up-to-date: /root/ros2_ws/install/cartographer_ros_msgs/include/cartographer_ros_msgs/cartographer_ros_msgs/srv/detail/write_state__rosidl_typesupport_fastrtps_c.h\n'}
[3.391269] (cartographer_ros_msgs) StdoutLine: {'line': b'-- Up-to-date: /root/ros2_ws/install/cartographer_ros_msgs/include/cartographer_ros_msgs/cartographer_ros_msgs/srv/detail/read_metrics__rosidl_typesupport_fastrtps_c.h\n'}
[3.394153] (cartographer_ros_msgs) StdoutLine: {'line': b'-- Up-to-date: /root/ros2_ws/install/cartographer_ros_msgs/include/cartographer_ros_msgs/cartographer_ros_msgs/srv/detail/submap_query__rosidl_typesupport_fastrtps_c.h\n'}
[3.400294] (cartographer_ros_msgs) StdoutLine: {'line': b'-- Up-to-date: /root/ros2_ws/install/cartographer_ros_msgs/include/cartographer_ros_msgs/cartographer_ros_msgs/srv/detail/finish_trajectory__rosidl_typesupport_fastrtps_c.h\n'}
[3.400891] (cartographer_ros_msgs) StdoutLine: {'line': b'-- Up-to-date: /root/ros2_ws/install/cartographer_ros_msgs/include/cartographer_ros_msgs/cartographer_ros_msgs/msg\n'}
[3.401348] (cartographer_ros_msgs) StdoutLine: {'line': b'-- Up-to-date: /root/ros2_ws/install/cartographer_ros_msgs/include/cartographer_ros_msgs/cartographer_ros_msgs/msg/detail\n'}
[3.401721] (cartographer_ros_msgs) StdoutLine: {'line': b'-- Up-to-date: /root/ros2_ws/install/cartographer_ros_msgs/include/cartographer_ros_msgs/cartographer_ros_msgs/msg/detail/status_response__rosidl_typesupport_fastrtps_c.h\n'}
[3.402079] (cartographer_ros_msgs) StdoutLine: {'line': b'-- Up-to-date: /root/ros2_ws/install/cartographer_ros_msgs/include/cartographer_ros_msgs/cartographer_ros_msgs/msg/detail/status_code__rosidl_typesupport_fastrtps_c.h\n'}
[3.402335] (cartographer_ros_msgs) StdoutLine: {'line': b'-- Up-to-date: /root/ros2_ws/install/cartographer_ros_msgs/include/cartographer_ros_msgs/cartographer_ros_msgs/msg/detail/histogram_bucket__rosidl_typesupport_fastrtps_c.h\n'}
[3.402590] (cartographer_ros_msgs) StdoutLine: {'line': b'-- Up-to-date: /root/ros2_ws/install/cartographer_ros_msgs/include/cartographer_ros_msgs/cartographer_ros_msgs/msg/detail/metric_family__rosidl_typesupport_fastrtps_c.h\n'}
[3.402874] (cartographer_ros_msgs) StdoutLine: {'line': b'-- Up-to-date: /root/ros2_ws/install/cartographer_ros_msgs/include/cartographer_ros_msgs/cartographer_ros_msgs/msg/detail/metric_label__rosidl_typesupport_fastrtps_c.h\n'}
[3.404612] (cartographer_ros_msgs) StdoutLine: {'line': b'-- Up-to-date: /root/ros2_ws/install/cartographer_ros_msgs/include/cartographer_ros_msgs/cartographer_ros_msgs/msg/detail/submap_entry__rosidl_typesupport_fastrtps_c.h\n'}
[3.405719] (cartographer_ros_msgs) StdoutLine: {'line': b'-- Up-to-date: /root/ros2_ws/install/cartographer_ros_msgs/include/cartographer_ros_msgs/cartographer_ros_msgs/msg/detail/landmark_list__rosidl_typesupport_fastrtps_c.h\n'}
[3.406106] (cartographer_ros_msgs) StdoutLine: {'line': b'-- Up-to-date: /root/ros2_ws/install/cartographer_ros_msgs/include/cartographer_ros_msgs/cartographer_ros_msgs/msg/detail/submap_list__rosidl_typesupport_fastrtps_c.h\n'}
[3.406377] (cartographer_ros_msgs) StdoutLine: {'line': b'-- Up-to-date: /root/ros2_ws/install/cartographer_ros_msgs/include/cartographer_ros_msgs/cartographer_ros_msgs/msg/detail/metric__rosidl_typesupport_fastrtps_c.h\n'}
[3.406712] (cartographer_ros_msgs) StdoutLine: {'line': b'-- Up-to-date: /root/ros2_ws/install/cartographer_ros_msgs/include/cartographer_ros_msgs/cartographer_ros_msgs/msg/detail/landmark_entry__rosidl_typesupport_fastrtps_c.h\n'}
[3.407000] (cartographer_ros_msgs) StdoutLine: {'line': b'-- Up-to-date: /root/ros2_ws/install/cartographer_ros_msgs/include/cartographer_ros_msgs/cartographer_ros_msgs/msg/detail/submap_texture__rosidl_typesupport_fastrtps_c.h\n'}
[3.407509] (cartographer_ros_msgs) StdoutLine: {'line': b'-- Up-to-date: /root/ros2_ws/install/cartographer_ros_msgs/include/cartographer_ros_msgs/cartographer_ros_msgs/msg/detail/trajectory_states__rosidl_typesupport_fastrtps_c.h\n'}
[3.407940] (cartographer_ros_msgs) StdoutLine: {'line': b'-- Up-to-date: /root/ros2_ws/install/cartographer_ros_msgs/include/cartographer_ros_msgs/cartographer_ros_msgs/msg/detail/bagfile_progress__rosidl_typesupport_fastrtps_c.h\n'}
[3.408280] (cartographer_ros_msgs) StdoutLine: {'line': b'-- Up-to-date: /root/ros2_ws/install/cartographer_ros_msgs/include/cartographer_ros_msgs/cartographer_ros_msgs/msg/rosidl_typesupport_fastrtps_c__visibility_control.h\n'}
[3.408566] (cartographer_ros_msgs) StdoutLine: {'line': b'-- Up-to-date: /root/ros2_ws/install/cartographer_ros_msgs/lib/libcartographer_ros_msgs__rosidl_typesupport_fastrtps_c.so\n'}
[3.408897] (cartographer_ros_msgs) StdoutLine: {'line': b'-- Up-to-date: /root/ros2_ws/install/cartographer_ros_msgs/include/cartographer_ros_msgs/cartographer_ros_msgs\n'}
[3.409168] (cartographer_ros_msgs) StdoutLine: {'line': b'-- Up-to-date: /root/ros2_ws/install/cartographer_ros_msgs/include/cartographer_ros_msgs/cartographer_ros_msgs/srv\n'}
[3.409397] (cartographer_ros_msgs) StdoutLine: {'line': b'-- Up-to-date: /root/ros2_ws/install/cartographer_ros_msgs/include/cartographer_ros_msgs/cartographer_ros_msgs/srv/detail\n'}
[3.410151] (cartographer_ros_msgs) StdoutLine: {'line': b'-- Up-to-date: /root/ros2_ws/install/cartographer_ros_msgs/include/cartographer_ros_msgs/cartographer_ros_msgs/srv/detail/finish_trajectory__type_support.c\n'}
[3.410774] (cartographer_ros_msgs) StdoutLine: {'line': b'-- Up-to-date: /root/ros2_ws/install/cartographer_ros_msgs/include/cartographer_ros_msgs/cartographer_ros_msgs/srv/detail/get_trajectory_states__rosidl_typesupport_introspection_c.h\n'}
[3.411437] (cartographer_ros_msgs) StdoutLine: {'line': b'-- Up-to-date: /root/ros2_ws/install/cartographer_ros_msgs/include/cartographer_ros_msgs/cartographer_ros_msgs/srv/detail/start_trajectory__type_support.c\n'}
[3.412430] (cartographer_ros_msgs) StdoutLine: {'line': b'-- Up-to-date: /root/ros2_ws/install/cartographer_ros_msgs/include/cartographer_ros_msgs/cartographer_ros_msgs/srv/detail/read_metrics__type_support.c\n'}
[3.412905] (cartographer_ros_msgs) StdoutLine: {'line': b'-- Up-to-date: /root/ros2_ws/install/cartographer_ros_msgs/include/cartographer_ros_msgs/cartographer_ros_msgs/srv/detail/write_state__rosidl_typesupport_introspection_c.h\n'}
[3.417018] (cartographer_ros_msgs) StdoutLine: {'line': b'-- Up-to-date: /root/ros2_ws/install/cartographer_ros_msgs/include/cartographer_ros_msgs/cartographer_ros_msgs/srv/detail/submap_query__type_support.c\n'}
[3.418441] (cartographer_ros_msgs) StdoutLine: {'line': b'-- Up-to-date: /root/ros2_ws/install/cartographer_ros_msgs/include/cartographer_ros_msgs/cartographer_ros_msgs/srv/detail/get_trajectory_states__type_support.c\n'}
[3.418866] (cartographer_ros_msgs) StdoutLine: {'line': b'-- Up-to-date: /root/ros2_ws/install/cartographer_ros_msgs/include/cartographer_ros_msgs/cartographer_ros_msgs/srv/detail/submap_query__rosidl_typesupport_introspection_c.h\n'}
[3.419220] (cartographer_ros_msgs) StdoutLine: {'line': b'-- Up-to-date: /root/ros2_ws/install/cartographer_ros_msgs/include/cartographer_ros_msgs/cartographer_ros_msgs/srv/detail/start_trajectory__rosidl_typesupport_introspection_c.h\n'}
[3.419617] (cartographer_ros_msgs) StdoutLine: {'line': b'-- Up-to-date: /root/ros2_ws/install/cartographer_ros_msgs/include/cartographer_ros_msgs/cartographer_ros_msgs/srv/detail/trajectory_query__rosidl_typesupport_introspection_c.h\n'}
[3.420319] (cartographer_ros_msgs) StdoutLine: {'line': b'-- Up-to-date: /root/ros2_ws/install/cartographer_ros_msgs/include/cartographer_ros_msgs/cartographer_ros_msgs/srv/detail/trajectory_query__type_support.c\n'}
[3.420959] (cartographer_ros_msgs) StdoutLine: {'line': b'-- Up-to-date: /root/ros2_ws/install/cartographer_ros_msgs/include/cartographer_ros_msgs/cartographer_ros_msgs/srv/detail/read_metrics__rosidl_typesupport_introspection_c.h\n'}
[3.421258] (cartographer_ros_msgs) StdoutLine: {'line': b'-- Up-to-date: /root/ros2_ws/install/cartographer_ros_msgs/include/cartographer_ros_msgs/cartographer_ros_msgs/srv/detail/finish_trajectory__rosidl_typesupport_introspection_c.h\n'}
[3.421530] (cartographer_ros_msgs) StdoutLine: {'line': b'-- Up-to-date: /root/ros2_ws/install/cartographer_ros_msgs/include/cartographer_ros_msgs/cartographer_ros_msgs/srv/detail/write_state__type_support.c\n'}
[3.421844] (cartographer_ros_msgs) StdoutLine: {'line': b'-- Up-to-date: /root/ros2_ws/install/cartographer_ros_msgs/include/cartographer_ros_msgs/cartographer_ros_msgs/msg\n'}
[3.422103] (cartographer_ros_msgs) StdoutLine: {'line': b'-- Up-to-date: /root/ros2_ws/install/cartographer_ros_msgs/include/cartographer_ros_msgs/cartographer_ros_msgs/msg/detail\n'}
[3.422441] (cartographer_ros_msgs) StdoutLine: {'line': b'-- Up-to-date: /root/ros2_ws/install/cartographer_ros_msgs/include/cartographer_ros_msgs/cartographer_ros_msgs/msg/detail/landmark_list__rosidl_typesupport_introspection_c.h\n'}
[3.422868] (cartographer_ros_msgs) StdoutLine: {'line': b'-- Up-to-date: /root/ros2_ws/install/cartographer_ros_msgs/include/cartographer_ros_msgs/cartographer_ros_msgs/msg/detail/metric_label__rosidl_typesupport_introspection_c.h\n'}
[3.423206] (cartographer_ros_msgs) StdoutLine: {'line': b'-- Up-to-date: /root/ros2_ws/install/cartographer_ros_msgs/include/cartographer_ros_msgs/cartographer_ros_msgs/msg/detail/submap_entry__rosidl_typesupport_introspection_c.h\n'}
[3.423523] (cartographer_ros_msgs) StdoutLine: {'line': b'-- Up-to-date: /root/ros2_ws/install/cartographer_ros_msgs/include/cartographer_ros_msgs/cartographer_ros_msgs/msg/detail/status_code__rosidl_typesupport_introspection_c.h\n'}
[3.423895] (cartographer_ros_msgs) StdoutLine: {'line': b'-- Up-to-date: /root/ros2_ws/install/cartographer_ros_msgs/include/cartographer_ros_msgs/cartographer_ros_msgs/msg/detail/status_response__rosidl_typesupport_introspection_c.h\n'}
[3.424229] (cartographer_ros_msgs) StdoutLine: {'line': b'-- Up-to-date: /root/ros2_ws/install/cartographer_ros_msgs/include/cartographer_ros_msgs/cartographer_ros_msgs/msg/detail/metric_family__rosidl_typesupport_introspection_c.h\n'}
[3.424573] (cartographer_ros_msgs) StdoutLine: {'line': b'-- Up-to-date: /root/ros2_ws/install/cartographer_ros_msgs/include/cartographer_ros_msgs/cartographer_ros_msgs/msg/detail/metric_label__type_support.c\n'}
[3.425100] (cartographer_ros_msgs) StdoutLine: {'line': b'-- Up-to-date: /root/ros2_ws/install/cartographer_ros_msgs/include/cartographer_ros_msgs/cartographer_ros_msgs/msg/detail/submap_list__type_support.c\n'}
[3.425800] (cartographer_ros_msgs) StdoutLine: {'line': b'-- Up-to-date: /root/ros2_ws/install/cartographer_ros_msgs/include/cartographer_ros_msgs/cartographer_ros_msgs/msg/detail/histogram_bucket__type_support.c\n'}
[3.426360] (cartographer_ros_msgs) StdoutLine: {'line': b'-- Up-to-date: /root/ros2_ws/install/cartographer_ros_msgs/include/cartographer_ros_msgs/cartographer_ros_msgs/msg/detail/bagfile_progress__rosidl_typesupport_introspection_c.h\n'}
[3.426873] (cartographer_ros_msgs) StdoutLine: {'line': b'-- Up-to-date: /root/ros2_ws/install/cartographer_ros_msgs/include/cartographer_ros_msgs/cartographer_ros_msgs/msg/detail/landmark_entry__type_support.c\n'}
[3.427369] (cartographer_ros_msgs) StdoutLine: {'line': b'-- Up-to-date: /root/ros2_ws/install/cartographer_ros_msgs/include/cartographer_ros_msgs/cartographer_ros_msgs/msg/detail/metric__rosidl_typesupport_introspection_c.h\n'}
[3.428081] (cartographer_ros_msgs) StdoutLine: {'line': b'-- Up-to-date: /root/ros2_ws/install/cartographer_ros_msgs/include/cartographer_ros_msgs/cartographer_ros_msgs/msg/detail/submap_texture__rosidl_typesupport_introspection_c.h\n'}
[3.428755] (cartographer_ros_msgs) StdoutLine: {'line': b'-- Up-to-date: /root/ros2_ws/install/cartographer_ros_msgs/include/cartographer_ros_msgs/cartographer_ros_msgs/msg/detail/histogram_bucket__rosidl_typesupport_introspection_c.h\n'}
[3.429226] (cartographer_ros_msgs) StdoutLine: {'line': b'-- Up-to-date: /root/ros2_ws/install/cartographer_ros_msgs/include/cartographer_ros_msgs/cartographer_ros_msgs/msg/detail/landmark_list__type_support.c\n'}
[3.429594] (cartographer_ros_msgs) StdoutLine: {'line': b'-- Up-to-date: /root/ros2_ws/install/cartographer_ros_msgs/include/cartographer_ros_msgs/cartographer_ros_msgs/msg/detail/bagfile_progress__type_support.c\n'}
[3.430014] (cartographer_ros_msgs) StdoutLine: {'line': b'-- Up-to-date: /root/ros2_ws/install/cartographer_ros_msgs/include/cartographer_ros_msgs/cartographer_ros_msgs/msg/detail/trajectory_states__rosidl_typesupport_introspection_c.h\n'}
[3.430384] (cartographer_ros_msgs) StdoutLine: {'line': b'-- Up-to-date: /root/ros2_ws/install/cartographer_ros_msgs/include/cartographer_ros_msgs/cartographer_ros_msgs/msg/detail/metric_family__type_support.c\n'}
[3.430783] (cartographer_ros_msgs) StdoutLine: {'line': b'-- Up-to-date: /root/ros2_ws/install/cartographer_ros_msgs/include/cartographer_ros_msgs/cartographer_ros_msgs/msg/detail/metric__type_support.c\n'}
[3.431176] (cartographer_ros_msgs) StdoutLine: {'line': b'-- Up-to-date: /root/ros2_ws/install/cartographer_ros_msgs/include/cartographer_ros_msgs/cartographer_ros_msgs/msg/detail/landmark_entry__rosidl_typesupport_introspection_c.h\n'}
[3.431492] (cartographer_ros_msgs) StdoutLine: {'line': b'-- Up-to-date: /root/ros2_ws/install/cartographer_ros_msgs/include/cartographer_ros_msgs/cartographer_ros_msgs/msg/detail/status_response__type_support.c\n'}
[3.431864] (cartographer_ros_msgs) StdoutLine: {'line': b'-- Up-to-date: /root/ros2_ws/install/cartographer_ros_msgs/include/cartographer_ros_msgs/cartographer_ros_msgs/msg/detail/submap_entry__type_support.c\n'}
[3.432149] (cartographer_ros_msgs) StdoutLine: {'line': b'-- Up-to-date: /root/ros2_ws/install/cartographer_ros_msgs/include/cartographer_ros_msgs/cartographer_ros_msgs/msg/detail/submap_list__rosidl_typesupport_introspection_c.h\n'}
[3.432422] (cartographer_ros_msgs) StdoutLine: {'line': b'-- Up-to-date: /root/ros2_ws/install/cartographer_ros_msgs/include/cartographer_ros_msgs/cartographer_ros_msgs/msg/detail/trajectory_states__type_support.c\n'}
[3.432796] (cartographer_ros_msgs) StdoutLine: {'line': b'-- Up-to-date: /root/ros2_ws/install/cartographer_ros_msgs/include/cartographer_ros_msgs/cartographer_ros_msgs/msg/detail/status_code__type_support.c\n'}
[3.433129] (cartographer_ros_msgs) StdoutLine: {'line': b'-- Up-to-date: /root/ros2_ws/install/cartographer_ros_msgs/include/cartographer_ros_msgs/cartographer_ros_msgs/msg/detail/submap_texture__type_support.c\n'}
[3.433721] (cartographer_ros_msgs) StdoutLine: {'line': b'-- Up-to-date: /root/ros2_ws/install/cartographer_ros_msgs/include/cartographer_ros_msgs/cartographer_ros_msgs/msg/rosidl_typesupport_introspection_c__visibility_control.h\n'}
[3.434109] (cartographer_ros_msgs) StdoutLine: {'line': b'-- Up-to-date: /root/ros2_ws/install/cartographer_ros_msgs/lib/libcartographer_ros_msgs__rosidl_typesupport_introspection_c.so\n'}
[3.434484] (cartographer_ros_msgs) StdoutLine: {'line': b'-- Up-to-date: /root/ros2_ws/install/cartographer_ros_msgs/lib/libcartographer_ros_msgs__rosidl_typesupport_c.so\n'}
[3.434993] (-) TimerEvent: {}
[3.435408] (cartographer_ros_msgs) StdoutLine: {'line': b'-- Up-to-date: /root/ros2_ws/install/cartographer_ros_msgs/include/cartographer_ros_msgs/cartographer_ros_msgs\n'}
[3.435796] (cartographer_ros_msgs) StdoutLine: {'line': b'-- Up-to-date: /root/ros2_ws/install/cartographer_ros_msgs/include/cartographer_ros_msgs/cartographer_ros_msgs/srv\n'}
[3.436338] (cartographer_ros_msgs) StdoutLine: {'line': b'-- Up-to-date: /root/ros2_ws/install/cartographer_ros_msgs/include/cartographer_ros_msgs/cartographer_ros_msgs/srv/trajectory_query.hpp\n'}
[3.437197] (cartographer_ros_msgs) StdoutLine: {'line': b'-- Up-to-date: /root/ros2_ws/install/cartographer_ros_msgs/include/cartographer_ros_msgs/cartographer_ros_msgs/srv/start_trajectory.hpp\n'}
[3.437521] (cartographer_ros_msgs) StdoutLine: {'line': b'-- Up-to-date: /root/ros2_ws/install/cartographer_ros_msgs/include/cartographer_ros_msgs/cartographer_ros_msgs/srv/read_metrics.hpp\n'}
[3.438110] (cartographer_ros_msgs) StdoutLine: {'line': b'-- Up-to-date: /root/ros2_ws/install/cartographer_ros_msgs/include/cartographer_ros_msgs/cartographer_ros_msgs/srv/finish_trajectory.hpp\n'}
[3.438400] (cartographer_ros_msgs) StdoutLine: {'line': b'-- Up-to-date: /root/ros2_ws/install/cartographer_ros_msgs/include/cartographer_ros_msgs/cartographer_ros_msgs/srv/submap_query.hpp\n'}
[3.438675] (cartographer_ros_msgs) StdoutLine: {'line': b'-- Up-to-date: /root/ros2_ws/install/cartographer_ros_msgs/include/cartographer_ros_msgs/cartographer_ros_msgs/srv/get_trajectory_states.hpp\n'}
[3.438963] (cartographer_ros_msgs) StdoutLine: {'line': b'-- Up-to-date: /root/ros2_ws/install/cartographer_ros_msgs/include/cartographer_ros_msgs/cartographer_ros_msgs/srv/detail\n'}
[3.439215] (cartographer_ros_msgs) StdoutLine: {'line': b'-- Up-to-date: /root/ros2_ws/install/cartographer_ros_msgs/include/cartographer_ros_msgs/cartographer_ros_msgs/srv/detail/trajectory_query__builder.hpp\n'}
[3.439480] (cartographer_ros_msgs) StdoutLine: {'line': b'-- Up-to-date: /root/ros2_ws/install/cartographer_ros_msgs/include/cartographer_ros_msgs/cartographer_ros_msgs/srv/detail/submap_query__struct.hpp\n'}
[3.439790] (cartographer_ros_msgs) StdoutLine: {'line': b'-- Up-to-date: /root/ros2_ws/install/cartographer_ros_msgs/include/cartographer_ros_msgs/cartographer_ros_msgs/srv/detail/submap_query__builder.hpp\n'}
[3.440100] (cartographer_ros_msgs) StdoutLine: {'line': b'-- Up-to-date: /root/ros2_ws/install/cartographer_ros_msgs/include/cartographer_ros_msgs/cartographer_ros_msgs/srv/detail/submap_query__traits.hpp\n'}
[3.440354] (cartographer_ros_msgs) StdoutLine: {'line': b'-- Up-to-date: /root/ros2_ws/install/cartographer_ros_msgs/include/cartographer_ros_msgs/cartographer_ros_msgs/srv/detail/write_state__traits.hpp\n'}
[3.440600] (cartographer_ros_msgs) StdoutLine: {'line': b'-- Up-to-date: /root/ros2_ws/install/cartographer_ros_msgs/include/cartographer_ros_msgs/cartographer_ros_msgs/srv/detail/start_trajectory__struct.hpp\n'}
[3.440942] (cartographer_ros_msgs) StdoutLine: {'line': b'-- Up-to-date: /root/ros2_ws/install/cartographer_ros_msgs/include/cartographer_ros_msgs/cartographer_ros_msgs/srv/detail/get_trajectory_states__builder.hpp\n'}
[3.441267] (cartographer_ros_msgs) StdoutLine: {'line': b'-- Up-to-date: /root/ros2_ws/install/cartographer_ros_msgs/include/cartographer_ros_msgs/cartographer_ros_msgs/srv/detail/get_trajectory_states__struct.hpp\n'}
[3.441722] (cartographer_ros_msgs) StdoutLine: {'line': b'-- Up-to-date: /root/ros2_ws/install/cartographer_ros_msgs/include/cartographer_ros_msgs/cartographer_ros_msgs/srv/detail/trajectory_query__traits.hpp\n'}
[3.442198] (cartographer_ros_msgs) StdoutLine: {'line': b'-- Up-to-date: /root/ros2_ws/install/cartographer_ros_msgs/include/cartographer_ros_msgs/cartographer_ros_msgs/srv/detail/finish_trajectory__type_support.hpp\n'}
[3.442582] (cartographer_ros_msgs) StdoutLine: {'line': b'-- Up-to-date: /root/ros2_ws/install/cartographer_ros_msgs/include/cartographer_ros_msgs/cartographer_ros_msgs/srv/detail/finish_trajectory__struct.hpp\n'}
[3.442955] (cartographer_ros_msgs) StdoutLine: {'line': b'-- Up-to-date: /root/ros2_ws/install/cartographer_ros_msgs/include/cartographer_ros_msgs/cartographer_ros_msgs/srv/detail/read_metrics__builder.hpp\n'}
[3.443273] (cartographer_ros_msgs) StdoutLine: {'line': b'-- Up-to-date: /root/ros2_ws/install/cartographer_ros_msgs/include/cartographer_ros_msgs/cartographer_ros_msgs/srv/detail/read_metrics__traits.hpp\n'}
[3.444103] (cartographer_ros_msgs) StdoutLine: {'line': b'-- Up-to-date: /root/ros2_ws/install/cartographer_ros_msgs/include/cartographer_ros_msgs/cartographer_ros_msgs/srv/detail/read_metrics__type_support.hpp\n'}
[3.444728] (cartographer_ros_msgs) StdoutLine: {'line': b'-- Up-to-date: /root/ros2_ws/install/cartographer_ros_msgs/include/cartographer_ros_msgs/cartographer_ros_msgs/srv/detail/start_trajectory__traits.hpp\n'}
[3.445178] (cartographer_ros_msgs) StdoutLine: {'line': b'-- Up-to-date: /root/ros2_ws/install/cartographer_ros_msgs/include/cartographer_ros_msgs/cartographer_ros_msgs/srv/detail/write_state__builder.hpp\n'}
[3.445869] (cartographer_ros_msgs) StdoutLine: {'line': b'-- Up-to-date: /root/ros2_ws/install/cartographer_ros_msgs/include/cartographer_ros_msgs/cartographer_ros_msgs/srv/detail/trajectory_query__type_support.hpp\n'}
[3.446484] (cartographer_ros_msgs) StdoutLine: {'line': b'-- Up-to-date: /root/ros2_ws/install/cartographer_ros_msgs/include/cartographer_ros_msgs/cartographer_ros_msgs/srv/detail/finish_trajectory__traits.hpp\n'}
[3.446784] (cartographer_ros_msgs) StdoutLine: {'line': b'-- Up-to-date: /root/ros2_ws/install/cartographer_ros_msgs/include/cartographer_ros_msgs/cartographer_ros_msgs/srv/detail/submap_query__type_support.hpp\n'}
[3.448884] (cartographer_ros_msgs) StdoutLine: {'line': b'-- Up-to-date: /root/ros2_ws/install/cartographer_ros_msgs/include/cartographer_ros_msgs/cartographer_ros_msgs/srv/detail/finish_trajectory__builder.hpp\n'}
[3.449435] (cartographer_ros_msgs) StdoutLine: {'line': b'-- Up-to-date: /root/ros2_ws/install/cartographer_ros_msgs/include/cartographer_ros_msgs/cartographer_ros_msgs/srv/detail/start_trajectory__builder.hpp\n'}
[3.450001] (cartographer_ros_msgs) StdoutLine: {'line': b'-- Up-to-date: /root/ros2_ws/install/cartographer_ros_msgs/include/cartographer_ros_msgs/cartographer_ros_msgs/srv/detail/trajectory_query__struct.hpp\n'}
[3.450420] (cartographer_ros_msgs) StdoutLine: {'line': b'-- Up-to-date: /root/ros2_ws/install/cartographer_ros_msgs/include/cartographer_ros_msgs/cartographer_ros_msgs/srv/detail/start_trajectory__type_support.hpp\n'}
[3.450972] (cartographer_ros_msgs) StdoutLine: {'line': b'-- Up-to-date: /root/ros2_ws/install/cartographer_ros_msgs/include/cartographer_ros_msgs/cartographer_ros_msgs/srv/detail/write_state__type_support.hpp\n'}
[3.451415] (cartographer_ros_msgs) StdoutLine: {'line': b'-- Up-to-date: /root/ros2_ws/install/cartographer_ros_msgs/include/cartographer_ros_msgs/cartographer_ros_msgs/srv/detail/write_state__struct.hpp\n'}
[3.452089] (cartographer_ros_msgs) StdoutLine: {'line': b'-- Up-to-date: /root/ros2_ws/install/cartographer_ros_msgs/include/cartographer_ros_msgs/cartographer_ros_msgs/srv/detail/get_trajectory_states__type_support.hpp\n'}
[3.453109] (cartographer_ros_msgs) StdoutLine: {'line': b'-- Up-to-date: /root/ros2_ws/install/cartographer_ros_msgs/include/cartographer_ros_msgs/cartographer_ros_msgs/srv/detail/get_trajectory_states__traits.hpp\n'}
[3.453992] (cartographer_ros_msgs) StdoutLine: {'line': b'-- Up-to-date: /root/ros2_ws/install/cartographer_ros_msgs/include/cartographer_ros_msgs/cartographer_ros_msgs/srv/detail/read_metrics__struct.hpp\n'}
[3.454293] (cartographer_ros_msgs) StdoutLine: {'line': b'-- Up-to-date: /root/ros2_ws/install/cartographer_ros_msgs/include/cartographer_ros_msgs/cartographer_ros_msgs/srv/write_state.hpp\n'}
[3.454552] (cartographer_ros_msgs) StdoutLine: {'line': b'-- Up-to-date: /root/ros2_ws/install/cartographer_ros_msgs/include/cartographer_ros_msgs/cartographer_ros_msgs/msg\n'}
[3.454807] (cartographer_ros_msgs) StdoutLine: {'line': b'-- Up-to-date: /root/ros2_ws/install/cartographer_ros_msgs/include/cartographer_ros_msgs/cartographer_ros_msgs/msg/landmark_entry.hpp\n'}
[3.455064] (cartographer_ros_msgs) StdoutLine: {'line': b'-- Up-to-date: /root/ros2_ws/install/cartographer_ros_msgs/include/cartographer_ros_msgs/cartographer_ros_msgs/msg/status_code.hpp\n'}
[3.455312] (cartographer_ros_msgs) StdoutLine: {'line': b'-- Up-to-date: /root/ros2_ws/install/cartographer_ros_msgs/include/cartographer_ros_msgs/cartographer_ros_msgs/msg/metric_family.hpp\n'}
[3.455562] (cartographer_ros_msgs) StdoutLine: {'line': b'-- Up-to-date: /root/ros2_ws/install/cartographer_ros_msgs/include/cartographer_ros_msgs/cartographer_ros_msgs/msg/trajectory_states.hpp\n'}
[3.455843] (cartographer_ros_msgs) StdoutLine: {'line': b'-- Up-to-date: /root/ros2_ws/install/cartographer_ros_msgs/include/cartographer_ros_msgs/cartographer_ros_msgs/msg/histogram_bucket.hpp\n'}
[3.456089] (cartographer_ros_msgs) StdoutLine: {'line': b'-- Up-to-date: /root/ros2_ws/install/cartographer_ros_msgs/include/cartographer_ros_msgs/cartographer_ros_msgs/msg/status_response.hpp\n'}
[3.456338] (cartographer_ros_msgs) StdoutLine: {'line': b'-- Up-to-date: /root/ros2_ws/install/cartographer_ros_msgs/include/cartographer_ros_msgs/cartographer_ros_msgs/msg/rosidl_generator_cpp__visibility_control.hpp\n'}
[3.456583] (cartographer_ros_msgs) StdoutLine: {'line': b'-- Up-to-date: /root/ros2_ws/install/cartographer_ros_msgs/include/cartographer_ros_msgs/cartographer_ros_msgs/msg/metric.hpp\n'}
[3.457602] (cartographer_ros_msgs) StdoutLine: {'line': b'-- Up-to-date: /root/ros2_ws/install/cartographer_ros_msgs/include/cartographer_ros_msgs/cartographer_ros_msgs/msg/submap_list.hpp\n'}
[3.458046] (cartographer_ros_msgs) StdoutLine: {'line': b'-- Up-to-date: /root/ros2_ws/install/cartographer_ros_msgs/include/cartographer_ros_msgs/cartographer_ros_msgs/msg/bagfile_progress.hpp\n'}
[3.458637] (cartographer_ros_msgs) StdoutLine: {'line': b'-- Up-to-date: /root/ros2_ws/install/cartographer_ros_msgs/include/cartographer_ros_msgs/cartographer_ros_msgs/msg/landmark_list.hpp\n'}
[3.459261] (cartographer_ros_msgs) StdoutLine: {'line': b'-- Up-to-date: /root/ros2_ws/install/cartographer_ros_msgs/include/cartographer_ros_msgs/cartographer_ros_msgs/msg/submap_entry.hpp\n'}
[3.459937] (cartographer_ros_msgs) StdoutLine: {'line': b'-- Up-to-date: /root/ros2_ws/install/cartographer_ros_msgs/include/cartographer_ros_msgs/cartographer_ros_msgs/msg/detail\n'}
[3.460726] (cartographer_ros_msgs) StdoutLine: {'line': b'-- Up-to-date: /root/ros2_ws/install/cartographer_ros_msgs/include/cartographer_ros_msgs/cartographer_ros_msgs/msg/detail/submap_texture__builder.hpp\n'}
[3.461156] (cartographer_ros_msgs) StdoutLine: {'line': b'-- Up-to-date: /root/ros2_ws/install/cartographer_ros_msgs/include/cartographer_ros_msgs/cartographer_ros_msgs/msg/detail/landmark_list__traits.hpp\n'}
[3.461443] (cartographer_ros_msgs) StdoutLine: {'line': b'-- Up-to-date: /root/ros2_ws/install/cartographer_ros_msgs/include/cartographer_ros_msgs/cartographer_ros_msgs/msg/detail/histogram_bucket__builder.hpp\n'}
[3.461829] (cartographer_ros_msgs) StdoutLine: {'line': b'-- Up-to-date: /root/ros2_ws/install/cartographer_ros_msgs/include/cartographer_ros_msgs/cartographer_ros_msgs/msg/detail/status_code__builder.hpp\n'}
[3.462588] (cartographer_ros_msgs) StdoutLine: {'line': b'-- Up-to-date: /root/ros2_ws/install/cartographer_ros_msgs/include/cartographer_ros_msgs/cartographer_ros_msgs/msg/detail/metric_family__traits.hpp\n'}
[3.463206] (cartographer_ros_msgs) StdoutLine: {'line': b'-- Up-to-date: /root/ros2_ws/install/cartographer_ros_msgs/include/cartographer_ros_msgs/cartographer_ros_msgs/msg/detail/landmark_list__struct.hpp\n'}
[3.463475] (cartographer_ros_msgs) StdoutLine: {'line': b'-- Up-to-date: /root/ros2_ws/install/cartographer_ros_msgs/include/cartographer_ros_msgs/cartographer_ros_msgs/msg/detail/metric__builder.hpp\n'}
[3.464206] (cartographer_ros_msgs) StdoutLine: {'line': b'-- Up-to-date: /root/ros2_ws/install/cartographer_ros_msgs/include/cartographer_ros_msgs/cartographer_ros_msgs/msg/detail/landmark_entry__struct.hpp\n'}
[3.464624] (cartographer_ros_msgs) StdoutLine: {'line': b'-- Up-to-date: /root/ros2_ws/install/cartographer_ros_msgs/include/cartographer_ros_msgs/cartographer_ros_msgs/msg/detail/submap_texture__traits.hpp\n'}
[3.465136] (cartographer_ros_msgs) StdoutLine: {'line': b'-- Up-to-date: /root/ros2_ws/install/cartographer_ros_msgs/include/cartographer_ros_msgs/cartographer_ros_msgs/msg/detail/status_code__traits.hpp\n'}
[3.465565] (cartographer_ros_msgs) StdoutLine: {'line': b'-- Up-to-date: /root/ros2_ws/install/cartographer_ros_msgs/include/cartographer_ros_msgs/cartographer_ros_msgs/msg/detail/metric__struct.hpp\n'}
[3.466009] (cartographer_ros_msgs) StdoutLine: {'line': b'-- Up-to-date: /root/ros2_ws/install/cartographer_ros_msgs/include/cartographer_ros_msgs/cartographer_ros_msgs/msg/detail/submap_texture__type_support.hpp\n'}
[3.466498] (cartographer_ros_msgs) StdoutLine: {'line': b'-- Up-to-date: /root/ros2_ws/install/cartographer_ros_msgs/include/cartographer_ros_msgs/cartographer_ros_msgs/msg/detail/trajectory_states__builder.hpp\n'}
[3.467036] (cartographer_ros_msgs) StdoutLine: {'line': b'-- Up-to-date: /root/ros2_ws/install/cartographer_ros_msgs/include/cartographer_ros_msgs/cartographer_ros_msgs/msg/detail/trajectory_states__type_support.hpp\n'}
[3.467400] (cartographer_ros_msgs) StdoutLine: {'line': b'-- Up-to-date: /root/ros2_ws/install/cartographer_ros_msgs/include/cartographer_ros_msgs/cartographer_ros_msgs/msg/detail/histogram_bucket__struct.hpp\n'}
[3.467660] (cartographer_ros_msgs) StdoutLine: {'line': b'-- Up-to-date: /root/ros2_ws/install/cartographer_ros_msgs/include/cartographer_ros_msgs/cartographer_ros_msgs/msg/detail/bagfile_progress__traits.hpp\n'}
[3.467993] (cartographer_ros_msgs) StdoutLine: {'line': b'-- Up-to-date: /root/ros2_ws/install/cartographer_ros_msgs/include/cartographer_ros_msgs/cartographer_ros_msgs/msg/detail/metric_label__struct.hpp\n'}
[3.468288] (cartographer_ros_msgs) StdoutLine: {'line': b'-- Up-to-date: /root/ros2_ws/install/cartographer_ros_msgs/include/cartographer_ros_msgs/cartographer_ros_msgs/msg/detail/submap_entry__type_support.hpp\n'}
[3.468558] (cartographer_ros_msgs) StdoutLine: {'line': b'-- Up-to-date: /root/ros2_ws/install/cartographer_ros_msgs/include/cartographer_ros_msgs/cartographer_ros_msgs/msg/detail/metric_label__traits.hpp\n'}
[3.468865] (cartographer_ros_msgs) StdoutLine: {'line': b'-- Up-to-date: /root/ros2_ws/install/cartographer_ros_msgs/include/cartographer_ros_msgs/cartographer_ros_msgs/msg/detail/bagfile_progress__builder.hpp\n'}
[3.469112] (cartographer_ros_msgs) StdoutLine: {'line': b'-- Up-to-date: /root/ros2_ws/install/cartographer_ros_msgs/include/cartographer_ros_msgs/cartographer_ros_msgs/msg/detail/landmark_entry__traits.hpp\n'}
[3.469353] (cartographer_ros_msgs) StdoutLine: {'line': b'-- Up-to-date: /root/ros2_ws/install/cartographer_ros_msgs/include/cartographer_ros_msgs/cartographer_ros_msgs/msg/detail/trajectory_states__struct.hpp\n'}
[3.469605] (cartographer_ros_msgs) StdoutLine: {'line': b'-- Up-to-date: /root/ros2_ws/install/cartographer_ros_msgs/include/cartographer_ros_msgs/cartographer_ros_msgs/msg/detail/landmark_list__builder.hpp\n'}
[3.470071] (cartographer_ros_msgs) StdoutLine: {'line': b'-- Up-to-date: /root/ros2_ws/install/cartographer_ros_msgs/include/cartographer_ros_msgs/cartographer_ros_msgs/msg/detail/submap_list__builder.hpp\n'}
[3.470464] (cartographer_ros_msgs) StdoutLine: {'line': b'-- Up-to-date: /root/ros2_ws/install/cartographer_ros_msgs/include/cartographer_ros_msgs/cartographer_ros_msgs/msg/detail/bagfile_progress__struct.hpp\n'}
[3.470842] (cartographer_ros_msgs) StdoutLine: {'line': b'-- Up-to-date: /root/ros2_ws/install/cartographer_ros_msgs/include/cartographer_ros_msgs/cartographer_ros_msgs/msg/detail/submap_entry__traits.hpp\n'}
[3.471180] (cartographer_ros_msgs) StdoutLine: {'line': b'-- Up-to-date: /root/ros2_ws/install/cartographer_ros_msgs/include/cartographer_ros_msgs/cartographer_ros_msgs/msg/detail/landmark_entry__builder.hpp\n'}
[3.471563] (cartographer_ros_msgs) StdoutLine: {'line': b'-- Up-to-date: /root/ros2_ws/install/cartographer_ros_msgs/include/cartographer_ros_msgs/cartographer_ros_msgs/msg/detail/status_response__builder.hpp\n'}
[3.471852] (cartographer_ros_msgs) StdoutLine: {'line': b'-- Up-to-date: /root/ros2_ws/install/cartographer_ros_msgs/include/cartographer_ros_msgs/cartographer_ros_msgs/msg/detail/metric_family__type_support.hpp\n'}
[3.472091] (cartographer_ros_msgs) StdoutLine: {'line': b'-- Up-to-date: /root/ros2_ws/install/cartographer_ros_msgs/include/cartographer_ros_msgs/cartographer_ros_msgs/msg/detail/submap_entry__struct.hpp\n'}
[3.472367] (cartographer_ros_msgs) StdoutLine: {'line': b'-- Up-to-date: /root/ros2_ws/install/cartographer_ros_msgs/include/cartographer_ros_msgs/cartographer_ros_msgs/msg/detail/metric_label__type_support.hpp\n'}
[3.472604] (cartographer_ros_msgs) StdoutLine: {'line': b'-- Up-to-date: /root/ros2_ws/install/cartographer_ros_msgs/include/cartographer_ros_msgs/cartographer_ros_msgs/msg/detail/bagfile_progress__type_support.hpp\n'}
[3.472881] (cartographer_ros_msgs) StdoutLine: {'line': b'-- Up-to-date: /root/ros2_ws/install/cartographer_ros_msgs/include/cartographer_ros_msgs/cartographer_ros_msgs/msg/detail/status_response__type_support.hpp\n'}
[3.473127] (cartographer_ros_msgs) StdoutLine: {'line': b'-- Up-to-date: /root/ros2_ws/install/cartographer_ros_msgs/include/cartographer_ros_msgs/cartographer_ros_msgs/msg/detail/histogram_bucket__type_support.hpp\n'}
[3.473350] (cartographer_ros_msgs) StdoutLine: {'line': b'-- Up-to-date: /root/ros2_ws/install/cartographer_ros_msgs/include/cartographer_ros_msgs/cartographer_ros_msgs/msg/detail/metric__type_support.hpp\n'}
[3.473603] (cartographer_ros_msgs) StdoutLine: {'line': b'-- Up-to-date: /root/ros2_ws/install/cartographer_ros_msgs/include/cartographer_ros_msgs/cartographer_ros_msgs/msg/detail/submap_list__traits.hpp\n'}
[3.474352] (cartographer_ros_msgs) StdoutLine: {'line': b'-- Up-to-date: /root/ros2_ws/install/cartographer_ros_msgs/include/cartographer_ros_msgs/cartographer_ros_msgs/msg/detail/trajectory_states__traits.hpp\n'}
[3.474621] (cartographer_ros_msgs) StdoutLine: {'line': b'-- Up-to-date: /root/ros2_ws/install/cartographer_ros_msgs/include/cartographer_ros_msgs/cartographer_ros_msgs/msg/detail/status_response__traits.hpp\n'}
[3.475031] (cartographer_ros_msgs) StdoutLine: {'line': b'-- Up-to-date: /root/ros2_ws/install/cartographer_ros_msgs/include/cartographer_ros_msgs/cartographer_ros_msgs/msg/detail/metric__traits.hpp\n'}
[3.475300] (cartographer_ros_msgs) StdoutLine: {'line': b'-- Up-to-date: /root/ros2_ws/install/cartographer_ros_msgs/include/cartographer_ros_msgs/cartographer_ros_msgs/msg/detail/metric_family__struct.hpp\n'}
[3.475615] (cartographer_ros_msgs) StdoutLine: {'line': b'-- Up-to-date: /root/ros2_ws/install/cartographer_ros_msgs/include/cartographer_ros_msgs/cartographer_ros_msgs/msg/detail/submap_list__struct.hpp\n'}
[3.475968] (cartographer_ros_msgs) StdoutLine: {'line': b'-- Up-to-date: /root/ros2_ws/install/cartographer_ros_msgs/include/cartographer_ros_msgs/cartographer_ros_msgs/msg/detail/metric_family__builder.hpp\n'}
[3.476285] (cartographer_ros_msgs) StdoutLine: {'line': b'-- Up-to-date: /root/ros2_ws/install/cartographer_ros_msgs/include/cartographer_ros_msgs/cartographer_ros_msgs/msg/detail/status_code__struct.hpp\n'}
[3.476576] (cartographer_ros_msgs) StdoutLine: {'line': b'-- Up-to-date: /root/ros2_ws/install/cartographer_ros_msgs/include/cartographer_ros_msgs/cartographer_ros_msgs/msg/detail/submap_entry__builder.hpp\n'}
[3.477046] (cartographer_ros_msgs) StdoutLine: {'line': b'-- Up-to-date: /root/ros2_ws/install/cartographer_ros_msgs/include/cartographer_ros_msgs/cartographer_ros_msgs/msg/detail/submap_list__type_support.hpp\n'}
[3.477518] (cartographer_ros_msgs) StdoutLine: {'line': b'-- Up-to-date: /root/ros2_ws/install/cartographer_ros_msgs/include/cartographer_ros_msgs/cartographer_ros_msgs/msg/detail/status_response__struct.hpp\n'}
[3.478111] (cartographer_ros_msgs) StdoutLine: {'line': b'-- Up-to-date: /root/ros2_ws/install/cartographer_ros_msgs/include/cartographer_ros_msgs/cartographer_ros_msgs/msg/detail/submap_texture__struct.hpp\n'}
[3.478502] (cartographer_ros_msgs) StdoutLine: {'line': b'-- Up-to-date: /root/ros2_ws/install/cartographer_ros_msgs/include/cartographer_ros_msgs/cartographer_ros_msgs/msg/detail/landmark_list__type_support.hpp\n'}
[3.478856] (cartographer_ros_msgs) StdoutLine: {'line': b'-- Up-to-date: /root/ros2_ws/install/cartographer_ros_msgs/include/cartographer_ros_msgs/cartographer_ros_msgs/msg/detail/histogram_bucket__traits.hpp\n'}
[3.479127] (cartographer_ros_msgs) StdoutLine: {'line': b'-- Up-to-date: /root/ros2_ws/install/cartographer_ros_msgs/include/cartographer_ros_msgs/cartographer_ros_msgs/msg/detail/status_code__type_support.hpp\n'}
[3.479395] (cartographer_ros_msgs) StdoutLine: {'line': b'-- Up-to-date: /root/ros2_ws/install/cartographer_ros_msgs/include/cartographer_ros_msgs/cartographer_ros_msgs/msg/detail/landmark_entry__type_support.hpp\n'}
[3.479684] (cartographer_ros_msgs) StdoutLine: {'line': b'-- Up-to-date: /root/ros2_ws/install/cartographer_ros_msgs/include/cartographer_ros_msgs/cartographer_ros_msgs/msg/detail/metric_label__builder.hpp\n'}
[3.480057] (cartographer_ros_msgs) StdoutLine: {'line': b'-- Up-to-date: /root/ros2_ws/install/cartographer_ros_msgs/include/cartographer_ros_msgs/cartographer_ros_msgs/msg/submap_texture.hpp\n'}
[3.480440] (cartographer_ros_msgs) StdoutLine: {'line': b'-- Up-to-date: /root/ros2_ws/install/cartographer_ros_msgs/include/cartographer_ros_msgs/cartographer_ros_msgs/msg/metric_label.hpp\n'}
[3.480815] (cartographer_ros_msgs) StdoutLine: {'line': b'-- Up-to-date: /root/ros2_ws/install/cartographer_ros_msgs/include/cartographer_ros_msgs/cartographer_ros_msgs\n'}
[3.481253] (cartographer_ros_msgs) StdoutLine: {'line': b'-- Up-to-date: /root/ros2_ws/install/cartographer_ros_msgs/include/cartographer_ros_msgs/cartographer_ros_msgs/srv\n'}
[3.481699] (cartographer_ros_msgs) StdoutLine: {'line': b'-- Up-to-date: /root/ros2_ws/install/cartographer_ros_msgs/include/cartographer_ros_msgs/cartographer_ros_msgs/srv/detail\n'}
[3.482214] (cartographer_ros_msgs) StdoutLine: {'line': b'-- Up-to-date: /root/ros2_ws/install/cartographer_ros_msgs/include/cartographer_ros_msgs/cartographer_ros_msgs/srv/detail/get_trajectory_states__rosidl_typesupport_fastrtps_cpp.hpp\n'}
[3.482755] (cartographer_ros_msgs) StdoutLine: {'line': b'-- Up-to-date: /root/ros2_ws/install/cartographer_ros_msgs/include/cartographer_ros_msgs/cartographer_ros_msgs/srv/detail/read_metrics__rosidl_typesupport_fastrtps_cpp.hpp\n'}
[3.483031] (cartographer_ros_msgs) StdoutLine: {'line': b'-- Up-to-date: /root/ros2_ws/install/cartographer_ros_msgs/include/cartographer_ros_msgs/cartographer_ros_msgs/srv/detail/trajectory_query__rosidl_typesupport_fastrtps_cpp.hpp\n'}
[3.483378] (cartographer_ros_msgs) StdoutLine: {'line': b'-- Up-to-date: /root/ros2_ws/install/cartographer_ros_msgs/include/cartographer_ros_msgs/cartographer_ros_msgs/srv/detail/write_state__rosidl_typesupport_fastrtps_cpp.hpp\n'}
[3.483672] (cartographer_ros_msgs) StdoutLine: {'line': b'-- Up-to-date: /root/ros2_ws/install/cartographer_ros_msgs/include/cartographer_ros_msgs/cartographer_ros_msgs/srv/detail/dds_fastrtps\n'}
[3.483990] (cartographer_ros_msgs) StdoutLine: {'line': b'-- Up-to-date: /root/ros2_ws/install/cartographer_ros_msgs/include/cartographer_ros_msgs/cartographer_ros_msgs/srv/detail/finish_trajectory__rosidl_typesupport_fastrtps_cpp.hpp\n'}
[3.484441] (cartographer_ros_msgs) StdoutLine: {'line': b'-- Up-to-date: /root/ros2_ws/install/cartographer_ros_msgs/include/cartographer_ros_msgs/cartographer_ros_msgs/srv/detail/submap_query__rosidl_typesupport_fastrtps_cpp.hpp\n'}
[3.485528] (cartographer_ros_msgs) StdoutLine: {'line': b'-- Up-to-date: /root/ros2_ws/install/cartographer_ros_msgs/include/cartographer_ros_msgs/cartographer_ros_msgs/srv/detail/start_trajectory__rosidl_typesupport_fastrtps_cpp.hpp\n'}
[3.486158] (cartographer_ros_msgs) StdoutLine: {'line': b'-- Up-to-date: /root/ros2_ws/install/cartographer_ros_msgs/include/cartographer_ros_msgs/cartographer_ros_msgs/msg\n'}
[3.486411] (cartographer_ros_msgs) StdoutLine: {'line': b'-- Up-to-date: /root/ros2_ws/install/cartographer_ros_msgs/include/cartographer_ros_msgs/cartographer_ros_msgs/msg/rosidl_typesupport_fastrtps_cpp__visibility_control.h\n'}
[3.486896] (cartographer_ros_msgs) StdoutLine: {'line': b'-- Up-to-date: /root/ros2_ws/install/cartographer_ros_msgs/include/cartographer_ros_msgs/cartographer_ros_msgs/msg/detail\n'}
[3.487141] (cartographer_ros_msgs) StdoutLine: {'line': b'-- Up-to-date: /root/ros2_ws/install/cartographer_ros_msgs/include/cartographer_ros_msgs/cartographer_ros_msgs/msg/detail/status_code__rosidl_typesupport_fastrtps_cpp.hpp\n'}
[3.487378] (cartographer_ros_msgs) StdoutLine: {'line': b'-- Up-to-date: /root/ros2_ws/install/cartographer_ros_msgs/include/cartographer_ros_msgs/cartographer_ros_msgs/msg/detail/metric_family__rosidl_typesupport_fastrtps_cpp.hpp\n'}
[3.487618] (cartographer_ros_msgs) StdoutLine: {'line': b'-- Up-to-date: /root/ros2_ws/install/cartographer_ros_msgs/include/cartographer_ros_msgs/cartographer_ros_msgs/msg/detail/submap_entry__rosidl_typesupport_fastrtps_cpp.hpp\n'}
[3.487939] (cartographer_ros_msgs) StdoutLine: {'line': b'-- Up-to-date: /root/ros2_ws/install/cartographer_ros_msgs/include/cartographer_ros_msgs/cartographer_ros_msgs/msg/detail/status_response__rosidl_typesupport_fastrtps_cpp.hpp\n'}
[3.488359] (cartographer_ros_msgs) StdoutLine: {'line': b'-- Up-to-date: /root/ros2_ws/install/cartographer_ros_msgs/include/cartographer_ros_msgs/cartographer_ros_msgs/msg/detail/bagfile_progress__rosidl_typesupport_fastrtps_cpp.hpp\n'}
[3.488772] (cartographer_ros_msgs) StdoutLine: {'line': b'-- Up-to-date: /root/ros2_ws/install/cartographer_ros_msgs/include/cartographer_ros_msgs/cartographer_ros_msgs/msg/detail/submap_texture__rosidl_typesupport_fastrtps_cpp.hpp\n'}
[3.489173] (cartographer_ros_msgs) StdoutLine: {'line': b'-- Up-to-date: /root/ros2_ws/install/cartographer_ros_msgs/include/cartographer_ros_msgs/cartographer_ros_msgs/msg/detail/metric_label__rosidl_typesupport_fastrtps_cpp.hpp\n'}
[3.489458] (cartographer_ros_msgs) StdoutLine: {'line': b'-- Up-to-date: /root/ros2_ws/install/cartographer_ros_msgs/include/cartographer_ros_msgs/cartographer_ros_msgs/msg/detail/histogram_bucket__rosidl_typesupport_fastrtps_cpp.hpp\n'}
[3.489898] (cartographer_ros_msgs) StdoutLine: {'line': b'-- Up-to-date: /root/ros2_ws/install/cartographer_ros_msgs/include/cartographer_ros_msgs/cartographer_ros_msgs/msg/detail/dds_fastrtps\n'}
[3.490417] (cartographer_ros_msgs) StdoutLine: {'line': b'-- Up-to-date: /root/ros2_ws/install/cartographer_ros_msgs/include/cartographer_ros_msgs/cartographer_ros_msgs/msg/detail/metric__rosidl_typesupport_fastrtps_cpp.hpp\n'}
[3.490836] (cartographer_ros_msgs) StdoutLine: {'line': b'-- Up-to-date: /root/ros2_ws/install/cartographer_ros_msgs/include/cartographer_ros_msgs/cartographer_ros_msgs/msg/detail/submap_list__rosidl_typesupport_fastrtps_cpp.hpp\n'}
[3.491135] (cartographer_ros_msgs) StdoutLine: {'line': b'-- Up-to-date: /root/ros2_ws/install/cartographer_ros_msgs/include/cartographer_ros_msgs/cartographer_ros_msgs/msg/detail/trajectory_states__rosidl_typesupport_fastrtps_cpp.hpp\n'}
[3.491387] (cartographer_ros_msgs) StdoutLine: {'line': b'-- Up-to-date: /root/ros2_ws/install/cartographer_ros_msgs/include/cartographer_ros_msgs/cartographer_ros_msgs/msg/detail/landmark_entry__rosidl_typesupport_fastrtps_cpp.hpp\n'}
[3.491775] (cartographer_ros_msgs) StdoutLine: {'line': b'-- Up-to-date: /root/ros2_ws/install/cartographer_ros_msgs/include/cartographer_ros_msgs/cartographer_ros_msgs/msg/detail/landmark_list__rosidl_typesupport_fastrtps_cpp.hpp\n'}
[3.492057] (cartographer_ros_msgs) StdoutLine: {'line': b'-- Up-to-date: /root/ros2_ws/install/cartographer_ros_msgs/lib/libcartographer_ros_msgs__rosidl_typesupport_fastrtps_cpp.so\n'}
[3.492346] (cartographer_ros_msgs) StdoutLine: {'line': b'-- Up-to-date: /root/ros2_ws/install/cartographer_ros_msgs/include/cartographer_ros_msgs/cartographer_ros_msgs\n'}
[3.492574] (cartographer_ros_msgs) StdoutLine: {'line': b'-- Up-to-date: /root/ros2_ws/install/cartographer_ros_msgs/include/cartographer_ros_msgs/cartographer_ros_msgs/srv\n'}
[3.492965] (cartographer_ros_msgs) StdoutLine: {'line': b'-- Up-to-date: /root/ros2_ws/install/cartographer_ros_msgs/include/cartographer_ros_msgs/cartographer_ros_msgs/srv/detail\n'}
[3.493635] (cartographer_ros_msgs) StdoutLine: {'line': b'-- Up-to-date: /root/ros2_ws/install/cartographer_ros_msgs/include/cartographer_ros_msgs/cartographer_ros_msgs/srv/detail/read_metrics__rosidl_typesupport_introspection_cpp.hpp\n'}
[3.494878] (cartographer_ros_msgs) StdoutLine: {'line': b'-- Up-to-date: /root/ros2_ws/install/cartographer_ros_msgs/include/cartographer_ros_msgs/cartographer_ros_msgs/srv/detail/trajectory_query__rosidl_typesupport_introspection_cpp.hpp\n'}
[3.495355] (cartographer_ros_msgs) StdoutLine: {'line': b'-- Up-to-date: /root/ros2_ws/install/cartographer_ros_msgs/include/cartographer_ros_msgs/cartographer_ros_msgs/srv/detail/get_trajectory_states__rosidl_typesupport_introspection_cpp.hpp\n'}
[3.495659] (cartographer_ros_msgs) StdoutLine: {'line': b'-- Up-to-date: /root/ros2_ws/install/cartographer_ros_msgs/include/cartographer_ros_msgs/cartographer_ros_msgs/srv/detail/finish_trajectory__rosidl_typesupport_introspection_cpp.hpp\n'}
[3.498320] (cartographer_ros_msgs) StdoutLine: {'line': b'-- Up-to-date: /root/ros2_ws/install/cartographer_ros_msgs/include/cartographer_ros_msgs/cartographer_ros_msgs/srv/detail/start_trajectory__type_support.cpp\n'}
[3.498921] (cartographer_ros_msgs) StdoutLine: {'line': b'-- Up-to-date: /root/ros2_ws/install/cartographer_ros_msgs/include/cartographer_ros_msgs/cartographer_ros_msgs/srv/detail/write_state__rosidl_typesupport_introspection_cpp.hpp\n'}
[3.499428] (cartographer_ros_msgs) StdoutLine: {'line': b'-- Up-to-date: /root/ros2_ws/install/cartographer_ros_msgs/include/cartographer_ros_msgs/cartographer_ros_msgs/srv/detail/start_trajectory__rosidl_typesupport_introspection_cpp.hpp\n'}
[3.499806] (cartographer_ros_msgs) StdoutLine: {'line': b'-- Up-to-date: /root/ros2_ws/install/cartographer_ros_msgs/include/cartographer_ros_msgs/cartographer_ros_msgs/srv/detail/finish_trajectory__type_support.cpp\n'}
[3.500108] (cartographer_ros_msgs) StdoutLine: {'line': b'-- Up-to-date: /root/ros2_ws/install/cartographer_ros_msgs/include/cartographer_ros_msgs/cartographer_ros_msgs/srv/detail/submap_query__rosidl_typesupport_introspection_cpp.hpp\n'}
[3.500385] (cartographer_ros_msgs) StdoutLine: {'line': b'-- Up-to-date: /root/ros2_ws/install/cartographer_ros_msgs/include/cartographer_ros_msgs/cartographer_ros_msgs/srv/detail/trajectory_query__type_support.cpp\n'}
[3.500929] (cartographer_ros_msgs) StdoutLine: {'line': b'-- Up-to-date: /root/ros2_ws/install/cartographer_ros_msgs/include/cartographer_ros_msgs/cartographer_ros_msgs/srv/detail/write_state__type_support.cpp\n'}
[3.519825] (cartographer_ros_msgs) StdoutLine: {'line': b'-- Up-to-date: /root/ros2_ws/install/cartographer_ros_msgs/include/cartographer_ros_msgs/cartographer_ros_msgs/srv/detail/get_trajectory_states__type_support.cpp\n'}
[3.520218] (cartographer_ros_msgs) StdoutLine: {'line': b'-- Up-to-date: /root/ros2_ws/install/cartographer_ros_msgs/include/cartographer_ros_msgs/cartographer_ros_msgs/srv/detail/read_metrics__type_support.cpp\n'}
[3.520504] (cartographer_ros_msgs) StdoutLine: {'line': b'-- Up-to-date: /root/ros2_ws/install/cartographer_ros_msgs/include/cartographer_ros_msgs/cartographer_ros_msgs/srv/detail/submap_query__type_support.cpp\n'}
[3.520801] (cartographer_ros_msgs) StdoutLine: {'line': b'-- Up-to-date: /root/ros2_ws/install/cartographer_ros_msgs/include/cartographer_ros_msgs/cartographer_ros_msgs/msg\n'}
[3.521068] (cartographer_ros_msgs) StdoutLine: {'line': b'-- Up-to-date: /root/ros2_ws/install/cartographer_ros_msgs/include/cartographer_ros_msgs/cartographer_ros_msgs/msg/detail\n'}
[3.521329] (cartographer_ros_msgs) StdoutLine: {'line': b'-- Up-to-date: /root/ros2_ws/install/cartographer_ros_msgs/include/cartographer_ros_msgs/cartographer_ros_msgs/msg/detail/metric__type_support.cpp\n'}
[3.521611] (cartographer_ros_msgs) StdoutLine: {'line': b'-- Up-to-date: /root/ros2_ws/install/cartographer_ros_msgs/include/cartographer_ros_msgs/cartographer_ros_msgs/msg/detail/landmark_list__rosidl_typesupport_introspection_cpp.hpp\n'}
[3.521917] (cartographer_ros_msgs) StdoutLine: {'line': b'-- Up-to-date: /root/ros2_ws/install/cartographer_ros_msgs/include/cartographer_ros_msgs/cartographer_ros_msgs/msg/detail/submap_list__type_support.cpp\n'}
[3.522196] (cartographer_ros_msgs) StdoutLine: {'line': b'-- Up-to-date: /root/ros2_ws/install/cartographer_ros_msgs/include/cartographer_ros_msgs/cartographer_ros_msgs/msg/detail/trajectory_states__type_support.cpp\n'}
[3.522486] (cartographer_ros_msgs) StdoutLine: {'line': b'-- Up-to-date: /root/ros2_ws/install/cartographer_ros_msgs/include/cartographer_ros_msgs/cartographer_ros_msgs/msg/detail/submap_entry__type_support.cpp\n'}
[3.534016] (cartographer_ros_msgs) StdoutLine: {'line': b'-- Up-to-date: /root/ros2_ws/install/cartographer_ros_msgs/include/cartographer_ros_msgs/cartographer_ros_msgs/msg/detail/bagfile_progress__type_support.cpp\n'}
[3.535059] (-) TimerEvent: {}
[3.536325] (cartographer_ros_msgs) StdoutLine: {'line': b'-- Up-to-date: /root/ros2_ws/install/cartographer_ros_msgs/include/cartographer_ros_msgs/cartographer_ros_msgs/msg/detail/metric_family__rosidl_typesupport_introspection_cpp.hpp\n'}
[3.537172] (cartographer_ros_msgs) StdoutLine: {'line': b'-- Up-to-date: /root/ros2_ws/install/cartographer_ros_msgs/include/cartographer_ros_msgs/cartographer_ros_msgs/msg/detail/metric_label__rosidl_typesupport_introspection_cpp.hpp\n'}
[3.537482] (cartographer_ros_msgs) StdoutLine: {'line': b'-- Up-to-date: /root/ros2_ws/install/cartographer_ros_msgs/include/cartographer_ros_msgs/cartographer_ros_msgs/msg/detail/submap_list__rosidl_typesupport_introspection_cpp.hpp\n'}
[3.549321] (cartographer_ros_msgs) StdoutLine: {'line': b'-- Up-to-date: /root/ros2_ws/install/cartographer_ros_msgs/include/cartographer_ros_msgs/cartographer_ros_msgs/msg/detail/submap_texture__type_support.cpp\n'}
[3.549710] (cartographer_ros_msgs) StdoutLine: {'line': b'-- Up-to-date: /root/ros2_ws/install/cartographer_ros_msgs/include/cartographer_ros_msgs/cartographer_ros_msgs/msg/detail/histogram_bucket__type_support.cpp\n'}
[3.555454] (cartographer_ros_msgs) StdoutLine: {'line': b'-- Up-to-date: /root/ros2_ws/install/cartographer_ros_msgs/include/cartographer_ros_msgs/cartographer_ros_msgs/msg/detail/status_response__type_support.cpp\n'}
[3.555814] (cartographer_ros_msgs) StdoutLine: {'line': b'-- Up-to-date: /root/ros2_ws/install/cartographer_ros_msgs/include/cartographer_ros_msgs/cartographer_ros_msgs/msg/detail/metric_label__type_support.cpp\n'}
[3.556113] (cartographer_ros_msgs) StdoutLine: {'line': b'-- Up-to-date: /root/ros2_ws/install/cartographer_ros_msgs/include/cartographer_ros_msgs/cartographer_ros_msgs/msg/detail/metric__rosidl_typesupport_introspection_cpp.hpp\n'}
[3.556430] (cartographer_ros_msgs) StdoutLine: {'line': b'-- Up-to-date: /root/ros2_ws/install/cartographer_ros_msgs/include/cartographer_ros_msgs/cartographer_ros_msgs/msg/detail/landmark_list__type_support.cpp\n'}
[3.556831] (cartographer_ros_msgs) StdoutLine: {'line': b'-- Up-to-date: /root/ros2_ws/install/cartographer_ros_msgs/include/cartographer_ros_msgs/cartographer_ros_msgs/msg/detail/histogram_bucket__rosidl_typesupport_introspection_cpp.hpp\n'}
[3.563690] (cartographer_ros_msgs) StdoutLine: {'line': b'-- Up-to-date: /root/ros2_ws/install/cartographer_ros_msgs/include/cartographer_ros_msgs/cartographer_ros_msgs/msg/detail/bagfile_progress__rosidl_typesupport_introspection_cpp.hpp\n'}
[3.564131] (cartographer_ros_msgs) StdoutLine: {'line': b'-- Up-to-date: /root/ros2_ws/install/cartographer_ros_msgs/include/cartographer_ros_msgs/cartographer_ros_msgs/msg/detail/landmark_entry__type_support.cpp\n'}
[3.564395] (cartographer_ros_msgs) StdoutLine: {'line': b'-- Up-to-date: /root/ros2_ws/install/cartographer_ros_msgs/include/cartographer_ros_msgs/cartographer_ros_msgs/msg/detail/status_response__rosidl_typesupport_introspection_cpp.hpp\n'}
[3.564635] (cartographer_ros_msgs) StdoutLine: {'line': b'-- Up-to-date: /root/ros2_ws/install/cartographer_ros_msgs/include/cartographer_ros_msgs/cartographer_ros_msgs/msg/detail/status_code__type_support.cpp\n'}
[3.570439] (cartographer_ros_msgs) StdoutLine: {'line': b'-- Up-to-date: /root/ros2_ws/install/cartographer_ros_msgs/include/cartographer_ros_msgs/cartographer_ros_msgs/msg/detail/metric_family__type_support.cpp\n'}
[3.571109] (cartographer_ros_msgs) StdoutLine: {'line': b'-- Up-to-date: /root/ros2_ws/install/cartographer_ros_msgs/include/cartographer_ros_msgs/cartographer_ros_msgs/msg/detail/status_code__rosidl_typesupport_introspection_cpp.hpp\n'}
[3.571882] (cartographer_ros_msgs) StdoutLine: {'line': b'-- Up-to-date: /root/ros2_ws/install/cartographer_ros_msgs/include/cartographer_ros_msgs/cartographer_ros_msgs/msg/detail/trajectory_states__rosidl_typesupport_introspection_cpp.hpp\n'}
[3.572453] (cartographer_ros_msgs) StdoutLine: {'line': b'-- Up-to-date: /root/ros2_ws/install/cartographer_ros_msgs/include/cartographer_ros_msgs/cartographer_ros_msgs/msg/detail/submap_entry__rosidl_typesupport_introspection_cpp.hpp\n'}
[3.572982] (cartographer_ros_msgs) StdoutLine: {'line': b'-- Up-to-date: /root/ros2_ws/install/cartographer_ros_msgs/include/cartographer_ros_msgs/cartographer_ros_msgs/msg/detail/submap_texture__rosidl_typesupport_introspection_cpp.hpp\n'}
[3.573283] (cartographer_ros_msgs) StdoutLine: {'line': b'-- Up-to-date: /root/ros2_ws/install/cartographer_ros_msgs/include/cartographer_ros_msgs/cartographer_ros_msgs/msg/detail/landmark_entry__rosidl_typesupport_introspection_cpp.hpp\n'}
[3.573524] (cartographer_ros_msgs) StdoutLine: {'line': b'-- Up-to-date: /root/ros2_ws/install/cartographer_ros_msgs/lib/libcartographer_ros_msgs__rosidl_typesupport_introspection_cpp.so\n'}
[3.589830] (cartographer_ros_msgs) StdoutLine: {'line': b'-- Up-to-date: /root/ros2_ws/install/cartographer_ros_msgs/lib/libcartographer_ros_msgs__rosidl_typesupport_cpp.so\n'}
[3.590161] (cartographer_ros_msgs) StdoutLine: {'line': b'-- Up-to-date: /root/ros2_ws/install/cartographer_ros_msgs/share/cartographer_ros_msgs/environment/pythonpath.sh\n'}
[3.590458] (cartographer) StdoutLine: {'line': b'[ 65%] Built target cartographer.io.serialization_format_migration_test\n'}
[3.590946] (cartographer_ros_msgs) StdoutLine: {'line': b'-- Up-to-date: /root/ros2_ws/install/cartographer_ros_msgs/share/cartographer_ros_msgs/environment/pythonpath.dsv\n'}
[3.591295] (cartographer_ros_msgs) StdoutLine: {'line': b'-- Up-to-date: /root/ros2_ws/install/cartographer_ros_msgs/local/lib/python3.10/dist-packages/cartographer_ros_msgs-2.0.9003-py3.10.egg-info\n'}
[3.591576] (cartographer_ros_msgs) StdoutLine: {'line': b'-- Installing: /root/ros2_ws/install/cartographer_ros_msgs/local/lib/python3.10/dist-packages/cartographer_ros_msgs-2.0.9003-py3.10.egg-info/top_level.txt\n'}
[3.592528] (cartographer_ros_msgs) StdoutLine: {'line': b'-- Installing: /root/ros2_ws/install/cartographer_ros_msgs/local/lib/python3.10/dist-packages/cartographer_ros_msgs-2.0.9003-py3.10.egg-info/SOURCES.txt\n'}
[3.603280] (cartographer_ros_msgs) StdoutLine: {'line': b'-- Installing: /root/ros2_ws/install/cartographer_ros_msgs/local/lib/python3.10/dist-packages/cartographer_ros_msgs-2.0.9003-py3.10.egg-info/PKG-INFO\n'}
[3.603749] (cartographer_ros_msgs) StdoutLine: {'line': b'-- Installing: /root/ros2_ws/install/cartographer_ros_msgs/local/lib/python3.10/dist-packages/cartographer_ros_msgs-2.0.9003-py3.10.egg-info/dependency_links.txt\n'}
[3.604071] (cartographer_ros_msgs) StdoutLine: {'line': b'-- Up-to-date: /root/ros2_ws/install/cartographer_ros_msgs/local/lib/python3.10/dist-packages/cartographer_ros_msgs\n'}
[3.604335] (cartographer_ros_msgs) StdoutLine: {'line': b'-- Up-to-date: /root/ros2_ws/install/cartographer_ros_msgs/local/lib/python3.10/dist-packages/cartographer_ros_msgs/libcartographer_ros_msgs__rosidl_generator_py.so\n'}
[3.604601] (cartographer_ros_msgs) StdoutLine: {'line': b'-- Up-to-date: /root/ros2_ws/install/cartographer_ros_msgs/local/lib/python3.10/dist-packages/cartographer_ros_msgs/cartographer_ros_msgs_s__rosidl_typesupport_fastrtps_c.cpython-310-x86_64-linux-gnu.so\n'}
[3.604926] (cartographer_ros_msgs) StdoutLine: {'line': b'-- Up-to-date: /root/ros2_ws/install/cartographer_ros_msgs/local/lib/python3.10/dist-packages/cartographer_ros_msgs/_cartographer_ros_msgs_s.ep.rosidl_typesupport_c.c\n'}
[3.605161] (cartographer_ros_msgs) StdoutLine: {'line': b'-- Up-to-date: /root/ros2_ws/install/cartographer_ros_msgs/local/lib/python3.10/dist-packages/cartographer_ros_msgs/_cartographer_ros_msgs_s.ep.rosidl_typesupport_introspection_c.c\n'}
[3.605408] (cartographer_ros_msgs) StdoutLine: {'line': b'-- Up-to-date: /root/ros2_ws/install/cartographer_ros_msgs/local/lib/python3.10/dist-packages/cartographer_ros_msgs/cartographer_ros_msgs_s__rosidl_typesupport_c.cpython-310-x86_64-linux-gnu.so\n'}
[3.605678] (cartographer_ros_msgs) StdoutLine: {'line': b'-- Up-to-date: /root/ros2_ws/install/cartographer_ros_msgs/local/lib/python3.10/dist-packages/cartographer_ros_msgs/cartographer_ros_msgs_s__rosidl_typesupport_introspection_c.cpython-310-x86_64-linux-gnu.so\n'}
[3.605981] (cartographer_ros_msgs) StdoutLine: {'line': b'-- Up-to-date: /root/ros2_ws/install/cartographer_ros_msgs/local/lib/python3.10/dist-packages/cartographer_ros_msgs/srv\n'}
[3.606250] (cartographer_ros_msgs) StdoutLine: {'line': b'-- Up-to-date: /root/ros2_ws/install/cartographer_ros_msgs/local/lib/python3.10/dist-packages/cartographer_ros_msgs/srv/_write_state.py\n'}
[3.606528] (cartographer_ros_msgs) StdoutLine: {'line': b'-- Up-to-date: /root/ros2_ws/install/cartographer_ros_msgs/local/lib/python3.10/dist-packages/cartographer_ros_msgs/srv/_start_trajectory_s.c\n'}
[3.620223] (cartographer_ros_msgs) StdoutLine: {'line': b'-- Up-to-date: /root/ros2_ws/install/cartographer_ros_msgs/local/lib/python3.10/dist-packages/cartographer_ros_msgs/srv/_submap_query.py\n'}
[3.620833] (cartographer_ros_msgs) StdoutLine: {'line': b'-- Up-to-date: /root/ros2_ws/install/cartographer_ros_msgs/local/lib/python3.10/dist-packages/cartographer_ros_msgs/srv/_read_metrics_s.c\n'}
[3.621420] (cartographer_ros_msgs) StdoutLine: {'line': b'-- Up-to-date: /root/ros2_ws/install/cartographer_ros_msgs/local/lib/python3.10/dist-packages/cartographer_ros_msgs/srv/_finish_trajectory.py\n'}
[3.622273] (cartographer_ros_msgs) StdoutLine: {'line': b'-- Up-to-date: /root/ros2_ws/install/cartographer_ros_msgs/local/lib/python3.10/dist-packages/cartographer_ros_msgs/srv/_finish_trajectory_s.c\n'}
[3.622602] (cartographer_ros_msgs) StdoutLine: {'line': b'-- Up-to-date: /root/ros2_ws/install/cartographer_ros_msgs/local/lib/python3.10/dist-packages/cartographer_ros_msgs/srv/_get_trajectory_states_s.c\n'}
[3.622918] (cartographer_ros_msgs) StdoutLine: {'line': b'-- Up-to-date: /root/ros2_ws/install/cartographer_ros_msgs/local/lib/python3.10/dist-packages/cartographer_ros_msgs/srv/_get_trajectory_states.py\n'}
[3.623182] (cartographer_ros_msgs) StdoutLine: {'line': b'-- Up-to-date: /root/ros2_ws/install/cartographer_ros_msgs/local/lib/python3.10/dist-packages/cartographer_ros_msgs/srv/__init__.py\n'}
[3.623424] (cartographer_ros_msgs) StdoutLine: {'line': b'-- Up-to-date: /root/ros2_ws/install/cartographer_ros_msgs/local/lib/python3.10/dist-packages/cartographer_ros_msgs/srv/_write_state_s.c\n'}
[3.630987] (cartographer_ros_msgs) StdoutLine: {'line': b'-- Up-to-date: /root/ros2_ws/install/cartographer_ros_msgs/local/lib/python3.10/dist-packages/cartographer_ros_msgs/srv/_read_metrics.py\n'}
[3.631697] (cartographer_ros_msgs) StdoutLine: {'line': b'-- Up-to-date: /root/ros2_ws/install/cartographer_ros_msgs/local/lib/python3.10/dist-packages/cartographer_ros_msgs/srv/_trajectory_query_s.c\n'}
[3.635317] (-) TimerEvent: {}
[3.636040] (cartographer_ros_msgs) StdoutLine: {'line': b'-- Up-to-date: /root/ros2_ws/install/cartographer_ros_msgs/local/lib/python3.10/dist-packages/cartographer_ros_msgs/srv/_start_trajectory.py\n'}
[3.636528] (cartographer_ros_msgs) StdoutLine: {'line': b'-- Up-to-date: /root/ros2_ws/install/cartographer_ros_msgs/local/lib/python3.10/dist-packages/cartographer_ros_msgs/srv/_trajectory_query.py\n'}
[3.636856] (cartographer_ros_msgs) StdoutLine: {'line': b'-- Up-to-date: /root/ros2_ws/install/cartographer_ros_msgs/local/lib/python3.10/dist-packages/cartographer_ros_msgs/srv/_submap_query_s.c\n'}
[3.637142] (cartographer_ros_msgs) StdoutLine: {'line': b'-- Up-to-date: /root/ros2_ws/install/cartographer_ros_msgs/local/lib/python3.10/dist-packages/cartographer_ros_msgs/msg\n'}
[3.637397] (cartographer_ros_msgs) StdoutLine: {'line': b'-- Up-to-date: /root/ros2_ws/install/cartographer_ros_msgs/local/lib/python3.10/dist-packages/cartographer_ros_msgs/msg/_submap_texture_s.c\n'}
[3.637637] (cartographer_ros_msgs) StdoutLine: {'line': b'-- Up-to-date: /root/ros2_ws/install/cartographer_ros_msgs/local/lib/python3.10/dist-packages/cartographer_ros_msgs/msg/_submap_texture.py\n'}
[3.637956] (cartographer_ros_msgs) StdoutLine: {'line': b'-- Up-to-date: /root/ros2_ws/install/cartographer_ros_msgs/local/lib/python3.10/dist-packages/cartographer_ros_msgs/msg/_metric.py\n'}
[3.638212] (cartographer_ros_msgs) StdoutLine: {'line': b'-- Up-to-date: /root/ros2_ws/install/cartographer_ros_msgs/local/lib/python3.10/dist-packages/cartographer_ros_msgs/msg/_status_code.py\n'}
[3.638465] (cartographer_ros_msgs) StdoutLine: {'line': b'-- Up-to-date: /root/ros2_ws/install/cartographer_ros_msgs/local/lib/python3.10/dist-packages/cartographer_ros_msgs/msg/_bagfile_progress.py\n'}
[3.651815] (cartographer_ros_msgs) StdoutLine: {'line': b'-- Up-to-date: /root/ros2_ws/install/cartographer_ros_msgs/local/lib/python3.10/dist-packages/cartographer_ros_msgs/msg/_landmark_entry.py\n'}
[3.652156] (cartographer_ros_msgs) StdoutLine: {'line': b'-- Up-to-date: /root/ros2_ws/install/cartographer_ros_msgs/local/lib/python3.10/dist-packages/cartographer_ros_msgs/msg/_trajectory_states.py\n'}
[3.652394] (cartographer_ros_msgs) StdoutLine: {'line': b'-- Up-to-date: /root/ros2_ws/install/cartographer_ros_msgs/local/lib/python3.10/dist-packages/cartographer_ros_msgs/msg/_bagfile_progress_s.c\n'}
[3.652622] (cartographer_ros_msgs) StdoutLine: {'line': b'-- Up-to-date: /root/ros2_ws/install/cartographer_ros_msgs/local/lib/python3.10/dist-packages/cartographer_ros_msgs/msg/_status_code_s.c\n'}
[3.652919] (cartographer_ros_msgs) StdoutLine: {'line': b'-- Up-to-date: /root/ros2_ws/install/cartographer_ros_msgs/local/lib/python3.10/dist-packages/cartographer_ros_msgs/msg/_submap_entry_s.c\n'}
[3.653158] (cartographer_ros_msgs) StdoutLine: {'line': b'-- Up-to-date: /root/ros2_ws/install/cartographer_ros_msgs/local/lib/python3.10/dist-packages/cartographer_ros_msgs/msg/_landmark_list.py\n'}
[3.653388] (cartographer_ros_msgs) StdoutLine: {'line': b'-- Up-to-date: /root/ros2_ws/install/cartographer_ros_msgs/local/lib/python3.10/dist-packages/cartographer_ros_msgs/msg/_metric_label_s.c\n'}
[3.653611] (cartographer_ros_msgs) StdoutLine: {'line': b'-- Up-to-date: /root/ros2_ws/install/cartographer_ros_msgs/local/lib/python3.10/dist-packages/cartographer_ros_msgs/msg/__init__.py\n'}
[3.653895] (cartographer_ros_msgs) StdoutLine: {'line': b'-- Up-to-date: /root/ros2_ws/install/cartographer_ros_msgs/local/lib/python3.10/dist-packages/cartographer_ros_msgs/msg/_metric_family_s.c\n'}
[3.654150] (cartographer_ros_msgs) StdoutLine: {'line': b'-- Up-to-date: /root/ros2_ws/install/cartographer_ros_msgs/local/lib/python3.10/dist-packages/cartographer_ros_msgs/msg/_submap_entry.py\n'}
[3.654400] (cartographer_ros_msgs) StdoutLine: {'line': b'-- Up-to-date: /root/ros2_ws/install/cartographer_ros_msgs/local/lib/python3.10/dist-packages/cartographer_ros_msgs/msg/_submap_list_s.c\n'}
[3.662108] (cartographer_ros_msgs) StdoutLine: {'line': b'-- Up-to-date: /root/ros2_ws/install/cartographer_ros_msgs/local/lib/python3.10/dist-packages/cartographer_ros_msgs/msg/_histogram_bucket_s.c\n'}
[3.665148] (cartographer_ros_msgs) StdoutLine: {'line': b'-- Up-to-date: /root/ros2_ws/install/cartographer_ros_msgs/local/lib/python3.10/dist-packages/cartographer_ros_msgs/msg/_submap_list.py\n'}
[3.665547] (cartographer_ros_msgs) StdoutLine: {'line': b'-- Up-to-date: /root/ros2_ws/install/cartographer_ros_msgs/local/lib/python3.10/dist-packages/cartographer_ros_msgs/msg/_metric_s.c\n'}
[3.665910] (cartographer_ros_msgs) StdoutLine: {'line': b'-- Up-to-date: /root/ros2_ws/install/cartographer_ros_msgs/local/lib/python3.10/dist-packages/cartographer_ros_msgs/msg/_histogram_bucket.py\n'}
[3.666224] (cartographer_ros_msgs) StdoutLine: {'line': b'-- Up-to-date: /root/ros2_ws/install/cartographer_ros_msgs/local/lib/python3.10/dist-packages/cartographer_ros_msgs/msg/_landmark_entry_s.c\n'}
[3.666495] (cartographer_ros_msgs) StdoutLine: {'line': b'-- Up-to-date: /root/ros2_ws/install/cartographer_ros_msgs/local/lib/python3.10/dist-packages/cartographer_ros_msgs/msg/_metric_label.py\n'}
[3.666850] (cartographer_ros_msgs) StdoutLine: {'line': b'-- Up-to-date: /root/ros2_ws/install/cartographer_ros_msgs/local/lib/python3.10/dist-packages/cartographer_ros_msgs/msg/_status_response_s.c\n'}
[3.667143] (cartographer_ros_msgs) StdoutLine: {'line': b'-- Up-to-date: /root/ros2_ws/install/cartographer_ros_msgs/local/lib/python3.10/dist-packages/cartographer_ros_msgs/msg/_status_response.py\n'}
[3.667397] (cartographer_ros_msgs) StdoutLine: {'line': b'-- Up-to-date: /root/ros2_ws/install/cartographer_ros_msgs/local/lib/python3.10/dist-packages/cartographer_ros_msgs/msg/_landmark_list_s.c\n'}
[3.678091] (cartographer_ros_msgs) StdoutLine: {'line': b'-- Up-to-date: /root/ros2_ws/install/cartographer_ros_msgs/local/lib/python3.10/dist-packages/cartographer_ros_msgs/msg/_metric_family.py\n'}
[3.679505] (cartographer_ros_msgs) StdoutLine: {'line': b'-- Up-to-date: /root/ros2_ws/install/cartographer_ros_msgs/local/lib/python3.10/dist-packages/cartographer_ros_msgs/msg/_trajectory_states_s.c\n'}
[3.681357] (cartographer_ros_msgs) StdoutLine: {'line': b'-- Up-to-date: /root/ros2_ws/install/cartographer_ros_msgs/local/lib/python3.10/dist-packages/cartographer_ros_msgs/_cartographer_ros_msgs_s.ep.rosidl_typesupport_fastrtps_c.c\n'}
[3.681667] (cartographer_ros_msgs) StdoutLine: {'line': b'-- Up-to-date: /root/ros2_ws/install/cartographer_ros_msgs/local/lib/python3.10/dist-packages/cartographer_ros_msgs/__init__.py\n'}
[3.681971] (cartographer) StdoutLine: {'line': b'[ 66%] Built target cartographer.mapping.2d.range_data_inserter_2d_test\n'}
[3.682278] (cartographer) StdoutLine: {'line': b'[ 66%] Built target cartographer.mapping.2d.probability_grid_test\n'}
[3.682558] (cartographer) StdoutLine: {'line': b'[ 67%] Built target cartographer.mapping.2d.map_limits_test\n'}
[3.689019] (cartographer) StdoutLine: {'line': b'[ 67%] Built target cartographer.mapping.2d.submap_2d_test\n'}
[3.689331] (cartographer) StdoutLine: {'line': b'[ 67%] Built target cartographer.mapping.3d.hybrid_grid_test\n'}
[3.689573] (car_launch) JobEnded: {'identifier': 'car_launch', 'rc': 0}
[3.691488] (cartographer) StdoutLine: {'line': b'[ 68%] Built target cartographer.mapping.2d.xy_index_test\n'}
[3.691936] (rplidar_ros) StdoutLine: {'line': b'[  5%] Built target rplidar_client\n'}
[3.692390] (cartographer) StdoutLine: {'line': b'[ 69%] Built target cartographer.mapping.id_test\n'}
[3.703423] (cartographer) StdoutLine: {'line': b'[ 69%] Built target cartographer.mapping.3d.submap_3d_test\n'}
[3.703848] (cartographer_ros_msgs) StdoutLine: {'line': b"Listing '/root/ros2_ws/install/cartographer_ros_msgs/local/lib/python3.10/dist-packages/cartographer_ros_msgs'...\n"}
[3.713037] (cartographer_ros_msgs) StdoutLine: {'line': b"Listing '/root/ros2_ws/install/cartographer_ros_msgs/local/lib/python3.10/dist-packages/cartographer_ros_msgs/msg'...\n"}
[3.713390] (cartographer_ros_msgs) StdoutLine: {'line': b"Listing '/root/ros2_ws/install/cartographer_ros_msgs/local/lib/python3.10/dist-packages/cartographer_ros_msgs/srv'...\n"}
[3.716611] (cartographer) StdoutLine: {'line': b'\x1b[01mloading pickled environment... \x1b[39;49;00mdone\n'}
[3.717235] (cartographer) StdoutLine: {'line': b'[ 70%] Built target cartographer.mapping.3d.range_data_inserter_3d_test\n'}
[3.719732] (cartographer) StdoutLine: {'line': b'\x1b[01mbuilding [mo]: \x1b[39;49;00mtargets for 0 po files that are out of date\n'}
[3.720155] (cartographer) StdoutLine: {'line': b'\x1b[01mbuilding [html]: \x1b[39;49;00mtargets for 0 source files that are out of date\n'}
[3.720417] (cartographer) StdoutLine: {'line': b'\x1b[01mupdating environment: \x1b[39;49;00m[ 71%] Built target cartographer.mapping.internal.2d.normal_estimation_2d_test\n'}
[3.720677] (cartographer) StdoutLine: {'line': b'0 added, 0 changed, 0 removed\n'}
[3.720931] (cartographer) StdoutLine: {'line': b'\x1b[01mlooking for now-outdated files... \x1b[39;49;00mnone found\n'}
[3.721209] (cartographer) StdoutLine: {'line': b'\x1b[01mno targets are out of date.\x1b[39;49;00m\n'}
[3.727347] (cartographer) StdoutLine: {'line': b'\x1b[01mbuild succeeded.\x1b[39;49;00m\n'}
[3.727986] (cartographer) StdoutLine: {'line': b'\n'}
[3.728281] (cartographer) StdoutLine: {'line': b'The HTML pages are in html.\n'}
[3.729749] (rplidar_ros) StdoutLine: {'line': b'[ 52%] Built target rplidar_node\n'}
[3.740746] (-) TimerEvent: {}
[3.769710] (cartographer_ros_msgs) StdoutLine: {'line': b'-- Up-to-date: /root/ros2_ws/install/cartographer_ros_msgs/local/lib/python3.10/dist-packages/cartographer_ros_msgs/cartographer_ros_msgs_s__rosidl_typesupport_fastrtps_c.cpython-310-x86_64-linux-gnu.so\n'}
[3.784394] (cartographer_ros_msgs) StdoutLine: {'line': b'-- Up-to-date: /root/ros2_ws/install/cartographer_ros_msgs/local/lib/python3.10/dist-packages/cartographer_ros_msgs/cartographer_ros_msgs_s__rosidl_typesupport_introspection_c.cpython-310-x86_64-linux-gnu.so\n'}
[3.784856] (cartographer_ros_msgs) StdoutLine: {'line': b'-- Up-to-date: /root/ros2_ws/install/cartographer_ros_msgs/local/lib/python3.10/dist-packages/cartographer_ros_msgs/cartographer_ros_msgs_s__rosidl_typesupport_c.cpython-310-x86_64-linux-gnu.so\n'}
[3.793788] (cartographer_ros_msgs) StdoutLine: {'line': b'-- Up-to-date: /root/ros2_ws/install/cartographer_ros_msgs/lib/libcartographer_ros_msgs__rosidl_generator_py.so\n'}
[3.794464] (cartographer_ros_msgs) StdoutLine: {'line': b'-- Up-to-date: /root/ros2_ws/install/cartographer_ros_msgs/share/cartographer_ros_msgs/msg/BagfileProgress.idl\n'}
[3.795376] (cartographer_ros_msgs) StdoutLine: {'line': b'-- Up-to-date: /root/ros2_ws/install/cartographer_ros_msgs/share/cartographer_ros_msgs/msg/HistogramBucket.idl\n'}
[3.798107] (cartographer_ros_msgs) StdoutLine: {'line': b'-- Up-to-date: /root/ros2_ws/install/cartographer_ros_msgs/share/cartographer_ros_msgs/msg/LandmarkEntry.idl\n'}
[3.798539] (cartographer_ros_msgs) StdoutLine: {'line': b'-- Up-to-date: /root/ros2_ws/install/cartographer_ros_msgs/share/cartographer_ros_msgs/msg/LandmarkList.idl\n'}
[3.804752] (cartographer_ros_msgs) StdoutLine: {'line': b'-- Up-to-date: /root/ros2_ws/install/cartographer_ros_msgs/share/cartographer_ros_msgs/msg/MetricFamily.idl\n'}
[3.805166] (cartographer_ros_msgs) StdoutLine: {'line': b'-- Up-to-date: /root/ros2_ws/install/cartographer_ros_msgs/share/cartographer_ros_msgs/msg/MetricLabel.idl\n'}
[3.805455] (cartographer_ros_msgs) StdoutLine: {'line': b'-- Up-to-date: /root/ros2_ws/install/cartographer_ros_msgs/share/cartographer_ros_msgs/msg/Metric.idl\n'}
[3.806003] (cartographer_ros_msgs) StdoutLine: {'line': b'-- Up-to-date: /root/ros2_ws/install/cartographer_ros_msgs/share/cartographer_ros_msgs/msg/StatusCode.idl\n'}
[3.806318] (cartographer_ros_msgs) StdoutLine: {'line': b'-- Up-to-date: /root/ros2_ws/install/cartographer_ros_msgs/share/cartographer_ros_msgs/msg/StatusResponse.idl\n'}
[3.806582] (cartographer_ros_msgs) StdoutLine: {'line': b'-- Up-to-date: /root/ros2_ws/install/cartographer_ros_msgs/share/cartographer_ros_msgs/msg/SubmapEntry.idl\n'}
[3.806889] (cartographer_ros_msgs) StdoutLine: {'line': b'-- Up-to-date: /root/ros2_ws/install/cartographer_ros_msgs/share/cartographer_ros_msgs/msg/SubmapList.idl\n'}
[3.807172] (cartographer_ros_msgs) StdoutLine: {'line': b'-- Up-to-date: /root/ros2_ws/install/cartographer_ros_msgs/share/cartographer_ros_msgs/msg/SubmapTexture.idl\n'}
[3.807438] (cartographer_ros_msgs) StdoutLine: {'line': b'-- Up-to-date: /root/ros2_ws/install/cartographer_ros_msgs/share/cartographer_ros_msgs/msg/TrajectoryStates.idl\n'}
[3.807704] (cartographer_ros_msgs) StdoutLine: {'line': b'-- Up-to-date: /root/ros2_ws/install/cartographer_ros_msgs/share/cartographer_ros_msgs/srv/FinishTrajectory.idl\n'}
[3.807982] (cartographer_ros_msgs) StdoutLine: {'line': b'-- Up-to-date: /root/ros2_ws/install/cartographer_ros_msgs/share/cartographer_ros_msgs/srv/GetTrajectoryStates.idl\n'}
[3.811894] (cartographer_ros_msgs) StdoutLine: {'line': b'-- Up-to-date: /root/ros2_ws/install/cartographer_ros_msgs/share/cartographer_ros_msgs/srv/ReadMetrics.idl\n'}
[3.812418] (cartographer_ros_msgs) StdoutLine: {'line': b'-- Up-to-date: /root/ros2_ws/install/cartographer_ros_msgs/share/cartographer_ros_msgs/srv/StartTrajectory.idl\n'}
[3.812736] (cartographer_ros_msgs) StdoutLine: {'line': b'-- Up-to-date: /root/ros2_ws/install/cartographer_ros_msgs/share/cartographer_ros_msgs/srv/TrajectoryQuery.idl\n'}
[3.813066] (cartographer_ros_msgs) StdoutLine: {'line': b'-- Up-to-date: /root/ros2_ws/install/cartographer_ros_msgs/share/cartographer_ros_msgs/srv/SubmapQuery.idl\n'}
[3.813385] (cartographer_ros_msgs) StdoutLine: {'line': b'-- Up-to-date: /root/ros2_ws/install/cartographer_ros_msgs/share/cartographer_ros_msgs/srv/WriteState.idl\n'}
[3.813714] (cartographer_ros_msgs) StdoutLine: {'line': b'-- Up-to-date: /root/ros2_ws/install/cartographer_ros_msgs/share/cartographer_ros_msgs/msg/BagfileProgress.msg\n'}
[3.822834] (cartographer_ros_msgs) StdoutLine: {'line': b'-- Up-to-date: /root/ros2_ws/install/cartographer_ros_msgs/share/cartographer_ros_msgs/msg/HistogramBucket.msg\n'}
[3.823497] (cartographer_ros_msgs) StdoutLine: {'line': b'-- Up-to-date: /root/ros2_ws/install/cartographer_ros_msgs/share/cartographer_ros_msgs/msg/LandmarkEntry.msg\n'}
[3.823906] (cartographer_ros_msgs) StdoutLine: {'line': b'-- Up-to-date: /root/ros2_ws/install/cartographer_ros_msgs/share/cartographer_ros_msgs/msg/LandmarkList.msg\n'}
[3.824189] (cartographer_ros_msgs) StdoutLine: {'line': b'-- Up-to-date: /root/ros2_ws/install/cartographer_ros_msgs/share/cartographer_ros_msgs/msg/MetricFamily.msg\n'}
[3.824484] (cartographer_ros_msgs) StdoutLine: {'line': b'-- Up-to-date: /root/ros2_ws/install/cartographer_ros_msgs/share/cartographer_ros_msgs/msg/MetricLabel.msg\n'}
[3.824779] (cartographer_ros_msgs) StdoutLine: {'line': b'-- Up-to-date: /root/ros2_ws/install/cartographer_ros_msgs/share/cartographer_ros_msgs/msg/Metric.msg\n'}
[3.832218] (cartographer_ros_msgs) StdoutLine: {'line': b'-- Up-to-date: /root/ros2_ws/install/cartographer_ros_msgs/share/cartographer_ros_msgs/msg/StatusCode.msg\n'}
[3.832577] (cartographer_ros_msgs) StdoutLine: {'line': b'-- Up-to-date: /root/ros2_ws/install/cartographer_ros_msgs/share/cartographer_ros_msgs/msg/StatusResponse.msg\n'}
[3.832874] (cartographer_ros_msgs) StdoutLine: {'line': b'-- Up-to-date: /root/ros2_ws/install/cartographer_ros_msgs/share/cartographer_ros_msgs/msg/SubmapEntry.msg\n'}
[3.833117] (cartographer_ros_msgs) StdoutLine: {'line': b'-- Up-to-date: /root/ros2_ws/install/cartographer_ros_msgs/share/cartographer_ros_msgs/msg/SubmapList.msg\n'}
[3.833373] (cartographer_ros_msgs) StdoutLine: {'line': b'-- Up-to-date: /root/ros2_ws/install/cartographer_ros_msgs/share/cartographer_ros_msgs/msg/SubmapTexture.msg\n'}
[3.833614] (cartographer_ros_msgs) StdoutLine: {'line': b'-- Up-to-date: /root/ros2_ws/install/cartographer_ros_msgs/share/cartographer_ros_msgs/msg/TrajectoryStates.msg\n'}
[3.833899] (cartographer_ros_msgs) StdoutLine: {'line': b'-- Up-to-date: /root/ros2_ws/install/cartographer_ros_msgs/share/cartographer_ros_msgs/srv/FinishTrajectory.srv\n'}
[3.834183] (cartographer_ros_msgs) StdoutLine: {'line': b'-- Up-to-date: /root/ros2_ws/install/cartographer_ros_msgs/share/cartographer_ros_msgs/srv/FinishTrajectory_Request.msg\n'}
[3.834473] (cartographer_ros_msgs) StdoutLine: {'line': b'-- Up-to-date: /root/ros2_ws/install/cartographer_ros_msgs/share/cartographer_ros_msgs/srv/FinishTrajectory_Response.msg\n'}
[3.847283] (-) TimerEvent: {}
[3.848114] (cartographer_ros_msgs) StdoutLine: {'line': b'-- Up-to-date: /root/ros2_ws/install/cartographer_ros_msgs/share/cartographer_ros_msgs/srv/GetTrajectoryStates.srv\n'}
[3.848996] (cartographer_ros_msgs) StdoutLine: {'line': b'-- Up-to-date: /root/ros2_ws/install/cartographer_ros_msgs/share/cartographer_ros_msgs/srv/GetTrajectoryStates_Request.msg\n'}
[3.853047] (cartographer_ros_msgs) StdoutLine: {'line': b'-- Up-to-date: /root/ros2_ws/install/cartographer_ros_msgs/share/cartographer_ros_msgs/srv/GetTrajectoryStates_Response.msg\n'}
[3.853438] (cartographer_ros_msgs) StdoutLine: {'line': b'-- Up-to-date: /root/ros2_ws/install/cartographer_ros_msgs/share/cartographer_ros_msgs/srv/ReadMetrics.srv\n'}
[3.855753] (cartographer_ros_msgs) StdoutLine: {'line': b'-- Up-to-date: /root/ros2_ws/install/cartographer_ros_msgs/share/cartographer_ros_msgs/srv/ReadMetrics_Request.msg\n'}
[3.856107] (cartographer_ros_msgs) StdoutLine: {'line': b'-- Up-to-date: /root/ros2_ws/install/cartographer_ros_msgs/share/cartographer_ros_msgs/srv/ReadMetrics_Response.msg\n'}
[3.860890] (cartographer_ros_msgs) StdoutLine: {'line': b'-- Up-to-date: /root/ros2_ws/install/cartographer_ros_msgs/share/cartographer_ros_msgs/srv/StartTrajectory.srv\n'}
[3.865436] (cartographer_ros_msgs) StdoutLine: {'line': b'-- Up-to-date: /root/ros2_ws/install/cartographer_ros_msgs/share/cartographer_ros_msgs/srv/StartTrajectory_Request.msg\n'}
[3.865884] (cartographer_ros_msgs) StdoutLine: {'line': b'-- Up-to-date: /root/ros2_ws/install/cartographer_ros_msgs/share/cartographer_ros_msgs/srv/StartTrajectory_Response.msg\n'}
[3.868457] (cartographer_ros_msgs) StdoutLine: {'line': b'-- Up-to-date: /root/ros2_ws/install/cartographer_ros_msgs/share/cartographer_ros_msgs/srv/TrajectoryQuery.srv\n'}
[3.870386] (cartographer_ros_msgs) StdoutLine: {'line': b'-- Up-to-date: /root/ros2_ws/install/cartographer_ros_msgs/share/cartographer_ros_msgs/srv/TrajectoryQuery_Request.msg\n'}
[3.884582] (cartographer_ros_msgs) StdoutLine: {'line': b'-- Up-to-date: /root/ros2_ws/install/cartographer_ros_msgs/share/cartographer_ros_msgs/srv/TrajectoryQuery_Response.msg\n'}
[3.885049] (cartographer_ros_msgs) StdoutLine: {'line': b'-- Up-to-date: /root/ros2_ws/install/cartographer_ros_msgs/share/cartographer_ros_msgs/srv/SubmapQuery.srv\n'}
[3.885453] (cartographer_ros_msgs) StdoutLine: {'line': b'-- Up-to-date: /root/ros2_ws/install/cartographer_ros_msgs/share/cartographer_ros_msgs/srv/SubmapQuery_Request.msg\n'}
[3.885846] (cartographer_ros_msgs) StdoutLine: {'line': b'-- Up-to-date: /root/ros2_ws/install/cartographer_ros_msgs/share/cartographer_ros_msgs/srv/SubmapQuery_Response.msg\n'}
[3.886291] (cartographer_ros_msgs) StdoutLine: {'line': b'-- Up-to-date: /root/ros2_ws/install/cartographer_ros_msgs/share/cartographer_ros_msgs/srv/WriteState.srv\n'}
[3.887033] (cartographer_ros_msgs) StdoutLine: {'line': b'-- Up-to-date: /root/ros2_ws/install/cartographer_ros_msgs/share/cartographer_ros_msgs/srv/WriteState_Request.msg\n'}
[3.902087] (cartographer_ros_msgs) StdoutLine: {'line': b'-- Up-to-date: /root/ros2_ws/install/cartographer_ros_msgs/share/cartographer_ros_msgs/srv/WriteState_Response.msg\n'}
[3.904217] (cartographer_ros_msgs) StdoutLine: {'line': b'-- Up-to-date: /root/ros2_ws/install/cartographer_ros_msgs/share/ament_index/resource_index/package_run_dependencies/cartographer_ros_msgs\n'}
[3.904536] (cartographer_ros_msgs) StdoutLine: {'line': b'-- Up-to-date: /root/ros2_ws/install/cartographer_ros_msgs/share/ament_index/resource_index/parent_prefix_path/cartographer_ros_msgs\n'}
[3.904847] (cartographer_ros_msgs) StdoutLine: {'line': b'-- Up-to-date: /root/ros2_ws/install/cartographer_ros_msgs/share/cartographer_ros_msgs/environment/ament_prefix_path.sh\n'}
[3.905091] (cartographer_ros_msgs) StdoutLine: {'line': b'-- Up-to-date: /root/ros2_ws/install/cartographer_ros_msgs/share/cartographer_ros_msgs/environment/ament_prefix_path.dsv\n'}
[3.905332] (cartographer) StdoutLine: {'line': b'[ 71%] Built target cartographer.mapping.imu_tracker_test\n'}
[3.905605] (cartographer_ros_msgs) StdoutLine: {'line': b'-- Up-to-date: /root/ros2_ws/install/cartographer_ros_msgs/share/cartographer_ros_msgs/environment/path.sh\n'}
[3.905908] (cartographer_ros_msgs) StdoutLine: {'line': b'-- Up-to-date: /root/ros2_ws/install/cartographer_ros_msgs/share/cartographer_ros_msgs/environment/path.dsv\n'}
[3.906152] (cartographer_ros_msgs) StdoutLine: {'line': b'-- Up-to-date: /root/ros2_ws/install/cartographer_ros_msgs/share/cartographer_ros_msgs/local_setup.bash\n'}
[3.906384] (cartographer_ros_msgs) StdoutLine: {'line': b'-- Up-to-date: /root/ros2_ws/install/cartographer_ros_msgs/share/cartographer_ros_msgs/local_setup.sh\n'}
[3.906637] (cartographer) StdoutLine: {'line': b'[ 71%] Built target cartographer.mapping.internal.2d.overlapping_submaps_trimmer_2d_test\n'}
[3.907012] (cartographer_ros_msgs) StdoutLine: {'line': b'-- Up-to-date: /root/ros2_ws/install/cartographer_ros_msgs/share/cartographer_ros_msgs/local_setup.zsh\n'}
[3.907351] (cartographer_ros_msgs) StdoutLine: {'line': b'-- Up-to-date: /root/ros2_ws/install/cartographer_ros_msgs/share/cartographer_ros_msgs/local_setup.dsv\n'}
[3.907627] (cartographer_ros_msgs) StdoutLine: {'line': b'-- Installing: /root/ros2_ws/install/cartographer_ros_msgs/share/cartographer_ros_msgs/package.dsv\n'}
[3.923371] (cartographer_ros_msgs) StdoutLine: {'line': b'-- Up-to-date: /root/ros2_ws/install/cartographer_ros_msgs/share/ament_index/resource_index/packages/cartographer_ros_msgs\n'}
[3.923758] (cartographer_ros_msgs) StdoutLine: {'line': b'-- Up-to-date: /root/ros2_ws/install/cartographer_ros_msgs/share/cartographer_ros_msgs/cmake/export_cartographer_ros_msgs__rosidl_generator_cExport.cmake\n'}
[3.924113] (cartographer_ros_msgs) StdoutLine: {'line': b'-- Up-to-date: /root/ros2_ws/install/cartographer_ros_msgs/share/cartographer_ros_msgs/cmake/export_cartographer_ros_msgs__rosidl_generator_cExport-noconfig.cmake\n'}
[3.924387] (cartographer_ros_msgs) StdoutLine: {'line': b'-- Up-to-date: /root/ros2_ws/install/cartographer_ros_msgs/share/cartographer_ros_msgs/cmake/export_cartographer_ros_msgs__rosidl_typesupport_fastrtps_cExport.cmake\n'}
[3.924632] (cartographer_ros_msgs) StdoutLine: {'line': b'-- Up-to-date: /root/ros2_ws/install/cartographer_ros_msgs/share/cartographer_ros_msgs/cmake/export_cartographer_ros_msgs__rosidl_typesupport_fastrtps_cExport-noconfig.cmake\n'}
[3.924968] (cartographer_ros_msgs) StdoutLine: {'line': b'-- Up-to-date: /root/ros2_ws/install/cartographer_ros_msgs/share/cartographer_ros_msgs/cmake/cartographer_ros_msgs__rosidl_typesupport_introspection_cExport.cmake\n'}
[3.925226] (cartographer_ros_msgs) StdoutLine: {'line': b'-- Up-to-date: /root/ros2_ws/install/cartographer_ros_msgs/share/cartographer_ros_msgs/cmake/cartographer_ros_msgs__rosidl_typesupport_introspection_cExport-noconfig.cmake\n'}
[3.925481] (cartographer_ros_msgs) StdoutLine: {'line': b'-- Up-to-date: /root/ros2_ws/install/cartographer_ros_msgs/share/cartographer_ros_msgs/cmake/cartographer_ros_msgs__rosidl_typesupport_cExport.cmake\n'}
[3.925746] (cartographer_ros_msgs) StdoutLine: {'line': b'-- Up-to-date: /root/ros2_ws/install/cartographer_ros_msgs/share/cartographer_ros_msgs/cmake/cartographer_ros_msgs__rosidl_typesupport_cExport-noconfig.cmake\n'}
[3.926007] (cartographer_ros_msgs) StdoutLine: {'line': b'-- Up-to-date: /root/ros2_ws/install/cartographer_ros_msgs/share/cartographer_ros_msgs/cmake/export_cartographer_ros_msgs__rosidl_generator_cppExport.cmake\n'}
[3.939830] (cartographer) StdoutLine: {'line': b'[ 72%] Built target cartographer.mapping.internal.2d.scan_matching.ceres_scan_matcher_2d_test\n'}
[3.940279] (cartographer_ros_msgs) StdoutLine: {'line': b'-- Up-to-date: /root/ros2_ws/install/cartographer_ros_msgs/share/cartographer_ros_msgs/cmake/export_cartographer_ros_msgs__rosidl_typesupport_fastrtps_cppExport.cmake\n'}
[3.940675] (cartographer_ros_msgs) StdoutLine: {'line': b'-- Up-to-date: /root/ros2_ws/install/cartographer_ros_msgs/share/cartographer_ros_msgs/cmake/export_cartographer_ros_msgs__rosidl_typesupport_fastrtps_cppExport-noconfig.cmake\n'}
[3.941367] (cartographer_ros_msgs) StdoutLine: {'line': b'-- Up-to-date: /root/ros2_ws/install/cartographer_ros_msgs/share/cartographer_ros_msgs/cmake/cartographer_ros_msgs__rosidl_typesupport_introspection_cppExport.cmake\n'}
[3.941731] (cartographer_ros_msgs) StdoutLine: {'line': b'-- Up-to-date: /root/ros2_ws/install/cartographer_ros_msgs/share/cartographer_ros_msgs/cmake/cartographer_ros_msgs__rosidl_typesupport_introspection_cppExport-noconfig.cmake\n'}
[3.942133] (cartographer_ros_msgs) StdoutLine: {'line': b'-- Up-to-date: /root/ros2_ws/install/cartographer_ros_msgs/share/cartographer_ros_msgs/cmake/cartographer_ros_msgs__rosidl_typesupport_cppExport.cmake\n'}
[3.942397] (cartographer_ros_msgs) StdoutLine: {'line': b'-- Up-to-date: /root/ros2_ws/install/cartographer_ros_msgs/share/cartographer_ros_msgs/cmake/cartographer_ros_msgs__rosidl_typesupport_cppExport-noconfig.cmake\n'}
[3.942633] (cartographer_ros_msgs) StdoutLine: {'line': b'-- Up-to-date: /root/ros2_ws/install/cartographer_ros_msgs/share/cartographer_ros_msgs/cmake/export_cartographer_ros_msgs__rosidl_generator_pyExport.cmake\n'}
[3.942894] (cartographer_ros_msgs) StdoutLine: {'line': b'-- Up-to-date: /root/ros2_ws/install/cartographer_ros_msgs/share/cartographer_ros_msgs/cmake/export_cartographer_ros_msgs__rosidl_generator_pyExport-noconfig.cmake\n'}
[3.943183] (cartographer_ros_msgs) StdoutLine: {'line': b'-- Up-to-date: /root/ros2_ws/install/cartographer_ros_msgs/share/cartographer_ros_msgs/cmake/rosidl_cmake-extras.cmake\n'}
[3.943453] (cartographer_ros_msgs) StdoutLine: {'line': b'-- Up-to-date: /root/ros2_ws/install/cartographer_ros_msgs/share/cartographer_ros_msgs/cmake/ament_cmake_export_dependencies-extras.cmake\n'}
[3.951858] (-) TimerEvent: {}
[3.956440] (cartographer_ros_msgs) StdoutLine: {'line': b'-- Up-to-date: /root/ros2_ws/install/cartographer_ros_msgs/share/cartographer_ros_msgs/cmake/ament_cmake_export_include_directories-extras.cmake\n'}
[3.956921] (cartographer_ros_msgs) StdoutLine: {'line': b'-- Up-to-date: /root/ros2_ws/install/cartographer_ros_msgs/share/cartographer_ros_msgs/cmake/ament_cmake_export_libraries-extras.cmake\n'}
[3.957220] (cartographer_ros_msgs) StdoutLine: {'line': b'-- Up-to-date: /root/ros2_ws/install/cartographer_ros_msgs/share/cartographer_ros_msgs/cmake/ament_cmake_export_targets-extras.cmake\n'}
[3.957494] (cartographer_ros_msgs) StdoutLine: {'line': b'-- Up-to-date: /root/ros2_ws/install/cartographer_ros_msgs/share/cartographer_ros_msgs/cmake/rosidl_cmake_export_typesupport_targets-extras.cmake\n'}
[3.991096] (cartographer_ros_msgs) StdoutLine: {'line': b'-- Up-to-date: /root/ros2_ws/install/cartographer_ros_msgs/share/cartographer_ros_msgs/cmake/rosidl_cmake_export_typesupport_libraries-extras.cmake\n'}
[3.991571] (cartographer_ros_msgs) StdoutLine: {'line': b'-- Up-to-date: /root/ros2_ws/install/cartographer_ros_msgs/share/cartographer_ros_msgs/cmake/cartographer_ros_msgsConfig.cmake\n'}
[3.991908] (cartographer_ros_msgs) StdoutLine: {'line': b'-- Up-to-date: /root/ros2_ws/install/cartographer_ros_msgs/share/cartographer_ros_msgs/cmake/cartographer_ros_msgsConfig-version.cmake\n'}
[3.992195] (cartographer_ros_msgs) StdoutLine: {'line': b'-- Up-to-date: /root/ros2_ws/install/cartographer_ros_msgs/share/cartographer_ros_msgs/package.xml\n'}
[3.992429] (cartographer) StdoutLine: {'line': b'[ 72%] Built target cartographer.mapping.internal.2d.ray_to_pixel_mask_test\n'}
[3.992719] (rplidar_ros) StdoutLine: {'line': b'[100%] Built target rplidar_composition\n'}
[3.993150] (cartographer) StdoutLine: {'line': b'[ 73%] Built target cartographer.mapping.internal.2d.pose_graph_2d_test\n'}
[3.993637] (cartographer_ros_msgs) CommandEnded: {'returncode': 0}
[4.034473] (cartographer) StdoutLine: {'line': b'[ 74%] Built target cartographer.mapping.internal.2d.scan_matching.fast_correlative_scan_matcher_2d_test\n'}
[4.054963] (-) TimerEvent: {}
[4.066450] (cartographer) StdoutLine: {'line': b'[ 74%] Built target cartographer.mapping.internal.2d.scan_matching.correlative_scan_matcher_test\n'}
[4.149192] (cartographer) StdoutLine: {'line': b'[ 74%] Built target cartographer.mapping.internal.2d.scan_matching.occupied_space_cost_function_2d_test\n'}
[4.161866] (-) TimerEvent: {}
[4.181280] (cartographer_ros_msgs) JobEnded: {'identifier': 'cartographer_ros_msgs', 'rc': 0}
[4.195972] (rplidar_ros) CommandEnded: {'returncode': 0}
[4.223028] (rplidar_ros) JobProgress: {'identifier': 'rplidar_ros', 'progress': 'install'}
[4.223212] (rplidar_ros) Command: {'cmd': ['/usr/bin/cmake', '--install', '/root/ros2_ws/build/rplidar_ros'], 'cwd': '/root/ros2_ws/build/rplidar_ros', 'env': OrderedDict([('HOSTNAME', 'warnie'), ('GIT_ASKPASS', '/root/.vscode-server/bin/17baf841131aa23349f217ca7c570c76ee87b957/extensions/git/dist/askpass.sh'), ('SHLVL', '2'), ('LD_LIBRARY_PATH', '/root/ros2_ws/install/cartographer_rviz/lib:/root/ros2_ws/install/cartographer_ros/lib:/root/ros2_ws/install/cartographer_ros_msgs/lib:/opt/ros/humble/opt/rviz_ogre_vendor/lib:/opt/ros/humble/lib/x86_64-linux-gnu:/opt/ros/humble/lib'), ('BROWSER', '/root/.vscode-server/bin/17baf841131aa23349f217ca7c570c76ee87b957/bin/helpers/browser.sh'), ('HOME', '/root'), ('OLDPWD', '/root/ros2_ws/src'), ('TERM_PROGRAM_VERSION', '1.99.3'), ('VSCODE_IPC_HOOK_CLI', '/tmp/vscode-ipc-68549143-8077-4743-9875-84966345cd0e.sock'), ('ROS_PYTHON_VERSION', '3'), ('VSCODE_GIT_ASKPASS_MAIN', '/root/.vscode-server/bin/17baf841131aa23349f217ca7c570c76ee87b957/extensions/git/dist/askpass-main.js'), ('VSCODE_GIT_ASKPASS_NODE', '/root/.vscode-server/bin/17baf841131aa23349f217ca7c570c76ee87b957/node'), ('LC_CTYPE', 'C.UTF-8'), ('COLORTERM', 'truecolor'), ('REMOTE_CONTAINERS', 'true'), ('COLCON_PREFIX_PATH', '/root/ros2_ws/install'), ('ROS_DISTRO', 'humble'), ('REMOTE_CONTAINERS_IPC', '/tmp/vscode-remote-containers-ipc-f285fd1d-9376-4a47-8352-1dbec715791d.sock'), ('_', '/usr/bin/colcon'), ('ROS_VERSION', '2'), ('PKG_CONFIG_PATH', '/root/ros2_ws/install/cartographer/lib/x86_64-linux-gnu/pkgconfig:/root/ros2_ws/install/cartographer/lib/pkgconfig'), ('TERM', 'xterm-256color'), ('ROS_LOCALHOST_ONLY', '0'), ('PATH', '/root/ros2_ws/install/cartographer/bin:/root/.vscode-server/bin/17baf841131aa23349f217ca7c570c76ee87b957/bin/remote-cli:/opt/ros/humble/bin:/usr/local/sbin:/usr/local/bin:/usr/sbin:/usr/bin:/sbin:/bin:/root/.vscode-server/data/User/globalStorage/github.copilot-chat/debugCommand'), ('REMOTE_CONTAINERS_SOCKETS', '["/tmp/vscode-ssh-auth-f285fd1d-9376-4a47-8352-1dbec715791d.sock","/root/.gnupg/S.gpg-agent"]'), ('DISPLAY', 'unix:0'), ('LANG', 'en_US.UTF-8'), ('VSCODE_GIT_IPC_HANDLE', '/tmp/vscode-git-3ce2b43cc6.sock'), ('TERM_PROGRAM', 'vscode'), ('SSH_AUTH_SOCK', '/tmp/vscode-ssh-auth-f285fd1d-9376-4a47-8352-1dbec715791d.sock'), ('AMENT_PREFIX_PATH', '/root/ros2_ws/install/car_launch:/root/ros2_ws/install/robocar_test_cpp:/root/ros2_ws/install/rplidar_ros:/root/ros2_ws/install/ros2_opencv:/root/ros2_ws/install/cartographer_rviz:/root/ros2_ws/install/cartographer_ros:/root/ros2_ws/install/cartographer_ros_msgs:/root/ros2_ws/install/Test_FirstPkg:/opt/ros/humble'), ('SHELL', '/bin/bash'), ('VSCODE_GIT_ASKPASS_EXTRA_ARGS', ''), ('PWD', '/root/ros2_ws/build/rplidar_ros'), ('PYTHONPATH', '/root/ros2_ws/install/ros2_opencv/lib/python3.10/site-packages:/root/ros2_ws/install/cartographer_ros_msgs/local/lib/python3.10/dist-packages:/opt/ros/humble/lib/python3.10/site-packages:/opt/ros/humble/local/lib/python3.10/dist-packages'), ('COLCON', '1'), ('CMAKE_PREFIX_PATH', '/root/ros2_ws/install/car_launch:/root/ros2_ws/install/robocar_test_cpp:/root/ros2_ws/install/rplidar_ros:/root/ros2_ws/install/cartographer_rviz:/root/ros2_ws/install/cartographer_ros:/root/ros2_ws/install/cartographer_ros_msgs:/root/ros2_ws/install/cartographer:/root/ros2_ws/install/Test_FirstPkg:/root/ros2_ws/install/ros2_opencv:/opt/ros/humble')]), 'shell': False}
[4.238794] (cartographer) StdoutLine: {'line': b'[ 75%] Built target cartographer.mapping.internal.2d.scan_matching.interpolated_tsdf_2d_test\n'}
[4.262046] (-) TimerEvent: {}
[4.263411] (cartographer) StdoutLine: {'line': b'[ 75%] Built target cartographer.mapping.internal.2d.scan_matching.tsdf_match_cost_function_2d_test\n'}
[4.288335] (cartographer) StdoutLine: {'line': b'[ 76%] Built target cartographer.mapping.internal.2d.scan_matching.real_time_correlative_scan_matcher_2d_test\n'}
[4.294607] (cartographer) StdoutLine: {'line': b'[ 77%] Built target cartographer.mapping.internal.2d.tsd_value_converter_test\n'}
[4.326411] (cartographer) StdoutLine: {'line': b'[ 78%] Built target cartographer.mapping.internal.2d.tsdf_range_data_inserter_2d_test\n'}
[4.328097] (rplidar_ros) StdoutLine: {'line': b'-- Install configuration: ""\n'}
[4.328616] (rplidar_ros) StdoutLine: {'line': b'-- Up-to-date: /root/ros2_ws/install/rplidar_ros/share/rplidar_ros/launch\n'}
[4.331234] (rplidar_ros) StdoutLine: {'line': b'-- Up-to-date: /root/ros2_ws/install/rplidar_ros/share/rplidar_ros/launch/rplidar_a2m8_launch.py\n'}
[4.331791] (rplidar_ros) StdoutLine: {'line': b'-- Up-to-date: /root/ros2_ws/install/rplidar_ros/share/rplidar_ros/launch/__pycache__\n'}
[4.332250] (rplidar_ros) StdoutLine: {'line': b'-- Up-to-date: /root/ros2_ws/install/rplidar_ros/share/rplidar_ros/launch/__pycache__/rplidar_c1_launch.cpython-310.pyc\n'}
[4.332561] (rplidar_ros) StdoutLine: {'line': b'-- Up-to-date: /root/ros2_ws/install/rplidar_ros/share/rplidar_ros/launch/__pycache__/view_rplidar_c1_launch.cpython-310.pyc\n'}
[4.332801] (rplidar_ros) StdoutLine: {'line': b'-- Up-to-date: /root/ros2_ws/install/rplidar_ros/share/rplidar_ros/launch/rplidar_a3_launch.py\n'}
[4.333024] (rplidar_ros) StdoutLine: {'line': b'-- Up-to-date: /root/ros2_ws/install/rplidar_ros/share/rplidar_ros/launch/rplidar_s2_launch.py\n'}
[4.340861] (rplidar_ros) StdoutLine: {'line': b'-- Up-to-date: /root/ros2_ws/install/rplidar_ros/share/rplidar_ros/launch/rplidar_a2m7_launch.py\n'}
[4.341318] (rplidar_ros) StdoutLine: {'line': b'-- Up-to-date: /root/ros2_ws/install/rplidar_ros/share/rplidar_ros/launch/rplidar_s3_launch.py\n'}
[4.346736] (rplidar_ros) StdoutLine: {'line': b'-- Up-to-date: /root/ros2_ws/install/rplidar_ros/share/rplidar_ros/launch/rplidar_c1_launch.py\n'}
[4.347185] (rplidar_ros) StdoutLine: {'line': b'-- Up-to-date: /root/ros2_ws/install/rplidar_ros/share/rplidar_ros/launch/rplidar_a1_launch.py\n'}
[4.347472] (rplidar_ros) StdoutLine: {'line': b'-- Up-to-date: /root/ros2_ws/install/rplidar_ros/share/rplidar_ros/launch/rplidar_a2m12_launch.py\n'}
[4.347748] (rplidar_ros) StdoutLine: {'line': b'-- Up-to-date: /root/ros2_ws/install/rplidar_ros/share/rplidar_ros/launch/view_rplidar_a2m12_launch.py\n'}
[4.353408] (rplidar_ros) StdoutLine: {'line': b'-- Up-to-date: /root/ros2_ws/install/rplidar_ros/share/rplidar_ros/launch/view_rplidar_t1_launch.py\n'}
[4.353805] (rplidar_ros) StdoutLine: {'line': b'-- Up-to-date: /root/ros2_ws/install/rplidar_ros/share/rplidar_ros/launch/view_rplidar_a1_launch.py\n'}
[4.354081] (rplidar_ros) StdoutLine: {'line': b'-- Up-to-date: /root/ros2_ws/install/rplidar_ros/share/rplidar_ros/launch/view_rplidar_a3_launch.py\n'}
[4.361080] (rplidar_ros) StdoutLine: {'line': b'-- Up-to-date: /root/ros2_ws/install/rplidar_ros/share/rplidar_ros/launch/rplidar_s2e_launch.py\n'}
[4.362045] (rplidar_ros) StdoutLine: {'line': b'-- Up-to-date: /root/ros2_ws/install/rplidar_ros/share/rplidar_ros/launch/view_rplidar_c1_launch.py\n'}
[4.362321] (-) TimerEvent: {}
[4.370010] (rplidar_ros) StdoutLine: {'line': b'-- Up-to-date: /root/ros2_ws/install/rplidar_ros/share/rplidar_ros/launch/view_rplidar_s3_launch.py\n'}
[4.378500] (rplidar_ros) StdoutLine: {'line': b'-- Up-to-date: /root/ros2_ws/install/rplidar_ros/share/rplidar_ros/launch/view_rplidar_a2m7_launch.py\n'}
[4.378822] (rplidar_ros) StdoutLine: {'line': b'-- Up-to-date: /root/ros2_ws/install/rplidar_ros/share/rplidar_ros/launch/view_rplidar_s2_launch.py\n'}
[4.379072] (rplidar_ros) StdoutLine: {'line': b'-- Up-to-date: /root/ros2_ws/install/rplidar_ros/share/rplidar_ros/launch/rplidar_s1_tcp_launch.py\n'}
[4.381715] (rplidar_ros) StdoutLine: {'line': b'-- Up-to-date: /root/ros2_ws/install/rplidar_ros/share/rplidar_ros/launch/view_rplidar_a2m8_launch.py\n'}
[4.382096] (rplidar_ros) StdoutLine: {'line': b'-- Up-to-date: /root/ros2_ws/install/rplidar_ros/share/rplidar_ros/launch/rplidar_s1_launch.py\n'}
[4.382392] (rplidar_ros) StdoutLine: {'line': b'-- Up-to-date: /root/ros2_ws/install/rplidar_ros/share/rplidar_ros/launch/view_rplidar_s2e_launch.py\n'}
[4.382695] (rplidar_ros) StdoutLine: {'line': b'-- Up-to-date: /root/ros2_ws/install/rplidar_ros/share/rplidar_ros/launch/view_rplidar_s1_tcp_launch.py\n'}
[4.383050] (rplidar_ros) StdoutLine: {'line': b'-- Up-to-date: /root/ros2_ws/install/rplidar_ros/share/rplidar_ros/launch/rplidar_t1_launch.py\n'}
[4.383355] (rplidar_ros) StdoutLine: {'line': b'-- Up-to-date: /root/ros2_ws/install/rplidar_ros/share/rplidar_ros/launch/view_rplidar_s1_launch.py\n'}
[4.383643] (rplidar_ros) StdoutLine: {'line': b'-- Up-to-date: /root/ros2_ws/install/rplidar_ros/share/rplidar_ros/rviz\n'}
[4.384023] (rplidar_ros) StdoutLine: {'line': b'-- Up-to-date: /root/ros2_ws/install/rplidar_ros/share/rplidar_ros/rviz/rplidar_ros.rviz\n'}
[4.384329] (rplidar_ros) StdoutLine: {'line': b'-- Up-to-date: /root/ros2_ws/install/rplidar_ros/lib/rplidar_ros/rplidar_node\n'}
[4.410486] (rplidar_ros) StdoutLine: {'line': b'-- Up-to-date: /root/ros2_ws/install/rplidar_ros/lib/rplidar_ros/rplidar_composition\n'}
[4.413057] (rplidar_ros) StdoutLine: {'line': b'-- Up-to-date: /root/ros2_ws/install/rplidar_ros/lib/rplidar_ros/rplidar_client\n'}
[4.413432] (rplidar_ros) StdoutLine: {'line': b'-- Up-to-date: /root/ros2_ws/install/rplidar_ros/share/ament_index/resource_index/package_run_dependencies/rplidar_ros\n'}
[4.416927] (rplidar_ros) StdoutLine: {'line': b'-- Up-to-date: /root/ros2_ws/install/rplidar_ros/share/ament_index/resource_index/parent_prefix_path/rplidar_ros\n'}
[4.417322] (rplidar_ros) StdoutLine: {'line': b'-- Up-to-date: /root/ros2_ws/install/rplidar_ros/share/rplidar_ros/environment/ament_prefix_path.sh\n'}
[4.417586] (rplidar_ros) StdoutLine: {'line': b'-- Up-to-date: /root/ros2_ws/install/rplidar_ros/share/rplidar_ros/environment/ament_prefix_path.dsv\n'}
[4.417918] (rplidar_ros) StdoutLine: {'line': b'-- Up-to-date: /root/ros2_ws/install/rplidar_ros/share/rplidar_ros/environment/path.sh\n'}
[4.418188] (rplidar_ros) StdoutLine: {'line': b'-- Up-to-date: /root/ros2_ws/install/rplidar_ros/share/rplidar_ros/environment/path.dsv\n'}
[4.418472] (rplidar_ros) StdoutLine: {'line': b'-- Up-to-date: /root/ros2_ws/install/rplidar_ros/share/rplidar_ros/local_setup.bash\n'}
[4.432349] (rplidar_ros) StdoutLine: {'line': b'-- Up-to-date: /root/ros2_ws/install/rplidar_ros/share/rplidar_ros/local_setup.sh\n'}
[4.432738] (cartographer) StdoutLine: {'line': b'[ 78%] Built target cartographer.mapping.internal.2d.tsdf_2d_test\n'}
[4.433058] (rplidar_ros) StdoutLine: {'line': b'-- Up-to-date: /root/ros2_ws/install/rplidar_ros/share/rplidar_ros/local_setup.zsh\n'}
[4.433397] (rplidar_ros) StdoutLine: {'line': b'-- Up-to-date: /root/ros2_ws/install/rplidar_ros/share/rplidar_ros/local_setup.dsv\n'}
[4.433687] (rplidar_ros) StdoutLine: {'line': b'-- Installing: /root/ros2_ws/install/rplidar_ros/share/rplidar_ros/package.dsv\n'}
[4.434071] (rplidar_ros) StdoutLine: {'line': b'-- Up-to-date: /root/ros2_ws/install/rplidar_ros/share/ament_index/resource_index/packages/rplidar_ros\n'}
[4.434465] (rplidar_ros) StdoutLine: {'line': b'-- Up-to-date: /root/ros2_ws/install/rplidar_ros/share/rplidar_ros/cmake/ament_cmake_export_dependencies-extras.cmake\n'}
[4.434888] (rplidar_ros) StdoutLine: {'line': b'-- Up-to-date: /root/ros2_ws/install/rplidar_ros/share/rplidar_ros/cmake/ament_cmake_export_include_directories-extras.cmake\n'}
[4.435418] (rplidar_ros) StdoutLine: {'line': b'-- Up-to-date: /root/ros2_ws/install/rplidar_ros/share/rplidar_ros/cmake/rplidar_rosConfig.cmake\n'}
[4.469530] (-) TimerEvent: {}
[4.472927] (rplidar_ros) StdoutLine: {'line': b'-- Up-to-date: /root/ros2_ws/install/rplidar_ros/share/rplidar_ros/cmake/rplidar_rosConfig-version.cmake\n'}
[4.473425] (rplidar_ros) StdoutLine: {'line': b'-- Up-to-date: /root/ros2_ws/install/rplidar_ros/share/rplidar_ros/package.xml\n'}
[4.473946] (cartographer) StdoutLine: {'line': b'[ 78%] Built target build_doc\n'}
[4.474331] (rplidar_ros) CommandEnded: {'returncode': 0}
[4.486182] (cartographer) StdoutLine: {'line': b'[ 78%] Built target cartographer.mapping.internal.3d.local_trajectory_builder_3d_test\n'}
[4.562732] (cartographer) StdoutLine: {'line': b'[ 79%] Built target cartographer.mapping.internal.3d.scan_matching.ceres_scan_matcher_3d_test\n'}
[4.571794] (cartographer) StdoutLine: {'line': b'[ 79%] Built target cartographer.mapping.internal.3d.rotation_parameterization_test\n'}
[4.572565] (-) TimerEvent: {}
[4.621313] (cartographer) StdoutLine: {'line': b'[ 80%] Built target cartographer.mapping.internal.3d.pose_graph_3d_test\n'}
[4.621847] (cartographer) StdoutLine: {'line': b'[ 80%] Built target cartographer.mapping.internal.3d.scan_matching.interpolated_grid_test\n'}
[4.673006] (rplidar_ros) JobEnded: {'identifier': 'rplidar_ros', 'rc': 0}
[4.674610] (-) TimerEvent: {}
[4.688532] (cartographer) StdoutLine: {'line': b'[ 81%] Built target cartographer.mapping.internal.3d.scan_matching.intensity_cost_function_3d_test\n'}
[4.701790] (cartographer) StdoutLine: {'line': b'[ 81%] Built target cartographer.mapping.internal.3d.scan_matching.fast_correlative_scan_matcher_3d_test\n'}
[4.727822] (cartographer) StdoutLine: {'line': b'[ 81%] Built target cartographer.mapping.internal.3d.scan_matching.real_time_correlative_scan_matcher_3d_test\n'}
[4.774625] (cartographer) StdoutLine: {'line': b'[ 82%] Built target cartographer.mapping.internal.3d.scan_matching.precomputation_grid_3d_test\n'}
[4.775496] (-) TimerEvent: {}
[4.779587] (cartographer) StdoutLine: {'line': b'[ 82%] Built target cartographer.mapping.internal.3d.scan_matching.rotational_scan_matcher_test\n'}
[4.855980] (cartographer) StdoutLine: {'line': b'[ 82%] Built target cartographer.mapping.internal.constraints.constraint_builder_2d_test\n'}
[4.856433] (cartographer) StdoutLine: {'line': b'[ 83%] Built target cartographer.mapping.internal.3d.scan_matching.rotation_delta_cost_functor_3d_test\n'}
[4.882156] (-) TimerEvent: {}
[4.889411] (cartographer) StdoutLine: {'line': b'[ 84%] Built target cartographer.mapping.internal.connected_components_test\n'}
[4.945872] (cartographer) StdoutLine: {'line': b'[ 85%] Built target cartographer.mapping.internal.constraints.constraint_builder_3d_test\n'}
[4.984547] (-) TimerEvent: {}
[5.004853] (cartographer) StdoutLine: {'line': b'[ 86%] Built target cartographer.mapping.internal.motion_filter_test\n'}
[5.006876] (cartographer) StdoutLine: {'line': b'[ 87%] Built target cartographer.mapping.internal.optimization.cost_functions.landmark_cost_function_2d_test\n'}
[5.011421] (cartographer) StdoutLine: {'line': b'[ 87%] Built target cartographer.mapping.internal.optimization.cost_functions.spa_cost_function_2d_test\n'}
[5.089750] (-) TimerEvent: {}
[5.110921] (cartographer) StdoutLine: {'line': b'[ 87%] Built target cartographer.mapping.internal.optimization.cost_functions.landmark_cost_function_3d_test\n'}
[5.133939] (cartographer) StdoutLine: {'line': b'[ 88%] Built target cartographer.mapping.internal.range_data_collator_test\n'}
[5.174778] (cartographer) StdoutLine: {'line': b'[ 88%] Built target cartographer.mapping.internal.trajectory_connectivity_state_test\n'}
[5.186273] (cartographer) StdoutLine: {'line': b'[ 88%] Built target cartographer.mapping.internal.optimization.optimization_problem_3d_test\n'}
[5.188726] (cartographer) StdoutLine: {'line': b'[ 89%] Built target cartographer.mapping.map_builder_test\n'}
[5.198934] (-) TimerEvent: {}
[5.244125] (cartographer) StdoutLine: {'line': b'[ 89%] Built target cartographer.mapping.pose_graph_trimmer_test\n'}
[5.259710] (cartographer) StdoutLine: {'line': b'[ 89%] Built target cartographer.mapping.pose_extrapolator_test\n'}
[5.300802] (-) TimerEvent: {}
[5.331705] (cartographer) StdoutLine: {'line': b'[ 89%] Built target cartographer.mapping.submaps_test\n'}
[5.338456] (cartographer) StdoutLine: {'line': b'[ 90%] Built target cartographer.mapping.pose_graph_test\n'}
[5.359833] (cartographer) StdoutLine: {'line': b'[ 91%] Built target cartographer.mapping.probability_values_test\n'}
[5.400951] (-) TimerEvent: {}
[5.444787] (cartographer) StdoutLine: {'line': b'[ 92%] Built target cartographer.sensor.compressed_point_cloud_test\n'}
[5.477098] (cartographer) StdoutLine: {'line': b'[ 93%] Built target cartographer.mapping.value_conversion_tables_test\n'}
[5.477499] (cartographer) StdoutLine: {'line': b'[ 93%] Built target cartographer.mapping.trajectory_node_test\n'}
[5.501081] (-) TimerEvent: {}
[5.521339] (cartographer) StdoutLine: {'line': b'[ 93%] Built target cartographer.sensor.internal.voxel_filter_test\n'}
[5.523991] (cartographer) StdoutLine: {'line': b'[ 93%] Built target cartographer.sensor.internal.collator_test\n'}
[5.563855] (cartographer) StdoutLine: {'line': b'[ 94%] Built target cartographer.sensor.internal.ordered_multi_queue_test\n'}
[5.586436] (cartographer) StdoutLine: {'line': b'[ 95%] Built target cartographer.sensor.internal.trajectory_collator_test\n'}
[5.601989] (-) TimerEvent: {}
[5.643737] (cartographer) StdoutLine: {'line': b'[ 96%] Built target cartographer.sensor.landmark_data_test\n'}
[5.652953] (cartographer) StdoutLine: {'line': b'[ 96%] Built target cartographer.sensor.map_by_time_test\n'}
[5.674348] (cartographer) StdoutLine: {'line': b'[ 97%] Built target cartographer.sensor.point_cloud_test\n'}
[5.702473] (-) TimerEvent: {}
[5.716835] (cartographer) StdoutLine: {'line': b'[ 98%] Built target cartographer.transform.rigid_transform_test\n'}
[5.718617] (cartographer) StdoutLine: {'line': b'[ 98%] Built target cartographer.sensor.range_data_test\n'}
[5.763764] (cartographer) StdoutLine: {'line': b'[100%] Built target cartographer.transform.transform_interpolation_buffer_test\n'}
[5.790630] (cartographer) StdoutLine: {'line': b'[100%] Built target cartographer.transform.timestamped_transform_test\n'}
[5.801744] (cartographer) StdoutLine: {'line': b'[100%] Built target cartographer.transform.transform_test\n'}
[5.804204] (-) TimerEvent: {}
[5.864148] (cartographer) CommandEnded: {'returncode': 0}
[5.870536] (cartographer) JobProgress: {'identifier': 'cartographer', 'progress': 'install'}
[5.870747] (cartographer) Command: {'cmd': ['/usr/bin/cmake', '--install', '/root/ros2_ws/build/cartographer'], 'cwd': '/root/ros2_ws/build/cartographer', 'env': OrderedDict([('HOSTNAME', 'warnie'), ('GIT_ASKPASS', '/root/.vscode-server/bin/17baf841131aa23349f217ca7c570c76ee87b957/extensions/git/dist/askpass.sh'), ('SHLVL', '2'), ('LD_LIBRARY_PATH', '/root/ros2_ws/install/cartographer_rviz/lib:/root/ros2_ws/install/cartographer_ros/lib:/root/ros2_ws/install/cartographer_ros_msgs/lib:/opt/ros/humble/opt/rviz_ogre_vendor/lib:/opt/ros/humble/lib/x86_64-linux-gnu:/opt/ros/humble/lib'), ('BROWSER', '/root/.vscode-server/bin/17baf841131aa23349f217ca7c570c76ee87b957/bin/helpers/browser.sh'), ('HOME', '/root'), ('OLDPWD', '/root/ros2_ws/src'), ('TERM_PROGRAM_VERSION', '1.99.3'), ('VSCODE_IPC_HOOK_CLI', '/tmp/vscode-ipc-68549143-8077-4743-9875-84966345cd0e.sock'), ('ROS_PYTHON_VERSION', '3'), ('VSCODE_GIT_ASKPASS_MAIN', '/root/.vscode-server/bin/17baf841131aa23349f217ca7c570c76ee87b957/extensions/git/dist/askpass-main.js'), ('VSCODE_GIT_ASKPASS_NODE', '/root/.vscode-server/bin/17baf841131aa23349f217ca7c570c76ee87b957/node'), ('LC_CTYPE', 'C.UTF-8'), ('COLORTERM', 'truecolor'), ('REMOTE_CONTAINERS', 'true'), ('COLCON_PREFIX_PATH', '/root/ros2_ws/install'), ('ROS_DISTRO', 'humble'), ('REMOTE_CONTAINERS_IPC', '/tmp/vscode-remote-containers-ipc-f285fd1d-9376-4a47-8352-1dbec715791d.sock'), ('_', '/usr/bin/colcon'), ('ROS_VERSION', '2'), ('PKG_CONFIG_PATH', '/root/ros2_ws/install/cartographer/lib/x86_64-linux-gnu/pkgconfig:/root/ros2_ws/install/cartographer/lib/pkgconfig'), ('TERM', 'xterm-256color'), ('ROS_LOCALHOST_ONLY', '0'), ('PATH', '/root/ros2_ws/install/cartographer/bin:/root/.vscode-server/bin/17baf841131aa23349f217ca7c570c76ee87b957/bin/remote-cli:/opt/ros/humble/bin:/usr/local/sbin:/usr/local/bin:/usr/sbin:/usr/bin:/sbin:/bin:/root/.vscode-server/data/User/globalStorage/github.copilot-chat/debugCommand'), ('REMOTE_CONTAINERS_SOCKETS', '["/tmp/vscode-ssh-auth-f285fd1d-9376-4a47-8352-1dbec715791d.sock","/root/.gnupg/S.gpg-agent"]'), ('DISPLAY', 'unix:0'), ('LANG', 'en_US.UTF-8'), ('VSCODE_GIT_IPC_HANDLE', '/tmp/vscode-git-3ce2b43cc6.sock'), ('TERM_PROGRAM', 'vscode'), ('SSH_AUTH_SOCK', '/tmp/vscode-ssh-auth-f285fd1d-9376-4a47-8352-1dbec715791d.sock'), ('AMENT_PREFIX_PATH', '/root/ros2_ws/install/car_launch:/root/ros2_ws/install/robocar_test_cpp:/root/ros2_ws/install/rplidar_ros:/root/ros2_ws/install/ros2_opencv:/root/ros2_ws/install/cartographer_rviz:/root/ros2_ws/install/cartographer_ros:/root/ros2_ws/install/cartographer_ros_msgs:/root/ros2_ws/install/Test_FirstPkg:/opt/ros/humble'), ('SHELL', '/bin/bash'), ('VSCODE_GIT_ASKPASS_EXTRA_ARGS', ''), ('PWD', '/root/ros2_ws/build/cartographer'), ('PYTHONPATH', '/root/ros2_ws/install/ros2_opencv/lib/python3.10/site-packages:/root/ros2_ws/install/cartographer_ros_msgs/local/lib/python3.10/dist-packages:/opt/ros/humble/lib/python3.10/site-packages:/opt/ros/humble/local/lib/python3.10/dist-packages'), ('COLCON', '1'), ('CMAKE_PREFIX_PATH', '/root/ros2_ws/install/car_launch:/root/ros2_ws/install/robocar_test_cpp:/root/ros2_ws/install/rplidar_ros:/root/ros2_ws/install/cartographer_rviz:/root/ros2_ws/install/cartographer_ros:/root/ros2_ws/install/cartographer_ros_msgs:/root/ros2_ws/install/cartographer:/root/ros2_ws/install/Test_FirstPkg:/root/ros2_ws/install/ros2_opencv:/opt/ros/humble')]), 'shell': False}
[5.901461] (cartographer) StdoutLine: {'line': b'-- Install configuration: "Release"\n'}
[5.904502] (-) TimerEvent: {}
[5.905258] (cartographer) StdoutLine: {'line': b'-- Up-to-date: /root/ros2_ws/install/cartographer/share/cartographer/package.xml\n'}
[5.905791] (cartographer) StdoutLine: {'line': b'-- Up-to-date: /root/ros2_ws/install/cartographer/share/cartographer//configuration_files\n'}
[5.908275] (cartographer) StdoutLine: {'line': b'-- Up-to-date: /root/ros2_ws/install/cartographer/share/cartographer//configuration_files/trajectory_builder_3d.lua\n'}
[5.909561] (cartographer) StdoutLine: {'line': b'-- Up-to-date: /root/ros2_ws/install/cartographer/share/cartographer//configuration_files/map_builder_server.lua\n'}
[5.911228] (cartographer) StdoutLine: {'line': b'-- Up-to-date: /root/ros2_ws/install/cartographer/share/cartographer//configuration_files/trajectory_builder_2d.lua\n'}
[5.912794] (cartographer) StdoutLine: {'line': b'-- Up-to-date: /root/ros2_ws/install/cartographer/share/cartographer//configuration_files/trajectory_builder.lua\n'}
[5.914394] (cartographer) StdoutLine: {'line': b'-- Up-to-date: /root/ros2_ws/install/cartographer/share/cartographer//configuration_files/map_builder.lua\n'}
[5.918169] (cartographer) StdoutLine: {'line': b'-- Up-to-date: /root/ros2_ws/install/cartographer/share/cartographer//configuration_files/laser_2d.lua\n'}
[5.918600] (cartographer) StdoutLine: {'line': b'-- Up-to-date: /root/ros2_ws/install/cartographer/share/cartographer//configuration_files/pose_graph.lua\n'}
[5.919303] (cartographer) StdoutLine: {'line': b'-- Up-to-date: /root/ros2_ws/install/cartographer/share/cartographer//cmake\n'}
[5.920294] (cartographer) StdoutLine: {'line': b'-- Up-to-date: /root/ros2_ws/install/cartographer/share/cartographer//cmake/modules\n'}
[5.920624] (cartographer) StdoutLine: {'line': b'-- Up-to-date: /root/ros2_ws/install/cartographer/share/cartographer//cmake/modules/FindSphinx.cmake\n'}
[5.920917] (cartographer) StdoutLine: {'line': b'-- Up-to-date: /root/ros2_ws/install/cartographer/share/cartographer//cmake/modules/FindLuaGoogle.cmake\n'}
[5.921153] (cartographer) StdoutLine: {'line': b'-- Up-to-date: /root/ros2_ws/install/cartographer/share/cartographer//cmake/modules/FindGMock.cmake\n'}
[5.921387] (cartographer) StdoutLine: {'line': b'-- Up-to-date: /root/ros2_ws/install/cartographer/share/cartographer//cmake/modules/FindEigen3.cmake\n'}
[5.921612] (cartographer) StdoutLine: {'line': b'-- Up-to-date: /root/ros2_ws/install/cartographer/share/cartographer//cmake/functions.cmake\n'}
[5.925729] (cartographer) StdoutLine: {'line': b'-- Up-to-date: /root/ros2_ws/install/cartographer/bin/cartographer_autogenerate_ground_truth\n'}
[5.926126] (cartographer) StdoutLine: {'line': b'-- Up-to-date: /root/ros2_ws/install/cartographer/bin/cartographer_compute_relations_metrics\n'}
[5.926411] (cartographer) StdoutLine: {'line': b'-- Up-to-date: /root/ros2_ws/install/cartographer/bin/cartographer_pbstream\n'}
[5.926754] (cartographer) StdoutLine: {'line': b'-- Up-to-date: /root/ros2_ws/install/cartographer/bin/cartographer_print_configuration\n'}
[5.927839] (cartographer) StdoutLine: {'line': b'-- Up-to-date: /root/ros2_ws/install/cartographer/lib/libcartographer.a\n'}
[5.928349] (cartographer) StdoutLine: {'line': b'-- Up-to-date: /root/ros2_ws/install/cartographer/include/cartographer/common/configuration_file_resolver.h\n'}
[5.928703] (cartographer) StdoutLine: {'line': b'-- Up-to-date: /root/ros2_ws/install/cartographer/include/cartographer/common/fixed_ratio_sampler.h\n'}
[5.928992] (cartographer) StdoutLine: {'line': b'-- Up-to-date: /root/ros2_ws/install/cartographer/include/cartographer/common/histogram.h\n'}
[5.929263] (cartographer) StdoutLine: {'line': b'-- Up-to-date: /root/ros2_ws/install/cartographer/include/cartographer/common/lua.h\n'}
[5.929525] (cartographer) StdoutLine: {'line': b'-- Up-to-date: /root/ros2_ws/install/cartographer/include/cartographer/common/lua_parameter_dictionary.h\n'}
[5.929808] (cartographer) StdoutLine: {'line': b'-- Up-to-date: /root/ros2_ws/install/cartographer/include/cartographer/common/math.h\n'}
[5.930079] (cartographer) StdoutLine: {'line': b'-- Up-to-date: /root/ros2_ws/install/cartographer/include/cartographer/common/port.h\n'}
[5.930345] (cartographer) StdoutLine: {'line': b'-- Up-to-date: /root/ros2_ws/install/cartographer/include/cartographer/common/task.h\n'}
[5.930604] (cartographer) StdoutLine: {'line': b'-- Up-to-date: /root/ros2_ws/install/cartographer/include/cartographer/common/thread_pool.h\n'}
[5.933322] (cartographer) StdoutLine: {'line': b'-- Up-to-date: /root/ros2_ws/install/cartographer/include/cartographer/common/time.h\n'}
[5.933685] (cartographer) StdoutLine: {'line': b'-- Up-to-date: /root/ros2_ws/install/cartographer/include/cartographer/ground_truth/autogenerate_ground_truth.h\n'}
[5.934046] (cartographer) StdoutLine: {'line': b'-- Up-to-date: /root/ros2_ws/install/cartographer/include/cartographer/ground_truth/relations_text_file.h\n'}
[5.934390] (cartographer) StdoutLine: {'line': b'-- Up-to-date: /root/ros2_ws/install/cartographer/include/cartographer/io/color.h\n'}
[5.934719] (cartographer) StdoutLine: {'line': b'-- Up-to-date: /root/ros2_ws/install/cartographer/include/cartographer/io/coloring_points_processor.h\n'}
[5.935116] (cartographer) StdoutLine: {'line': b'-- Up-to-date: /root/ros2_ws/install/cartographer/include/cartographer/io/counting_points_processor.h\n'}
[5.935575] (cartographer) StdoutLine: {'line': b'-- Up-to-date: /root/ros2_ws/install/cartographer/include/cartographer/io/draw_trajectories.h\n'}
[5.936214] (cartographer) StdoutLine: {'line': b'-- Up-to-date: /root/ros2_ws/install/cartographer/include/cartographer/io/file_writer.h\n'}
[5.936551] (cartographer) StdoutLine: {'line': b'-- Up-to-date: /root/ros2_ws/install/cartographer/include/cartographer/io/fixed_ratio_sampling_points_processor.h\n'}
[5.953916] (cartographer) StdoutLine: {'line': b'-- Up-to-date: /root/ros2_ws/install/cartographer/include/cartographer/io/frame_id_filtering_points_processor.h\n'}
[5.954236] (cartographer) StdoutLine: {'line': b'-- Up-to-date: /root/ros2_ws/install/cartographer/include/cartographer/io/hybrid_grid_points_processor.h\n'}
[5.954543] (cartographer) StdoutLine: {'line': b'-- Up-to-date: /root/ros2_ws/install/cartographer/include/cartographer/io/image.h\n'}
[5.955031] (cartographer) StdoutLine: {'line': b'-- Up-to-date: /root/ros2_ws/install/cartographer/include/cartographer/io/intensity_to_color_points_processor.h\n'}
[5.955438] (cartographer) StdoutLine: {'line': b'-- Up-to-date: /root/ros2_ws/install/cartographer/include/cartographer/io/min_max_range_filtering_points_processor.h\n'}
[5.955724] (cartographer) StdoutLine: {'line': b'-- Up-to-date: /root/ros2_ws/install/cartographer/include/cartographer/io/null_points_processor.h\n'}
[5.955994] (cartographer) StdoutLine: {'line': b'-- Up-to-date: /root/ros2_ws/install/cartographer/include/cartographer/io/outlier_removing_points_processor.h\n'}
[5.956256] (cartographer) StdoutLine: {'line': b'-- Up-to-date: /root/ros2_ws/install/cartographer/include/cartographer/io/pcd_writing_points_processor.h\n'}
[5.956513] (cartographer) StdoutLine: {'line': b'-- Up-to-date: /root/ros2_ws/install/cartographer/include/cartographer/io/ply_writing_points_processor.h\n'}
[5.959588] (cartographer) StdoutLine: {'line': b'-- Up-to-date: /root/ros2_ws/install/cartographer/include/cartographer/io/points_batch.h\n'}
[5.960094] (cartographer) StdoutLine: {'line': b'-- Up-to-date: /root/ros2_ws/install/cartographer/include/cartographer/io/points_processor.h\n'}
[5.960465] (cartographer) StdoutLine: {'line': b'-- Up-to-date: /root/ros2_ws/install/cartographer/include/cartographer/io/points_processor_pipeline_builder.h\n'}
[5.960828] (cartographer) StdoutLine: {'line': b'-- Up-to-date: /root/ros2_ws/install/cartographer/include/cartographer/io/probability_grid_points_processor.h\n'}
[5.961135] (cartographer) StdoutLine: {'line': b'-- Up-to-date: /root/ros2_ws/install/cartographer/include/cartographer/io/proto_stream.h\n'}
[5.961472] (cartographer) StdoutLine: {'line': b'-- Up-to-date: /root/ros2_ws/install/cartographer/include/cartographer/io/proto_stream_deserializer.h\n'}
[5.961773] (cartographer) StdoutLine: {'line': b'-- Up-to-date: /root/ros2_ws/install/cartographer/include/cartographer/io/proto_stream_interface.h\n'}
[5.962071] (cartographer) StdoutLine: {'line': b'-- Up-to-date: /root/ros2_ws/install/cartographer/include/cartographer/io/serialization_format_migration.h\n'}
[5.962367] (cartographer) StdoutLine: {'line': b'-- Up-to-date: /root/ros2_ws/install/cartographer/include/cartographer/io/submap_painter.h\n'}
[5.962781] (cartographer) StdoutLine: {'line': b'-- Up-to-date: /root/ros2_ws/install/cartographer/include/cartographer/io/vertical_range_filtering_points_processor.h\n'}
[5.965139] (cartographer) StdoutLine: {'line': b'-- Up-to-date: /root/ros2_ws/install/cartographer/include/cartographer/io/xray_points_processor.h\n'}
[5.965428] (cartographer) StdoutLine: {'line': b'-- Up-to-date: /root/ros2_ws/install/cartographer/include/cartographer/io/xyz_writing_points_processor.h\n'}
[5.965674] (cartographer) StdoutLine: {'line': b'-- Up-to-date: /root/ros2_ws/install/cartographer/include/cartographer/mapping/2d/grid_2d.h\n'}
[5.965937] (cartographer) StdoutLine: {'line': b'-- Up-to-date: /root/ros2_ws/install/cartographer/include/cartographer/mapping/2d/map_limits.h\n'}
[5.966163] (cartographer) StdoutLine: {'line': b'-- Up-to-date: /root/ros2_ws/install/cartographer/include/cartographer/mapping/2d/probability_grid.h\n'}
[5.966382] (cartographer) StdoutLine: {'line': b'-- Up-to-date: /root/ros2_ws/install/cartographer/include/cartographer/mapping/2d/probability_grid_range_data_inserter_2d.h\n'}
[5.966597] (cartographer) StdoutLine: {'line': b'-- Up-to-date: /root/ros2_ws/install/cartographer/include/cartographer/mapping/2d/submap_2d.h\n'}
[5.966857] (cartographer) StdoutLine: {'line': b'-- Up-to-date: /root/ros2_ws/install/cartographer/include/cartographer/mapping/2d/xy_index.h\n'}
[5.967095] (cartographer) StdoutLine: {'line': b'-- Up-to-date: /root/ros2_ws/install/cartographer/include/cartographer/mapping/3d/hybrid_grid.h\n'}
[5.967338] (cartographer) StdoutLine: {'line': b'-- Up-to-date: /root/ros2_ws/install/cartographer/include/cartographer/mapping/3d/range_data_inserter_3d.h\n'}
[5.967582] (cartographer) StdoutLine: {'line': b'-- Up-to-date: /root/ros2_ws/install/cartographer/include/cartographer/mapping/3d/submap_3d.h\n'}
[5.969333] (cartographer) StdoutLine: {'line': b'-- Up-to-date: /root/ros2_ws/install/cartographer/include/cartographer/mapping/detect_floors.h\n'}
[5.969921] (cartographer) StdoutLine: {'line': b'-- Up-to-date: /root/ros2_ws/install/cartographer/include/cartographer/mapping/grid_interface.h\n'}
[5.970357] (cartographer) StdoutLine: {'line': b'-- Up-to-date: /root/ros2_ws/install/cartographer/include/cartographer/mapping/id.h\n'}
[5.970688] (cartographer) StdoutLine: {'line': b'-- Up-to-date: /root/ros2_ws/install/cartographer/include/cartographer/mapping/imu_tracker.h\n'}
[5.971338] (cartographer) StdoutLine: {'line': b'-- Up-to-date: /root/ros2_ws/install/cartographer/include/cartographer/mapping/map_builder.h\n'}
[5.977712] (cartographer) StdoutLine: {'line': b'-- Up-to-date: /root/ros2_ws/install/cartographer/include/cartographer/mapping/map_builder_interface.h\n'}
[5.978051] (cartographer) StdoutLine: {'line': b'-- Up-to-date: /root/ros2_ws/install/cartographer/include/cartographer/mapping/pose_extrapolator.h\n'}
[5.978301] (cartographer) StdoutLine: {'line': b'-- Up-to-date: /root/ros2_ws/install/cartographer/include/cartographer/mapping/pose_extrapolator_interface.h\n'}
[5.978576] (cartographer) StdoutLine: {'line': b'-- Up-to-date: /root/ros2_ws/install/cartographer/include/cartographer/mapping/pose_graph.h\n'}
[5.979532] (cartographer) StdoutLine: {'line': b'-- Up-to-date: /root/ros2_ws/install/cartographer/include/cartographer/mapping/pose_graph_interface.h\n'}
[5.995396] (cartographer) StdoutLine: {'line': b'-- Up-to-date: /root/ros2_ws/install/cartographer/include/cartographer/mapping/pose_graph_trimmer.h\n'}
[5.995709] (cartographer) StdoutLine: {'line': b'-- Up-to-date: /root/ros2_ws/install/cartographer/include/cartographer/mapping/probability_values.h\n'}
[5.995989] (cartographer) StdoutLine: {'line': b'-- Up-to-date: /root/ros2_ws/install/cartographer/include/cartographer/mapping/range_data_inserter_interface.h\n'}
[5.996263] (cartographer) StdoutLine: {'line': b'-- Up-to-date: /root/ros2_ws/install/cartographer/include/cartographer/mapping/submaps.h\n'}
[5.996514] (cartographer) StdoutLine: {'line': b'-- Up-to-date: /root/ros2_ws/install/cartographer/include/cartographer/mapping/trajectory_builder_interface.h\n'}
[5.996799] (cartographer) StdoutLine: {'line': b'-- Up-to-date: /root/ros2_ws/install/cartographer/include/cartographer/mapping/trajectory_node.h\n'}
[5.997076] (cartographer) StdoutLine: {'line': b'-- Up-to-date: /root/ros2_ws/install/cartographer/include/cartographer/mapping/value_conversion_tables.h\n'}
[5.997349] (cartographer) StdoutLine: {'line': b'-- Up-to-date: /root/ros2_ws/install/cartographer/include/cartographer/metrics/counter.h\n'}
[5.997614] (cartographer) StdoutLine: {'line': b'-- Up-to-date: /root/ros2_ws/install/cartographer/include/cartographer/metrics/family_factory.h\n'}
[6.002599] (cartographer) StdoutLine: {'line': b'-- Up-to-date: /root/ros2_ws/install/cartographer/include/cartographer/metrics/gauge.h\n'}
[6.002953] (cartographer) StdoutLine: {'line': b'-- Up-to-date: /root/ros2_ws/install/cartographer/include/cartographer/metrics/histogram.h\n'}
[6.003221] (cartographer) StdoutLine: {'line': b'-- Up-to-date: /root/ros2_ws/install/cartographer/include/cartographer/metrics/register.h\n'}
[6.003473] (cartographer) StdoutLine: {'line': b'-- Up-to-date: /root/ros2_ws/install/cartographer/include/cartographer/sensor/collator_interface.h\n'}
[6.003758] (cartographer) StdoutLine: {'line': b'-- Up-to-date: /root/ros2_ws/install/cartographer/include/cartographer/sensor/compressed_point_cloud.h\n'}
[6.004036] (cartographer) StdoutLine: {'line': b'-- Up-to-date: /root/ros2_ws/install/cartographer/include/cartographer/sensor/data.h\n'}
[6.004283] (cartographer) StdoutLine: {'line': b'-- Up-to-date: /root/ros2_ws/install/cartographer/include/cartographer/sensor/fixed_frame_pose_data.h\n'}
[6.004546] (-) TimerEvent: {}
[6.021807] (cartographer) StdoutLine: {'line': b'-- Up-to-date: /root/ros2_ws/install/cartographer/include/cartographer/sensor/imu_data.h\n'}
[6.022200] (cartographer) StdoutLine: {'line': b'-- Up-to-date: /root/ros2_ws/install/cartographer/include/cartographer/sensor/landmark_data.h\n'}
[6.022466] (cartographer) StdoutLine: {'line': b'-- Up-to-date: /root/ros2_ws/install/cartographer/include/cartographer/sensor/map_by_time.h\n'}
[6.022741] (cartographer) StdoutLine: {'line': b'-- Up-to-date: /root/ros2_ws/install/cartographer/include/cartographer/sensor/odometry_data.h\n'}
[6.023027] (cartographer) StdoutLine: {'line': b'-- Up-to-date: /root/ros2_ws/install/cartographer/include/cartographer/sensor/point_cloud.h\n'}
[6.023282] (cartographer) StdoutLine: {'line': b'-- Up-to-date: /root/ros2_ws/install/cartographer/include/cartographer/sensor/range_data.h\n'}
[6.023528] (cartographer) StdoutLine: {'line': b'-- Up-to-date: /root/ros2_ws/install/cartographer/include/cartographer/sensor/rangefinder_point.h\n'}
[6.023836] (cartographer) StdoutLine: {'line': b'-- Up-to-date: /root/ros2_ws/install/cartographer/include/cartographer/sensor/timed_point_cloud_data.h\n'}
[6.024156] (cartographer) StdoutLine: {'line': b'-- Up-to-date: /root/ros2_ws/install/cartographer/include/cartographer/transform/rigid_transform.h\n'}
[6.024492] (cartographer) StdoutLine: {'line': b'-- Up-to-date: /root/ros2_ws/install/cartographer/include/cartographer/transform/timestamped_transform.h\n'}
[6.024944] (cartographer) StdoutLine: {'line': b'-- Up-to-date: /root/ros2_ws/install/cartographer/include/cartographer/transform/transform.h\n'}
[6.025349] (cartographer) StdoutLine: {'line': b'-- Up-to-date: /root/ros2_ws/install/cartographer/include/cartographer/transform/transform_interpolation_buffer.h\n'}
[6.027963] (cartographer) StdoutLine: {'line': b'-- Up-to-date: /root/ros2_ws/install/cartographer/include/cartographer/io/fake_file_writer.h\n'}
[6.028737] (cartographer) StdoutLine: {'line': b'-- Up-to-date: /root/ros2_ws/install/cartographer/include/cartographer/transform/rigid_transform_test_helpers.h\n'}
[6.029050] (cartographer) StdoutLine: {'line': b'-- Up-to-date: /root/ros2_ws/install/cartographer/include/cartographer/common/proto/ceres_solver_options.pb.h\n'}
[6.029317] (cartographer) StdoutLine: {'line': b'-- Up-to-date: /root/ros2_ws/install/cartographer/include/cartographer/ground_truth/proto/relations.pb.h\n'}
[6.029565] (cartographer) StdoutLine: {'line': b'-- Up-to-date: /root/ros2_ws/install/cartographer/include/cartographer/mapping/proto/cell_limits_2d.pb.h\n'}
[6.029851] (cartographer) StdoutLine: {'line': b'-- Up-to-date: /root/ros2_ws/install/cartographer/include/cartographer/mapping/proto/connected_components.pb.h\n'}
[6.030114] (cartographer) StdoutLine: {'line': b'-- Up-to-date: /root/ros2_ws/install/cartographer/include/cartographer/mapping/proto/grid_2d.pb.h\n'}
[6.030380] (cartographer) StdoutLine: {'line': b'-- Up-to-date: /root/ros2_ws/install/cartographer/include/cartographer/mapping/proto/grid_2d_options.pb.h\n'}
[6.030706] (cartographer) StdoutLine: {'line': b'-- Up-to-date: /root/ros2_ws/install/cartographer/include/cartographer/mapping/proto/hybrid_grid.pb.h\n'}
[6.031133] (cartographer) StdoutLine: {'line': b'-- Up-to-date: /root/ros2_ws/install/cartographer/include/cartographer/mapping/proto/local_trajectory_builder_options_2d.pb.h\n'}
[6.031531] (cartographer) StdoutLine: {'line': b'-- Up-to-date: /root/ros2_ws/install/cartographer/include/cartographer/mapping/proto/local_trajectory_builder_options_3d.pb.h\n'}
[6.040078] (cartographer) StdoutLine: {'line': b'-- Up-to-date: /root/ros2_ws/install/cartographer/include/cartographer/mapping/proto/map_builder_options.pb.h\n'}
[6.040398] (cartographer) StdoutLine: {'line': b'-- Up-to-date: /root/ros2_ws/install/cartographer/include/cartographer/mapping/proto/map_limits.pb.h\n'}
[6.040696] (cartographer) StdoutLine: {'line': b'-- Up-to-date: /root/ros2_ws/install/cartographer/include/cartographer/mapping/proto/motion_filter_options.pb.h\n'}
[6.040995] (cartographer) StdoutLine: {'line': b'-- Up-to-date: /root/ros2_ws/install/cartographer/include/cartographer/mapping/proto/normal_estimation_options_2d.pb.h\n'}
[6.041284] (cartographer) StdoutLine: {'line': b'-- Up-to-date: /root/ros2_ws/install/cartographer/include/cartographer/mapping/proto/pose_extrapolator_options.pb.h\n'}
[6.041554] (cartographer) StdoutLine: {'line': b'-- Up-to-date: /root/ros2_ws/install/cartographer/include/cartographer/mapping/proto/pose_graph.pb.h\n'}
[6.041862] (cartographer) StdoutLine: {'line': b'-- Up-to-date: /root/ros2_ws/install/cartographer/include/cartographer/mapping/proto/pose_graph/constraint_builder_options.pb.h\n'}
[6.042107] (cartographer) StdoutLine: {'line': b'-- Up-to-date: /root/ros2_ws/install/cartographer/include/cartographer/mapping/proto/pose_graph/optimization_problem_options.pb.h\n'}
[6.042396] (cartographer) StdoutLine: {'line': b'-- Up-to-date: /root/ros2_ws/install/cartographer/include/cartographer/mapping/proto/pose_graph_options.pb.h\n'}
[6.042904] (cartographer) StdoutLine: {'line': b'-- Up-to-date: /root/ros2_ws/install/cartographer/include/cartographer/mapping/proto/probability_grid.pb.h\n'}
[6.043499] (cartographer) StdoutLine: {'line': b'-- Up-to-date: /root/ros2_ws/install/cartographer/include/cartographer/mapping/proto/probability_grid_range_data_inserter_options_2d.pb.h\n'}
[6.047983] (cartographer) StdoutLine: {'line': b'-- Up-to-date: /root/ros2_ws/install/cartographer/include/cartographer/mapping/proto/range_data_inserter_options.pb.h\n'}
[6.048320] (cartographer) StdoutLine: {'line': b'-- Up-to-date: /root/ros2_ws/install/cartographer/include/cartographer/mapping/proto/range_data_inserter_options_3d.pb.h\n'}
[6.048619] (cartographer) StdoutLine: {'line': b'-- Up-to-date: /root/ros2_ws/install/cartographer/include/cartographer/mapping/proto/scan_matching/ceres_scan_matcher_options_2d.pb.h\n'}
[6.048977] (cartographer) StdoutLine: {'line': b'-- Up-to-date: /root/ros2_ws/install/cartographer/include/cartographer/mapping/proto/scan_matching/ceres_scan_matcher_options_3d.pb.h\n'}
[6.049297] (cartographer) StdoutLine: {'line': b'-- Up-to-date: /root/ros2_ws/install/cartographer/include/cartographer/mapping/proto/scan_matching/fast_correlative_scan_matcher_options_2d.pb.h\n'}
[6.049560] (cartographer) StdoutLine: {'line': b'-- Up-to-date: /root/ros2_ws/install/cartographer/include/cartographer/mapping/proto/scan_matching/fast_correlative_scan_matcher_options_3d.pb.h\n'}
[6.049867] (cartographer) StdoutLine: {'line': b'-- Up-to-date: /root/ros2_ws/install/cartographer/include/cartographer/mapping/proto/scan_matching/real_time_correlative_scan_matcher_options.pb.h\n'}
[6.050116] (cartographer) StdoutLine: {'line': b'-- Up-to-date: /root/ros2_ws/install/cartographer/include/cartographer/mapping/proto/serialization.pb.h\n'}
[6.050374] (cartographer) StdoutLine: {'line': b'-- Up-to-date: /root/ros2_ws/install/cartographer/include/cartographer/mapping/proto/submap.pb.h\n'}
[6.050822] (cartographer) StdoutLine: {'line': b'-- Up-to-date: /root/ros2_ws/install/cartographer/include/cartographer/mapping/proto/submap_visualization.pb.h\n'}
[6.051921] (cartographer) StdoutLine: {'line': b'-- Up-to-date: /root/ros2_ws/install/cartographer/include/cartographer/mapping/proto/submaps_options_2d.pb.h\n'}
[6.057035] (cartographer) StdoutLine: {'line': b'-- Up-to-date: /root/ros2_ws/install/cartographer/include/cartographer/mapping/proto/submaps_options_3d.pb.h\n'}
[6.057550] (cartographer) StdoutLine: {'line': b'-- Up-to-date: /root/ros2_ws/install/cartographer/include/cartographer/mapping/proto/trajectory.pb.h\n'}
[6.057961] (cartographer) StdoutLine: {'line': b'-- Up-to-date: /root/ros2_ws/install/cartographer/include/cartographer/mapping/proto/trajectory_builder_options.pb.h\n'}
[6.058280] (cartographer) StdoutLine: {'line': b'-- Up-to-date: /root/ros2_ws/install/cartographer/include/cartographer/mapping/proto/trajectory_node_data.pb.h\n'}
[6.058541] (cartographer) StdoutLine: {'line': b'-- Up-to-date: /root/ros2_ws/install/cartographer/include/cartographer/mapping/proto/tsdf_2d.pb.h\n'}
[6.058918] (cartographer) StdoutLine: {'line': b'-- Up-to-date: /root/ros2_ws/install/cartographer/include/cartographer/mapping/proto/tsdf_range_data_inserter_options_2d.pb.h\n'}
[6.059354] (cartographer) StdoutLine: {'line': b'-- Up-to-date: /root/ros2_ws/install/cartographer/include/cartographer/sensor/proto/adaptive_voxel_filter_options.pb.h\n'}
[6.060032] (cartographer) StdoutLine: {'line': b'-- Up-to-date: /root/ros2_ws/install/cartographer/include/cartographer/sensor/proto/sensor.pb.h\n'}
[6.064613] (cartographer) StdoutLine: {'line': b'-- Up-to-date: /root/ros2_ws/install/cartographer/include/cartographer/transform/proto/timestamped_transform.pb.h\n'}
[6.065263] (cartographer) StdoutLine: {'line': b'-- Up-to-date: /root/ros2_ws/install/cartographer/include/cartographer/transform/proto/transform.pb.h\n'}
[6.065750] (cartographer) StdoutLine: {'line': b'-- Up-to-date: /root/ros2_ws/install/cartographer/share/cartographer/cmake/CartographerTargets.cmake\n'}
[6.066264] (cartographer) StdoutLine: {'line': b'-- Up-to-date: /root/ros2_ws/install/cartographer/share/cartographer/cmake/CartographerTargets-release.cmake\n'}
[6.066560] (cartographer) StdoutLine: {'line': b'-- Up-to-date: /root/ros2_ws/install/cartographer/share/cartographer/cartographer-config.cmake\n'}
[6.066861] (cartographer) CommandEnded: {'returncode': 0}
[6.095329] (cartographer) JobEnded: {'identifier': 'cartographer', 'rc': 0}
[6.096752] (cartographer_ros) JobStarted: {'identifier': 'cartographer_ros'}
[6.104753] (-) TimerEvent: {}
[6.168156] (cartographer_ros) JobProgress: {'identifier': 'cartographer_ros', 'progress': 'cmake'}
[6.174918] (cartographer_ros) JobProgress: {'identifier': 'cartographer_ros', 'progress': 'build'}
[6.178782] (cartographer_ros) Command: {'cmd': ['/usr/bin/cmake', '--build', '/root/ros2_ws/build/cartographer_ros', '--', '-j8', '-l8'], 'cwd': '/root/ros2_ws/build/cartographer_ros', 'env': OrderedDict([('HOSTNAME', 'warnie'), ('GIT_ASKPASS', '/root/.vscode-server/bin/17baf841131aa23349f217ca7c570c76ee87b957/extensions/git/dist/askpass.sh'), ('SHLVL', '2'), ('LD_LIBRARY_PATH', '/root/ros2_ws/install/cartographer_ros_msgs/lib:/root/ros2_ws/install/cartographer_rviz/lib:/root/ros2_ws/install/cartographer_ros/lib:/opt/ros/humble/opt/rviz_ogre_vendor/lib:/opt/ros/humble/lib/x86_64-linux-gnu:/opt/ros/humble/lib'), ('BROWSER', '/root/.vscode-server/bin/17baf841131aa23349f217ca7c570c76ee87b957/bin/helpers/browser.sh'), ('HOME', '/root'), ('OLDPWD', '/root/ros2_ws/src'), ('TERM_PROGRAM_VERSION', '1.99.3'), ('VSCODE_IPC_HOOK_CLI', '/tmp/vscode-ipc-68549143-8077-4743-9875-84966345cd0e.sock'), ('ROS_PYTHON_VERSION', '3'), ('VSCODE_GIT_ASKPASS_MAIN', '/root/.vscode-server/bin/17baf841131aa23349f217ca7c570c76ee87b957/extensions/git/dist/askpass-main.js'), ('VSCODE_GIT_ASKPASS_NODE', '/root/.vscode-server/bin/17baf841131aa23349f217ca7c570c76ee87b957/node'), ('LC_CTYPE', 'C.UTF-8'), ('COLORTERM', 'truecolor'), ('REMOTE_CONTAINERS', 'true'), ('COLCON_PREFIX_PATH', '/root/ros2_ws/install'), ('ROS_DISTRO', 'humble'), ('REMOTE_CONTAINERS_IPC', '/tmp/vscode-remote-containers-ipc-f285fd1d-9376-4a47-8352-1dbec715791d.sock'), ('_', '/usr/bin/colcon'), ('ROS_VERSION', '2'), ('PKG_CONFIG_PATH', '/root/ros2_ws/install/cartographer/lib/x86_64-linux-gnu/pkgconfig:/root/ros2_ws/install/cartographer/lib/pkgconfig'), ('TERM', 'xterm-256color'), ('ROS_LOCALHOST_ONLY', '0'), ('PATH', '/root/ros2_ws/install/cartographer/bin:/root/.vscode-server/bin/17baf841131aa23349f217ca7c570c76ee87b957/bin/remote-cli:/opt/ros/humble/bin:/usr/local/sbin:/usr/local/bin:/usr/sbin:/usr/bin:/sbin:/bin:/root/.vscode-server/data/User/globalStorage/github.copilot-chat/debugCommand'), ('REMOTE_CONTAINERS_SOCKETS', '["/tmp/vscode-ssh-auth-f285fd1d-9376-4a47-8352-1dbec715791d.sock","/root/.gnupg/S.gpg-agent"]'), ('DISPLAY', 'unix:0'), ('LANG', 'en_US.UTF-8'), ('VSCODE_GIT_IPC_HANDLE', '/tmp/vscode-git-3ce2b43cc6.sock'), ('TERM_PROGRAM', 'vscode'), ('SSH_AUTH_SOCK', '/tmp/vscode-ssh-auth-f285fd1d-9376-4a47-8352-1dbec715791d.sock'), ('AMENT_PREFIX_PATH', '/root/ros2_ws/install/car_launch:/root/ros2_ws/install/robocar_test_cpp:/root/ros2_ws/install/rplidar_ros:/root/ros2_ws/install/ros2_opencv:/root/ros2_ws/install/cartographer_rviz:/root/ros2_ws/install/cartographer_ros:/root/ros2_ws/install/cartographer_ros_msgs:/root/ros2_ws/install/Test_FirstPkg:/opt/ros/humble'), ('SHELL', '/bin/bash'), ('VSCODE_GIT_ASKPASS_EXTRA_ARGS', ''), ('PWD', '/root/ros2_ws/build/cartographer_ros'), ('PYTHONPATH', '/root/ros2_ws/install/ros2_opencv/lib/python3.10/site-packages:/root/ros2_ws/install/cartographer_ros_msgs/local/lib/python3.10/dist-packages:/opt/ros/humble/lib/python3.10/site-packages:/opt/ros/humble/local/lib/python3.10/dist-packages'), ('COLCON', '1'), ('CMAKE_PREFIX_PATH', '/root/ros2_ws/install/cartographer_ros_msgs:/root/ros2_ws/install/cartographer:/root/ros2_ws/install/car_launch:/root/ros2_ws/install/robocar_test_cpp:/root/ros2_ws/install/rplidar_ros:/root/ros2_ws/install/cartographer_rviz:/root/ros2_ws/install/cartographer_ros:/root/ros2_ws/install/Test_FirstPkg:/root/ros2_ws/install/ros2_opencv:/opt/ros/humble')]), 'shell': False}
[6.206061] (-) TimerEvent: {}
[6.311738] (-) TimerEvent: {}
[6.413784] (-) TimerEvent: {}
[6.515588] (-) TimerEvent: {}
[6.609223] (ros2_opencv) Command: {'cmd': ['/usr/bin/python3', '-W', 'ignore:setup.py install is deprecated', '-W', 'ignore:easy_install command is deprecated', 'setup.py', 'egg_info', '--egg-base', '../../build/ros2_opencv', 'build', '--build-base', '/root/ros2_ws/build/ros2_opencv/build', 'install', '--record', '/root/ros2_ws/build/ros2_opencv/install.log', '--single-version-externally-managed', 'install_data'], 'cwd': '/root/ros2_ws/src/ros2_opencv', 'env': {'HOSTNAME': 'warnie', 'GIT_ASKPASS': '/root/.vscode-server/bin/17baf841131aa23349f217ca7c570c76ee87b957/extensions/git/dist/askpass.sh', 'SHLVL': '2', 'LD_LIBRARY_PATH': '/root/ros2_ws/install/cartographer_rviz/lib:/root/ros2_ws/install/cartographer_ros/lib:/root/ros2_ws/install/cartographer_ros_msgs/lib:/opt/ros/humble/opt/rviz_ogre_vendor/lib:/opt/ros/humble/lib/x86_64-linux-gnu:/opt/ros/humble/lib', 'BROWSER': '/root/.vscode-server/bin/17baf841131aa23349f217ca7c570c76ee87b957/bin/helpers/browser.sh', 'HOME': '/root', 'OLDPWD': '/root/ros2_ws/src', 'TERM_PROGRAM_VERSION': '1.99.3', 'VSCODE_IPC_HOOK_CLI': '/tmp/vscode-ipc-68549143-8077-4743-9875-84966345cd0e.sock', 'ROS_PYTHON_VERSION': '3', 'VSCODE_GIT_ASKPASS_MAIN': '/root/.vscode-server/bin/17baf841131aa23349f217ca7c570c76ee87b957/extensions/git/dist/askpass-main.js', 'VSCODE_GIT_ASKPASS_NODE': '/root/.vscode-server/bin/17baf841131aa23349f217ca7c570c76ee87b957/node', 'LC_CTYPE': 'C.UTF-8', 'COLORTERM': 'truecolor', 'REMOTE_CONTAINERS': 'true', 'COLCON_PREFIX_PATH': '/root/ros2_ws/install', 'ROS_DISTRO': 'humble', 'REMOTE_CONTAINERS_IPC': '/tmp/vscode-remote-containers-ipc-f285fd1d-9376-4a47-8352-1dbec715791d.sock', '_': '/usr/bin/colcon', 'ROS_VERSION': '2', 'PKG_CONFIG_PATH': '/root/ros2_ws/install/cartographer/lib/x86_64-linux-gnu/pkgconfig:/root/ros2_ws/install/cartographer/lib/pkgconfig', 'TERM': 'xterm-256color', 'ROS_LOCALHOST_ONLY': '0', 'PATH': '/root/ros2_ws/install/cartographer/bin:/root/.vscode-server/bin/17baf841131aa23349f217ca7c570c76ee87b957/bin/remote-cli:/opt/ros/humble/bin:/usr/local/sbin:/usr/local/bin:/usr/sbin:/usr/bin:/sbin:/bin:/root/.vscode-server/data/User/globalStorage/github.copilot-chat/debugCommand', 'REMOTE_CONTAINERS_SOCKETS': '["/tmp/vscode-ssh-auth-f285fd1d-9376-4a47-8352-1dbec715791d.sock","/root/.gnupg/S.gpg-agent"]', 'DISPLAY': 'unix:0', 'LANG': 'en_US.UTF-8', 'VSCODE_GIT_IPC_HANDLE': '/tmp/vscode-git-3ce2b43cc6.sock', 'TERM_PROGRAM': 'vscode', 'SSH_AUTH_SOCK': '/tmp/vscode-ssh-auth-f285fd1d-9376-4a47-8352-1dbec715791d.sock', 'AMENT_PREFIX_PATH': '/root/ros2_ws/install/car_launch:/root/ros2_ws/install/robocar_test_cpp:/root/ros2_ws/install/rplidar_ros:/root/ros2_ws/install/ros2_opencv:/root/ros2_ws/install/cartographer_rviz:/root/ros2_ws/install/cartographer_ros:/root/ros2_ws/install/cartographer_ros_msgs:/root/ros2_ws/install/Test_FirstPkg:/opt/ros/humble', 'SHELL': '/bin/bash', 'VSCODE_GIT_ASKPASS_EXTRA_ARGS': '', 'PWD': '/root/ros2_ws/build/ros2_opencv', 'PYTHONPATH': '/root/ros2_ws/build/ros2_opencv/prefix_override:/usr/lib/python3/dist-packages/colcon_core/task/python/colcon_distutils_commands:/root/ros2_ws/install/ros2_opencv/lib/python3.10/site-packages:/root/ros2_ws/install/ros2_opencv/lib/python3.10/site-packages:/root/ros2_ws/install/cartographer_ros_msgs/local/lib/python3.10/dist-packages:/opt/ros/humble/lib/python3.10/site-packages:/opt/ros/humble/local/lib/python3.10/dist-packages', 'COLCON': '1', 'CMAKE_PREFIX_PATH': '/root/ros2_ws/install/car_launch:/root/ros2_ws/install/robocar_test_cpp:/root/ros2_ws/install/rplidar_ros:/root/ros2_ws/install/cartographer_rviz:/root/ros2_ws/install/cartographer_ros:/root/ros2_ws/install/cartographer_ros_msgs:/root/ros2_ws/install/cartographer:/root/ros2_ws/install/Test_FirstPkg'}, 'shell': False}
[6.617181] (-) TimerEvent: {}
[6.673287] (cartographer_ros) StdoutLine: {'line': b'[ 60%] Built target cartographer_ros\n'}
[6.718753] (-) TimerEvent: {}
[6.819703] (-) TimerEvent: {}
[6.849027] (cartographer_ros) StdoutLine: {'line': b'[ 65%] Built target cartographer_assets_writer\n'}
[6.893611] (cartographer_ros) StdoutLine: {'line': b'[ 71%] Built target cartographer_occupancy_grid_node\n'}
[6.923884] (-) TimerEvent: {}
[6.928827] (cartographer_ros) StdoutLine: {'line': b'[ 77%] Built target cartographer_offline_node\n'}
[6.969506] (cartographer_ros) StdoutLine: {'line': b'[ 82%] Built target cartographer_pbstream_map_publisher\n'}
[6.980902] (cartographer_ros) StdoutLine: {'line': b'[ 88%] Built target cartographer_node\n'}
[7.025249] (-) TimerEvent: {}
[7.070713] (cartographer_ros) StdoutLine: {'line': b'[ 94%] Built target cartographer_rosbag_validate\n'}
[7.091979] (cartographer_ros) StdoutLine: {'line': b'[100%] Built target cartographer_pbstream_to_ros_map\n'}
[7.125408] (-) TimerEvent: {}
[7.152427] (cartographer_ros) CommandEnded: {'returncode': 0}
[7.154244] (cartographer_ros) JobProgress: {'identifier': 'cartographer_ros', 'progress': 'install'}
[7.154380] (cartographer_ros) Command: {'cmd': ['/usr/bin/cmake', '--install', '/root/ros2_ws/build/cartographer_ros'], 'cwd': '/root/ros2_ws/build/cartographer_ros', 'env': OrderedDict([('HOSTNAME', 'warnie'), ('GIT_ASKPASS', '/root/.vscode-server/bin/17baf841131aa23349f217ca7c570c76ee87b957/extensions/git/dist/askpass.sh'), ('SHLVL', '2'), ('LD_LIBRARY_PATH', '/root/ros2_ws/install/cartographer_ros_msgs/lib:/root/ros2_ws/install/cartographer_rviz/lib:/root/ros2_ws/install/cartographer_ros/lib:/opt/ros/humble/opt/rviz_ogre_vendor/lib:/opt/ros/humble/lib/x86_64-linux-gnu:/opt/ros/humble/lib'), ('BROWSER', '/root/.vscode-server/bin/17baf841131aa23349f217ca7c570c76ee87b957/bin/helpers/browser.sh'), ('HOME', '/root'), ('OLDPWD', '/root/ros2_ws/src'), ('TERM_PROGRAM_VERSION', '1.99.3'), ('VSCODE_IPC_HOOK_CLI', '/tmp/vscode-ipc-68549143-8077-4743-9875-84966345cd0e.sock'), ('ROS_PYTHON_VERSION', '3'), ('VSCODE_GIT_ASKPASS_MAIN', '/root/.vscode-server/bin/17baf841131aa23349f217ca7c570c76ee87b957/extensions/git/dist/askpass-main.js'), ('VSCODE_GIT_ASKPASS_NODE', '/root/.vscode-server/bin/17baf841131aa23349f217ca7c570c76ee87b957/node'), ('LC_CTYPE', 'C.UTF-8'), ('COLORTERM', 'truecolor'), ('REMOTE_CONTAINERS', 'true'), ('COLCON_PREFIX_PATH', '/root/ros2_ws/install'), ('ROS_DISTRO', 'humble'), ('REMOTE_CONTAINERS_IPC', '/tmp/vscode-remote-containers-ipc-f285fd1d-9376-4a47-8352-1dbec715791d.sock'), ('_', '/usr/bin/colcon'), ('ROS_VERSION', '2'), ('PKG_CONFIG_PATH', '/root/ros2_ws/install/cartographer/lib/x86_64-linux-gnu/pkgconfig:/root/ros2_ws/install/cartographer/lib/pkgconfig'), ('TERM', 'xterm-256color'), ('ROS_LOCALHOST_ONLY', '0'), ('PATH', '/root/ros2_ws/install/cartographer/bin:/root/.vscode-server/bin/17baf841131aa23349f217ca7c570c76ee87b957/bin/remote-cli:/opt/ros/humble/bin:/usr/local/sbin:/usr/local/bin:/usr/sbin:/usr/bin:/sbin:/bin:/root/.vscode-server/data/User/globalStorage/github.copilot-chat/debugCommand'), ('REMOTE_CONTAINERS_SOCKETS', '["/tmp/vscode-ssh-auth-f285fd1d-9376-4a47-8352-1dbec715791d.sock","/root/.gnupg/S.gpg-agent"]'), ('DISPLAY', 'unix:0'), ('LANG', 'en_US.UTF-8'), ('VSCODE_GIT_IPC_HANDLE', '/tmp/vscode-git-3ce2b43cc6.sock'), ('TERM_PROGRAM', 'vscode'), ('SSH_AUTH_SOCK', '/tmp/vscode-ssh-auth-f285fd1d-9376-4a47-8352-1dbec715791d.sock'), ('AMENT_PREFIX_PATH', '/root/ros2_ws/install/car_launch:/root/ros2_ws/install/robocar_test_cpp:/root/ros2_ws/install/rplidar_ros:/root/ros2_ws/install/ros2_opencv:/root/ros2_ws/install/cartographer_rviz:/root/ros2_ws/install/cartographer_ros:/root/ros2_ws/install/cartographer_ros_msgs:/root/ros2_ws/install/Test_FirstPkg:/opt/ros/humble'), ('SHELL', '/bin/bash'), ('VSCODE_GIT_ASKPASS_EXTRA_ARGS', ''), ('PWD', '/root/ros2_ws/build/cartographer_ros'), ('PYTHONPATH', '/root/ros2_ws/install/ros2_opencv/lib/python3.10/site-packages:/root/ros2_ws/install/cartographer_ros_msgs/local/lib/python3.10/dist-packages:/opt/ros/humble/lib/python3.10/site-packages:/opt/ros/humble/local/lib/python3.10/dist-packages'), ('COLCON', '1'), ('CMAKE_PREFIX_PATH', '/root/ros2_ws/install/cartographer_ros_msgs:/root/ros2_ws/install/cartographer:/root/ros2_ws/install/car_launch:/root/ros2_ws/install/robocar_test_cpp:/root/ros2_ws/install/rplidar_ros:/root/ros2_ws/install/cartographer_rviz:/root/ros2_ws/install/cartographer_ros:/root/ros2_ws/install/Test_FirstPkg:/root/ros2_ws/install/ros2_opencv:/opt/ros/humble')]), 'shell': False}
[7.188901] (cartographer_ros) StdoutLine: {'line': b'-- Install configuration: ""\n'}
[7.189897] (cartographer_ros) StdoutLine: {'line': b'-- Up-to-date: /root/ros2_ws/install/cartographer_ros/lib/libcartographer_ros.a\n'}
[7.191053] (cartographer_ros) StdoutLine: {'line': b'-- Up-to-date: /root/ros2_ws/install/cartographer_ros/lib/cartographer_ros/cartographer_node\n'}
[7.192215] (cartographer_ros) StdoutLine: {'line': b'-- Up-to-date: /root/ros2_ws/install/cartographer_ros/lib/cartographer_ros/cartographer_occupancy_grid_node\n'}
[7.192959] (cartographer_ros) StdoutLine: {'line': b'-- Up-to-date: /root/ros2_ws/install/cartographer_ros/lib/cartographer_ros/cartographer_offline_node\n'}
[7.194076] (cartographer_ros) StdoutLine: {'line': b'-- Up-to-date: /root/ros2_ws/install/cartographer_ros/lib/cartographer_ros/cartographer_assets_writer\n'}
[7.197841] (cartographer_ros) StdoutLine: {'line': b'-- Up-to-date: /root/ros2_ws/install/cartographer_ros/lib/cartographer_ros/cartographer_pbstream_map_publisher\n'}
[7.198682] (cartographer_ros) StdoutLine: {'line': b'-- Up-to-date: /root/ros2_ws/install/cartographer_ros/lib/cartographer_ros/cartographer_pbstream_to_ros_map\n'}
[7.203774] (cartographer_ros) StdoutLine: {'line': b'-- Up-to-date: /root/ros2_ws/install/cartographer_ros/lib/cartographer_ros/cartographer_rosbag_validate\n'}
[7.204851] (cartographer_ros) StdoutLine: {'line': b'-- Up-to-date: /root/ros2_ws/install/cartographer_ros/include/\n'}
[7.205486] (cartographer_ros) StdoutLine: {'line': b'-- Up-to-date: /root/ros2_ws/install/cartographer_ros/include//cartographer_ros\n'}
[7.213596] (cartographer_ros) StdoutLine: {'line': b'-- Up-to-date: /root/ros2_ws/install/cartographer_ros/include//cartographer_ros/offline_node.h\n'}
[7.213993] (cartographer_ros) StdoutLine: {'line': b'-- Up-to-date: /root/ros2_ws/install/cartographer_ros/include//cartographer_ros/ros_log_sink.h\n'}
[7.214270] (cartographer_ros) StdoutLine: {'line': b'-- Up-to-date: /root/ros2_ws/install/cartographer_ros/include//cartographer_ros/msg_conversion.h\n'}
[7.214537] (cartographer_ros) StdoutLine: {'line': b'-- Up-to-date: /root/ros2_ws/install/cartographer_ros/include//cartographer_ros/map_builder_bridge.h\n'}
[7.214860] (cartographer_ros) StdoutLine: {'line': b'-- Up-to-date: /root/ros2_ws/install/cartographer_ros/include//cartographer_ros/ros_map_writing_points_processor.h\n'}
[7.215210] (cartographer_ros) StdoutLine: {'line': b'-- Up-to-date: /root/ros2_ws/install/cartographer_ros/include//cartographer_ros/time_conversion.h\n'}
[7.215538] (cartographer_ros) StdoutLine: {'line': b'-- Up-to-date: /root/ros2_ws/install/cartographer_ros/include//cartographer_ros/node_constants.h\n'}
[7.215823] (cartographer_ros) StdoutLine: {'line': b'-- Up-to-date: /root/ros2_ws/install/cartographer_ros/include//cartographer_ros/trajectory_options.h\n'}
[7.216042] (cartographer_ros) StdoutLine: {'line': b'-- Up-to-date: /root/ros2_ws/install/cartographer_ros/include//cartographer_ros/node_options.h\n'}
[7.216257] (cartographer_ros) StdoutLine: {'line': b'-- Up-to-date: /root/ros2_ws/install/cartographer_ros/include//cartographer_ros/urdf_reader.h\n'}
[7.216469] (cartographer_ros) StdoutLine: {'line': b'-- Up-to-date: /root/ros2_ws/install/cartographer_ros/include//cartographer_ros/submap.h\n'}
[7.219071] (cartographer_ros) StdoutLine: {'line': b'-- Up-to-date: /root/ros2_ws/install/cartographer_ros/include//cartographer_ros/assets_writer.h\n'}
[7.220082] (cartographer_ros) StdoutLine: {'line': b'-- Up-to-date: /root/ros2_ws/install/cartographer_ros/include//cartographer_ros/playable_bag.h\n'}
[7.220327] (cartographer_ros) StdoutLine: {'line': b'-- Up-to-date: /root/ros2_ws/install/cartographer_ros/include//cartographer_ros/tf_bridge.h\n'}
[7.220610] (cartographer_ros) StdoutLine: {'line': b'-- Up-to-date: /root/ros2_ws/install/cartographer_ros/include//cartographer_ros/node.h\n'}
[7.221092] (cartographer_ros) StdoutLine: {'line': b'-- Up-to-date: /root/ros2_ws/install/cartographer_ros/include//cartographer_ros/ros_map.h\n'}
[7.221590] (cartographer_ros) StdoutLine: {'line': b'-- Up-to-date: /root/ros2_ws/install/cartographer_ros/include//cartographer_ros/metrics\n'}
[7.221882] (cartographer_ros) StdoutLine: {'line': b'-- Up-to-date: /root/ros2_ws/install/cartographer_ros/include//cartographer_ros/metrics/internal\n'}
[7.222136] (cartographer_ros) StdoutLine: {'line': b'-- Up-to-date: /root/ros2_ws/install/cartographer_ros/include//cartographer_ros/metrics/internal/counter.h\n'}
[7.222389] (cartographer_ros) StdoutLine: {'line': b'-- Up-to-date: /root/ros2_ws/install/cartographer_ros/include//cartographer_ros/metrics/internal/histogram.h\n'}
[7.222622] (cartographer_ros) StdoutLine: {'line': b'-- Up-to-date: /root/ros2_ws/install/cartographer_ros/include//cartographer_ros/metrics/internal/family.h\n'}
[7.222911] (cartographer_ros) StdoutLine: {'line': b'-- Up-to-date: /root/ros2_ws/install/cartographer_ros/include//cartographer_ros/metrics/internal/gauge.h\n'}
[7.223170] (cartographer_ros) StdoutLine: {'line': b'-- Up-to-date: /root/ros2_ws/install/cartographer_ros/include//cartographer_ros/metrics/family_factory.h\n'}
[7.223401] (cartographer_ros) StdoutLine: {'line': b'-- Up-to-date: /root/ros2_ws/install/cartographer_ros/include//cartographer_ros/sensor_bridge.h\n'}
[7.223707] (cartographer_ros) StdoutLine: {'line': b'-- Up-to-date: /root/ros2_ws/install/cartographer_ros/share/cartographer_ros//configuration_files\n'}
[7.223973] (cartographer_ros) StdoutLine: {'line': b'-- Up-to-date: /root/ros2_ws/install/cartographer_ros/share/cartographer_ros//configuration_files/transform.lua\n'}
[7.224203] (cartographer_ros) StdoutLine: {'line': b'-- Up-to-date: /root/ros2_ws/install/cartographer_ros/share/cartographer_ros//configuration_files/visualize_pbstream.lua\n'}
[7.224420] (cartographer_ros) StdoutLine: {'line': b'-- Up-to-date: /root/ros2_ws/install/cartographer_ros/share/cartographer_ros//configuration_files/taurob_tracker.lua\n'}
[7.224801] (cartographer_ros) StdoutLine: {'line': b'-- Up-to-date: /root/ros2_ws/install/cartographer_ros/share/cartographer_ros//configuration_files/assets_writer_backpack_3d.lua\n'}
[7.225142] (cartographer_ros) StdoutLine: {'line': b'-- Up-to-date: /root/ros2_ws/install/cartographer_ros/share/cartographer_ros//configuration_files/demo_2d.rviz\n'}
[7.225477] (-) TimerEvent: {}
[7.226193] (cartographer_ros) StdoutLine: {'line': b'-- Up-to-date: /root/ros2_ws/install/cartographer_ros/share/cartographer_ros//configuration_files/assets_writer_backpack_2d_ci.lua\n'}
[7.226583] (cartographer_ros) StdoutLine: {'line': b'-- Up-to-date: /root/ros2_ws/install/cartographer_ros/share/cartographer_ros//configuration_files/backpack_2d.lua\n'}
[7.227128] (cartographer_ros) StdoutLine: {'line': b'-- Up-to-date: /root/ros2_ws/install/cartographer_ros/share/cartographer_ros//configuration_files/backpack_2d_localization.lua\n'}
[7.227515] (cartographer_ros) StdoutLine: {'line': b'-- Up-to-date: /root/ros2_ws/install/cartographer_ros/share/cartographer_ros//configuration_files/assets_writer_backpack_2d.lua\n'}
[7.227929] (cartographer_ros) StdoutLine: {'line': b'-- Up-to-date: /root/ros2_ws/install/cartographer_ros/share/cartographer_ros//configuration_files/revo_lds.lua\n'}
[7.228456] (cartographer_ros) StdoutLine: {'line': b'-- Up-to-date: /root/ros2_ws/install/cartographer_ros/share/cartographer_ros//configuration_files/demo_3d.rviz\n'}
[7.229090] (cartographer_ros) StdoutLine: {'line': b'-- Up-to-date: /root/ros2_ws/install/cartographer_ros/share/cartographer_ros//configuration_files/assets_writer_ros_map.lua\n'}
[7.229416] (cartographer_ros) StdoutLine: {'line': b'-- Up-to-date: /root/ros2_ws/install/cartographer_ros/share/cartographer_ros//configuration_files/backpack_3d.lua\n'}
[7.229681] (cartographer_ros) StdoutLine: {'line': b'-- Up-to-date: /root/ros2_ws/install/cartographer_ros/share/cartographer_ros//configuration_files/mir-100-mapping.lua\n'}
[7.229970] (cartographer_ros) StdoutLine: {'line': b'-- Up-to-date: /root/ros2_ws/install/cartographer_ros/share/cartographer_ros//configuration_files/backpack_3d_localization.lua\n'}
[7.230212] (cartographer_ros) StdoutLine: {'line': b'-- Up-to-date: /root/ros2_ws/install/cartographer_ros/share/cartographer_ros//configuration_files/pr2.lua\n'}
[7.230439] (cartographer_ros) StdoutLine: {'line': b'-- Up-to-date: /root/ros2_ws/install/cartographer_ros/share/cartographer_ros//configuration_files/backpack_2d_localization_evaluation.lua\n'}
[7.230767] (cartographer_ros) StdoutLine: {'line': b'-- Up-to-date: /root/ros2_ws/install/cartographer_ros/share/cartographer_ros//configuration_files/backpack_2d_server.lua\n'}
[7.238665] (cartographer_ros) StdoutLine: {'line': b'-- Up-to-date: /root/ros2_ws/install/cartographer_ros/share/cartographer_ros//urdf\n'}
[7.239015] (cartographer_ros) StdoutLine: {'line': b'-- Up-to-date: /root/ros2_ws/install/cartographer_ros/share/cartographer_ros//urdf/backpack_3d.urdf\n'}
[7.239284] (cartographer_ros) StdoutLine: {'line': b'-- Up-to-date: /root/ros2_ws/install/cartographer_ros/share/cartographer_ros//urdf/backpack_2d.urdf\n'}
[7.239523] (cartographer_ros) StdoutLine: {'line': b'-- Up-to-date: /root/ros2_ws/install/cartographer_ros/share/cartographer_ros//urdf/mir-100.urdf\n'}
[7.243624] (cartographer_ros) StdoutLine: {'line': b'-- Up-to-date: /root/ros2_ws/install/cartographer_ros/share/cartographer_ros//launch\n'}
[7.244043] (cartographer_ros) StdoutLine: {'line': b'-- Up-to-date: /root/ros2_ws/install/cartographer_ros/share/cartographer_ros//launch/offline_backpack_3d.launch.py\n'}
[7.244398] (cartographer_ros) StdoutLine: {'line': b'-- Up-to-date: /root/ros2_ws/install/cartographer_ros/share/cartographer_ros//launch/__pycache__\n'}
[7.244772] (cartographer_ros) StdoutLine: {'line': b'-- Up-to-date: /root/ros2_ws/install/cartographer_ros/share/cartographer_ros//launch/__pycache__/demo_revo_lds.launch.cpython-310.pyc\n'}
[7.245258] (cartographer_ros) StdoutLine: {'line': b'-- Up-to-date: /root/ros2_ws/install/cartographer_ros/share/cartographer_ros//launch/taurob_tracker.launch.py\n'}
[7.245860] (cartographer_ros) StdoutLine: {'line': b'-- Up-to-date: /root/ros2_ws/install/cartographer_ros/share/cartographer_ros//launch/demo_taurob_tracker.launch.py\n'}
[7.246206] (cartographer_ros) StdoutLine: {'line': b'-- Up-to-date: /root/ros2_ws/install/cartographer_ros/share/cartographer_ros//launch/offline_mir_100_rviz.launch.py\n'}
[7.246461] (cartographer_ros) StdoutLine: {'line': b'-- Up-to-date: /root/ros2_ws/install/cartographer_ros/share/cartographer_ros//launch/assets_writer_backpack_2d.launch.py\n'}
[7.246754] (cartographer_ros) StdoutLine: {'line': b'-- Up-to-date: /root/ros2_ws/install/cartographer_ros/share/cartographer_ros//launch/offline_backpack_2d.launch.py\n'}
[7.248866] (cartographer_ros) StdoutLine: {'line': b'-- Up-to-date: /root/ros2_ws/install/cartographer_ros/share/cartographer_ros//launch/demo_backpack_3d.launch.py\n'}
[7.249130] (cartographer_ros) StdoutLine: {'line': b'-- Up-to-date: /root/ros2_ws/install/cartographer_ros/share/cartographer_ros//launch/backpack_3d.launch.py\n'}
[7.249363] (cartographer_ros) StdoutLine: {'line': b'-- Up-to-date: /root/ros2_ws/install/cartographer_ros/share/cartographer_ros//launch/grpc_demo_backpack_2d.launch\n'}
[7.249592] (cartographer_ros) StdoutLine: {'line': b'-- Up-to-date: /root/ros2_ws/install/cartographer_ros/share/cartographer_ros//launch/demo_backpack_3d_localization.launch.py\n'}
[7.249879] (cartographer_ros) StdoutLine: {'line': b'-- Up-to-date: /root/ros2_ws/install/cartographer_ros/share/cartographer_ros//launch/offline_node.launch.py\n'}
[7.250115] (cartographer_ros) StdoutLine: {'line': b'-- Up-to-date: /root/ros2_ws/install/cartographer_ros/share/cartographer_ros//launch/backpack_2d.launch.py\n'}
[7.250343] (cartographer_ros) StdoutLine: {'line': b'-- Up-to-date: /root/ros2_ws/install/cartographer_ros/share/cartographer_ros//launch/assets_writer_backpack_3d.launch.py\n'}
[7.250574] (cartographer_ros) StdoutLine: {'line': b'-- Up-to-date: /root/ros2_ws/install/cartographer_ros/share/cartographer_ros//launch/demo_backpack_2d.launch.py\n'}
[7.250855] (cartographer_ros) StdoutLine: {'line': b'-- Up-to-date: /root/ros2_ws/install/cartographer_ros/share/cartographer_ros//launch/assets_writer_ros_map.launch.py\n'}
[7.251083] (cartographer_ros) StdoutLine: {'line': b'-- Up-to-date: /root/ros2_ws/install/cartographer_ros/share/cartographer_ros//launch/demo_pr2.launch\n'}
[7.251331] (cartographer_ros) StdoutLine: {'line': b'-- Up-to-date: /root/ros2_ws/install/cartographer_ros/share/cartographer_ros//launch/demo_revo_lds.launch.py\n'}
[7.251603] (cartographer_ros) StdoutLine: {'line': b'-- Up-to-date: /root/ros2_ws/install/cartographer_ros/share/cartographer_ros//launch/visualize_pbstream.launch.py\n'}
[7.251992] (cartographer_ros) StdoutLine: {'line': b'-- Up-to-date: /root/ros2_ws/install/cartographer_ros/share/cartographer_ros//launch/demo_backpack_2d_localization.launch.py\n'}
[7.252388] (cartographer_ros) StdoutLine: {'line': b'-- Up-to-date: /root/ros2_ws/install/cartographer_ros/share/cartographer_ros//launch/grpc_demo_backpack_2d_localization.launch\n'}
[7.252803] (cartographer_ros) StdoutLine: {'line': b'-- Up-to-date: /root/ros2_ws/install/cartographer_ros/share/cartographer_ros/environment/library_path.sh\n'}
[7.253551] (cartographer_ros) StdoutLine: {'line': b'-- Up-to-date: /root/ros2_ws/install/cartographer_ros/share/cartographer_ros/environment/library_path.dsv\n'}
[7.253845] (cartographer_ros) StdoutLine: {'line': b'-- Up-to-date: /root/ros2_ws/install/cartographer_ros/share/ament_index/resource_index/package_run_dependencies/cartographer_ros\n'}
[7.254138] (cartographer_ros) StdoutLine: {'line': b'-- Up-to-date: /root/ros2_ws/install/cartographer_ros/share/ament_index/resource_index/parent_prefix_path/cartographer_ros\n'}
[7.254371] (cartographer_ros) StdoutLine: {'line': b'-- Up-to-date: /root/ros2_ws/install/cartographer_ros/share/cartographer_ros/environment/ament_prefix_path.sh\n'}
[7.254597] (cartographer_ros) StdoutLine: {'line': b'-- Up-to-date: /root/ros2_ws/install/cartographer_ros/share/cartographer_ros/environment/ament_prefix_path.dsv\n'}
[7.254886] (cartographer_ros) StdoutLine: {'line': b'-- Up-to-date: /root/ros2_ws/install/cartographer_ros/share/cartographer_ros/environment/path.sh\n'}
[7.255142] (cartographer_ros) StdoutLine: {'line': b'-- Up-to-date: /root/ros2_ws/install/cartographer_ros/share/cartographer_ros/environment/path.dsv\n'}
[7.255383] (cartographer_ros) StdoutLine: {'line': b'-- Up-to-date: /root/ros2_ws/install/cartographer_ros/share/cartographer_ros/local_setup.bash\n'}
[7.255629] (cartographer_ros) StdoutLine: {'line': b'-- Up-to-date: /root/ros2_ws/install/cartographer_ros/share/cartographer_ros/local_setup.sh\n'}
[7.255915] (cartographer_ros) StdoutLine: {'line': b'-- Up-to-date: /root/ros2_ws/install/cartographer_ros/share/cartographer_ros/local_setup.zsh\n'}
[7.256147] (cartographer_ros) StdoutLine: {'line': b'-- Up-to-date: /root/ros2_ws/install/cartographer_ros/share/cartographer_ros/local_setup.dsv\n'}
[7.256352] (cartographer_ros) StdoutLine: {'line': b'-- Installing: /root/ros2_ws/install/cartographer_ros/share/cartographer_ros/package.dsv\n'}
[7.256562] (cartographer_ros) StdoutLine: {'line': b'-- Up-to-date: /root/ros2_ws/install/cartographer_ros/share/ament_index/resource_index/packages/cartographer_ros\n'}
[7.261940] (cartographer_ros) StdoutLine: {'line': b'-- Up-to-date: /root/ros2_ws/install/cartographer_ros/share/cartographer_ros/cmake/ament_cmake_export_include_directories-extras.cmake\n'}
[7.262478] (cartographer_ros) StdoutLine: {'line': b'-- Up-to-date: /root/ros2_ws/install/cartographer_ros/share/cartographer_ros/cmake/ament_cmake_export_libraries-extras.cmake\n'}
[7.262891] (cartographer_ros) StdoutLine: {'line': b'-- Up-to-date: /root/ros2_ws/install/cartographer_ros/share/cartographer_ros/cmake/ament_cmake_export_dependencies-extras.cmake\n'}
[7.263153] (cartographer_ros) StdoutLine: {'line': b'-- Up-to-date: /root/ros2_ws/install/cartographer_ros/share/cartographer_ros/cmake/cartographer_rosConfig.cmake\n'}
[7.263381] (cartographer_ros) StdoutLine: {'line': b'-- Up-to-date: /root/ros2_ws/install/cartographer_ros/share/cartographer_ros/cmake/cartographer_rosConfig-version.cmake\n'}
[7.263619] (cartographer_ros) StdoutLine: {'line': b'-- Up-to-date: /root/ros2_ws/install/cartographer_ros/share/cartographer_ros/package.xml\n'}
[7.263854] (cartographer_ros) CommandEnded: {'returncode': 0}
[7.313036] (cartographer_ros) JobEnded: {'identifier': 'cartographer_ros', 'rc': 0}
[7.314368] (cartographer_rviz) JobStarted: {'identifier': 'cartographer_rviz'}
[7.327937] (-) TimerEvent: {}
[7.396574] (cartographer_rviz) JobProgress: {'identifier': 'cartographer_rviz', 'progress': 'cmake'}
[7.408864] (cartographer_rviz) JobProgress: {'identifier': 'cartographer_rviz', 'progress': 'build'}
[7.409226] (cartographer_rviz) Command: {'cmd': ['/usr/bin/cmake', '--build', '/root/ros2_ws/build/cartographer_rviz', '--', '-j8', '-l8'], 'cwd': '/root/ros2_ws/build/cartographer_rviz', 'env': OrderedDict([('HOSTNAME', 'warnie'), ('GIT_ASKPASS', '/root/.vscode-server/bin/17baf841131aa23349f217ca7c570c76ee87b957/extensions/git/dist/askpass.sh'), ('SHLVL', '2'), ('LD_LIBRARY_PATH', '/root/ros2_ws/install/cartographer_ros_msgs/lib:/root/ros2_ws/install/cartographer_rviz/lib:/root/ros2_ws/install/cartographer_ros/lib:/opt/ros/humble/opt/rviz_ogre_vendor/lib:/opt/ros/humble/lib/x86_64-linux-gnu:/opt/ros/humble/lib'), ('BROWSER', '/root/.vscode-server/bin/17baf841131aa23349f217ca7c570c76ee87b957/bin/helpers/browser.sh'), ('HOME', '/root'), ('OLDPWD', '/root/ros2_ws/src'), ('TERM_PROGRAM_VERSION', '1.99.3'), ('VSCODE_IPC_HOOK_CLI', '/tmp/vscode-ipc-68549143-8077-4743-9875-84966345cd0e.sock'), ('ROS_PYTHON_VERSION', '3'), ('VSCODE_GIT_ASKPASS_MAIN', '/root/.vscode-server/bin/17baf841131aa23349f217ca7c570c76ee87b957/extensions/git/dist/askpass-main.js'), ('VSCODE_GIT_ASKPASS_NODE', '/root/.vscode-server/bin/17baf841131aa23349f217ca7c570c76ee87b957/node'), ('LC_CTYPE', 'C.UTF-8'), ('COLORTERM', 'truecolor'), ('REMOTE_CONTAINERS', 'true'), ('COLCON_PREFIX_PATH', '/root/ros2_ws/install'), ('ROS_DISTRO', 'humble'), ('REMOTE_CONTAINERS_IPC', '/tmp/vscode-remote-containers-ipc-f285fd1d-9376-4a47-8352-1dbec715791d.sock'), ('_', '/usr/bin/colcon'), ('ROS_VERSION', '2'), ('PKG_CONFIG_PATH', '/root/ros2_ws/install/cartographer/lib/x86_64-linux-gnu/pkgconfig:/root/ros2_ws/install/cartographer/lib/pkgconfig'), ('TERM', 'xterm-256color'), ('ROS_LOCALHOST_ONLY', '0'), ('PATH', '/root/ros2_ws/install/cartographer/bin:/root/.vscode-server/bin/17baf841131aa23349f217ca7c570c76ee87b957/bin/remote-cli:/opt/ros/humble/bin:/usr/local/sbin:/usr/local/bin:/usr/sbin:/usr/bin:/sbin:/bin:/root/.vscode-server/data/User/globalStorage/github.copilot-chat/debugCommand'), ('REMOTE_CONTAINERS_SOCKETS', '["/tmp/vscode-ssh-auth-f285fd1d-9376-4a47-8352-1dbec715791d.sock","/root/.gnupg/S.gpg-agent"]'), ('DISPLAY', 'unix:0'), ('LANG', 'en_US.UTF-8'), ('VSCODE_GIT_IPC_HANDLE', '/tmp/vscode-git-3ce2b43cc6.sock'), ('TERM_PROGRAM', 'vscode'), ('SSH_AUTH_SOCK', '/tmp/vscode-ssh-auth-f285fd1d-9376-4a47-8352-1dbec715791d.sock'), ('AMENT_PREFIX_PATH', '/root/ros2_ws/install/car_launch:/root/ros2_ws/install/robocar_test_cpp:/root/ros2_ws/install/rplidar_ros:/root/ros2_ws/install/ros2_opencv:/root/ros2_ws/install/cartographer_rviz:/root/ros2_ws/install/cartographer_ros:/root/ros2_ws/install/cartographer_ros_msgs:/root/ros2_ws/install/Test_FirstPkg:/opt/ros/humble'), ('SHELL', '/bin/bash'), ('VSCODE_GIT_ASKPASS_EXTRA_ARGS', ''), ('PWD', '/root/ros2_ws/build/cartographer_rviz'), ('PYTHONPATH', '/root/ros2_ws/install/ros2_opencv/lib/python3.10/site-packages:/root/ros2_ws/install/cartographer_ros_msgs/local/lib/python3.10/dist-packages:/opt/ros/humble/lib/python3.10/site-packages:/opt/ros/humble/local/lib/python3.10/dist-packages'), ('COLCON', '1'), ('CMAKE_PREFIX_PATH', '/root/ros2_ws/install/cartographer_ros:/root/ros2_ws/install/cartographer_ros_msgs:/root/ros2_ws/install/cartographer:/root/ros2_ws/install/car_launch:/root/ros2_ws/install/robocar_test_cpp:/root/ros2_ws/install/rplidar_ros:/root/ros2_ws/install/cartographer_rviz:/root/ros2_ws/install/Test_FirstPkg:/root/ros2_ws/install/ros2_opencv:/opt/ros/humble')]), 'shell': False}
[7.430167] (-) TimerEvent: {}
[7.534088] (-) TimerEvent: {}
[7.636758] (-) TimerEvent: {}
[7.690733] (cartographer_rviz) StdoutLine: {'line': b'[ 16%] \x1b[34m\x1b[1mAutomatic MOC for target cartographer_rviz\x1b[0m\n'}
[7.702382] (cartographer_rviz) StdoutLine: {'line': b'[ 16%] Built target cartographer_rviz_detect_changes\n'}
[7.738752] (-) TimerEvent: {}
[7.839670] (-) TimerEvent: {}
[7.850541] (cartographer_rviz) StdoutLine: {'line': b'[ 16%] Built target cartographer_rviz_autogen\n'}
[7.939965] (-) TimerEvent: {}
[8.045196] (-) TimerEvent: {}
[8.088532] (cartographer_rviz) StdoutLine: {'line': b'[100%] Built target cartographer_rviz\n'}
[8.096719] (ros2_opencv) StdoutLine: {'line': b'running egg_info\n'}
[8.099509] (ros2_opencv) StdoutLine: {'line': b'writing ../../build/ros2_opencv/ros2_opencv.egg-info/PKG-INFO\n'}
[8.100787] (ros2_opencv) StdoutLine: {'line': b'writing dependency_links to ../../build/ros2_opencv/ros2_opencv.egg-info/dependency_links.txt\n'}
[8.103377] (ros2_opencv) StdoutLine: {'line': b'writing entry points to ../../build/ros2_opencv/ros2_opencv.egg-info/entry_points.txt\n'}
[8.106706] (ros2_opencv) StdoutLine: {'line': b'writing requirements to ../../build/ros2_opencv/ros2_opencv.egg-info/requires.txt\n'}
[8.107147] (ros2_opencv) StdoutLine: {'line': b'writing top-level names to ../../build/ros2_opencv/ros2_opencv.egg-info/top_level.txt\n'}
[8.111748] (ros2_opencv) StdoutLine: {'line': b"reading manifest file '../../build/ros2_opencv/ros2_opencv.egg-info/SOURCES.txt'\n"}
[8.115826] (ros2_opencv) StdoutLine: {'line': b"writing manifest file '../../build/ros2_opencv/ros2_opencv.egg-info/SOURCES.txt'\n"}
[8.116344] (ros2_opencv) StdoutLine: {'line': b'running build\n'}
[8.116604] (ros2_opencv) StdoutLine: {'line': b'running build_py\n'}
[8.116950] (ros2_opencv) StdoutLine: {'line': b'running install\n'}
[8.117558] (ros2_opencv) StdoutLine: {'line': b'running install_lib\n'}
[8.124940] (ros2_opencv) StdoutLine: {'line': b'running install_data\n'}
[8.125366] (ros2_opencv) StdoutLine: {'line': b'running install_egg_info\n'}
[8.133041] (ros2_opencv) StdoutLine: {'line': b"removing '/root/ros2_ws/install/ros2_opencv/lib/python3.10/site-packages/ros2_opencv-0.0.0-py3.10.egg-info' (and everything under it)\n"}
[8.136045] (ros2_opencv) StdoutLine: {'line': b'Copying ../../build/ros2_opencv/ros2_opencv.egg-info to /root/ros2_ws/install/ros2_opencv/lib/python3.10/site-packages/ros2_opencv-0.0.0-py3.10.egg-info\n'}
[8.136470] (cartographer_rviz) CommandEnded: {'returncode': 0}
[8.139060] (cartographer_rviz) JobProgress: {'identifier': 'cartographer_rviz', 'progress': 'install'}
[8.141703] (ros2_opencv) StdoutLine: {'line': b'running install_scripts\n'}
[8.144097] (cartographer_rviz) Command: {'cmd': ['/usr/bin/cmake', '--install', '/root/ros2_ws/build/cartographer_rviz'], 'cwd': '/root/ros2_ws/build/cartographer_rviz', 'env': OrderedDict([('HOSTNAME', 'warnie'), ('GIT_ASKPASS', '/root/.vscode-server/bin/17baf841131aa23349f217ca7c570c76ee87b957/extensions/git/dist/askpass.sh'), ('SHLVL', '2'), ('LD_LIBRARY_PATH', '/root/ros2_ws/install/cartographer_ros_msgs/lib:/root/ros2_ws/install/cartographer_rviz/lib:/root/ros2_ws/install/cartographer_ros/lib:/opt/ros/humble/opt/rviz_ogre_vendor/lib:/opt/ros/humble/lib/x86_64-linux-gnu:/opt/ros/humble/lib'), ('BROWSER', '/root/.vscode-server/bin/17baf841131aa23349f217ca7c570c76ee87b957/bin/helpers/browser.sh'), ('HOME', '/root'), ('OLDPWD', '/root/ros2_ws/src'), ('TERM_PROGRAM_VERSION', '1.99.3'), ('VSCODE_IPC_HOOK_CLI', '/tmp/vscode-ipc-68549143-8077-4743-9875-84966345cd0e.sock'), ('ROS_PYTHON_VERSION', '3'), ('VSCODE_GIT_ASKPASS_MAIN', '/root/.vscode-server/bin/17baf841131aa23349f217ca7c570c76ee87b957/extensions/git/dist/askpass-main.js'), ('VSCODE_GIT_ASKPASS_NODE', '/root/.vscode-server/bin/17baf841131aa23349f217ca7c570c76ee87b957/node'), ('LC_CTYPE', 'C.UTF-8'), ('COLORTERM', 'truecolor'), ('REMOTE_CONTAINERS', 'true'), ('COLCON_PREFIX_PATH', '/root/ros2_ws/install'), ('ROS_DISTRO', 'humble'), ('REMOTE_CONTAINERS_IPC', '/tmp/vscode-remote-containers-ipc-f285fd1d-9376-4a47-8352-1dbec715791d.sock'), ('_', '/usr/bin/colcon'), ('ROS_VERSION', '2'), ('PKG_CONFIG_PATH', '/root/ros2_ws/install/cartographer/lib/x86_64-linux-gnu/pkgconfig:/root/ros2_ws/install/cartographer/lib/pkgconfig'), ('TERM', 'xterm-256color'), ('ROS_LOCALHOST_ONLY', '0'), ('PATH', '/root/ros2_ws/install/cartographer/bin:/root/.vscode-server/bin/17baf841131aa23349f217ca7c570c76ee87b957/bin/remote-cli:/opt/ros/humble/bin:/usr/local/sbin:/usr/local/bin:/usr/sbin:/usr/bin:/sbin:/bin:/root/.vscode-server/data/User/globalStorage/github.copilot-chat/debugCommand'), ('REMOTE_CONTAINERS_SOCKETS', '["/tmp/vscode-ssh-auth-f285fd1d-9376-4a47-8352-1dbec715791d.sock","/root/.gnupg/S.gpg-agent"]'), ('DISPLAY', 'unix:0'), ('LANG', 'en_US.UTF-8'), ('VSCODE_GIT_IPC_HANDLE', '/tmp/vscode-git-3ce2b43cc6.sock'), ('TERM_PROGRAM', 'vscode'), ('SSH_AUTH_SOCK', '/tmp/vscode-ssh-auth-f285fd1d-9376-4a47-8352-1dbec715791d.sock'), ('AMENT_PREFIX_PATH', '/root/ros2_ws/install/car_launch:/root/ros2_ws/install/robocar_test_cpp:/root/ros2_ws/install/rplidar_ros:/root/ros2_ws/install/ros2_opencv:/root/ros2_ws/install/cartographer_rviz:/root/ros2_ws/install/cartographer_ros:/root/ros2_ws/install/cartographer_ros_msgs:/root/ros2_ws/install/Test_FirstPkg:/opt/ros/humble'), ('SHELL', '/bin/bash'), ('VSCODE_GIT_ASKPASS_EXTRA_ARGS', ''), ('PWD', '/root/ros2_ws/build/cartographer_rviz'), ('PYTHONPATH', '/root/ros2_ws/install/ros2_opencv/lib/python3.10/site-packages:/root/ros2_ws/install/cartographer_ros_msgs/local/lib/python3.10/dist-packages:/opt/ros/humble/lib/python3.10/site-packages:/opt/ros/humble/local/lib/python3.10/dist-packages'), ('COLCON', '1'), ('CMAKE_PREFIX_PATH', '/root/ros2_ws/install/cartographer_ros:/root/ros2_ws/install/cartographer_ros_msgs:/root/ros2_ws/install/cartographer:/root/ros2_ws/install/car_launch:/root/ros2_ws/install/robocar_test_cpp:/root/ros2_ws/install/rplidar_ros:/root/ros2_ws/install/cartographer_rviz:/root/ros2_ws/install/Test_FirstPkg:/root/ros2_ws/install/ros2_opencv:/opt/ros/humble')]), 'shell': False}
[8.145177] (-) TimerEvent: {}
[8.170366] (cartographer_rviz) StdoutLine: {'line': b'-- Install configuration: "Release"\n'}
[8.171357] (cartographer_rviz) StdoutLine: {'line': b'-- Up-to-date: /root/ros2_ws/install/cartographer_rviz/share/cartographer_rviz/rviz_plugin_description.xml\n'}
[8.172221] (cartographer_rviz) StdoutLine: {'line': b'-- Up-to-date: /root/ros2_ws/install/cartographer_rviz/lib/libcartographer_rviz.so\n'}
[8.172583] (cartographer_rviz) StdoutLine: {'line': b'-- Up-to-date: /root/ros2_ws/install/cartographer_rviz/include/\n'}
[8.174032] (cartographer_rviz) StdoutLine: {'line': b'-- Up-to-date: /root/ros2_ws/install/cartographer_rviz/include//cartographer_rviz\n'}
[8.174476] (cartographer_rviz) StdoutLine: {'line': b'-- Up-to-date: /root/ros2_ws/install/cartographer_rviz/include//cartographer_rviz/ogre_slice.h\n'}
[8.174887] (cartographer_rviz) StdoutLine: {'line': b'-- Up-to-date: /root/ros2_ws/install/cartographer_rviz/include//cartographer_rviz/submaps_display.h\n'}
[8.175218] (cartographer_rviz) StdoutLine: {'line': b'-- Up-to-date: /root/ros2_ws/install/cartographer_rviz/include//cartographer_rviz/drawable_submap.h\n'}
[8.177845] (cartographer_rviz) StdoutLine: {'line': b'-- Up-to-date: /root/ros2_ws/install/cartographer_rviz/share/cartographer_rviz/environment/library_path.sh\n'}
[8.179185] (cartographer_rviz) StdoutLine: {'line': b'-- Up-to-date: /root/ros2_ws/install/cartographer_rviz/share/cartographer_rviz/environment/library_path.dsv\n'}
[8.179481] (cartographer_rviz) StdoutLine: {'line': b'-- Up-to-date: /root/ros2_ws/install/cartographer_rviz/share/ament_index/resource_index/package_run_dependencies/cartographer_rviz\n'}
[8.179715] (cartographer_rviz) StdoutLine: {'line': b'-- Up-to-date: /root/ros2_ws/install/cartographer_rviz/share/ament_index/resource_index/parent_prefix_path/cartographer_rviz\n'}
[8.179978] (cartographer_rviz) StdoutLine: {'line': b'-- Up-to-date: /root/ros2_ws/install/cartographer_rviz/share/cartographer_rviz/environment/ament_prefix_path.sh\n'}
[8.180214] (cartographer_rviz) StdoutLine: {'line': b'-- Up-to-date: /root/ros2_ws/install/cartographer_rviz/share/cartographer_rviz/environment/ament_prefix_path.dsv\n'}
[8.180428] (cartographer_rviz) StdoutLine: {'line': b'-- Up-to-date: /root/ros2_ws/install/cartographer_rviz/share/cartographer_rviz/environment/path.sh\n'}
[8.180693] (cartographer_rviz) StdoutLine: {'line': b'-- Up-to-date: /root/ros2_ws/install/cartographer_rviz/share/cartographer_rviz/environment/path.dsv\n'}
[8.180990] (cartographer_rviz) StdoutLine: {'line': b'-- Up-to-date: /root/ros2_ws/install/cartographer_rviz/share/cartographer_rviz/local_setup.bash\n'}
[8.181341] (cartographer_rviz) StdoutLine: {'line': b'-- Up-to-date: /root/ros2_ws/install/cartographer_rviz/share/cartographer_rviz/local_setup.sh\n'}
[8.185732] (cartographer_rviz) StdoutLine: {'line': b'-- Up-to-date: /root/ros2_ws/install/cartographer_rviz/share/cartographer_rviz/local_setup.zsh\n'}
[8.186127] (cartographer_rviz) StdoutLine: {'line': b'-- Up-to-date: /root/ros2_ws/install/cartographer_rviz/share/cartographer_rviz/local_setup.dsv\n'}
[8.186565] (cartographer_rviz) StdoutLine: {'line': b'-- Installing: /root/ros2_ws/install/cartographer_rviz/share/cartographer_rviz/package.dsv\n'}
[8.187377] (cartographer_rviz) StdoutLine: {'line': b'-- Up-to-date: /root/ros2_ws/install/cartographer_rviz/share/ament_index/resource_index/packages/cartographer_rviz\n'}
[8.188089] (cartographer_rviz) StdoutLine: {'line': b'-- Up-to-date: /root/ros2_ws/install/cartographer_rviz/share/ament_index/resource_index/rviz_common__pluginlib__plugin/cartographer_rviz\n'}
[8.188386] (cartographer_rviz) StdoutLine: {'line': b'-- Up-to-date: /root/ros2_ws/install/cartographer_rviz/share/cartographer_rviz/ogre_media/materials/glsl120\n'}
[8.188829] (cartographer_rviz) StdoutLine: {'line': b'-- Up-to-date: /root/ros2_ws/install/cartographer_rviz/share/cartographer_rviz/ogre_media/materials/glsl120/submap.vert\n'}
[8.189257] (cartographer_rviz) StdoutLine: {'line': b'-- Up-to-date: /root/ros2_ws/install/cartographer_rviz/share/cartographer_rviz/ogre_media/materials/glsl120/glsl120.program\n'}
[8.189659] (cartographer_rviz) StdoutLine: {'line': b'-- Up-to-date: /root/ros2_ws/install/cartographer_rviz/share/cartographer_rviz/ogre_media/materials/glsl120/submap.frag\n'}
[8.189925] (cartographer_rviz) StdoutLine: {'line': b'-- Up-to-date: /root/ros2_ws/install/cartographer_rviz/share/cartographer_rviz/ogre_media/materials/scripts\n'}
[8.190068] (cartographer_rviz) StdoutLine: {'line': b'-- Up-to-date: /root/ros2_ws/install/cartographer_rviz/share/cartographer_rviz/ogre_media/materials/scripts/submap.material\n'}
[8.190202] (cartographer_rviz) StdoutLine: {'line': b'-- Up-to-date: /root/ros2_ws/install/cartographer_rviz/share/ament_index/resource_index/rviz_ogre_media_exports/cartographer_rviz\n'}
[8.190333] (cartographer_rviz) StdoutLine: {'line': b'-- Up-to-date: /root/ros2_ws/install/cartographer_rviz/share/cartographer_rviz/cmake/cartographer_rvizExport.cmake\n'}
[8.190789] (cartographer_rviz) StdoutLine: {'line': b'-- Up-to-date: /root/ros2_ws/install/cartographer_rviz/share/cartographer_rviz/cmake/cartographer_rvizExport-release.cmake\n'}
[8.194304] (cartographer_rviz) StdoutLine: {'line': b'-- Up-to-date: /root/ros2_ws/install/cartographer_rviz/share/cartographer_rviz/cmake/ament_cmake_export_include_directories-extras.cmake\n'}
[8.195385] (cartographer_rviz) StdoutLine: {'line': b'-- Up-to-date: /root/ros2_ws/install/cartographer_rviz/share/cartographer_rviz/cmake/ament_cmake_export_targets-extras.cmake\n'}
[8.195718] (cartographer_rviz) StdoutLine: {'line': b'-- Up-to-date: /root/ros2_ws/install/cartographer_rviz/share/cartographer_rviz/cmake/ament_cmake_export_dependencies-extras.cmake\n'}
[8.197708] (cartographer_rviz) StdoutLine: {'line': b'-- Up-to-date: /root/ros2_ws/install/cartographer_rviz/share/cartographer_rviz/cmake/cartographer_rvizConfig.cmake\n'}
[8.198203] (cartographer_rviz) StdoutLine: {'line': b'-- Up-to-date: /root/ros2_ws/install/cartographer_rviz/share/cartographer_rviz/cmake/cartographer_rvizConfig-version.cmake\n'}
[8.198733] (cartographer_rviz) StdoutLine: {'line': b'-- Up-to-date: /root/ros2_ws/install/cartographer_rviz/share/cartographer_rviz/package.xml\n'}
[8.199178] (cartographer_rviz) CommandEnded: {'returncode': 0}
[8.239051] (ros2_opencv) StdoutLine: {'line': b"writing list of installed files to '/root/ros2_ws/build/ros2_opencv/install.log'\n"}
[8.247302] (-) TimerEvent: {}
[8.280522] (cartographer_rviz) JobEnded: {'identifier': 'cartographer_rviz', 'rc': 0}
[8.347544] (-) TimerEvent: {}
[8.378330] (ros2_opencv) CommandEnded: {'returncode': 0}
[8.413121] (ros2_opencv) JobEnded: {'identifier': 'ros2_opencv', 'rc': 0}
[8.447832] (-) TimerEvent: {}
[8.548399] (-) TimerEvent: {}
[8.649103] (-) TimerEvent: {}
[8.750218] (-) TimerEvent: {}
[8.851200] (-) TimerEvent: {}
[8.952148] (-) TimerEvent: {}
[9.052695] (-) TimerEvent: {}
[9.153240] (-) TimerEvent: {}
[9.254570] (-) TimerEvent: {}
[9.355695] (-) TimerEvent: {}
[9.456171] (-) TimerEvent: {}
[9.556600] (-) TimerEvent: {}
[9.657029] (-) TimerEvent: {}
[9.757425] (-) TimerEvent: {}
[9.857864] (-) TimerEvent: {}
[9.958357] (-) TimerEvent: {}
[10.059037] (-) TimerEvent: {}
[10.160062] (-) TimerEvent: {}
[10.260534] (-) TimerEvent: {}
[10.361059] (-) TimerEvent: {}
[10.461749] (-) TimerEvent: {}
[10.562730] (-) TimerEvent: {}
[10.663696] (-) TimerEvent: {}
[10.764493] (-) TimerEvent: {}
[10.865018] (-) TimerEvent: {}
[10.965452] (-) TimerEvent: {}
[11.065980] (-) TimerEvent: {}
[11.166361] (-) TimerEvent: {}
[11.266854] (-) TimerEvent: {}
[11.367518] (-) TimerEvent: {}
[11.469297] (-) TimerEvent: {}
[11.570259] (-) TimerEvent: {}
[11.670937] (-) TimerEvent: {}
[11.771716] (-) TimerEvent: {}
[11.872325] (-) TimerEvent: {}
[11.972862] (-) TimerEvent: {}
[12.073296] (-) TimerEvent: {}
[12.173790] (-) TimerEvent: {}
[12.274421] (-) TimerEvent: {}
[12.374994] (-) TimerEvent: {}
[12.475522] (-) TimerEvent: {}
[12.576242] (-) TimerEvent: {}
[12.677590] (-) TimerEvent: {}
[12.778351] (-) TimerEvent: {}
[12.879104] (-) TimerEvent: {}
[12.979793] (-) TimerEvent: {}
[13.080503] (-) TimerEvent: {}
[13.181116] (-) TimerEvent: {}
[13.281610] (-) TimerEvent: {}
[13.382189] (-) TimerEvent: {}
[13.482732] (-) TimerEvent: {}
[13.583255] (-) TimerEvent: {}
[13.683815] (-) TimerEvent: {}
[13.784497] (-) TimerEvent: {}
[13.886000] (-) TimerEvent: {}
[13.986674] (-) TimerEvent: {}
[14.087520] (-) TimerEvent: {}
[14.188320] (-) TimerEvent: {}
[14.288831] (-) TimerEvent: {}
[14.389294] (-) TimerEvent: {}
[14.489748] (-) TimerEvent: {}
[14.590196] (-) TimerEvent: {}
[14.690566] (-) TimerEvent: {}
[14.791004] (-) TimerEvent: {}
[14.891803] (-) TimerEvent: {}
[14.992565] (-) TimerEvent: {}
[15.094398] (-) TimerEvent: {}
[15.195060] (-) TimerEvent: {}
[15.295920] (-) TimerEvent: {}
[15.398946] (-) TimerEvent: {}
[15.499469] (-) TimerEvent: {}
[15.599935] (-) TimerEvent: {}
[15.700408] (-) TimerEvent: {}
[15.801757] (-) TimerEvent: {}
[15.902620] (-) TimerEvent: {}
[16.003304] (-) TimerEvent: {}
[16.104317] (-) TimerEvent: {}
[16.205114] (-) TimerEvent: {}
[16.305521] (-) TimerEvent: {}
[16.405933] (-) TimerEvent: {}
[16.506313] (-) TimerEvent: {}
[16.606713] (-) TimerEvent: {}
[16.707098] (-) TimerEvent: {}
[16.807477] (-) TimerEvent: {}
[16.907876] (-) TimerEvent: {}
[17.008253] (-) TimerEvent: {}
[17.108621] (-) TimerEvent: {}
[17.209031] (-) TimerEvent: {}
[17.309409] (-) TimerEvent: {}
[17.409836] (-) TimerEvent: {}
[17.510211] (-) TimerEvent: {}
[17.610607] (-) TimerEvent: {}
[17.711013] (-) TimerEvent: {}
[17.811407] (-) TimerEvent: {}
[17.911808] (-) TimerEvent: {}
[18.012249] (-) TimerEvent: {}
[18.112640] (-) TimerEvent: {}
[18.213089] (-) TimerEvent: {}
[18.313494] (-) TimerEvent: {}
[18.413896] (-) TimerEvent: {}
[18.514282] (-) TimerEvent: {}
[18.614685] (-) TimerEvent: {}
[18.715092] (-) TimerEvent: {}
[18.815551] (-) TimerEvent: {}
[18.915989] (-) TimerEvent: {}
[19.016433] (-) TimerEvent: {}
[19.116860] (-) TimerEvent: {}
[19.217282] (-) TimerEvent: {}
[19.317738] (-) TimerEvent: {}
[19.418231] (-) TimerEvent: {}
[19.518727] (-) TimerEvent: {}
[19.619202] (-) TimerEvent: {}
[19.719688] (-) TimerEvent: {}
[19.820157] (-) TimerEvent: {}
[19.920634] (-) TimerEvent: {}
[20.021143] (-) TimerEvent: {}
[20.121623] (-) TimerEvent: {}
[20.222117] (-) TimerEvent: {}
[20.322606] (-) TimerEvent: {}
[20.423122] (-) TimerEvent: {}
[20.523590] (-) TimerEvent: {}
[20.624082] (-) TimerEvent: {}
[20.724560] (-) TimerEvent: {}
[20.825043] (-) TimerEvent: {}
[20.925496] (-) TimerEvent: {}
[21.026123] (-) TimerEvent: {}
[21.126492] (-) TimerEvent: {}
[21.226874] (-) TimerEvent: {}
[21.327243] (-) TimerEvent: {}
[21.427628] (-) TimerEvent: {}
[21.528005] (-) TimerEvent: {}
[21.628372] (-) TimerEvent: {}
[21.728734] (-) TimerEvent: {}
[21.829097] (-) TimerEvent: {}
[21.929478] (-) TimerEvent: {}
[22.029876] (-) TimerEvent: {}
[22.130235] (-) TimerEvent: {}
[22.230627] (-) TimerEvent: {}
[22.331017] (-) TimerEvent: {}
[22.431385] (-) TimerEvent: {}
[22.531736] (-) TimerEvent: {}
[22.632107] (-) TimerEvent: {}
[22.732512] (-) TimerEvent: {}
[22.832900] (-) TimerEvent: {}
[22.933269] (-) TimerEvent: {}
[23.033685] (-) TimerEvent: {}
[23.134049] (-) TimerEvent: {}
[23.234415] (-) TimerEvent: {}
[23.334791] (-) TimerEvent: {}
[23.435178] (-) TimerEvent: {}
[23.535564] (-) TimerEvent: {}
[23.635950] (-) TimerEvent: {}
[23.736333] (-) TimerEvent: {}
[23.836703] (-) TimerEvent: {}
[23.937064] (-) TimerEvent: {}
[24.037434] (-) TimerEvent: {}
[24.137855] (-) TimerEvent: {}
[24.238315] (-) TimerEvent: {}
[24.338691] (-) TimerEvent: {}
[24.439070] (-) TimerEvent: {}
[24.539444] (-) TimerEvent: {}
[24.639833] (-) TimerEvent: {}
[24.740195] (-) TimerEvent: {}
[24.840568] (-) TimerEvent: {}
[24.940977] (-) TimerEvent: {}
[25.041414] (-) TimerEvent: {}
[25.141793] (-) TimerEvent: {}
[25.242157] (-) TimerEvent: {}
[25.342518] (-) TimerEvent: {}
[25.442911] (-) TimerEvent: {}
[25.543272] (-) TimerEvent: {}
[25.643632] (-) TimerEvent: {}
[25.744022] (-) TimerEvent: {}
[25.844390] (-) TimerEvent: {}
[25.944732] (-) TimerEvent: {}
[26.045099] (-) TimerEvent: {}
[26.145473] (-) TimerEvent: {}
[26.245903] (-) TimerEvent: {}
[26.346398] (-) TimerEvent: {}
[26.446906] (-) TimerEvent: {}
[26.547409] (-) TimerEvent: {}
[26.647791] (-) TimerEvent: {}
[26.748159] (-) TimerEvent: {}
[26.848546] (-) TimerEvent: {}
[26.948963] (-) TimerEvent: {}
[27.049372] (-) TimerEvent: {}
[27.149741] (-) TimerEvent: {}
[27.250148] (-) TimerEvent: {}
[27.350580] (-) TimerEvent: {}
[27.450993] (-) TimerEvent: {}
[27.551403] (-) TimerEvent: {}
[27.573248] (robocar_test_cpp) StdoutLine: {'line': b'[100%] \x1b[32m\x1b[1mLinking CXX executable lidar_listener\x1b[0m\n'}
[27.651569] (-) TimerEvent: {}
[27.752006] (-) TimerEvent: {}
[27.852451] (-) TimerEvent: {}
[27.953196] (-) TimerEvent: {}
[28.054525] (-) TimerEvent: {}
[28.155308] (-) TimerEvent: {}
[28.256020] (-) TimerEvent: {}
[28.356468] (-) TimerEvent: {}
[28.456921] (-) TimerEvent: {}
[28.557325] (-) TimerEvent: {}
[28.657876] (-) TimerEvent: {}
[28.758556] (-) TimerEvent: {}
[28.794582] (robocar_test_cpp) StdoutLine: {'line': b'[100%] Built target lidar_listener\n'}
[28.824299] (robocar_test_cpp) CommandEnded: {'returncode': 0}
[28.826954] (robocar_test_cpp) JobProgress: {'identifier': 'robocar_test_cpp', 'progress': 'install'}
[28.828449] (robocar_test_cpp) Command: {'cmd': ['/usr/bin/cmake', '--install', '/root/ros2_ws/build/robocar_test_cpp'], 'cwd': '/root/ros2_ws/build/robocar_test_cpp', 'env': OrderedDict([('HOSTNAME', 'warnie'), ('GIT_ASKPASS', '/root/.vscode-server/bin/17baf841131aa23349f217ca7c570c76ee87b957/extensions/git/dist/askpass.sh'), ('SHLVL', '2'), ('LD_LIBRARY_PATH', '/root/ros2_ws/install/cartographer_rviz/lib:/root/ros2_ws/install/cartographer_ros/lib:/root/ros2_ws/install/cartographer_ros_msgs/lib:/opt/ros/humble/opt/rviz_ogre_vendor/lib:/opt/ros/humble/lib/x86_64-linux-gnu:/opt/ros/humble/lib'), ('BROWSER', '/root/.vscode-server/bin/17baf841131aa23349f217ca7c570c76ee87b957/bin/helpers/browser.sh'), ('HOME', '/root'), ('OLDPWD', '/root/ros2_ws/src'), ('TERM_PROGRAM_VERSION', '1.99.3'), ('VSCODE_IPC_HOOK_CLI', '/tmp/vscode-ipc-68549143-8077-4743-9875-84966345cd0e.sock'), ('ROS_PYTHON_VERSION', '3'), ('VSCODE_GIT_ASKPASS_MAIN', '/root/.vscode-server/bin/17baf841131aa23349f217ca7c570c76ee87b957/extensions/git/dist/askpass-main.js'), ('VSCODE_GIT_ASKPASS_NODE', '/root/.vscode-server/bin/17baf841131aa23349f217ca7c570c76ee87b957/node'), ('LC_CTYPE', 'C.UTF-8'), ('COLORTERM', 'truecolor'), ('REMOTE_CONTAINERS', 'true'), ('COLCON_PREFIX_PATH', '/root/ros2_ws/install'), ('ROS_DISTRO', 'humble'), ('REMOTE_CONTAINERS_IPC', '/tmp/vscode-remote-containers-ipc-f285fd1d-9376-4a47-8352-1dbec715791d.sock'), ('_', '/usr/bin/colcon'), ('ROS_VERSION', '2'), ('PKG_CONFIG_PATH', '/root/ros2_ws/install/cartographer/lib/x86_64-linux-gnu/pkgconfig:/root/ros2_ws/install/cartographer/lib/pkgconfig'), ('TERM', 'xterm-256color'), ('ROS_LOCALHOST_ONLY', '0'), ('PATH', '/root/ros2_ws/install/cartographer/bin:/root/.vscode-server/bin/17baf841131aa23349f217ca7c570c76ee87b957/bin/remote-cli:/opt/ros/humble/bin:/usr/local/sbin:/usr/local/bin:/usr/sbin:/usr/bin:/sbin:/bin:/root/.vscode-server/data/User/globalStorage/github.copilot-chat/debugCommand'), ('REMOTE_CONTAINERS_SOCKETS', '["/tmp/vscode-ssh-auth-f285fd1d-9376-4a47-8352-1dbec715791d.sock","/root/.gnupg/S.gpg-agent"]'), ('DISPLAY', 'unix:0'), ('LANG', 'en_US.UTF-8'), ('VSCODE_GIT_IPC_HANDLE', '/tmp/vscode-git-3ce2b43cc6.sock'), ('TERM_PROGRAM', 'vscode'), ('SSH_AUTH_SOCK', '/tmp/vscode-ssh-auth-f285fd1d-9376-4a47-8352-1dbec715791d.sock'), ('AMENT_PREFIX_PATH', '/root/ros2_ws/install/car_launch:/root/ros2_ws/install/robocar_test_cpp:/root/ros2_ws/install/rplidar_ros:/root/ros2_ws/install/ros2_opencv:/root/ros2_ws/install/cartographer_rviz:/root/ros2_ws/install/cartographer_ros:/root/ros2_ws/install/cartographer_ros_msgs:/root/ros2_ws/install/Test_FirstPkg:/opt/ros/humble'), ('SHELL', '/bin/bash'), ('VSCODE_GIT_ASKPASS_EXTRA_ARGS', ''), ('PWD', '/root/ros2_ws/build/robocar_test_cpp'), ('PYTHONPATH', '/root/ros2_ws/install/ros2_opencv/lib/python3.10/site-packages:/root/ros2_ws/install/cartographer_ros_msgs/local/lib/python3.10/dist-packages:/opt/ros/humble/lib/python3.10/site-packages:/opt/ros/humble/local/lib/python3.10/dist-packages'), ('COLCON', '1'), ('CMAKE_PREFIX_PATH', '/root/ros2_ws/install/car_launch:/root/ros2_ws/install/robocar_test_cpp:/root/ros2_ws/install/rplidar_ros:/root/ros2_ws/install/cartographer_rviz:/root/ros2_ws/install/cartographer_ros:/root/ros2_ws/install/cartographer_ros_msgs:/root/ros2_ws/install/cartographer:/root/ros2_ws/install/Test_FirstPkg:/root/ros2_ws/install/ros2_opencv:/opt/ros/humble')]), 'shell': False}
[28.852241] (robocar_test_cpp) StdoutLine: {'line': b'-- Install configuration: ""\n'}
[28.852852] (robocar_test_cpp) StdoutLine: {'line': b'-- Up-to-date: /root/ros2_ws/install/robocar_test_cpp/lib/robocar_test_cpp/talker\n'}
[28.854028] (robocar_test_cpp) StdoutLine: {'line': b'-- Up-to-date: /root/ros2_ws/install/robocar_test_cpp/lib/robocar_test_cpp/listener\n'}
[28.855055] (robocar_test_cpp) StdoutLine: {'line': b'-- Installing: /root/ros2_ws/install/robocar_test_cpp/lib/robocar_test_cpp/lidar_listener\n'}
[28.858960] (-) TimerEvent: {}
[28.863793] (robocar_test_cpp) StdoutLine: {'line': b'-- Set runtime path of "/root/ros2_ws/install/robocar_test_cpp/lib/robocar_test_cpp/lidar_listener" to ""\n'}
[28.864406] (robocar_test_cpp) StdoutLine: {'line': b'-- Up-to-date: /root/ros2_ws/install/robocar_test_cpp/share/ament_index/resource_index/package_run_dependencies/robocar_test_cpp\n'}
[28.864783] (robocar_test_cpp) StdoutLine: {'line': b'-- Up-to-date: /root/ros2_ws/install/robocar_test_cpp/share/ament_index/resource_index/parent_prefix_path/robocar_test_cpp\n'}
[28.865107] (robocar_test_cpp) StdoutLine: {'line': b'-- Up-to-date: /root/ros2_ws/install/robocar_test_cpp/share/robocar_test_cpp/environment/ament_prefix_path.sh\n'}
[28.865378] (robocar_test_cpp) StdoutLine: {'line': b'-- Up-to-date: /root/ros2_ws/install/robocar_test_cpp/share/robocar_test_cpp/environment/ament_prefix_path.dsv\n'}
[28.865811] (robocar_test_cpp) StdoutLine: {'line': b'-- Up-to-date: /root/ros2_ws/install/robocar_test_cpp/share/robocar_test_cpp/environment/path.sh\n'}
[28.866402] (robocar_test_cpp) StdoutLine: {'line': b'-- Up-to-date: /root/ros2_ws/install/robocar_test_cpp/share/robocar_test_cpp/environment/path.dsv\n'}
[28.867104] (robocar_test_cpp) StdoutLine: {'line': b'-- Up-to-date: /root/ros2_ws/install/robocar_test_cpp/share/robocar_test_cpp/local_setup.bash\n'}
[28.867495] (robocar_test_cpp) StdoutLine: {'line': b'-- Up-to-date: /root/ros2_ws/install/robocar_test_cpp/share/robocar_test_cpp/local_setup.sh\n'}
[28.867964] (robocar_test_cpp) StdoutLine: {'line': b'-- Up-to-date: /root/ros2_ws/install/robocar_test_cpp/share/robocar_test_cpp/local_setup.zsh\n'}
[28.868403] (robocar_test_cpp) StdoutLine: {'line': b'-- Up-to-date: /root/ros2_ws/install/robocar_test_cpp/share/robocar_test_cpp/local_setup.dsv\n'}
[28.869075] (robocar_test_cpp) StdoutLine: {'line': b'-- Installing: /root/ros2_ws/install/robocar_test_cpp/share/robocar_test_cpp/package.dsv\n'}
[28.869867] (robocar_test_cpp) StdoutLine: {'line': b'-- Up-to-date: /root/ros2_ws/install/robocar_test_cpp/share/ament_index/resource_index/packages/robocar_test_cpp\n'}
[28.870122] (robocar_test_cpp) StdoutLine: {'line': b'-- Up-to-date: /root/ros2_ws/install/robocar_test_cpp/share/robocar_test_cpp/cmake/robocar_test_cppConfig.cmake\n'}
[28.870330] (robocar_test_cpp) StdoutLine: {'line': b'-- Up-to-date: /root/ros2_ws/install/robocar_test_cpp/share/robocar_test_cpp/cmake/robocar_test_cppConfig-version.cmake\n'}
[28.870577] (robocar_test_cpp) StdoutLine: {'line': b'-- Up-to-date: /root/ros2_ws/install/robocar_test_cpp/share/robocar_test_cpp/package.xml\n'}
[28.872905] (robocar_test_cpp) CommandEnded: {'returncode': 0}
[28.919589] (robocar_test_cpp) JobEnded: {'identifier': 'robocar_test_cpp', 'rc': 0}
[28.921886] (-) EventReactorShutdown: {}
