[0.000000] (-) TimerEvent: {}
[0.001225] (car_launch) JobQueued: {'identifier': 'car_launch', 'dependencies': OrderedDict()}
[0.001548] (cartographer) JobQueued: {'identifier': 'cartographer', 'dependencies': OrderedDict()}
[0.001843] (cartographer_ros_msgs) JobQueued: {'identifier': 'cartographer_ros_msgs', 'dependencies': OrderedDict()}
[0.002076] (robocar_test_cpp) JobQueued: {'identifier': 'robocar_test_cpp', 'dependencies': OrderedDict()}
[0.002127] (ros2_opencv) JobQueued: {'identifier': 'ros2_opencv', 'dependencies': OrderedDict()}
[0.002185] (rplidar_ros) JobQueued: {'identifier': 'rplidar_ros', 'dependencies': OrderedDict()}
[0.002244] (cartographer_ros) JobQueued: {'identifier': 'cartographer_ros', 'dependencies': OrderedDict([('cartographer', '/root/ros2_ws/install/cartographer'), ('cartographer_ros_msgs', '/root/ros2_ws/install/cartographer_ros_msgs')])}
[0.002296] (cartographer_rviz) JobQueued: {'identifier': 'cartographer_rviz', 'dependencies': OrderedDict([('cartographer', '/root/ros2_ws/install/cartographer'), ('cartographer_ros_msgs', '/root/ros2_ws/install/cartographer_ros_msgs'), ('cartographer_ros', '/root/ros2_ws/install/cartographer_ros')])}
[0.002345] (cartographer) JobStarted: {'identifier': 'cartographer'}
[0.017289] (cartographer_ros_msgs) JobStarted: {'identifier': 'cartographer_ros_msgs'}
[0.026621] (car_launch) JobStarted: {'identifier': 'car_launch'}
[0.040740] (robocar_test_cpp) JobStarted: {'identifier': 'robocar_test_cpp'}
[0.053724] (ros2_opencv) JobStarted: {'identifier': 'ros2_opencv'}
[0.071811] (rplidar_ros) JobStarted: {'identifier': 'rplidar_ros'}
[0.090163] (cartographer) JobProgress: {'identifier': 'cartographer', 'progress': 'cmake'}
[0.091551] (cartographer) JobProgress: {'identifier': 'cartographer', 'progress': 'build'}
[0.093019] (cartographer) Command: {'cmd': ['/usr/bin/cmake', '--build', '/root/ros2_ws/build/cartographer', '--', '-j8', '-l8'], 'cwd': '/root/ros2_ws/build/cartographer', 'env': OrderedDict([('HOSTNAME', 'warnie'), ('GIT_ASKPASS', '/root/.vscode-server/bin/17baf841131aa23349f217ca7c570c76ee87b957/extensions/git/dist/askpass.sh'), ('SHLVL', '2'), ('LD_LIBRARY_PATH', '/root/ros2_ws/install/cartographer_rviz/lib:/root/ros2_ws/install/cartographer_ros/lib:/root/ros2_ws/install/cartographer_ros_msgs/lib:/opt/ros/humble/opt/rviz_ogre_vendor/lib:/opt/ros/humble/lib/x86_64-linux-gnu:/opt/ros/humble/lib'), ('BROWSER', '/root/.vscode-server/bin/17baf841131aa23349f217ca7c570c76ee87b957/bin/helpers/browser.sh'), ('HOME', '/root'), ('OLDPWD', '/root/ros2_ws/src'), ('TERM_PROGRAM_VERSION', '1.99.3'), ('VSCODE_IPC_HOOK_CLI', '/tmp/vscode-ipc-db8667da-dddf-4b8b-9bef-966dbeab1878.sock'), ('ROS_PYTHON_VERSION', '3'), ('VSCODE_GIT_ASKPASS_MAIN', '/root/.vscode-server/bin/17baf841131aa23349f217ca7c570c76ee87b957/extensions/git/dist/askpass-main.js'), ('VSCODE_GIT_ASKPASS_NODE', '/root/.vscode-server/bin/17baf841131aa23349f217ca7c570c76ee87b957/node'), ('LC_CTYPE', 'C.UTF-8'), ('COLORTERM', 'truecolor'), ('REMOTE_CONTAINERS', 'true'), ('COLCON_PREFIX_PATH', '/root/ros2_ws/install'), ('ROS_DISTRO', 'humble'), ('REMOTE_CONTAINERS_IPC', '/tmp/vscode-remote-containers-ipc-f285fd1d-9376-4a47-8352-1dbec715791d.sock'), ('_', '/usr/bin/colcon'), ('ROS_VERSION', '2'), ('PKG_CONFIG_PATH', '/root/ros2_ws/install/cartographer/lib/x86_64-linux-gnu/pkgconfig:/root/ros2_ws/install/cartographer/lib/pkgconfig'), ('TERM', 'xterm-256color'), ('ROS_LOCALHOST_ONLY', '0'), ('PATH', '/root/ros2_ws/install/cartographer/bin:/root/.vscode-server/bin/17baf841131aa23349f217ca7c570c76ee87b957/bin/remote-cli:/opt/ros/humble/bin:/usr/local/sbin:/usr/local/bin:/usr/sbin:/usr/bin:/sbin:/bin:/root/.vscode-server/data/User/globalStorage/github.copilot-chat/debugCommand'), ('REMOTE_CONTAINERS_SOCKETS', '["/tmp/vscode-ssh-auth-f285fd1d-9376-4a47-8352-1dbec715791d.sock","/root/.gnupg/S.gpg-agent"]'), ('DISPLAY', 'unix:0'), ('LANG', 'en_US.UTF-8'), ('VSCODE_GIT_IPC_HANDLE', '/tmp/vscode-git-3ce2b43cc6.sock'), ('TERM_PROGRAM', 'vscode'), ('SSH_AUTH_SOCK', '/tmp/vscode-ssh-auth-f285fd1d-9376-4a47-8352-1dbec715791d.sock'), ('AMENT_PREFIX_PATH', '/root/ros2_ws/install/robocar_test_cpp:/root/ros2_ws/install/ros2_opencv:/root/ros2_ws/install/Test_FirstPkg:/root/ros2_ws/install/rplidar_ros:/root/ros2_ws/install/cartographer_rviz:/root/ros2_ws/install/cartographer_ros:/root/ros2_ws/install/cartographer_ros_msgs:/opt/ros/humble'), ('SHELL', '/bin/bash'), ('VSCODE_GIT_ASKPASS_EXTRA_ARGS', ''), ('PWD', '/root/ros2_ws/build/cartographer'), ('PYTHONPATH', '/root/ros2_ws/install/ros2_opencv/lib/python3.10/site-packages:/root/ros2_ws/install/cartographer_ros_msgs/local/lib/python3.10/dist-packages:/opt/ros/humble/lib/python3.10/site-packages:/opt/ros/humble/local/lib/python3.10/dist-packages'), ('COLCON', '1'), ('CMAKE_PREFIX_PATH', '/root/ros2_ws/install/robocar_test_cpp:/root/ros2_ws/install/Test_FirstPkg:/root/ros2_ws/install/rplidar_ros:/root/ros2_ws/install/cartographer_rviz:/root/ros2_ws/install/cartographer_ros:/root/ros2_ws/install/cartographer_ros_msgs:/root/ros2_ws/install/cartographer:/root/ros2_ws/install/ros2_opencv:/opt/ros/humble')]), 'shell': False}
[0.100266] (cartographer_ros_msgs) JobProgress: {'identifier': 'cartographer_ros_msgs', 'progress': 'cmake'}
[0.100456] (-) TimerEvent: {}
[0.103225] (cartographer_ros_msgs) JobProgress: {'identifier': 'cartographer_ros_msgs', 'progress': 'build'}
[0.105589] (cartographer_ros_msgs) Command: {'cmd': ['/usr/bin/cmake', '--build', '/root/ros2_ws/build/cartographer_ros_msgs', '--', '-j8', '-l8'], 'cwd': '/root/ros2_ws/build/cartographer_ros_msgs', 'env': OrderedDict([('HOSTNAME', 'warnie'), ('GIT_ASKPASS', '/root/.vscode-server/bin/17baf841131aa23349f217ca7c570c76ee87b957/extensions/git/dist/askpass.sh'), ('SHLVL', '2'), ('LD_LIBRARY_PATH', '/root/ros2_ws/install/cartographer_rviz/lib:/root/ros2_ws/install/cartographer_ros/lib:/root/ros2_ws/install/cartographer_ros_msgs/lib:/opt/ros/humble/opt/rviz_ogre_vendor/lib:/opt/ros/humble/lib/x86_64-linux-gnu:/opt/ros/humble/lib'), ('BROWSER', '/root/.vscode-server/bin/17baf841131aa23349f217ca7c570c76ee87b957/bin/helpers/browser.sh'), ('HOME', '/root'), ('OLDPWD', '/root/ros2_ws/src'), ('TERM_PROGRAM_VERSION', '1.99.3'), ('VSCODE_IPC_HOOK_CLI', '/tmp/vscode-ipc-db8667da-dddf-4b8b-9bef-966dbeab1878.sock'), ('ROS_PYTHON_VERSION', '3'), ('VSCODE_GIT_ASKPASS_MAIN', '/root/.vscode-server/bin/17baf841131aa23349f217ca7c570c76ee87b957/extensions/git/dist/askpass-main.js'), ('VSCODE_GIT_ASKPASS_NODE', '/root/.vscode-server/bin/17baf841131aa23349f217ca7c570c76ee87b957/node'), ('LC_CTYPE', 'C.UTF-8'), ('COLORTERM', 'truecolor'), ('REMOTE_CONTAINERS', 'true'), ('COLCON_PREFIX_PATH', '/root/ros2_ws/install'), ('ROS_DISTRO', 'humble'), ('REMOTE_CONTAINERS_IPC', '/tmp/vscode-remote-containers-ipc-f285fd1d-9376-4a47-8352-1dbec715791d.sock'), ('_', '/usr/bin/colcon'), ('ROS_VERSION', '2'), ('PKG_CONFIG_PATH', '/root/ros2_ws/install/cartographer/lib/x86_64-linux-gnu/pkgconfig:/root/ros2_ws/install/cartographer/lib/pkgconfig'), ('TERM', 'xterm-256color'), ('ROS_LOCALHOST_ONLY', '0'), ('PATH', '/root/ros2_ws/install/cartographer/bin:/root/.vscode-server/bin/17baf841131aa23349f217ca7c570c76ee87b957/bin/remote-cli:/opt/ros/humble/bin:/usr/local/sbin:/usr/local/bin:/usr/sbin:/usr/bin:/sbin:/bin:/root/.vscode-server/data/User/globalStorage/github.copilot-chat/debugCommand'), ('REMOTE_CONTAINERS_SOCKETS', '["/tmp/vscode-ssh-auth-f285fd1d-9376-4a47-8352-1dbec715791d.sock","/root/.gnupg/S.gpg-agent"]'), ('DISPLAY', 'unix:0'), ('LANG', 'en_US.UTF-8'), ('VSCODE_GIT_IPC_HANDLE', '/tmp/vscode-git-3ce2b43cc6.sock'), ('TERM_PROGRAM', 'vscode'), ('SSH_AUTH_SOCK', '/tmp/vscode-ssh-auth-f285fd1d-9376-4a47-8352-1dbec715791d.sock'), ('AMENT_PREFIX_PATH', '/root/ros2_ws/install/robocar_test_cpp:/root/ros2_ws/install/ros2_opencv:/root/ros2_ws/install/Test_FirstPkg:/root/ros2_ws/install/rplidar_ros:/root/ros2_ws/install/cartographer_rviz:/root/ros2_ws/install/cartographer_ros:/root/ros2_ws/install/cartographer_ros_msgs:/opt/ros/humble'), ('SHELL', '/bin/bash'), ('VSCODE_GIT_ASKPASS_EXTRA_ARGS', ''), ('PWD', '/root/ros2_ws/build/cartographer_ros_msgs'), ('PYTHONPATH', '/root/ros2_ws/install/ros2_opencv/lib/python3.10/site-packages:/root/ros2_ws/install/cartographer_ros_msgs/local/lib/python3.10/dist-packages:/opt/ros/humble/lib/python3.10/site-packages:/opt/ros/humble/local/lib/python3.10/dist-packages'), ('COLCON', '1'), ('CMAKE_PREFIX_PATH', '/root/ros2_ws/install/robocar_test_cpp:/root/ros2_ws/install/Test_FirstPkg:/root/ros2_ws/install/rplidar_ros:/root/ros2_ws/install/cartographer_rviz:/root/ros2_ws/install/cartographer_ros:/root/ros2_ws/install/cartographer_ros_msgs:/root/ros2_ws/install/cartographer:/root/ros2_ws/install/ros2_opencv:/opt/ros/humble')]), 'shell': False}
[0.113868] (car_launch) JobProgress: {'identifier': 'car_launch', 'progress': 'cmake'}
[0.115241] (car_launch) Command: {'cmd': ['/usr/bin/cmake', '/root/ros2_ws/src/car_launch', '-DCMAKE_INSTALL_PREFIX=/root/ros2_ws/install/car_launch'], 'cwd': '/root/ros2_ws/build/car_launch', 'env': OrderedDict([('HOSTNAME', 'warnie'), ('GIT_ASKPASS', '/root/.vscode-server/bin/17baf841131aa23349f217ca7c570c76ee87b957/extensions/git/dist/askpass.sh'), ('SHLVL', '2'), ('LD_LIBRARY_PATH', '/root/ros2_ws/install/cartographer_rviz/lib:/root/ros2_ws/install/cartographer_ros/lib:/root/ros2_ws/install/cartographer_ros_msgs/lib:/opt/ros/humble/opt/rviz_ogre_vendor/lib:/opt/ros/humble/lib/x86_64-linux-gnu:/opt/ros/humble/lib'), ('BROWSER', '/root/.vscode-server/bin/17baf841131aa23349f217ca7c570c76ee87b957/bin/helpers/browser.sh'), ('HOME', '/root'), ('OLDPWD', '/root/ros2_ws/src'), ('TERM_PROGRAM_VERSION', '1.99.3'), ('VSCODE_IPC_HOOK_CLI', '/tmp/vscode-ipc-db8667da-dddf-4b8b-9bef-966dbeab1878.sock'), ('ROS_PYTHON_VERSION', '3'), ('VSCODE_GIT_ASKPASS_MAIN', '/root/.vscode-server/bin/17baf841131aa23349f217ca7c570c76ee87b957/extensions/git/dist/askpass-main.js'), ('VSCODE_GIT_ASKPASS_NODE', '/root/.vscode-server/bin/17baf841131aa23349f217ca7c570c76ee87b957/node'), ('LC_CTYPE', 'C.UTF-8'), ('COLORTERM', 'truecolor'), ('REMOTE_CONTAINERS', 'true'), ('COLCON_PREFIX_PATH', '/root/ros2_ws/install'), ('ROS_DISTRO', 'humble'), ('REMOTE_CONTAINERS_IPC', '/tmp/vscode-remote-containers-ipc-f285fd1d-9376-4a47-8352-1dbec715791d.sock'), ('_', '/usr/bin/colcon'), ('ROS_VERSION', '2'), ('PKG_CONFIG_PATH', '/root/ros2_ws/install/cartographer/lib/x86_64-linux-gnu/pkgconfig:/root/ros2_ws/install/cartographer/lib/pkgconfig'), ('TERM', 'xterm-256color'), ('ROS_LOCALHOST_ONLY', '0'), ('PATH', '/root/ros2_ws/install/cartographer/bin:/root/.vscode-server/bin/17baf841131aa23349f217ca7c570c76ee87b957/bin/remote-cli:/opt/ros/humble/bin:/usr/local/sbin:/usr/local/bin:/usr/sbin:/usr/bin:/sbin:/bin:/root/.vscode-server/data/User/globalStorage/github.copilot-chat/debugCommand'), ('REMOTE_CONTAINERS_SOCKETS', '["/tmp/vscode-ssh-auth-f285fd1d-9376-4a47-8352-1dbec715791d.sock","/root/.gnupg/S.gpg-agent"]'), ('DISPLAY', 'unix:0'), ('LANG', 'en_US.UTF-8'), ('VSCODE_GIT_IPC_HANDLE', '/tmp/vscode-git-3ce2b43cc6.sock'), ('TERM_PROGRAM', 'vscode'), ('SSH_AUTH_SOCK', '/tmp/vscode-ssh-auth-f285fd1d-9376-4a47-8352-1dbec715791d.sock'), ('AMENT_PREFIX_PATH', '/root/ros2_ws/install/robocar_test_cpp:/root/ros2_ws/install/ros2_opencv:/root/ros2_ws/install/Test_FirstPkg:/root/ros2_ws/install/rplidar_ros:/root/ros2_ws/install/cartographer_rviz:/root/ros2_ws/install/cartographer_ros:/root/ros2_ws/install/cartographer_ros_msgs:/opt/ros/humble'), ('SHELL', '/bin/bash'), ('VSCODE_GIT_ASKPASS_EXTRA_ARGS', ''), ('PWD', '/root/ros2_ws/build/car_launch'), ('PYTHONPATH', '/root/ros2_ws/install/ros2_opencv/lib/python3.10/site-packages:/root/ros2_ws/install/cartographer_ros_msgs/local/lib/python3.10/dist-packages:/opt/ros/humble/lib/python3.10/site-packages:/opt/ros/humble/local/lib/python3.10/dist-packages'), ('COLCON', '1'), ('CMAKE_PREFIX_PATH', '/root/ros2_ws/install/robocar_test_cpp:/root/ros2_ws/install/Test_FirstPkg:/root/ros2_ws/install/rplidar_ros:/root/ros2_ws/install/cartographer_rviz:/root/ros2_ws/install/cartographer_ros:/root/ros2_ws/install/cartographer_ros_msgs:/root/ros2_ws/install/cartographer:/root/ros2_ws/install/ros2_opencv:/opt/ros/humble')]), 'shell': False}
[0.121272] (robocar_test_cpp) JobProgress: {'identifier': 'robocar_test_cpp', 'progress': 'cmake'}
[0.123236] (robocar_test_cpp) JobProgress: {'identifier': 'robocar_test_cpp', 'progress': 'build'}
[0.125388] (robocar_test_cpp) Command: {'cmd': ['/usr/bin/cmake', '--build', '/root/ros2_ws/build/robocar_test_cpp', '--', '-j8', '-l8'], 'cwd': '/root/ros2_ws/build/robocar_test_cpp', 'env': OrderedDict([('HOSTNAME', 'warnie'), ('GIT_ASKPASS', '/root/.vscode-server/bin/17baf841131aa23349f217ca7c570c76ee87b957/extensions/git/dist/askpass.sh'), ('SHLVL', '2'), ('LD_LIBRARY_PATH', '/root/ros2_ws/install/cartographer_rviz/lib:/root/ros2_ws/install/cartographer_ros/lib:/root/ros2_ws/install/cartographer_ros_msgs/lib:/opt/ros/humble/opt/rviz_ogre_vendor/lib:/opt/ros/humble/lib/x86_64-linux-gnu:/opt/ros/humble/lib'), ('BROWSER', '/root/.vscode-server/bin/17baf841131aa23349f217ca7c570c76ee87b957/bin/helpers/browser.sh'), ('HOME', '/root'), ('OLDPWD', '/root/ros2_ws/src'), ('TERM_PROGRAM_VERSION', '1.99.3'), ('VSCODE_IPC_HOOK_CLI', '/tmp/vscode-ipc-db8667da-dddf-4b8b-9bef-966dbeab1878.sock'), ('ROS_PYTHON_VERSION', '3'), ('VSCODE_GIT_ASKPASS_MAIN', '/root/.vscode-server/bin/17baf841131aa23349f217ca7c570c76ee87b957/extensions/git/dist/askpass-main.js'), ('VSCODE_GIT_ASKPASS_NODE', '/root/.vscode-server/bin/17baf841131aa23349f217ca7c570c76ee87b957/node'), ('LC_CTYPE', 'C.UTF-8'), ('COLORTERM', 'truecolor'), ('REMOTE_CONTAINERS', 'true'), ('COLCON_PREFIX_PATH', '/root/ros2_ws/install'), ('ROS_DISTRO', 'humble'), ('REMOTE_CONTAINERS_IPC', '/tmp/vscode-remote-containers-ipc-f285fd1d-9376-4a47-8352-1dbec715791d.sock'), ('_', '/usr/bin/colcon'), ('ROS_VERSION', '2'), ('PKG_CONFIG_PATH', '/root/ros2_ws/install/cartographer/lib/x86_64-linux-gnu/pkgconfig:/root/ros2_ws/install/cartographer/lib/pkgconfig'), ('TERM', 'xterm-256color'), ('ROS_LOCALHOST_ONLY', '0'), ('PATH', '/root/ros2_ws/install/cartographer/bin:/root/.vscode-server/bin/17baf841131aa23349f217ca7c570c76ee87b957/bin/remote-cli:/opt/ros/humble/bin:/usr/local/sbin:/usr/local/bin:/usr/sbin:/usr/bin:/sbin:/bin:/root/.vscode-server/data/User/globalStorage/github.copilot-chat/debugCommand'), ('REMOTE_CONTAINERS_SOCKETS', '["/tmp/vscode-ssh-auth-f285fd1d-9376-4a47-8352-1dbec715791d.sock","/root/.gnupg/S.gpg-agent"]'), ('DISPLAY', 'unix:0'), ('LANG', 'en_US.UTF-8'), ('VSCODE_GIT_IPC_HANDLE', '/tmp/vscode-git-3ce2b43cc6.sock'), ('TERM_PROGRAM', 'vscode'), ('SSH_AUTH_SOCK', '/tmp/vscode-ssh-auth-f285fd1d-9376-4a47-8352-1dbec715791d.sock'), ('AMENT_PREFIX_PATH', '/root/ros2_ws/install/robocar_test_cpp:/root/ros2_ws/install/ros2_opencv:/root/ros2_ws/install/Test_FirstPkg:/root/ros2_ws/install/rplidar_ros:/root/ros2_ws/install/cartographer_rviz:/root/ros2_ws/install/cartographer_ros:/root/ros2_ws/install/cartographer_ros_msgs:/opt/ros/humble'), ('SHELL', '/bin/bash'), ('VSCODE_GIT_ASKPASS_EXTRA_ARGS', ''), ('PWD', '/root/ros2_ws/build/robocar_test_cpp'), ('PYTHONPATH', '/root/ros2_ws/install/ros2_opencv/lib/python3.10/site-packages:/root/ros2_ws/install/cartographer_ros_msgs/local/lib/python3.10/dist-packages:/opt/ros/humble/lib/python3.10/site-packages:/opt/ros/humble/local/lib/python3.10/dist-packages'), ('COLCON', '1'), ('CMAKE_PREFIX_PATH', '/root/ros2_ws/install/robocar_test_cpp:/root/ros2_ws/install/Test_FirstPkg:/root/ros2_ws/install/rplidar_ros:/root/ros2_ws/install/cartographer_rviz:/root/ros2_ws/install/cartographer_ros:/root/ros2_ws/install/cartographer_ros_msgs:/root/ros2_ws/install/cartographer:/root/ros2_ws/install/ros2_opencv:/opt/ros/humble')]), 'shell': False}
[0.200605] (-) TimerEvent: {}
[0.301731] (-) TimerEvent: {}
[0.403122] (-) TimerEvent: {}
[0.504507] (-) TimerEvent: {}
[0.607771] (-) TimerEvent: {}
[0.708315] (-) TimerEvent: {}
[0.808916] (-) TimerEvent: {}
[0.909491] (-) TimerEvent: {}
[1.010072] (-) TimerEvent: {}
[1.111516] (-) TimerEvent: {}
[1.212797] (-) TimerEvent: {}
[1.315558] (-) TimerEvent: {}
[1.360449] (cartographer) StdoutLine: {'line': b'[  1%] Built target gtest\n'}
[1.360919] (cartographer) StdoutLine: {'line': b'[  1%] \x1b[34m\x1b[1mBuilding documentation.\x1b[0m\n'}
[1.361183] (cartographer) StdoutLine: {'line': b'[  1%] Built target cartographer_detect_changes\n'}
[1.361420] (cartographer) StdoutLine: {'line': b'[  2%] Built target gmock\n'}
[1.361637] (cartographer) StdoutLine: {'line': b'[  2%] Built target gmock_main\n'}
[1.368091] (cartographer_ros_msgs) StdoutLine: {'line': b'[  0%] Built target cartographer_ros_msgs__cpp\n'}
[1.369731] (cartographer_ros_msgs) StdoutLine: {'line': b'[ 12%] Built target cartographer_ros_msgs__rosidl_generator_c\n'}
[1.371425] (cartographer_ros_msgs) StdoutLine: {'line': b'[ 12%] Built target ament_cmake_python_copy_cartographer_ros_msgs\n'}
[1.371772] (cartographer_ros_msgs) StdoutLine: {'line': b'[ 24%] Built target cartographer_ros_msgs__rosidl_typesupport_cpp\n'}
[1.372074] (cartographer_ros_msgs) StdoutLine: {'line': b'[ 38%] Built target cartographer_ros_msgs__rosidl_typesupport_introspection_cpp\n'}
[1.372330] (cartographer_ros_msgs) StdoutLine: {'line': b'[ 49%] Built target cartographer_ros_msgs__rosidl_typesupport_c\n'}
[1.374431] (cartographer_ros_msgs) StdoutLine: {'line': b'[ 61%] Built target cartographer_ros_msgs__rosidl_typesupport_introspection_c\n'}
[1.376404] (cartographer_ros_msgs) StdoutLine: {'line': b'[ 73%] Built target cartographer_ros_msgs__rosidl_typesupport_fastrtps_cpp\n'}
[1.378705] (cartographer_ros_msgs) StdoutLine: {'line': b'[ 85%] Built target cartographer_ros_msgs__rosidl_typesupport_fastrtps_c\n'}
[1.381584] (cartographer_ros_msgs) StdoutLine: {'line': b'[ 85%] Built target cartographer_ros_msgs\n'}
[1.384113] (cartographer_ros_msgs) StdoutLine: {'line': b'[ 86%] Built target cartographer_ros_msgs__py\n'}
[1.384420] (cartographer_ros_msgs) StdoutLine: {'line': b'[ 97%] Built target cartographer_ros_msgs__rosidl_generator_py\n'}
[1.384686] (cartographer_ros_msgs) StdoutLine: {'line': b'[ 98%] Built target cartographer_ros_msgs__rosidl_typesupport_fastrtps_c__pyext\n'}
[1.384956] (cartographer_ros_msgs) StdoutLine: {'line': b'[ 99%] Built target cartographer_ros_msgs__rosidl_typesupport_c__pyext\n'}
[1.385187] (cartographer_ros_msgs) StdoutLine: {'line': b'[100%] Built target cartographer_ros_msgs__rosidl_typesupport_introspection_c__pyext\n'}
[1.385416] (car_launch) StdoutLine: {'line': b'-- The C compiler identification is GNU 11.4.0\n'}
[1.391091] (car_launch) StdoutLine: {'line': b'-- The CXX compiler identification is GNU 11.4.0\n'}
[1.395830] (car_launch) StdoutLine: {'line': b'-- Detecting C compiler ABI info\n'}
[1.401152] (robocar_test_cpp) StdoutLine: {'line': b'\x1b[35m\x1b[1mConsolidate compiler generated dependencies of target listener\x1b[0m\n'}
[1.401518] (robocar_test_cpp) StdoutLine: {'line': b'\x1b[35m\x1b[1mConsolidate compiler generated dependencies of target talker\x1b[0m\n'}
[1.401824] (robocar_test_cpp) StdoutLine: {'line': b'[ 50%] Built target listener\n'}
[1.402105] (robocar_test_cpp) StdoutLine: {'line': b'[ 75%] \x1b[32mBuilding CXX object CMakeFiles/talker.dir/src/publisher_member_function.cpp.o\x1b[0m\n'}
[1.402367] (rplidar_ros) JobProgress: {'identifier': 'rplidar_ros', 'progress': 'cmake'}
[1.404212] (rplidar_ros) JobProgress: {'identifier': 'rplidar_ros', 'progress': 'build'}
[1.404352] (rplidar_ros) Command: {'cmd': ['/usr/bin/cmake', '--build', '/root/ros2_ws/build/rplidar_ros', '--', '-j8', '-l8'], 'cwd': '/root/ros2_ws/build/rplidar_ros', 'env': OrderedDict([('HOSTNAME', 'warnie'), ('GIT_ASKPASS', '/root/.vscode-server/bin/17baf841131aa23349f217ca7c570c76ee87b957/extensions/git/dist/askpass.sh'), ('SHLVL', '2'), ('LD_LIBRARY_PATH', '/root/ros2_ws/install/cartographer_rviz/lib:/root/ros2_ws/install/cartographer_ros/lib:/root/ros2_ws/install/cartographer_ros_msgs/lib:/opt/ros/humble/opt/rviz_ogre_vendor/lib:/opt/ros/humble/lib/x86_64-linux-gnu:/opt/ros/humble/lib'), ('BROWSER', '/root/.vscode-server/bin/17baf841131aa23349f217ca7c570c76ee87b957/bin/helpers/browser.sh'), ('HOME', '/root'), ('OLDPWD', '/root/ros2_ws/src'), ('TERM_PROGRAM_VERSION', '1.99.3'), ('VSCODE_IPC_HOOK_CLI', '/tmp/vscode-ipc-db8667da-dddf-4b8b-9bef-966dbeab1878.sock'), ('ROS_PYTHON_VERSION', '3'), ('VSCODE_GIT_ASKPASS_MAIN', '/root/.vscode-server/bin/17baf841131aa23349f217ca7c570c76ee87b957/extensions/git/dist/askpass-main.js'), ('VSCODE_GIT_ASKPASS_NODE', '/root/.vscode-server/bin/17baf841131aa23349f217ca7c570c76ee87b957/node'), ('LC_CTYPE', 'C.UTF-8'), ('COLORTERM', 'truecolor'), ('REMOTE_CONTAINERS', 'true'), ('COLCON_PREFIX_PATH', '/root/ros2_ws/install'), ('ROS_DISTRO', 'humble'), ('REMOTE_CONTAINERS_IPC', '/tmp/vscode-remote-containers-ipc-f285fd1d-9376-4a47-8352-1dbec715791d.sock'), ('_', '/usr/bin/colcon'), ('ROS_VERSION', '2'), ('PKG_CONFIG_PATH', '/root/ros2_ws/install/cartographer/lib/x86_64-linux-gnu/pkgconfig:/root/ros2_ws/install/cartographer/lib/pkgconfig'), ('TERM', 'xterm-256color'), ('ROS_LOCALHOST_ONLY', '0'), ('PATH', '/root/ros2_ws/install/cartographer/bin:/root/.vscode-server/bin/17baf841131aa23349f217ca7c570c76ee87b957/bin/remote-cli:/opt/ros/humble/bin:/usr/local/sbin:/usr/local/bin:/usr/sbin:/usr/bin:/sbin:/bin:/root/.vscode-server/data/User/globalStorage/github.copilot-chat/debugCommand'), ('REMOTE_CONTAINERS_SOCKETS', '["/tmp/vscode-ssh-auth-f285fd1d-9376-4a47-8352-1dbec715791d.sock","/root/.gnupg/S.gpg-agent"]'), ('DISPLAY', 'unix:0'), ('LANG', 'en_US.UTF-8'), ('VSCODE_GIT_IPC_HANDLE', '/tmp/vscode-git-3ce2b43cc6.sock'), ('TERM_PROGRAM', 'vscode'), ('SSH_AUTH_SOCK', '/tmp/vscode-ssh-auth-f285fd1d-9376-4a47-8352-1dbec715791d.sock'), ('AMENT_PREFIX_PATH', '/root/ros2_ws/install/robocar_test_cpp:/root/ros2_ws/install/ros2_opencv:/root/ros2_ws/install/Test_FirstPkg:/root/ros2_ws/install/rplidar_ros:/root/ros2_ws/install/cartographer_rviz:/root/ros2_ws/install/cartographer_ros:/root/ros2_ws/install/cartographer_ros_msgs:/opt/ros/humble'), ('SHELL', '/bin/bash'), ('VSCODE_GIT_ASKPASS_EXTRA_ARGS', ''), ('PWD', '/root/ros2_ws/build/rplidar_ros'), ('PYTHONPATH', '/root/ros2_ws/install/ros2_opencv/lib/python3.10/site-packages:/root/ros2_ws/install/cartographer_ros_msgs/local/lib/python3.10/dist-packages:/opt/ros/humble/lib/python3.10/site-packages:/opt/ros/humble/local/lib/python3.10/dist-packages'), ('COLCON', '1'), ('CMAKE_PREFIX_PATH', '/root/ros2_ws/install/robocar_test_cpp:/root/ros2_ws/install/Test_FirstPkg:/root/ros2_ws/install/rplidar_ros:/root/ros2_ws/install/cartographer_rviz:/root/ros2_ws/install/cartographer_ros:/root/ros2_ws/install/cartographer_ros_msgs:/root/ros2_ws/install/cartographer:/root/ros2_ws/install/ros2_opencv:/opt/ros/humble')]), 'shell': False}
[1.423218] (-) TimerEvent: {}
[1.500563] (car_launch) StdoutLine: {'line': b'-- Detecting C compiler ABI info - done\n'}
[1.526088] (-) TimerEvent: {}
[1.537948] (car_launch) StdoutLine: {'line': b'-- Check for working C compiler: /usr/bin/cc - skipped\n'}
[1.540548] (car_launch) StdoutLine: {'line': b'-- Detecting C compile features\n'}
[1.554766] (car_launch) StdoutLine: {'line': b'-- Detecting C compile features - done\n'}
[1.591152] (car_launch) StdoutLine: {'line': b'-- Detecting CXX compiler ABI info\n'}
[1.626469] (-) TimerEvent: {}
[1.710355] (rplidar_ros) StdoutLine: {'line': b'[ 47%] Built target rplidar_composition\n'}
[1.722903] (cartographer_ros_msgs) StdoutLine: {'line': b'running egg_info\n'}
[1.728757] (cartographer_ros_msgs) StdoutLine: {'line': b'writing cartographer_ros_msgs.egg-info/PKG-INFO\n'}
[1.729152] (-) TimerEvent: {}
[1.729592] (cartographer_ros_msgs) StdoutLine: {'line': b'writing dependency_links to cartographer_ros_msgs.egg-info/dependency_links.txt\n'}
[1.729927] (cartographer_ros_msgs) StdoutLine: {'line': b'writing top-level names to cartographer_ros_msgs.egg-info/top_level.txt\n'}
[1.730183] (rplidar_ros) StdoutLine: {'line': b'[ 52%] Built target rplidar_client\n'}
[1.738014] (cartographer_ros_msgs) StdoutLine: {'line': b"reading manifest file 'cartographer_ros_msgs.egg-info/SOURCES.txt'\n"}
[1.742068] (cartographer_ros_msgs) StdoutLine: {'line': b"writing manifest file 'cartographer_ros_msgs.egg-info/SOURCES.txt'\n"}
[1.785415] (rplidar_ros) StdoutLine: {'line': b'[100%] Built target rplidar_node\n'}
[1.830254] (-) TimerEvent: {}
[1.842663] (rplidar_ros) CommandEnded: {'returncode': 0}
[1.845192] (cartographer_ros_msgs) StdoutLine: {'line': b'[100%] Built target ament_cmake_python_build_cartographer_ros_msgs_egg\n'}
[1.850244] (rplidar_ros) JobProgress: {'identifier': 'rplidar_ros', 'progress': 'install'}
[1.868767] (cartographer) StdoutLine: {'line': b'[ 55%] Built target cartographer\n'}
[1.910948] (rplidar_ros) Command: {'cmd': ['/usr/bin/cmake', '--install', '/root/ros2_ws/build/rplidar_ros'], 'cwd': '/root/ros2_ws/build/rplidar_ros', 'env': OrderedDict([('HOSTNAME', 'warnie'), ('GIT_ASKPASS', '/root/.vscode-server/bin/17baf841131aa23349f217ca7c570c76ee87b957/extensions/git/dist/askpass.sh'), ('SHLVL', '2'), ('LD_LIBRARY_PATH', '/root/ros2_ws/install/cartographer_rviz/lib:/root/ros2_ws/install/cartographer_ros/lib:/root/ros2_ws/install/cartographer_ros_msgs/lib:/opt/ros/humble/opt/rviz_ogre_vendor/lib:/opt/ros/humble/lib/x86_64-linux-gnu:/opt/ros/humble/lib'), ('BROWSER', '/root/.vscode-server/bin/17baf841131aa23349f217ca7c570c76ee87b957/bin/helpers/browser.sh'), ('HOME', '/root'), ('OLDPWD', '/root/ros2_ws/src'), ('TERM_PROGRAM_VERSION', '1.99.3'), ('VSCODE_IPC_HOOK_CLI', '/tmp/vscode-ipc-db8667da-dddf-4b8b-9bef-966dbeab1878.sock'), ('ROS_PYTHON_VERSION', '3'), ('VSCODE_GIT_ASKPASS_MAIN', '/root/.vscode-server/bin/17baf841131aa23349f217ca7c570c76ee87b957/extensions/git/dist/askpass-main.js'), ('VSCODE_GIT_ASKPASS_NODE', '/root/.vscode-server/bin/17baf841131aa23349f217ca7c570c76ee87b957/node'), ('LC_CTYPE', 'C.UTF-8'), ('COLORTERM', 'truecolor'), ('REMOTE_CONTAINERS', 'true'), ('COLCON_PREFIX_PATH', '/root/ros2_ws/install'), ('ROS_DISTRO', 'humble'), ('REMOTE_CONTAINERS_IPC', '/tmp/vscode-remote-containers-ipc-f285fd1d-9376-4a47-8352-1dbec715791d.sock'), ('_', '/usr/bin/colcon'), ('ROS_VERSION', '2'), ('PKG_CONFIG_PATH', '/root/ros2_ws/install/cartographer/lib/x86_64-linux-gnu/pkgconfig:/root/ros2_ws/install/cartographer/lib/pkgconfig'), ('TERM', 'xterm-256color'), ('ROS_LOCALHOST_ONLY', '0'), ('PATH', '/root/ros2_ws/install/cartographer/bin:/root/.vscode-server/bin/17baf841131aa23349f217ca7c570c76ee87b957/bin/remote-cli:/opt/ros/humble/bin:/usr/local/sbin:/usr/local/bin:/usr/sbin:/usr/bin:/sbin:/bin:/root/.vscode-server/data/User/globalStorage/github.copilot-chat/debugCommand'), ('REMOTE_CONTAINERS_SOCKETS', '["/tmp/vscode-ssh-auth-f285fd1d-9376-4a47-8352-1dbec715791d.sock","/root/.gnupg/S.gpg-agent"]'), ('DISPLAY', 'unix:0'), ('LANG', 'en_US.UTF-8'), ('VSCODE_GIT_IPC_HANDLE', '/tmp/vscode-git-3ce2b43cc6.sock'), ('TERM_PROGRAM', 'vscode'), ('SSH_AUTH_SOCK', '/tmp/vscode-ssh-auth-f285fd1d-9376-4a47-8352-1dbec715791d.sock'), ('AMENT_PREFIX_PATH', '/root/ros2_ws/install/robocar_test_cpp:/root/ros2_ws/install/ros2_opencv:/root/ros2_ws/install/Test_FirstPkg:/root/ros2_ws/install/rplidar_ros:/root/ros2_ws/install/cartographer_rviz:/root/ros2_ws/install/cartographer_ros:/root/ros2_ws/install/cartographer_ros_msgs:/opt/ros/humble'), ('SHELL', '/bin/bash'), ('VSCODE_GIT_ASKPASS_EXTRA_ARGS', ''), ('PWD', '/root/ros2_ws/build/rplidar_ros'), ('PYTHONPATH', '/root/ros2_ws/install/ros2_opencv/lib/python3.10/site-packages:/root/ros2_ws/install/cartographer_ros_msgs/local/lib/python3.10/dist-packages:/opt/ros/humble/lib/python3.10/site-packages:/opt/ros/humble/local/lib/python3.10/dist-packages'), ('COLCON', '1'), ('CMAKE_PREFIX_PATH', '/root/ros2_ws/install/robocar_test_cpp:/root/ros2_ws/install/Test_FirstPkg:/root/ros2_ws/install/rplidar_ros:/root/ros2_ws/install/cartographer_rviz:/root/ros2_ws/install/cartographer_ros:/root/ros2_ws/install/cartographer_ros_msgs:/root/ros2_ws/install/cartographer:/root/ros2_ws/install/ros2_opencv:/opt/ros/humble')]), 'shell': False}
[1.923295] (cartographer_ros_msgs) CommandEnded: {'returncode': 0}
[1.924184] (cartographer_ros_msgs) JobProgress: {'identifier': 'cartographer_ros_msgs', 'progress': 'install'}
[1.924280] (cartographer_ros_msgs) Command: {'cmd': ['/usr/bin/cmake', '--install', '/root/ros2_ws/build/cartographer_ros_msgs'], 'cwd': '/root/ros2_ws/build/cartographer_ros_msgs', 'env': OrderedDict([('HOSTNAME', 'warnie'), ('GIT_ASKPASS', '/root/.vscode-server/bin/17baf841131aa23349f217ca7c570c76ee87b957/extensions/git/dist/askpass.sh'), ('SHLVL', '2'), ('LD_LIBRARY_PATH', '/root/ros2_ws/install/cartographer_rviz/lib:/root/ros2_ws/install/cartographer_ros/lib:/root/ros2_ws/install/cartographer_ros_msgs/lib:/opt/ros/humble/opt/rviz_ogre_vendor/lib:/opt/ros/humble/lib/x86_64-linux-gnu:/opt/ros/humble/lib'), ('BROWSER', '/root/.vscode-server/bin/17baf841131aa23349f217ca7c570c76ee87b957/bin/helpers/browser.sh'), ('HOME', '/root'), ('OLDPWD', '/root/ros2_ws/src'), ('TERM_PROGRAM_VERSION', '1.99.3'), ('VSCODE_IPC_HOOK_CLI', '/tmp/vscode-ipc-db8667da-dddf-4b8b-9bef-966dbeab1878.sock'), ('ROS_PYTHON_VERSION', '3'), ('VSCODE_GIT_ASKPASS_MAIN', '/root/.vscode-server/bin/17baf841131aa23349f217ca7c570c76ee87b957/extensions/git/dist/askpass-main.js'), ('VSCODE_GIT_ASKPASS_NODE', '/root/.vscode-server/bin/17baf841131aa23349f217ca7c570c76ee87b957/node'), ('LC_CTYPE', 'C.UTF-8'), ('COLORTERM', 'truecolor'), ('REMOTE_CONTAINERS', 'true'), ('COLCON_PREFIX_PATH', '/root/ros2_ws/install'), ('ROS_DISTRO', 'humble'), ('REMOTE_CONTAINERS_IPC', '/tmp/vscode-remote-containers-ipc-f285fd1d-9376-4a47-8352-1dbec715791d.sock'), ('_', '/usr/bin/colcon'), ('ROS_VERSION', '2'), ('PKG_CONFIG_PATH', '/root/ros2_ws/install/cartographer/lib/x86_64-linux-gnu/pkgconfig:/root/ros2_ws/install/cartographer/lib/pkgconfig'), ('TERM', 'xterm-256color'), ('ROS_LOCALHOST_ONLY', '0'), ('PATH', '/root/ros2_ws/install/cartographer/bin:/root/.vscode-server/bin/17baf841131aa23349f217ca7c570c76ee87b957/bin/remote-cli:/opt/ros/humble/bin:/usr/local/sbin:/usr/local/bin:/usr/sbin:/usr/bin:/sbin:/bin:/root/.vscode-server/data/User/globalStorage/github.copilot-chat/debugCommand'), ('REMOTE_CONTAINERS_SOCKETS', '["/tmp/vscode-ssh-auth-f285fd1d-9376-4a47-8352-1dbec715791d.sock","/root/.gnupg/S.gpg-agent"]'), ('DISPLAY', 'unix:0'), ('LANG', 'en_US.UTF-8'), ('VSCODE_GIT_IPC_HANDLE', '/tmp/vscode-git-3ce2b43cc6.sock'), ('TERM_PROGRAM', 'vscode'), ('SSH_AUTH_SOCK', '/tmp/vscode-ssh-auth-f285fd1d-9376-4a47-8352-1dbec715791d.sock'), ('AMENT_PREFIX_PATH', '/root/ros2_ws/install/robocar_test_cpp:/root/ros2_ws/install/ros2_opencv:/root/ros2_ws/install/Test_FirstPkg:/root/ros2_ws/install/rplidar_ros:/root/ros2_ws/install/cartographer_rviz:/root/ros2_ws/install/cartographer_ros:/root/ros2_ws/install/cartographer_ros_msgs:/opt/ros/humble'), ('SHELL', '/bin/bash'), ('VSCODE_GIT_ASKPASS_EXTRA_ARGS', ''), ('PWD', '/root/ros2_ws/build/cartographer_ros_msgs'), ('PYTHONPATH', '/root/ros2_ws/install/ros2_opencv/lib/python3.10/site-packages:/root/ros2_ws/install/cartographer_ros_msgs/local/lib/python3.10/dist-packages:/opt/ros/humble/lib/python3.10/site-packages:/opt/ros/humble/local/lib/python3.10/dist-packages'), ('COLCON', '1'), ('CMAKE_PREFIX_PATH', '/root/ros2_ws/install/robocar_test_cpp:/root/ros2_ws/install/Test_FirstPkg:/root/ros2_ws/install/rplidar_ros:/root/ros2_ws/install/cartographer_rviz:/root/ros2_ws/install/cartographer_ros:/root/ros2_ws/install/cartographer_ros_msgs:/root/ros2_ws/install/cartographer:/root/ros2_ws/install/ros2_opencv:/opt/ros/humble')]), 'shell': False}
[1.930749] (-) TimerEvent: {}
[1.973842] (rplidar_ros) StdoutLine: {'line': b'-- Install configuration: ""\n'}
[1.988502] (rplidar_ros) StdoutLine: {'line': b'-- Up-to-date: /root/ros2_ws/install/rplidar_ros/share/rplidar_ros/launch\n'}
[1.988962] (rplidar_ros) StdoutLine: {'line': b'-- Up-to-date: /root/ros2_ws/install/rplidar_ros/share/rplidar_ros/launch/rplidar_a2m8_launch.py\n'}
[1.989258] (rplidar_ros) StdoutLine: {'line': b'-- Up-to-date: /root/ros2_ws/install/rplidar_ros/share/rplidar_ros/launch/__pycache__\n'}
[1.989516] (rplidar_ros) StdoutLine: {'line': b'-- Up-to-date: /root/ros2_ws/install/rplidar_ros/share/rplidar_ros/launch/__pycache__/rplidar_c1_launch.cpython-310.pyc\n'}
[1.989776] (rplidar_ros) StdoutLine: {'line': b'-- Up-to-date: /root/ros2_ws/install/rplidar_ros/share/rplidar_ros/launch/__pycache__/view_rplidar_c1_launch.cpython-310.pyc\n'}
[1.990041] (rplidar_ros) StdoutLine: {'line': b'-- Up-to-date: /root/ros2_ws/install/rplidar_ros/share/rplidar_ros/launch/rplidar_a3_launch.py\n'}
[1.990280] (rplidar_ros) StdoutLine: {'line': b'-- Up-to-date: /root/ros2_ws/install/rplidar_ros/share/rplidar_ros/launch/rplidar_s2_launch.py\n'}
[1.990523] (rplidar_ros) StdoutLine: {'line': b'-- Up-to-date: /root/ros2_ws/install/rplidar_ros/share/rplidar_ros/launch/rplidar_a2m7_launch.py\n'}
[1.990780] (rplidar_ros) StdoutLine: {'line': b'-- Up-to-date: /root/ros2_ws/install/rplidar_ros/share/rplidar_ros/launch/rplidar_s3_launch.py\n'}
[1.991031] (rplidar_ros) StdoutLine: {'line': b'-- Up-to-date: /root/ros2_ws/install/rplidar_ros/share/rplidar_ros/launch/rplidar_c1_launch.py\n'}
[2.002503] (rplidar_ros) StdoutLine: {'line': b'-- Up-to-date: /root/ros2_ws/install/rplidar_ros/share/rplidar_ros/launch/rplidar_a1_launch.py\n'}
[2.003068] (rplidar_ros) StdoutLine: {'line': b'-- Up-to-date: /root/ros2_ws/install/rplidar_ros/share/rplidar_ros/launch/rplidar_a2m12_launch.py\n'}
[2.004620] (rplidar_ros) StdoutLine: {'line': b'-- Up-to-date: /root/ros2_ws/install/rplidar_ros/share/rplidar_ros/launch/view_rplidar_a2m12_launch.py\n'}
[2.008602] (rplidar_ros) StdoutLine: {'line': b'-- Up-to-date: /root/ros2_ws/install/rplidar_ros/share/rplidar_ros/launch/view_rplidar_t1_launch.py\n'}
[2.008959] (cartographer_ros_msgs) StdoutLine: {'line': b'-- Install configuration: ""\n'}
[2.019051] (cartographer_ros_msgs) StdoutLine: {'line': b'-- Up-to-date: /root/ros2_ws/install/cartographer_ros_msgs/share/ament_index/resource_index/rosidl_interfaces/cartographer_ros_msgs\n'}
[2.019360] (cartographer_ros_msgs) StdoutLine: {'line': b'-- Up-to-date: /root/ros2_ws/install/cartographer_ros_msgs/include/cartographer_ros_msgs/cartographer_ros_msgs\n'}
[2.019630] (cartographer_ros_msgs) StdoutLine: {'line': b'-- Up-to-date: /root/ros2_ws/install/cartographer_ros_msgs/include/cartographer_ros_msgs/cartographer_ros_msgs/srv\n'}
[2.019926] (cartographer_ros_msgs) StdoutLine: {'line': b'-- Up-to-date: /root/ros2_ws/install/cartographer_ros_msgs/include/cartographer_ros_msgs/cartographer_ros_msgs/srv/get_trajectory_states.h\n'}
[2.020197] (cartographer_ros_msgs) StdoutLine: {'line': b'-- Up-to-date: /root/ros2_ws/install/cartographer_ros_msgs/include/cartographer_ros_msgs/cartographer_ros_msgs/srv/read_metrics.h\n'}
[2.020428] (cartographer_ros_msgs) StdoutLine: {'line': b'-- Up-to-date: /root/ros2_ws/install/cartographer_ros_msgs/include/cartographer_ros_msgs/cartographer_ros_msgs/srv/finish_trajectory.h\n'}
[2.020646] (cartographer_ros_msgs) StdoutLine: {'line': b'-- Up-to-date: /root/ros2_ws/install/cartographer_ros_msgs/include/cartographer_ros_msgs/cartographer_ros_msgs/srv/write_state.h\n'}
[2.020912] (cartographer_ros_msgs) StdoutLine: {'line': b'-- Up-to-date: /root/ros2_ws/install/cartographer_ros_msgs/include/cartographer_ros_msgs/cartographer_ros_msgs/srv/submap_query.h\n'}
[2.021187] (cartographer_ros_msgs) StdoutLine: {'line': b'-- Up-to-date: /root/ros2_ws/install/cartographer_ros_msgs/include/cartographer_ros_msgs/cartographer_ros_msgs/srv/start_trajectory.h\n'}
[2.021432] (cartographer_ros_msgs) StdoutLine: {'line': b'-- Up-to-date: /root/ros2_ws/install/cartographer_ros_msgs/include/cartographer_ros_msgs/cartographer_ros_msgs/srv/detail\n'}
[2.021678] (cartographer_ros_msgs) StdoutLine: {'line': b'-- Up-to-date: /root/ros2_ws/install/cartographer_ros_msgs/include/cartographer_ros_msgs/cartographer_ros_msgs/srv/detail/write_state__type_support.h\n'}
[2.021929] (cartographer_ros_msgs) StdoutLine: {'line': b'-- Up-to-date: /root/ros2_ws/install/cartographer_ros_msgs/include/cartographer_ros_msgs/cartographer_ros_msgs/srv/detail/get_trajectory_states__struct.h\n'}
[2.022149] (cartographer_ros_msgs) StdoutLine: {'line': b'-- Up-to-date: /root/ros2_ws/install/cartographer_ros_msgs/include/cartographer_ros_msgs/cartographer_ros_msgs/srv/detail/start_trajectory__functions.h\n'}
[2.022389] (cartographer_ros_msgs) StdoutLine: {'line': b'-- Up-to-date: /root/ros2_ws/install/cartographer_ros_msgs/include/cartographer_ros_msgs/cartographer_ros_msgs/srv/detail/finish_trajectory__functions.h\n'}
[2.022630] (cartographer_ros_msgs) StdoutLine: {'line': b'-- Up-to-date: /root/ros2_ws/install/cartographer_ros_msgs/include/cartographer_ros_msgs/cartographer_ros_msgs/srv/detail/get_trajectory_states__functions.c\n'}
[2.038027] (-) TimerEvent: {}
[2.038739] (cartographer_ros_msgs) StdoutLine: {'line': b'-- Up-to-date: /root/ros2_ws/install/cartographer_ros_msgs/include/cartographer_ros_msgs/cartographer_ros_msgs/srv/detail/submap_query__type_support.h\n'}
[2.039082] (cartographer_ros_msgs) StdoutLine: {'line': b'-- Up-to-date: /root/ros2_ws/install/cartographer_ros_msgs/include/cartographer_ros_msgs/cartographer_ros_msgs/srv/detail/trajectory_query__functions.h\n'}
[2.042785] (cartographer_ros_msgs) StdoutLine: {'line': b'-- Up-to-date: /root/ros2_ws/install/cartographer_ros_msgs/include/cartographer_ros_msgs/cartographer_ros_msgs/srv/detail/trajectory_query__functions.c\n'}
[2.044649] (cartographer_ros_msgs) StdoutLine: {'line': b'-- Up-to-date: /root/ros2_ws/install/cartographer_ros_msgs/include/cartographer_ros_msgs/cartographer_ros_msgs/srv/detail/get_trajectory_states__functions.h\n'}
[2.047458] (cartographer_ros_msgs) StdoutLine: {'line': b'-- Up-to-date: /root/ros2_ws/install/cartographer_ros_msgs/include/cartographer_ros_msgs/cartographer_ros_msgs/srv/detail/trajectory_query__struct.h\n'}
[2.047790] (cartographer_ros_msgs) StdoutLine: {'line': b'-- Up-to-date: /root/ros2_ws/install/cartographer_ros_msgs/include/cartographer_ros_msgs/cartographer_ros_msgs/srv/detail/read_metrics__type_support.h\n'}
[2.048080] (cartographer_ros_msgs) StdoutLine: {'line': b'-- Up-to-date: /root/ros2_ws/install/cartographer_ros_msgs/include/cartographer_ros_msgs/cartographer_ros_msgs/srv/detail/trajectory_query__type_support.h\n'}
[2.048353] (cartographer_ros_msgs) StdoutLine: {'line': b'-- Up-to-date: /root/ros2_ws/install/cartographer_ros_msgs/include/cartographer_ros_msgs/cartographer_ros_msgs/srv/detail/start_trajectory__functions.c\n'}
[2.048611] (cartographer_ros_msgs) StdoutLine: {'line': b'-- Up-to-date: /root/ros2_ws/install/cartographer_ros_msgs/include/cartographer_ros_msgs/cartographer_ros_msgs/srv/detail/start_trajectory__struct.h\n'}
[2.048899] (cartographer_ros_msgs) StdoutLine: {'line': b'-- Up-to-date: /root/ros2_ws/install/cartographer_ros_msgs/include/cartographer_ros_msgs/cartographer_ros_msgs/srv/detail/read_metrics__struct.h\n'}
[2.049171] (cartographer_ros_msgs) StdoutLine: {'line': b'-- Up-to-date: /root/ros2_ws/install/cartographer_ros_msgs/include/cartographer_ros_msgs/cartographer_ros_msgs/srv/detail/submap_query__functions.h\n'}
[2.049432] (cartographer_ros_msgs) StdoutLine: {'line': b'-- Up-to-date: /root/ros2_ws/install/cartographer_ros_msgs/include/cartographer_ros_msgs/cartographer_ros_msgs/srv/detail/submap_query__struct.h\n'}
[2.049704] (cartographer_ros_msgs) StdoutLine: {'line': b'-- Up-to-date: /root/ros2_ws/install/cartographer_ros_msgs/include/cartographer_ros_msgs/cartographer_ros_msgs/srv/detail/write_state__functions.c\n'}
[2.049971] (cartographer_ros_msgs) StdoutLine: {'line': b'-- Up-to-date: /root/ros2_ws/install/cartographer_ros_msgs/include/cartographer_ros_msgs/cartographer_ros_msgs/srv/detail/write_state__struct.h\n'}
[2.052008] (cartographer_ros_msgs) StdoutLine: {'line': b'-- Up-to-date: /root/ros2_ws/install/cartographer_ros_msgs/include/cartographer_ros_msgs/cartographer_ros_msgs/srv/detail/read_metrics__functions.h\n'}
[2.054899] (cartographer_ros_msgs) StdoutLine: {'line': b'-- Up-to-date: /root/ros2_ws/install/cartographer_ros_msgs/include/cartographer_ros_msgs/cartographer_ros_msgs/srv/detail/get_trajectory_states__type_support.h\n'}
[2.055231] (cartographer_ros_msgs) StdoutLine: {'line': b'-- Up-to-date: /root/ros2_ws/install/cartographer_ros_msgs/include/cartographer_ros_msgs/cartographer_ros_msgs/srv/detail/read_metrics__functions.c\n'}
[2.055505] (cartographer_ros_msgs) StdoutLine: {'line': b'-- Up-to-date: /root/ros2_ws/install/cartographer_ros_msgs/include/cartographer_ros_msgs/cartographer_ros_msgs/srv/detail/finish_trajectory__type_support.h\n'}
[2.055796] (cartographer_ros_msgs) StdoutLine: {'line': b'-- Up-to-date: /root/ros2_ws/install/cartographer_ros_msgs/include/cartographer_ros_msgs/cartographer_ros_msgs/srv/detail/write_state__functions.h\n'}
[2.063085] (cartographer_ros_msgs) StdoutLine: {'line': b'-- Up-to-date: /root/ros2_ws/install/cartographer_ros_msgs/include/cartographer_ros_msgs/cartographer_ros_msgs/srv/detail/start_trajectory__type_support.h\n'}
[2.064755] (cartographer_ros_msgs) StdoutLine: {'line': b'-- Up-to-date: /root/ros2_ws/install/cartographer_ros_msgs/include/cartographer_ros_msgs/cartographer_ros_msgs/srv/detail/finish_trajectory__functions.c\n'}
[2.065077] (cartographer_ros_msgs) StdoutLine: {'line': b'-- Up-to-date: /root/ros2_ws/install/cartographer_ros_msgs/include/cartographer_ros_msgs/cartographer_ros_msgs/srv/detail/submap_query__functions.c\n'}
[2.065346] (cartographer_ros_msgs) StdoutLine: {'line': b'-- Up-to-date: /root/ros2_ws/install/cartographer_ros_msgs/include/cartographer_ros_msgs/cartographer_ros_msgs/srv/detail/finish_trajectory__struct.h\n'}
[2.065624] (cartographer_ros_msgs) StdoutLine: {'line': b'-- Up-to-date: /root/ros2_ws/install/cartographer_ros_msgs/include/cartographer_ros_msgs/cartographer_ros_msgs/srv/trajectory_query.h\n'}
[2.065916] (cartographer_ros_msgs) StdoutLine: {'line': b'-- Up-to-date: /root/ros2_ws/install/cartographer_ros_msgs/include/cartographer_ros_msgs/cartographer_ros_msgs/msg\n'}
[2.069011] (cartographer_ros_msgs) StdoutLine: {'line': b'-- Up-to-date: /root/ros2_ws/install/cartographer_ros_msgs/include/cartographer_ros_msgs/cartographer_ros_msgs/msg/landmark_list.h\n'}
[2.069513] (cartographer_ros_msgs) StdoutLine: {'line': b'-- Up-to-date: /root/ros2_ws/install/cartographer_ros_msgs/include/cartographer_ros_msgs/cartographer_ros_msgs/msg/landmark_entry.h\n'}
[2.069888] (cartographer_ros_msgs) StdoutLine: {'line': b'-- Up-to-date: /root/ros2_ws/install/cartographer_ros_msgs/include/cartographer_ros_msgs/cartographer_ros_msgs/msg/metric_family.h\n'}
[2.070174] (cartographer_ros_msgs) StdoutLine: {'line': b'-- Up-to-date: /root/ros2_ws/install/cartographer_ros_msgs/include/cartographer_ros_msgs/cartographer_ros_msgs/msg/bagfile_progress.h\n'}
[2.070451] (cartographer_ros_msgs) StdoutLine: {'line': b'-- Up-to-date: /root/ros2_ws/install/cartographer_ros_msgs/include/cartographer_ros_msgs/cartographer_ros_msgs/msg/trajectory_states.h\n'}
[2.070797] (cartographer_ros_msgs) StdoutLine: {'line': b'-- Up-to-date: /root/ros2_ws/install/cartographer_ros_msgs/include/cartographer_ros_msgs/cartographer_ros_msgs/msg/submap_texture.h\n'}
[2.073657] (cartographer_ros_msgs) StdoutLine: {'line': b'-- Up-to-date: /root/ros2_ws/install/cartographer_ros_msgs/include/cartographer_ros_msgs/cartographer_ros_msgs/msg/rosidl_generator_c__visibility_control.h\n'}
[2.074219] (cartographer_ros_msgs) StdoutLine: {'line': b'-- Up-to-date: /root/ros2_ws/install/cartographer_ros_msgs/include/cartographer_ros_msgs/cartographer_ros_msgs/msg/status_response.h\n'}
[2.074533] (cartographer_ros_msgs) StdoutLine: {'line': b'-- Up-to-date: /root/ros2_ws/install/cartographer_ros_msgs/include/cartographer_ros_msgs/cartographer_ros_msgs/msg/submap_entry.h\n'}
[2.079042] (cartographer_ros_msgs) StdoutLine: {'line': b'-- Up-to-date: /root/ros2_ws/install/cartographer_ros_msgs/include/cartographer_ros_msgs/cartographer_ros_msgs/msg/status_code.h\n'}
[2.079370] (cartographer_ros_msgs) StdoutLine: {'line': b'-- Up-to-date: /root/ros2_ws/install/cartographer_ros_msgs/include/cartographer_ros_msgs/cartographer_ros_msgs/msg/metric_label.h\n'}
[2.079748] (cartographer_ros_msgs) StdoutLine: {'line': b'-- Up-to-date: /root/ros2_ws/install/cartographer_ros_msgs/include/cartographer_ros_msgs/cartographer_ros_msgs/msg/detail\n'}
[2.080263] (cartographer_ros_msgs) StdoutLine: {'line': b'-- Up-to-date: /root/ros2_ws/install/cartographer_ros_msgs/include/cartographer_ros_msgs/cartographer_ros_msgs/msg/detail/histogram_bucket__type_support.h\n'}
[2.080651] (cartographer_ros_msgs) StdoutLine: {'line': b'-- Up-to-date: /root/ros2_ws/install/cartographer_ros_msgs/include/cartographer_ros_msgs/cartographer_ros_msgs/msg/detail/status_code__struct.h\n'}
[2.081042] (cartographer_ros_msgs) StdoutLine: {'line': b'-- Up-to-date: /root/ros2_ws/install/cartographer_ros_msgs/include/cartographer_ros_msgs/cartographer_ros_msgs/msg/detail/landmark_entry__struct.h\n'}
[2.086213] (cartographer_ros_msgs) StdoutLine: {'line': b'-- Up-to-date: /root/ros2_ws/install/cartographer_ros_msgs/include/cartographer_ros_msgs/cartographer_ros_msgs/msg/detail/status_response__struct.h\n'}
[2.086540] (cartographer_ros_msgs) StdoutLine: {'line': b'-- Up-to-date: /root/ros2_ws/install/cartographer_ros_msgs/include/cartographer_ros_msgs/cartographer_ros_msgs/msg/detail/landmark_entry__type_support.h\n'}
[2.086837] (cartographer_ros_msgs) StdoutLine: {'line': b'-- Up-to-date: /root/ros2_ws/install/cartographer_ros_msgs/include/cartographer_ros_msgs/cartographer_ros_msgs/msg/detail/metric_family__struct.h\n'}
[2.087103] (cartographer_ros_msgs) StdoutLine: {'line': b'-- Up-to-date: /root/ros2_ws/install/cartographer_ros_msgs/include/cartographer_ros_msgs/cartographer_ros_msgs/msg/detail/metric_family__functions.c\n'}
[2.087354] (cartographer_ros_msgs) StdoutLine: {'line': b'-- Up-to-date: /root/ros2_ws/install/cartographer_ros_msgs/include/cartographer_ros_msgs/cartographer_ros_msgs/msg/detail/submap_texture__functions.h\n'}
[2.087601] (cartographer_ros_msgs) StdoutLine: {'line': b'-- Up-to-date: /root/ros2_ws/install/cartographer_ros_msgs/include/cartographer_ros_msgs/cartographer_ros_msgs/msg/detail/histogram_bucket__struct.h\n'}
[2.087888] (rplidar_ros) StdoutLine: {'line': b'-- Up-to-date: /root/ros2_ws/install/rplidar_ros/share/rplidar_ros/launch/view_rplidar_a1_launch.py\n'}
[2.088165] (rplidar_ros) StdoutLine: {'line': b'-- Up-to-date: /root/ros2_ws/install/rplidar_ros/share/rplidar_ros/launch/view_rplidar_a3_launch.py\n'}
[2.088421] (rplidar_ros) StdoutLine: {'line': b'-- Up-to-date: /root/ros2_ws/install/rplidar_ros/share/rplidar_ros/launch/rplidar_s2e_launch.py\n'}
[2.088684] (rplidar_ros) StdoutLine: {'line': b'-- Up-to-date: /root/ros2_ws/install/rplidar_ros/share/rplidar_ros/launch/view_rplidar_c1_launch.py\n'}
[2.088939] (rplidar_ros) StdoutLine: {'line': b'-- Up-to-date: /root/ros2_ws/install/rplidar_ros/share/rplidar_ros/launch/view_rplidar_s3_launch.py\n'}
[2.089247] (rplidar_ros) StdoutLine: {'line': b'-- Up-to-date: /root/ros2_ws/install/rplidar_ros/share/rplidar_ros/launch/view_rplidar_a2m7_launch.py\n'}
[2.094911] (rplidar_ros) StdoutLine: {'line': b'-- Up-to-date: /root/ros2_ws/install/rplidar_ros/share/rplidar_ros/launch/view_rplidar_s2_launch.py\n'}
[2.095386] (rplidar_ros) StdoutLine: {'line': b'-- Up-to-date: /root/ros2_ws/install/rplidar_ros/share/rplidar_ros/launch/rplidar_s1_tcp_launch.py\n'}
[2.099284] (rplidar_ros) StdoutLine: {'line': b'-- Up-to-date: /root/ros2_ws/install/rplidar_ros/share/rplidar_ros/launch/view_rplidar_a2m8_launch.py\n'}
[2.100348] (rplidar_ros) StdoutLine: {'line': b'-- Up-to-date: /root/ros2_ws/install/rplidar_ros/share/rplidar_ros/launch/rplidar_s1_launch.py\n'}
[2.101006] (rplidar_ros) StdoutLine: {'line': b'-- Up-to-date: /root/ros2_ws/install/rplidar_ros/share/rplidar_ros/launch/view_rplidar_s2e_launch.py\n'}
[2.101293] (rplidar_ros) StdoutLine: {'line': b'-- Up-to-date: /root/ros2_ws/install/rplidar_ros/share/rplidar_ros/launch/view_rplidar_s1_tcp_launch.py\n'}
[2.101555] (rplidar_ros) StdoutLine: {'line': b'-- Up-to-date: /root/ros2_ws/install/rplidar_ros/share/rplidar_ros/launch/rplidar_t1_launch.py\n'}
[2.101842] (rplidar_ros) StdoutLine: {'line': b'-- Up-to-date: /root/ros2_ws/install/rplidar_ros/share/rplidar_ros/launch/view_rplidar_s1_launch.py\n'}
[2.102196] (rplidar_ros) StdoutLine: {'line': b'-- Up-to-date: /root/ros2_ws/install/rplidar_ros/share/rplidar_ros/rviz\n'}
[2.106169] (rplidar_ros) StdoutLine: {'line': b'-- Up-to-date: /root/ros2_ws/install/rplidar_ros/share/rplidar_ros/rviz/rplidar_ros.rviz\n'}
[2.106484] (rplidar_ros) StdoutLine: {'line': b'-- Up-to-date: /root/ros2_ws/install/rplidar_ros/lib/rplidar_ros/rplidar_node\n'}
[2.106774] (cartographer_ros_msgs) StdoutLine: {'line': b'-- Up-to-date: /root/ros2_ws/install/cartographer_ros_msgs/include/cartographer_ros_msgs/cartographer_ros_msgs/msg/detail/status_code__type_support.h\n'}
[2.107063] (cartographer_ros_msgs) StdoutLine: {'line': b'-- Up-to-date: /root/ros2_ws/install/cartographer_ros_msgs/include/cartographer_ros_msgs/cartographer_ros_msgs/msg/detail/metric_family__type_support.h\n'}
[2.107323] (cartographer_ros_msgs) StdoutLine: {'line': b'-- Up-to-date: /root/ros2_ws/install/cartographer_ros_msgs/include/cartographer_ros_msgs/cartographer_ros_msgs/msg/detail/metric_label__struct.h\n'}
[2.107578] (cartographer_ros_msgs) StdoutLine: {'line': b'-- Up-to-date: /root/ros2_ws/install/cartographer_ros_msgs/include/cartographer_ros_msgs/cartographer_ros_msgs/msg/detail/submap_list__functions.h\n'}
[2.111002] (cartographer_ros_msgs) StdoutLine: {'line': b'-- Up-to-date: /root/ros2_ws/install/cartographer_ros_msgs/include/cartographer_ros_msgs/cartographer_ros_msgs/msg/detail/bagfile_progress__type_support.h\n'}
[2.111304] (cartographer_ros_msgs) StdoutLine: {'line': b'-- Up-to-date: /root/ros2_ws/install/cartographer_ros_msgs/include/cartographer_ros_msgs/cartographer_ros_msgs/msg/detail/status_response__functions.c\n'}
[2.111644] (cartographer_ros_msgs) StdoutLine: {'line': b'-- Up-to-date: /root/ros2_ws/install/cartographer_ros_msgs/include/cartographer_ros_msgs/cartographer_ros_msgs/msg/detail/submap_list__type_support.h\n'}
[2.111927] (cartographer_ros_msgs) StdoutLine: {'line': b'-- Up-to-date: /root/ros2_ws/install/cartographer_ros_msgs/include/cartographer_ros_msgs/cartographer_ros_msgs/msg/detail/submap_texture__functions.c\n'}
[2.112157] (cartographer_ros_msgs) StdoutLine: {'line': b'-- Up-to-date: /root/ros2_ws/install/cartographer_ros_msgs/include/cartographer_ros_msgs/cartographer_ros_msgs/msg/detail/submap_entry__struct.h\n'}
[2.112370] (cartographer_ros_msgs) StdoutLine: {'line': b'-- Up-to-date: /root/ros2_ws/install/cartographer_ros_msgs/include/cartographer_ros_msgs/cartographer_ros_msgs/msg/detail/status_response__functions.h\n'}
[2.112596] (cartographer_ros_msgs) StdoutLine: {'line': b'-- Up-to-date: /root/ros2_ws/install/cartographer_ros_msgs/include/cartographer_ros_msgs/cartographer_ros_msgs/msg/detail/histogram_bucket__functions.c\n'}
[2.112828] (cartographer_ros_msgs) StdoutLine: {'line': b'-- Up-to-date: /root/ros2_ws/install/cartographer_ros_msgs/include/cartographer_ros_msgs/cartographer_ros_msgs/msg/detail/trajectory_states__functions.c\n'}
[2.113057] (cartographer_ros_msgs) StdoutLine: {'line': b'-- Up-to-date: /root/ros2_ws/install/cartographer_ros_msgs/include/cartographer_ros_msgs/cartographer_ros_msgs/msg/detail/landmark_list__functions.h\n'}
[2.117452] (cartographer_ros_msgs) StdoutLine: {'line': b'-- Up-to-date: /root/ros2_ws/install/cartographer_ros_msgs/include/cartographer_ros_msgs/cartographer_ros_msgs/msg/detail/landmark_list__struct.h\n'}
[2.120143] (cartographer_ros_msgs) StdoutLine: {'line': b'-- Up-to-date: /root/ros2_ws/install/cartographer_ros_msgs/include/cartographer_ros_msgs/cartographer_ros_msgs/msg/detail/landmark_list__type_support.h\n'}
[2.120613] (cartographer_ros_msgs) StdoutLine: {'line': b'-- Up-to-date: /root/ros2_ws/install/cartographer_ros_msgs/include/cartographer_ros_msgs/cartographer_ros_msgs/msg/detail/status_code__functions.h\n'}
[2.121001] (cartographer_ros_msgs) StdoutLine: {'line': b'-- Up-to-date: /root/ros2_ws/install/cartographer_ros_msgs/include/cartographer_ros_msgs/cartographer_ros_msgs/msg/detail/metric__functions.h\n'}
[2.121294] (cartographer_ros_msgs) StdoutLine: {'line': b'-- Up-to-date: /root/ros2_ws/install/cartographer_ros_msgs/include/cartographer_ros_msgs/cartographer_ros_msgs/msg/detail/landmark_list__functions.c\n'}
[2.121583] (cartographer_ros_msgs) StdoutLine: {'line': b'-- Up-to-date: /root/ros2_ws/install/cartographer_ros_msgs/include/cartographer_ros_msgs/cartographer_ros_msgs/msg/detail/submap_entry__type_support.h\n'}
[2.121929] (cartographer_ros_msgs) StdoutLine: {'line': b'-- Up-to-date: /root/ros2_ws/install/cartographer_ros_msgs/include/cartographer_ros_msgs/cartographer_ros_msgs/msg/detail/status_response__type_support.h\n'}
[2.122236] (cartographer_ros_msgs) StdoutLine: {'line': b'-- Up-to-date: /root/ros2_ws/install/cartographer_ros_msgs/include/cartographer_ros_msgs/cartographer_ros_msgs/msg/detail/metric_label__type_support.h\n'}
[2.122504] (cartographer_ros_msgs) StdoutLine: {'line': b'-- Up-to-date: /root/ros2_ws/install/cartographer_ros_msgs/include/cartographer_ros_msgs/cartographer_ros_msgs/msg/detail/submap_entry__functions.h\n'}
[2.122789] (cartographer_ros_msgs) StdoutLine: {'line': b'-- Up-to-date: /root/ros2_ws/install/cartographer_ros_msgs/include/cartographer_ros_msgs/cartographer_ros_msgs/msg/detail/submap_texture__struct.h\n'}
[2.123060] (cartographer_ros_msgs) StdoutLine: {'line': b'-- Up-to-date: /root/ros2_ws/install/cartographer_ros_msgs/include/cartographer_ros_msgs/cartographer_ros_msgs/msg/detail/histogram_bucket__functions.h\n'}
[2.127959] (rplidar_ros) StdoutLine: {'line': b'-- Up-to-date: /root/ros2_ws/install/rplidar_ros/lib/rplidar_ros/rplidar_composition\n'}
[2.128321] (rplidar_ros) StdoutLine: {'line': b'-- Up-to-date: /root/ros2_ws/install/rplidar_ros/lib/rplidar_ros/rplidar_client\n'}
[2.131892] (rplidar_ros) StdoutLine: {'line': b'-- Up-to-date: /root/ros2_ws/install/rplidar_ros/share/ament_index/resource_index/package_run_dependencies/rplidar_ros\n'}
[2.132230] (rplidar_ros) StdoutLine: {'line': b'-- Up-to-date: /root/ros2_ws/install/rplidar_ros/share/ament_index/resource_index/parent_prefix_path/rplidar_ros\n'}
[2.132510] (rplidar_ros) StdoutLine: {'line': b'-- Up-to-date: /root/ros2_ws/install/rplidar_ros/share/rplidar_ros/environment/ament_prefix_path.sh\n'}
[2.132803] (rplidar_ros) StdoutLine: {'line': b'-- Up-to-date: /root/ros2_ws/install/rplidar_ros/share/rplidar_ros/environment/ament_prefix_path.dsv\n'}
[2.135733] (rplidar_ros) StdoutLine: {'line': b'-- Up-to-date: /root/ros2_ws/install/rplidar_ros/share/rplidar_ros/environment/path.sh\n'}
[2.136168] (rplidar_ros) StdoutLine: {'line': b'-- Up-to-date: /root/ros2_ws/install/rplidar_ros/share/rplidar_ros/environment/path.dsv\n'}
[2.136449] (rplidar_ros) StdoutLine: {'line': b'-- Up-to-date: /root/ros2_ws/install/rplidar_ros/share/rplidar_ros/local_setup.bash\n'}
[2.138418] (-) TimerEvent: {}
[2.142213] (rplidar_ros) StdoutLine: {'line': b'-- Up-to-date: /root/ros2_ws/install/rplidar_ros/share/rplidar_ros/local_setup.sh\n'}
[2.142617] (rplidar_ros) StdoutLine: {'line': b'-- Up-to-date: /root/ros2_ws/install/rplidar_ros/share/rplidar_ros/local_setup.zsh\n'}
[2.142974] (rplidar_ros) StdoutLine: {'line': b'-- Up-to-date: /root/ros2_ws/install/rplidar_ros/share/rplidar_ros/local_setup.dsv\n'}
[2.143242] (rplidar_ros) StdoutLine: {'line': b'-- Installing: /root/ros2_ws/install/rplidar_ros/share/rplidar_ros/package.dsv\n'}
[2.143498] (rplidar_ros) StdoutLine: {'line': b'-- Up-to-date: /root/ros2_ws/install/rplidar_ros/share/ament_index/resource_index/packages/rplidar_ros\n'}
[2.143780] (rplidar_ros) StdoutLine: {'line': b'-- Up-to-date: /root/ros2_ws/install/rplidar_ros/share/rplidar_ros/cmake/ament_cmake_export_dependencies-extras.cmake\n'}
[2.144061] (rplidar_ros) StdoutLine: {'line': b'-- Up-to-date: /root/ros2_ws/install/rplidar_ros/share/rplidar_ros/cmake/ament_cmake_export_include_directories-extras.cmake\n'}
[2.144319] (rplidar_ros) StdoutLine: {'line': b'-- Up-to-date: /root/ros2_ws/install/rplidar_ros/share/rplidar_ros/cmake/rplidar_rosConfig.cmake\n'}
[2.144569] (rplidar_ros) StdoutLine: {'line': b'-- Up-to-date: /root/ros2_ws/install/rplidar_ros/share/rplidar_ros/cmake/rplidar_rosConfig-version.cmake\n'}
[2.144860] (rplidar_ros) StdoutLine: {'line': b'-- Up-to-date: /root/ros2_ws/install/rplidar_ros/share/rplidar_ros/package.xml\n'}
[2.145122] (cartographer) StdoutLine: {'line': b'[ 55%] Built target cartographer_compute_relations_metrics\n'}
[2.167221] (cartographer_ros_msgs) StdoutLine: {'line': b'-- Up-to-date: /root/ros2_ws/install/cartographer_ros_msgs/include/cartographer_ros_msgs/cartographer_ros_msgs/msg/detail/trajectory_states__type_support.h\n'}
[2.167536] (cartographer_ros_msgs) StdoutLine: {'line': b'-- Up-to-date: /root/ros2_ws/install/cartographer_ros_msgs/include/cartographer_ros_msgs/cartographer_ros_msgs/msg/detail/submap_list__struct.h\n'}
[2.167832] (cartographer_ros_msgs) StdoutLine: {'line': b'-- Up-to-date: /root/ros2_ws/install/cartographer_ros_msgs/include/cartographer_ros_msgs/cartographer_ros_msgs/msg/detail/submap_entry__functions.c\n'}
[2.168065] (cartographer_ros_msgs) StdoutLine: {'line': b'-- Up-to-date: /root/ros2_ws/install/cartographer_ros_msgs/include/cartographer_ros_msgs/cartographer_ros_msgs/msg/detail/bagfile_progress__functions.c\n'}
[2.168286] (cartographer_ros_msgs) StdoutLine: {'line': b'-- Up-to-date: /root/ros2_ws/install/cartographer_ros_msgs/include/cartographer_ros_msgs/cartographer_ros_msgs/msg/detail/submap_list__functions.c\n'}
[2.168505] (cartographer_ros_msgs) StdoutLine: {'line': b'-- Up-to-date: /root/ros2_ws/install/cartographer_ros_msgs/include/cartographer_ros_msgs/cartographer_ros_msgs/msg/detail/trajectory_states__struct.h\n'}
[2.168750] (cartographer_ros_msgs) StdoutLine: {'line': b'-- Up-to-date: /root/ros2_ws/install/cartographer_ros_msgs/include/cartographer_ros_msgs/cartographer_ros_msgs/msg/detail/trajectory_states__functions.h\n'}
[2.169014] (cartographer_ros_msgs) StdoutLine: {'line': b'-- Up-to-date: /root/ros2_ws/install/cartographer_ros_msgs/include/cartographer_ros_msgs/cartographer_ros_msgs/msg/detail/submap_texture__type_support.h\n'}
[2.169242] (cartographer_ros_msgs) StdoutLine: {'line': b'-- Up-to-date: /root/ros2_ws/install/cartographer_ros_msgs/include/cartographer_ros_msgs/cartographer_ros_msgs/msg/detail/bagfile_progress__functions.h\n'}
[2.169467] (cartographer_ros_msgs) StdoutLine: {'line': b'-- Up-to-date: /root/ros2_ws/install/cartographer_ros_msgs/include/cartographer_ros_msgs/cartographer_ros_msgs/msg/detail/bagfile_progress__struct.h\n'}
[2.169725] (cartographer_ros_msgs) StdoutLine: {'line': b'-- Up-to-date: /root/ros2_ws/install/cartographer_ros_msgs/include/cartographer_ros_msgs/cartographer_ros_msgs/msg/detail/landmark_entry__functions.h\n'}
[2.169981] (cartographer_ros_msgs) StdoutLine: {'line': b'-- Up-to-date: /root/ros2_ws/install/cartographer_ros_msgs/include/cartographer_ros_msgs/cartographer_ros_msgs/msg/detail/metric__functions.c\n'}
[2.170206] (cartographer_ros_msgs) StdoutLine: {'line': b'-- Up-to-date: /root/ros2_ws/install/cartographer_ros_msgs/include/cartographer_ros_msgs/cartographer_ros_msgs/msg/detail/metric__struct.h\n'}
[2.170436] (cartographer_ros_msgs) StdoutLine: {'line': b'-- Up-to-date: /root/ros2_ws/install/cartographer_ros_msgs/include/cartographer_ros_msgs/cartographer_ros_msgs/msg/detail/status_code__functions.c\n'}
[2.170659] (cartographer_ros_msgs) StdoutLine: {'line': b'-- Up-to-date: /root/ros2_ws/install/cartographer_ros_msgs/include/cartographer_ros_msgs/cartographer_ros_msgs/msg/detail/metric_family__functions.h\n'}
[2.179357] (cartographer_ros_msgs) StdoutLine: {'line': b'-- Up-to-date: /root/ros2_ws/install/cartographer_ros_msgs/include/cartographer_ros_msgs/cartographer_ros_msgs/msg/detail/metric_label__functions.h\n'}
[2.179620] (cartographer_ros_msgs) StdoutLine: {'line': b'-- Up-to-date: /root/ros2_ws/install/cartographer_ros_msgs/include/cartographer_ros_msgs/cartographer_ros_msgs/msg/detail/metric_label__functions.c\n'}
[2.179905] (cartographer_ros_msgs) StdoutLine: {'line': b'-- Up-to-date: /root/ros2_ws/install/cartographer_ros_msgs/include/cartographer_ros_msgs/cartographer_ros_msgs/msg/detail/metric__type_support.h\n'}
[2.180215] (cartographer_ros_msgs) StdoutLine: {'line': b'-- Up-to-date: /root/ros2_ws/install/cartographer_ros_msgs/include/cartographer_ros_msgs/cartographer_ros_msgs/msg/detail/landmark_entry__functions.c\n'}
[2.180501] (cartographer_ros_msgs) StdoutLine: {'line': b'-- Up-to-date: /root/ros2_ws/install/cartographer_ros_msgs/include/cartographer_ros_msgs/cartographer_ros_msgs/msg/metric.h\n'}
[2.180879] (cartographer_ros_msgs) StdoutLine: {'line': b'-- Up-to-date: /root/ros2_ws/install/cartographer_ros_msgs/include/cartographer_ros_msgs/cartographer_ros_msgs/msg/submap_list.h\n'}
[2.181240] (cartographer_ros_msgs) StdoutLine: {'line': b'-- Up-to-date: /root/ros2_ws/install/cartographer_ros_msgs/include/cartographer_ros_msgs/cartographer_ros_msgs/msg/histogram_bucket.h\n'}
[2.181508] (cartographer_ros_msgs) StdoutLine: {'line': b'-- Up-to-date: /root/ros2_ws/install/cartographer_ros_msgs/share/cartographer_ros_msgs/environment/library_path.sh\n'}
[2.181804] (cartographer_ros_msgs) StdoutLine: {'line': b'-- Up-to-date: /root/ros2_ws/install/cartographer_ros_msgs/share/cartographer_ros_msgs/environment/library_path.dsv\n'}
[2.182074] (cartographer_ros_msgs) StdoutLine: {'line': b'-- Up-to-date: /root/ros2_ws/install/cartographer_ros_msgs/lib/libcartographer_ros_msgs__rosidl_generator_c.so\n'}
[2.182329] (cartographer_ros_msgs) StdoutLine: {'line': b'-- Up-to-date: /root/ros2_ws/install/cartographer_ros_msgs/include/cartographer_ros_msgs/cartographer_ros_msgs\n'}
[2.182563] (cartographer_ros_msgs) StdoutLine: {'line': b'-- Up-to-date: /root/ros2_ws/install/cartographer_ros_msgs/include/cartographer_ros_msgs/cartographer_ros_msgs/srv\n'}
[2.195588] (cartographer_ros_msgs) StdoutLine: {'line': b'-- Up-to-date: /root/ros2_ws/install/cartographer_ros_msgs/include/cartographer_ros_msgs/cartographer_ros_msgs/srv/detail\n'}
[2.195959] (cartographer_ros_msgs) StdoutLine: {'line': b'-- Up-to-date: /root/ros2_ws/install/cartographer_ros_msgs/include/cartographer_ros_msgs/cartographer_ros_msgs/srv/detail/start_trajectory__rosidl_typesupport_fastrtps_c.h\n'}
[2.196245] (cartographer_ros_msgs) StdoutLine: {'line': b'-- Up-to-date: /root/ros2_ws/install/cartographer_ros_msgs/include/cartographer_ros_msgs/cartographer_ros_msgs/srv/detail/get_trajectory_states__rosidl_typesupport_fastrtps_c.h\n'}
[2.196510] (cartographer_ros_msgs) StdoutLine: {'line': b'-- Up-to-date: /root/ros2_ws/install/cartographer_ros_msgs/include/cartographer_ros_msgs/cartographer_ros_msgs/srv/detail/trajectory_query__rosidl_typesupport_fastrtps_c.h\n'}
[2.196806] (cartographer_ros_msgs) StdoutLine: {'line': b'-- Up-to-date: /root/ros2_ws/install/cartographer_ros_msgs/include/cartographer_ros_msgs/cartographer_ros_msgs/srv/detail/write_state__rosidl_typesupport_fastrtps_c.h\n'}
[2.211819] (cartographer_ros_msgs) StdoutLine: {'line': b'-- Up-to-date: /root/ros2_ws/install/cartographer_ros_msgs/include/cartographer_ros_msgs/cartographer_ros_msgs/srv/detail/read_metrics__rosidl_typesupport_fastrtps_c.h\n'}
[2.212399] (cartographer_ros_msgs) StdoutLine: {'line': b'-- Up-to-date: /root/ros2_ws/install/cartographer_ros_msgs/include/cartographer_ros_msgs/cartographer_ros_msgs/srv/detail/submap_query__rosidl_typesupport_fastrtps_c.h\n'}
[2.212953] (cartographer_ros_msgs) StdoutLine: {'line': b'-- Up-to-date: /root/ros2_ws/install/cartographer_ros_msgs/include/cartographer_ros_msgs/cartographer_ros_msgs/srv/detail/finish_trajectory__rosidl_typesupport_fastrtps_c.h\n'}
[2.213220] (cartographer_ros_msgs) StdoutLine: {'line': b'-- Up-to-date: /root/ros2_ws/install/cartographer_ros_msgs/include/cartographer_ros_msgs/cartographer_ros_msgs/msg\n'}
[2.213917] (cartographer_ros_msgs) StdoutLine: {'line': b'-- Up-to-date: /root/ros2_ws/install/cartographer_ros_msgs/include/cartographer_ros_msgs/cartographer_ros_msgs/msg/detail\n'}
[2.214203] (cartographer_ros_msgs) StdoutLine: {'line': b'-- Up-to-date: /root/ros2_ws/install/cartographer_ros_msgs/include/cartographer_ros_msgs/cartographer_ros_msgs/msg/detail/status_response__rosidl_typesupport_fastrtps_c.h\n'}
[2.214452] (cartographer_ros_msgs) StdoutLine: {'line': b'-- Up-to-date: /root/ros2_ws/install/cartographer_ros_msgs/include/cartographer_ros_msgs/cartographer_ros_msgs/msg/detail/status_code__rosidl_typesupport_fastrtps_c.h\n'}
[2.214709] (cartographer_ros_msgs) StdoutLine: {'line': b'-- Up-to-date: /root/ros2_ws/install/cartographer_ros_msgs/include/cartographer_ros_msgs/cartographer_ros_msgs/msg/detail/histogram_bucket__rosidl_typesupport_fastrtps_c.h\n'}
[2.214966] (cartographer_ros_msgs) StdoutLine: {'line': b'-- Up-to-date: /root/ros2_ws/install/cartographer_ros_msgs/include/cartographer_ros_msgs/cartographer_ros_msgs/msg/detail/metric_family__rosidl_typesupport_fastrtps_c.h\n'}
[2.215265] (cartographer_ros_msgs) StdoutLine: {'line': b'-- Up-to-date: /root/ros2_ws/install/cartographer_ros_msgs/include/cartographer_ros_msgs/cartographer_ros_msgs/msg/detail/metric_label__rosidl_typesupport_fastrtps_c.h\n'}
[2.215518] (cartographer_ros_msgs) StdoutLine: {'line': b'-- Up-to-date: /root/ros2_ws/install/cartographer_ros_msgs/include/cartographer_ros_msgs/cartographer_ros_msgs/msg/detail/submap_entry__rosidl_typesupport_fastrtps_c.h\n'}
[2.226199] (cartographer_ros_msgs) StdoutLine: {'line': b'-- Up-to-date: /root/ros2_ws/install/cartographer_ros_msgs/include/cartographer_ros_msgs/cartographer_ros_msgs/msg/detail/landmark_list__rosidl_typesupport_fastrtps_c.h\n'}
[2.226583] (cartographer_ros_msgs) StdoutLine: {'line': b'-- Up-to-date: /root/ros2_ws/install/cartographer_ros_msgs/include/cartographer_ros_msgs/cartographer_ros_msgs/msg/detail/submap_list__rosidl_typesupport_fastrtps_c.h\n'}
[2.243297] (-) TimerEvent: {}
[2.243737] (cartographer_ros_msgs) StdoutLine: {'line': b'-- Up-to-date: /root/ros2_ws/install/cartographer_ros_msgs/include/cartographer_ros_msgs/cartographer_ros_msgs/msg/detail/metric__rosidl_typesupport_fastrtps_c.h\n'}
[2.244104] (cartographer_ros_msgs) StdoutLine: {'line': b'-- Up-to-date: /root/ros2_ws/install/cartographer_ros_msgs/include/cartographer_ros_msgs/cartographer_ros_msgs/msg/detail/landmark_entry__rosidl_typesupport_fastrtps_c.h\n'}
[2.244370] (cartographer_ros_msgs) StdoutLine: {'line': b'-- Up-to-date: /root/ros2_ws/install/cartographer_ros_msgs/include/cartographer_ros_msgs/cartographer_ros_msgs/msg/detail/submap_texture__rosidl_typesupport_fastrtps_c.h\n'}
[2.244614] (cartographer_ros_msgs) StdoutLine: {'line': b'-- Up-to-date: /root/ros2_ws/install/cartographer_ros_msgs/include/cartographer_ros_msgs/cartographer_ros_msgs/msg/detail/trajectory_states__rosidl_typesupport_fastrtps_c.h\n'}
[2.244890] (cartographer_ros_msgs) StdoutLine: {'line': b'-- Up-to-date: /root/ros2_ws/install/cartographer_ros_msgs/include/cartographer_ros_msgs/cartographer_ros_msgs/msg/detail/bagfile_progress__rosidl_typesupport_fastrtps_c.h\n'}
[2.245137] (cartographer_ros_msgs) StdoutLine: {'line': b'-- Up-to-date: /root/ros2_ws/install/cartographer_ros_msgs/include/cartographer_ros_msgs/cartographer_ros_msgs/msg/rosidl_typesupport_fastrtps_c__visibility_control.h\n'}
[2.245372] (cartographer_ros_msgs) StdoutLine: {'line': b'-- Up-to-date: /root/ros2_ws/install/cartographer_ros_msgs/lib/libcartographer_ros_msgs__rosidl_typesupport_fastrtps_c.so\n'}
[2.245617] (cartographer_ros_msgs) StdoutLine: {'line': b'-- Up-to-date: /root/ros2_ws/install/cartographer_ros_msgs/include/cartographer_ros_msgs/cartographer_ros_msgs\n'}
[2.245874] (cartographer_ros_msgs) StdoutLine: {'line': b'-- Up-to-date: /root/ros2_ws/install/cartographer_ros_msgs/include/cartographer_ros_msgs/cartographer_ros_msgs/srv\n'}
[2.246096] (cartographer_ros_msgs) StdoutLine: {'line': b'-- Up-to-date: /root/ros2_ws/install/cartographer_ros_msgs/include/cartographer_ros_msgs/cartographer_ros_msgs/srv/detail\n'}
[2.246299] (cartographer_ros_msgs) StdoutLine: {'line': b'-- Up-to-date: /root/ros2_ws/install/cartographer_ros_msgs/include/cartographer_ros_msgs/cartographer_ros_msgs/srv/detail/finish_trajectory__type_support.c\n'}
[2.246512] (cartographer_ros_msgs) StdoutLine: {'line': b'-- Up-to-date: /root/ros2_ws/install/cartographer_ros_msgs/include/cartographer_ros_msgs/cartographer_ros_msgs/srv/detail/get_trajectory_states__rosidl_typesupport_introspection_c.h\n'}
[2.257150] (cartographer_ros_msgs) StdoutLine: {'line': b'-- Up-to-date: /root/ros2_ws/install/cartographer_ros_msgs/include/cartographer_ros_msgs/cartographer_ros_msgs/srv/detail/start_trajectory__type_support.c\n'}
[2.257572] (cartographer_ros_msgs) StdoutLine: {'line': b'-- Up-to-date: /root/ros2_ws/install/cartographer_ros_msgs/include/cartographer_ros_msgs/cartographer_ros_msgs/srv/detail/read_metrics__type_support.c\n'}
[2.258039] (cartographer_ros_msgs) StdoutLine: {'line': b'-- Up-to-date: /root/ros2_ws/install/cartographer_ros_msgs/include/cartographer_ros_msgs/cartographer_ros_msgs/srv/detail/write_state__rosidl_typesupport_introspection_c.h\n'}
[2.258354] (cartographer_ros_msgs) StdoutLine: {'line': b'-- Up-to-date: /root/ros2_ws/install/cartographer_ros_msgs/include/cartographer_ros_msgs/cartographer_ros_msgs/srv/detail/submap_query__type_support.c\n'}
[2.258593] (cartographer_ros_msgs) StdoutLine: {'line': b'-- Up-to-date: /root/ros2_ws/install/cartographer_ros_msgs/include/cartographer_ros_msgs/cartographer_ros_msgs/srv/detail/get_trajectory_states__type_support.c\n'}
[2.258872] (cartographer_ros_msgs) StdoutLine: {'line': b'-- Up-to-date: /root/ros2_ws/install/cartographer_ros_msgs/include/cartographer_ros_msgs/cartographer_ros_msgs/srv/detail/submap_query__rosidl_typesupport_introspection_c.h\n'}
[2.259957] (cartographer_ros_msgs) StdoutLine: {'line': b'-- Up-to-date: /root/ros2_ws/install/cartographer_ros_msgs/include/cartographer_ros_msgs/cartographer_ros_msgs/srv/detail/start_trajectory__rosidl_typesupport_introspection_c.h\n'}
[2.260265] (cartographer_ros_msgs) StdoutLine: {'line': b'-- Up-to-date: /root/ros2_ws/install/cartographer_ros_msgs/include/cartographer_ros_msgs/cartographer_ros_msgs/srv/detail/trajectory_query__rosidl_typesupport_introspection_c.h\n'}
[2.260533] (cartographer_ros_msgs) StdoutLine: {'line': b'-- Up-to-date: /root/ros2_ws/install/cartographer_ros_msgs/include/cartographer_ros_msgs/cartographer_ros_msgs/srv/detail/trajectory_query__type_support.c\n'}
[2.260829] (cartographer_ros_msgs) StdoutLine: {'line': b'-- Up-to-date: /root/ros2_ws/install/cartographer_ros_msgs/include/cartographer_ros_msgs/cartographer_ros_msgs/srv/detail/read_metrics__rosidl_typesupport_introspection_c.h\n'}
[2.261111] (cartographer_ros_msgs) StdoutLine: {'line': b'-- Up-to-date: /root/ros2_ws/install/cartographer_ros_msgs/include/cartographer_ros_msgs/cartographer_ros_msgs/srv/detail/finish_trajectory__rosidl_typesupport_introspection_c.h\n'}
[2.261356] (cartographer_ros_msgs) StdoutLine: {'line': b'-- Up-to-date: /root/ros2_ws/install/cartographer_ros_msgs/include/cartographer_ros_msgs/cartographer_ros_msgs/srv/detail/write_state__type_support.c\n'}
[2.261587] (cartographer_ros_msgs) StdoutLine: {'line': b'-- Up-to-date: /root/ros2_ws/install/cartographer_ros_msgs/include/cartographer_ros_msgs/cartographer_ros_msgs/msg\n'}
[2.264127] (cartographer_ros_msgs) StdoutLine: {'line': b'-- Up-to-date: /root/ros2_ws/install/cartographer_ros_msgs/include/cartographer_ros_msgs/cartographer_ros_msgs/msg/detail\n'}
[2.264416] (cartographer_ros_msgs) StdoutLine: {'line': b'-- Up-to-date: /root/ros2_ws/install/cartographer_ros_msgs/include/cartographer_ros_msgs/cartographer_ros_msgs/msg/detail/landmark_list__rosidl_typesupport_introspection_c.h\n'}
[2.264701] (cartographer_ros_msgs) StdoutLine: {'line': b'-- Up-to-date: /root/ros2_ws/install/cartographer_ros_msgs/include/cartographer_ros_msgs/cartographer_ros_msgs/msg/detail/metric_label__rosidl_typesupport_introspection_c.h\n'}
[2.266435] (cartographer_ros_msgs) StdoutLine: {'line': b'-- Up-to-date: /root/ros2_ws/install/cartographer_ros_msgs/include/cartographer_ros_msgs/cartographer_ros_msgs/msg/detail/submap_entry__rosidl_typesupport_introspection_c.h\n'}
[2.267208] (cartographer_ros_msgs) StdoutLine: {'line': b'-- Up-to-date: /root/ros2_ws/install/cartographer_ros_msgs/include/cartographer_ros_msgs/cartographer_ros_msgs/msg/detail/status_code__rosidl_typesupport_introspection_c.h\n'}
[2.269544] (cartographer_ros_msgs) StdoutLine: {'line': b'-- Up-to-date: /root/ros2_ws/install/cartographer_ros_msgs/include/cartographer_ros_msgs/cartographer_ros_msgs/msg/detail/status_response__rosidl_typesupport_introspection_c.h\n'}
[2.269951] (cartographer_ros_msgs) StdoutLine: {'line': b'-- Up-to-date: /root/ros2_ws/install/cartographer_ros_msgs/include/cartographer_ros_msgs/cartographer_ros_msgs/msg/detail/metric_family__rosidl_typesupport_introspection_c.h\n'}
[2.270238] (cartographer_ros_msgs) StdoutLine: {'line': b'-- Up-to-date: /root/ros2_ws/install/cartographer_ros_msgs/include/cartographer_ros_msgs/cartographer_ros_msgs/msg/detail/metric_label__type_support.c\n'}
[2.270516] (cartographer_ros_msgs) StdoutLine: {'line': b'-- Up-to-date: /root/ros2_ws/install/cartographer_ros_msgs/include/cartographer_ros_msgs/cartographer_ros_msgs/msg/detail/submap_list__type_support.c\n'}
[2.271028] (cartographer_ros_msgs) StdoutLine: {'line': b'-- Up-to-date: /root/ros2_ws/install/cartographer_ros_msgs/include/cartographer_ros_msgs/cartographer_ros_msgs/msg/detail/histogram_bucket__type_support.c\n'}
[2.271304] (cartographer_ros_msgs) StdoutLine: {'line': b'-- Up-to-date: /root/ros2_ws/install/cartographer_ros_msgs/include/cartographer_ros_msgs/cartographer_ros_msgs/msg/detail/bagfile_progress__rosidl_typesupport_introspection_c.h\n'}
[2.271543] (cartographer_ros_msgs) StdoutLine: {'line': b'-- Up-to-date: /root/ros2_ws/install/cartographer_ros_msgs/include/cartographer_ros_msgs/cartographer_ros_msgs/msg/detail/landmark_entry__type_support.c\n'}
[2.271829] (cartographer_ros_msgs) StdoutLine: {'line': b'-- Up-to-date: /root/ros2_ws/install/cartographer_ros_msgs/include/cartographer_ros_msgs/cartographer_ros_msgs/msg/detail/metric__rosidl_typesupport_introspection_c.h\n'}
[2.272086] (cartographer_ros_msgs) StdoutLine: {'line': b'-- Up-to-date: /root/ros2_ws/install/cartographer_ros_msgs/include/cartographer_ros_msgs/cartographer_ros_msgs/msg/detail/submap_texture__rosidl_typesupport_introspection_c.h\n'}
[2.272324] (cartographer_ros_msgs) StdoutLine: {'line': b'-- Up-to-date: /root/ros2_ws/install/cartographer_ros_msgs/include/cartographer_ros_msgs/cartographer_ros_msgs/msg/detail/histogram_bucket__rosidl_typesupport_introspection_c.h\n'}
[2.272547] (cartographer_ros_msgs) StdoutLine: {'line': b'-- Up-to-date: /root/ros2_ws/install/cartographer_ros_msgs/include/cartographer_ros_msgs/cartographer_ros_msgs/msg/detail/landmark_list__type_support.c\n'}
[2.272808] (cartographer_ros_msgs) StdoutLine: {'line': b'-- Up-to-date: /root/ros2_ws/install/cartographer_ros_msgs/include/cartographer_ros_msgs/cartographer_ros_msgs/msg/detail/bagfile_progress__type_support.c\n'}
[2.273050] (cartographer_ros_msgs) StdoutLine: {'line': b'-- Up-to-date: /root/ros2_ws/install/cartographer_ros_msgs/include/cartographer_ros_msgs/cartographer_ros_msgs/msg/detail/trajectory_states__rosidl_typesupport_introspection_c.h\n'}
[2.273290] (cartographer_ros_msgs) StdoutLine: {'line': b'-- Up-to-date: /root/ros2_ws/install/cartographer_ros_msgs/include/cartographer_ros_msgs/cartographer_ros_msgs/msg/detail/metric_family__type_support.c\n'}
[2.273544] (cartographer_ros_msgs) StdoutLine: {'line': b'-- Up-to-date: /root/ros2_ws/install/cartographer_ros_msgs/include/cartographer_ros_msgs/cartographer_ros_msgs/msg/detail/metric__type_support.c\n'}
[2.273824] (cartographer_ros_msgs) StdoutLine: {'line': b'-- Up-to-date: /root/ros2_ws/install/cartographer_ros_msgs/include/cartographer_ros_msgs/cartographer_ros_msgs/msg/detail/landmark_entry__rosidl_typesupport_introspection_c.h\n'}
[2.274083] (cartographer_ros_msgs) StdoutLine: {'line': b'-- Up-to-date: /root/ros2_ws/install/cartographer_ros_msgs/include/cartographer_ros_msgs/cartographer_ros_msgs/msg/detail/status_response__type_support.c\n'}
[2.274320] (cartographer_ros_msgs) StdoutLine: {'line': b'-- Up-to-date: /root/ros2_ws/install/cartographer_ros_msgs/include/cartographer_ros_msgs/cartographer_ros_msgs/msg/detail/submap_entry__type_support.c\n'}
[2.274560] (cartographer_ros_msgs) StdoutLine: {'line': b'-- Up-to-date: /root/ros2_ws/install/cartographer_ros_msgs/include/cartographer_ros_msgs/cartographer_ros_msgs/msg/detail/submap_list__rosidl_typesupport_introspection_c.h\n'}
[2.287298] (cartographer_ros_msgs) StdoutLine: {'line': b'-- Up-to-date: /root/ros2_ws/install/cartographer_ros_msgs/include/cartographer_ros_msgs/cartographer_ros_msgs/msg/detail/trajectory_states__type_support.c\n'}
[2.287648] (cartographer_ros_msgs) StdoutLine: {'line': b'-- Up-to-date: /root/ros2_ws/install/cartographer_ros_msgs/include/cartographer_ros_msgs/cartographer_ros_msgs/msg/detail/status_code__type_support.c\n'}
[2.288001] (cartographer_ros_msgs) StdoutLine: {'line': b'-- Up-to-date: /root/ros2_ws/install/cartographer_ros_msgs/include/cartographer_ros_msgs/cartographer_ros_msgs/msg/detail/submap_texture__type_support.c\n'}
[2.288325] (cartographer_ros_msgs) StdoutLine: {'line': b'-- Up-to-date: /root/ros2_ws/install/cartographer_ros_msgs/include/cartographer_ros_msgs/cartographer_ros_msgs/msg/rosidl_typesupport_introspection_c__visibility_control.h\n'}
[2.288605] (cartographer_ros_msgs) StdoutLine: {'line': b'-- Up-to-date: /root/ros2_ws/install/cartographer_ros_msgs/lib/libcartographer_ros_msgs__rosidl_typesupport_introspection_c.so\n'}
[2.288918] (cartographer) StdoutLine: {'line': b'[ 56%] Built target cartographer_pbstream\n'}
[2.289218] (rplidar_ros) CommandEnded: {'returncode': 0}
[2.290083] (cartographer_ros_msgs) StdoutLine: {'line': b'-- Up-to-date: /root/ros2_ws/install/cartographer_ros_msgs/lib/libcartographer_ros_msgs__rosidl_typesupport_c.so\n'}
[2.296902] (cartographer_ros_msgs) StdoutLine: {'line': b'-- Up-to-date: /root/ros2_ws/install/cartographer_ros_msgs/include/cartographer_ros_msgs/cartographer_ros_msgs\n'}
[2.297468] (cartographer_ros_msgs) StdoutLine: {'line': b'-- Up-to-date: /root/ros2_ws/install/cartographer_ros_msgs/include/cartographer_ros_msgs/cartographer_ros_msgs/srv\n'}
[2.299982] (cartographer_ros_msgs) StdoutLine: {'line': b'-- Up-to-date: /root/ros2_ws/install/cartographer_ros_msgs/include/cartographer_ros_msgs/cartographer_ros_msgs/srv/trajectory_query.hpp\n'}
[2.300376] (cartographer_ros_msgs) StdoutLine: {'line': b'-- Up-to-date: /root/ros2_ws/install/cartographer_ros_msgs/include/cartographer_ros_msgs/cartographer_ros_msgs/srv/start_trajectory.hpp\n'}
[2.300714] (cartographer_ros_msgs) StdoutLine: {'line': b'-- Up-to-date: /root/ros2_ws/install/cartographer_ros_msgs/include/cartographer_ros_msgs/cartographer_ros_msgs/srv/read_metrics.hpp\n'}
[2.301030] (cartographer_ros_msgs) StdoutLine: {'line': b'-- Up-to-date: /root/ros2_ws/install/cartographer_ros_msgs/include/cartographer_ros_msgs/cartographer_ros_msgs/srv/finish_trajectory.hpp\n'}
[2.301305] (cartographer_ros_msgs) StdoutLine: {'line': b'-- Up-to-date: /root/ros2_ws/install/cartographer_ros_msgs/include/cartographer_ros_msgs/cartographer_ros_msgs/srv/submap_query.hpp\n'}
[2.301565] (cartographer_ros_msgs) StdoutLine: {'line': b'-- Up-to-date: /root/ros2_ws/install/cartographer_ros_msgs/include/cartographer_ros_msgs/cartographer_ros_msgs/srv/get_trajectory_states.hpp\n'}
[2.301881] (cartographer_ros_msgs) StdoutLine: {'line': b'-- Up-to-date: /root/ros2_ws/install/cartographer_ros_msgs/include/cartographer_ros_msgs/cartographer_ros_msgs/srv/detail\n'}
[2.302145] (cartographer_ros_msgs) StdoutLine: {'line': b'-- Up-to-date: /root/ros2_ws/install/cartographer_ros_msgs/include/cartographer_ros_msgs/cartographer_ros_msgs/srv/detail/trajectory_query__builder.hpp\n'}
[2.302380] (cartographer_ros_msgs) StdoutLine: {'line': b'-- Up-to-date: /root/ros2_ws/install/cartographer_ros_msgs/include/cartographer_ros_msgs/cartographer_ros_msgs/srv/detail/submap_query__struct.hpp\n'}
[2.302612] (cartographer_ros_msgs) StdoutLine: {'line': b'-- Up-to-date: /root/ros2_ws/install/cartographer_ros_msgs/include/cartographer_ros_msgs/cartographer_ros_msgs/srv/detail/submap_query__builder.hpp\n'}
[2.315045] (cartographer_ros_msgs) StdoutLine: {'line': b'-- Up-to-date: /root/ros2_ws/install/cartographer_ros_msgs/include/cartographer_ros_msgs/cartographer_ros_msgs/srv/detail/submap_query__traits.hpp\n'}
[2.315346] (cartographer_ros_msgs) StdoutLine: {'line': b'-- Up-to-date: /root/ros2_ws/install/cartographer_ros_msgs/include/cartographer_ros_msgs/cartographer_ros_msgs/srv/detail/write_state__traits.hpp\n'}
[2.315595] (cartographer_ros_msgs) StdoutLine: {'line': b'-- Up-to-date: /root/ros2_ws/install/cartographer_ros_msgs/include/cartographer_ros_msgs/cartographer_ros_msgs/srv/detail/start_trajectory__struct.hpp\n'}
[2.315860] (cartographer_ros_msgs) StdoutLine: {'line': b'-- Up-to-date: /root/ros2_ws/install/cartographer_ros_msgs/include/cartographer_ros_msgs/cartographer_ros_msgs/srv/detail/get_trajectory_states__builder.hpp\n'}
[2.316111] (cartographer_ros_msgs) StdoutLine: {'line': b'-- Up-to-date: /root/ros2_ws/install/cartographer_ros_msgs/include/cartographer_ros_msgs/cartographer_ros_msgs/srv/detail/get_trajectory_states__struct.hpp\n'}
[2.316335] (cartographer_ros_msgs) StdoutLine: {'line': b'-- Up-to-date: /root/ros2_ws/install/cartographer_ros_msgs/include/cartographer_ros_msgs/cartographer_ros_msgs/srv/detail/trajectory_query__traits.hpp\n'}
[2.316558] (cartographer_ros_msgs) StdoutLine: {'line': b'-- Up-to-date: /root/ros2_ws/install/cartographer_ros_msgs/include/cartographer_ros_msgs/cartographer_ros_msgs/srv/detail/finish_trajectory__type_support.hpp\n'}
[2.316834] (cartographer_ros_msgs) StdoutLine: {'line': b'-- Up-to-date: /root/ros2_ws/install/cartographer_ros_msgs/include/cartographer_ros_msgs/cartographer_ros_msgs/srv/detail/finish_trajectory__struct.hpp\n'}
[2.317085] (cartographer_ros_msgs) StdoutLine: {'line': b'-- Up-to-date: /root/ros2_ws/install/cartographer_ros_msgs/include/cartographer_ros_msgs/cartographer_ros_msgs/srv/detail/read_metrics__builder.hpp\n'}
[2.323150] (cartographer_ros_msgs) StdoutLine: {'line': b'-- Up-to-date: /root/ros2_ws/install/cartographer_ros_msgs/include/cartographer_ros_msgs/cartographer_ros_msgs/srv/detail/read_metrics__traits.hpp\n'}
[2.323548] (cartographer_ros_msgs) StdoutLine: {'line': b'-- Up-to-date: /root/ros2_ws/install/cartographer_ros_msgs/include/cartographer_ros_msgs/cartographer_ros_msgs/srv/detail/read_metrics__type_support.hpp\n'}
[2.325016] (cartographer_ros_msgs) StdoutLine: {'line': b'-- Up-to-date: /root/ros2_ws/install/cartographer_ros_msgs/include/cartographer_ros_msgs/cartographer_ros_msgs/srv/detail/start_trajectory__traits.hpp\n'}
[2.325326] (cartographer_ros_msgs) StdoutLine: {'line': b'-- Up-to-date: /root/ros2_ws/install/cartographer_ros_msgs/include/cartographer_ros_msgs/cartographer_ros_msgs/srv/detail/write_state__builder.hpp\n'}
[2.325575] (cartographer_ros_msgs) StdoutLine: {'line': b'-- Up-to-date: /root/ros2_ws/install/cartographer_ros_msgs/include/cartographer_ros_msgs/cartographer_ros_msgs/srv/detail/trajectory_query__type_support.hpp\n'}
[2.325903] (cartographer_ros_msgs) StdoutLine: {'line': b'-- Up-to-date: /root/ros2_ws/install/cartographer_ros_msgs/include/cartographer_ros_msgs/cartographer_ros_msgs/srv/detail/finish_trajectory__traits.hpp\n'}
[2.326136] (cartographer_ros_msgs) StdoutLine: {'line': b'-- Up-to-date: /root/ros2_ws/install/cartographer_ros_msgs/include/cartographer_ros_msgs/cartographer_ros_msgs/srv/detail/submap_query__type_support.hpp\n'}
[2.326348] (cartographer_ros_msgs) StdoutLine: {'line': b'-- Up-to-date: /root/ros2_ws/install/cartographer_ros_msgs/include/cartographer_ros_msgs/cartographer_ros_msgs/srv/detail/finish_trajectory__builder.hpp\n'}
[2.326561] (cartographer_ros_msgs) StdoutLine: {'line': b'-- Up-to-date: /root/ros2_ws/install/cartographer_ros_msgs/include/cartographer_ros_msgs/cartographer_ros_msgs/srv/detail/start_trajectory__builder.hpp\n'}
[2.333485] (cartographer_ros_msgs) StdoutLine: {'line': b'-- Up-to-date: /root/ros2_ws/install/cartographer_ros_msgs/include/cartographer_ros_msgs/cartographer_ros_msgs/srv/detail/trajectory_query__struct.hpp\n'}
[2.335500] (cartographer_ros_msgs) StdoutLine: {'line': b'-- Up-to-date: /root/ros2_ws/install/cartographer_ros_msgs/include/cartographer_ros_msgs/cartographer_ros_msgs/srv/detail/start_trajectory__type_support.hpp\n'}
[2.336061] (cartographer_ros_msgs) StdoutLine: {'line': b'-- Up-to-date: /root/ros2_ws/install/cartographer_ros_msgs/include/cartographer_ros_msgs/cartographer_ros_msgs/srv/detail/write_state__type_support.hpp\n'}
[2.336457] (cartographer_ros_msgs) StdoutLine: {'line': b'-- Up-to-date: /root/ros2_ws/install/cartographer_ros_msgs/include/cartographer_ros_msgs/cartographer_ros_msgs/srv/detail/write_state__struct.hpp\n'}
[2.336778] (cartographer_ros_msgs) StdoutLine: {'line': b'-- Up-to-date: /root/ros2_ws/install/cartographer_ros_msgs/include/cartographer_ros_msgs/cartographer_ros_msgs/srv/detail/get_trajectory_states__type_support.hpp\n'}
[2.337077] (cartographer_ros_msgs) StdoutLine: {'line': b'-- Up-to-date: /root/ros2_ws/install/cartographer_ros_msgs/include/cartographer_ros_msgs/cartographer_ros_msgs/srv/detail/get_trajectory_states__traits.hpp\n'}
[2.337334] (cartographer_ros_msgs) StdoutLine: {'line': b'-- Up-to-date: /root/ros2_ws/install/cartographer_ros_msgs/include/cartographer_ros_msgs/cartographer_ros_msgs/srv/detail/read_metrics__struct.hpp\n'}
[2.337588] (cartographer_ros_msgs) StdoutLine: {'line': b'-- Up-to-date: /root/ros2_ws/install/cartographer_ros_msgs/include/cartographer_ros_msgs/cartographer_ros_msgs/srv/write_state.hpp\n'}
[2.337869] (cartographer_ros_msgs) StdoutLine: {'line': b'-- Up-to-date: /root/ros2_ws/install/cartographer_ros_msgs/include/cartographer_ros_msgs/cartographer_ros_msgs/msg\n'}
[2.338121] (car_launch) StdoutLine: {'line': b'-- Detecting CXX compiler ABI info - done\n'}
[2.344504] (-) TimerEvent: {}
[2.346556] (cartographer_ros_msgs) StdoutLine: {'line': b'-- Up-to-date: /root/ros2_ws/install/cartographer_ros_msgs/include/cartographer_ros_msgs/cartographer_ros_msgs/msg/landmark_entry.hpp\n'}
[2.347028] (cartographer_ros_msgs) StdoutLine: {'line': b'-- Up-to-date: /root/ros2_ws/install/cartographer_ros_msgs/include/cartographer_ros_msgs/cartographer_ros_msgs/msg/status_code.hpp\n'}
[2.347962] (cartographer_ros_msgs) StdoutLine: {'line': b'-- Up-to-date: /root/ros2_ws/install/cartographer_ros_msgs/include/cartographer_ros_msgs/cartographer_ros_msgs/msg/metric_family.hpp\n'}
[2.348235] (cartographer_ros_msgs) StdoutLine: {'line': b'-- Up-to-date: /root/ros2_ws/install/cartographer_ros_msgs/include/cartographer_ros_msgs/cartographer_ros_msgs/msg/trajectory_states.hpp\n'}
[2.350483] (cartographer_ros_msgs) StdoutLine: {'line': b'-- Up-to-date: /root/ros2_ws/install/cartographer_ros_msgs/include/cartographer_ros_msgs/cartographer_ros_msgs/msg/histogram_bucket.hpp\n'}
[2.350962] (cartographer_ros_msgs) StdoutLine: {'line': b'-- Up-to-date: /root/ros2_ws/install/cartographer_ros_msgs/include/cartographer_ros_msgs/cartographer_ros_msgs/msg/status_response.hpp\n'}
[2.352294] (cartographer_ros_msgs) StdoutLine: {'line': b'-- Up-to-date: /root/ros2_ws/install/cartographer_ros_msgs/include/cartographer_ros_msgs/cartographer_ros_msgs/msg/rosidl_generator_cpp__visibility_control.hpp\n'}
[2.357369] (cartographer_ros_msgs) StdoutLine: {'line': b'-- Up-to-date: /root/ros2_ws/install/cartographer_ros_msgs/include/cartographer_ros_msgs/cartographer_ros_msgs/msg/metric.hpp\n'}
[2.357802] (cartographer_ros_msgs) StdoutLine: {'line': b'-- Up-to-date: /root/ros2_ws/install/cartographer_ros_msgs/include/cartographer_ros_msgs/cartographer_ros_msgs/msg/submap_list.hpp\n'}
[2.358093] (cartographer_ros_msgs) StdoutLine: {'line': b'-- Up-to-date: /root/ros2_ws/install/cartographer_ros_msgs/include/cartographer_ros_msgs/cartographer_ros_msgs/msg/bagfile_progress.hpp\n'}
[2.367959] (cartographer_ros_msgs) StdoutLine: {'line': b'-- Up-to-date: /root/ros2_ws/install/cartographer_ros_msgs/include/cartographer_ros_msgs/cartographer_ros_msgs/msg/landmark_list.hpp\n'}
[2.368381] (cartographer_ros_msgs) StdoutLine: {'line': b'-- Up-to-date: /root/ros2_ws/install/cartographer_ros_msgs/include/cartographer_ros_msgs/cartographer_ros_msgs/msg/submap_entry.hpp\n'}
[2.368640] (cartographer_ros_msgs) StdoutLine: {'line': b'-- Up-to-date: /root/ros2_ws/install/cartographer_ros_msgs/include/cartographer_ros_msgs/cartographer_ros_msgs/msg/detail\n'}
[2.368907] (cartographer_ros_msgs) StdoutLine: {'line': b'-- Up-to-date: /root/ros2_ws/install/cartographer_ros_msgs/include/cartographer_ros_msgs/cartographer_ros_msgs/msg/detail/submap_texture__builder.hpp\n'}
[2.369136] (cartographer_ros_msgs) StdoutLine: {'line': b'-- Up-to-date: /root/ros2_ws/install/cartographer_ros_msgs/include/cartographer_ros_msgs/cartographer_ros_msgs/msg/detail/landmark_list__traits.hpp\n'}
[2.369364] (cartographer_ros_msgs) StdoutLine: {'line': b'-- Up-to-date: /root/ros2_ws/install/cartographer_ros_msgs/include/cartographer_ros_msgs/cartographer_ros_msgs/msg/detail/histogram_bucket__builder.hpp\n'}
[2.369645] (cartographer_ros_msgs) StdoutLine: {'line': b'-- Up-to-date: /root/ros2_ws/install/cartographer_ros_msgs/include/cartographer_ros_msgs/cartographer_ros_msgs/msg/detail/status_code__builder.hpp\n'}
[2.369917] (cartographer_ros_msgs) StdoutLine: {'line': b'-- Up-to-date: /root/ros2_ws/install/cartographer_ros_msgs/include/cartographer_ros_msgs/cartographer_ros_msgs/msg/detail/metric_family__traits.hpp\n'}
[2.370168] (cartographer_ros_msgs) StdoutLine: {'line': b'-- Up-to-date: /root/ros2_ws/install/cartographer_ros_msgs/include/cartographer_ros_msgs/cartographer_ros_msgs/msg/detail/landmark_list__struct.hpp\n'}
[2.370412] (cartographer_ros_msgs) StdoutLine: {'line': b'-- Up-to-date: /root/ros2_ws/install/cartographer_ros_msgs/include/cartographer_ros_msgs/cartographer_ros_msgs/msg/detail/metric__builder.hpp\n'}
[2.370653] (cartographer_ros_msgs) StdoutLine: {'line': b'-- Up-to-date: /root/ros2_ws/install/cartographer_ros_msgs/include/cartographer_ros_msgs/cartographer_ros_msgs/msg/detail/landmark_entry__struct.hpp\n'}
[2.378766] (cartographer_ros_msgs) StdoutLine: {'line': b'-- Up-to-date: /root/ros2_ws/install/cartographer_ros_msgs/include/cartographer_ros_msgs/cartographer_ros_msgs/msg/detail/submap_texture__traits.hpp\n'}
[2.379103] (cartographer_ros_msgs) StdoutLine: {'line': b'-- Up-to-date: /root/ros2_ws/install/cartographer_ros_msgs/include/cartographer_ros_msgs/cartographer_ros_msgs/msg/detail/status_code__traits.hpp\n'}
[2.379359] (cartographer_ros_msgs) StdoutLine: {'line': b'-- Up-to-date: /root/ros2_ws/install/cartographer_ros_msgs/include/cartographer_ros_msgs/cartographer_ros_msgs/msg/detail/metric__struct.hpp\n'}
[2.379599] (cartographer_ros_msgs) StdoutLine: {'line': b'-- Up-to-date: /root/ros2_ws/install/cartographer_ros_msgs/include/cartographer_ros_msgs/cartographer_ros_msgs/msg/detail/submap_texture__type_support.hpp\n'}
[2.379925] (cartographer_ros_msgs) StdoutLine: {'line': b'-- Up-to-date: /root/ros2_ws/install/cartographer_ros_msgs/include/cartographer_ros_msgs/cartographer_ros_msgs/msg/detail/trajectory_states__builder.hpp\n'}
[2.380194] (cartographer_ros_msgs) StdoutLine: {'line': b'-- Up-to-date: /root/ros2_ws/install/cartographer_ros_msgs/include/cartographer_ros_msgs/cartographer_ros_msgs/msg/detail/trajectory_states__type_support.hpp\n'}
[2.380433] (cartographer_ros_msgs) StdoutLine: {'line': b'-- Up-to-date: /root/ros2_ws/install/cartographer_ros_msgs/include/cartographer_ros_msgs/cartographer_ros_msgs/msg/detail/histogram_bucket__struct.hpp\n'}
[2.398584] (cartographer_ros_msgs) StdoutLine: {'line': b'-- Up-to-date: /root/ros2_ws/install/cartographer_ros_msgs/include/cartographer_ros_msgs/cartographer_ros_msgs/msg/detail/bagfile_progress__traits.hpp\n'}
[2.403482] (cartographer_ros_msgs) StdoutLine: {'line': b'-- Up-to-date: /root/ros2_ws/install/cartographer_ros_msgs/include/cartographer_ros_msgs/cartographer_ros_msgs/msg/detail/metric_label__struct.hpp\n'}
[2.404032] (cartographer_ros_msgs) StdoutLine: {'line': b'-- Up-to-date: /root/ros2_ws/install/cartographer_ros_msgs/include/cartographer_ros_msgs/cartographer_ros_msgs/msg/detail/submap_entry__type_support.hpp\n'}
[2.404362] (cartographer_ros_msgs) StdoutLine: {'line': b'-- Up-to-date: /root/ros2_ws/install/cartographer_ros_msgs/include/cartographer_ros_msgs/cartographer_ros_msgs/msg/detail/metric_label__traits.hpp\n'}
[2.404637] (cartographer_ros_msgs) StdoutLine: {'line': b'-- Up-to-date: /root/ros2_ws/install/cartographer_ros_msgs/include/cartographer_ros_msgs/cartographer_ros_msgs/msg/detail/bagfile_progress__builder.hpp\n'}
[2.404966] (cartographer_ros_msgs) StdoutLine: {'line': b'-- Up-to-date: /root/ros2_ws/install/cartographer_ros_msgs/include/cartographer_ros_msgs/cartographer_ros_msgs/msg/detail/landmark_entry__traits.hpp\n'}
[2.408235] (cartographer_ros_msgs) StdoutLine: {'line': b'-- Up-to-date: /root/ros2_ws/install/cartographer_ros_msgs/include/cartographer_ros_msgs/cartographer_ros_msgs/msg/detail/trajectory_states__struct.hpp\n'}
[2.408619] (cartographer_ros_msgs) StdoutLine: {'line': b'-- Up-to-date: /root/ros2_ws/install/cartographer_ros_msgs/include/cartographer_ros_msgs/cartographer_ros_msgs/msg/detail/landmark_list__builder.hpp\n'}
[2.413101] (cartographer_ros_msgs) StdoutLine: {'line': b'-- Up-to-date: /root/ros2_ws/install/cartographer_ros_msgs/include/cartographer_ros_msgs/cartographer_ros_msgs/msg/detail/submap_list__builder.hpp\n'}
[2.413385] (cartographer_ros_msgs) StdoutLine: {'line': b'-- Up-to-date: /root/ros2_ws/install/cartographer_ros_msgs/include/cartographer_ros_msgs/cartographer_ros_msgs/msg/detail/bagfile_progress__struct.hpp\n'}
[2.413635] (cartographer_ros_msgs) StdoutLine: {'line': b'-- Up-to-date: /root/ros2_ws/install/cartographer_ros_msgs/include/cartographer_ros_msgs/cartographer_ros_msgs/msg/detail/submap_entry__traits.hpp\n'}
[2.419018] (cartographer_ros_msgs) StdoutLine: {'line': b'-- Up-to-date: /root/ros2_ws/install/cartographer_ros_msgs/include/cartographer_ros_msgs/cartographer_ros_msgs/msg/detail/landmark_entry__builder.hpp\n'}
[2.419327] (cartographer_ros_msgs) StdoutLine: {'line': b'-- Up-to-date: /root/ros2_ws/install/cartographer_ros_msgs/include/cartographer_ros_msgs/cartographer_ros_msgs/msg/detail/status_response__builder.hpp\n'}
[2.419600] (cartographer_ros_msgs) StdoutLine: {'line': b'-- Up-to-date: /root/ros2_ws/install/cartographer_ros_msgs/include/cartographer_ros_msgs/cartographer_ros_msgs/msg/detail/metric_family__type_support.hpp\n'}
[2.419928] (cartographer_ros_msgs) StdoutLine: {'line': b'-- Up-to-date: /root/ros2_ws/install/cartographer_ros_msgs/include/cartographer_ros_msgs/cartographer_ros_msgs/msg/detail/submap_entry__struct.hpp\n'}
[2.420224] (cartographer_ros_msgs) StdoutLine: {'line': b'-- Up-to-date: /root/ros2_ws/install/cartographer_ros_msgs/include/cartographer_ros_msgs/cartographer_ros_msgs/msg/detail/metric_label__type_support.hpp\n'}
[2.420459] (cartographer_ros_msgs) StdoutLine: {'line': b'-- Up-to-date: /root/ros2_ws/install/cartographer_ros_msgs/include/cartographer_ros_msgs/cartographer_ros_msgs/msg/detail/bagfile_progress__type_support.hpp\n'}
[2.420694] (cartographer_ros_msgs) StdoutLine: {'line': b'-- Up-to-date: /root/ros2_ws/install/cartographer_ros_msgs/include/cartographer_ros_msgs/cartographer_ros_msgs/msg/detail/status_response__type_support.hpp\n'}
[2.420951] (cartographer_ros_msgs) StdoutLine: {'line': b'-- Up-to-date: /root/ros2_ws/install/cartographer_ros_msgs/include/cartographer_ros_msgs/cartographer_ros_msgs/msg/detail/histogram_bucket__type_support.hpp\n'}
[2.421189] (cartographer_ros_msgs) StdoutLine: {'line': b'-- Up-to-date: /root/ros2_ws/install/cartographer_ros_msgs/include/cartographer_ros_msgs/cartographer_ros_msgs/msg/detail/metric__type_support.hpp\n'}
[2.421422] (cartographer_ros_msgs) StdoutLine: {'line': b'-- Up-to-date: /root/ros2_ws/install/cartographer_ros_msgs/include/cartographer_ros_msgs/cartographer_ros_msgs/msg/detail/submap_list__traits.hpp\n'}
[2.421647] (cartographer_ros_msgs) StdoutLine: {'line': b'-- Up-to-date: /root/ros2_ws/install/cartographer_ros_msgs/include/cartographer_ros_msgs/cartographer_ros_msgs/msg/detail/trajectory_states__traits.hpp\n'}
[2.432003] (cartographer_ros_msgs) StdoutLine: {'line': b'-- Up-to-date: /root/ros2_ws/install/cartographer_ros_msgs/include/cartographer_ros_msgs/cartographer_ros_msgs/msg/detail/status_response__traits.hpp\n'}
[2.432317] (cartographer_ros_msgs) StdoutLine: {'line': b'-- Up-to-date: /root/ros2_ws/install/cartographer_ros_msgs/include/cartographer_ros_msgs/cartographer_ros_msgs/msg/detail/metric__traits.hpp\n'}
[2.432591] (cartographer_ros_msgs) StdoutLine: {'line': b'-- Up-to-date: /root/ros2_ws/install/cartographer_ros_msgs/include/cartographer_ros_msgs/cartographer_ros_msgs/msg/detail/metric_family__struct.hpp\n'}
[2.433107] (cartographer_ros_msgs) StdoutLine: {'line': b'-- Up-to-date: /root/ros2_ws/install/cartographer_ros_msgs/include/cartographer_ros_msgs/cartographer_ros_msgs/msg/detail/submap_list__struct.hpp\n'}
[2.435431] (cartographer_ros_msgs) StdoutLine: {'line': b'-- Up-to-date: /root/ros2_ws/install/cartographer_ros_msgs/include/cartographer_ros_msgs/cartographer_ros_msgs/msg/detail/metric_family__builder.hpp\n'}
[2.440818] (cartographer_ros_msgs) StdoutLine: {'line': b'-- Up-to-date: /root/ros2_ws/install/cartographer_ros_msgs/include/cartographer_ros_msgs/cartographer_ros_msgs/msg/detail/status_code__struct.hpp\n'}
[2.441181] (cartographer_ros_msgs) StdoutLine: {'line': b'-- Up-to-date: /root/ros2_ws/install/cartographer_ros_msgs/include/cartographer_ros_msgs/cartographer_ros_msgs/msg/detail/submap_entry__builder.hpp\n'}
[2.441460] (cartographer_ros_msgs) StdoutLine: {'line': b'-- Up-to-date: /root/ros2_ws/install/cartographer_ros_msgs/include/cartographer_ros_msgs/cartographer_ros_msgs/msg/detail/submap_list__type_support.hpp\n'}
[2.449193] (-) TimerEvent: {}
[2.449628] (cartographer_ros_msgs) StdoutLine: {'line': b'-- Up-to-date: /root/ros2_ws/install/cartographer_ros_msgs/include/cartographer_ros_msgs/cartographer_ros_msgs/msg/detail/status_response__struct.hpp\n'}
[2.450000] (cartographer_ros_msgs) StdoutLine: {'line': b'-- Up-to-date: /root/ros2_ws/install/cartographer_ros_msgs/include/cartographer_ros_msgs/cartographer_ros_msgs/msg/detail/submap_texture__struct.hpp\n'}
[2.450278] (cartographer) StdoutLine: {'line': b'[ 56%] Built target cartographer_print_configuration\n'}
[2.450556] (cartographer_ros_msgs) StdoutLine: {'line': b'-- Up-to-date: /root/ros2_ws/install/cartographer_ros_msgs/include/cartographer_ros_msgs/cartographer_ros_msgs/msg/detail/landmark_list__type_support.hpp\n'}
[2.450855] (cartographer_ros_msgs) StdoutLine: {'line': b'-- Up-to-date: /root/ros2_ws/install/cartographer_ros_msgs/include/cartographer_ros_msgs/cartographer_ros_msgs/msg/detail/histogram_bucket__traits.hpp\n'}
[2.451120] (cartographer_ros_msgs) StdoutLine: {'line': b'-- Up-to-date: /root/ros2_ws/install/cartographer_ros_msgs/include/cartographer_ros_msgs/cartographer_ros_msgs/msg/detail/status_code__type_support.hpp\n'}
[2.451374] (cartographer_ros_msgs) StdoutLine: {'line': b'-- Up-to-date: /root/ros2_ws/install/cartographer_ros_msgs/include/cartographer_ros_msgs/cartographer_ros_msgs/msg/detail/landmark_entry__type_support.hpp\n'}
[2.461453] (cartographer_ros_msgs) StdoutLine: {'line': b'-- Up-to-date: /root/ros2_ws/install/cartographer_ros_msgs/include/cartographer_ros_msgs/cartographer_ros_msgs/msg/detail/metric_label__builder.hpp\n'}
[2.467008] (cartographer_ros_msgs) StdoutLine: {'line': b'-- Up-to-date: /root/ros2_ws/install/cartographer_ros_msgs/include/cartographer_ros_msgs/cartographer_ros_msgs/msg/submap_texture.hpp\n'}
[2.467366] (cartographer_ros_msgs) StdoutLine: {'line': b'-- Up-to-date: /root/ros2_ws/install/cartographer_ros_msgs/include/cartographer_ros_msgs/cartographer_ros_msgs/msg/metric_label.hpp\n'}
[2.467632] (cartographer_ros_msgs) StdoutLine: {'line': b'-- Up-to-date: /root/ros2_ws/install/cartographer_ros_msgs/include/cartographer_ros_msgs/cartographer_ros_msgs\n'}
[2.467919] (cartographer_ros_msgs) StdoutLine: {'line': b'-- Up-to-date: /root/ros2_ws/install/cartographer_ros_msgs/include/cartographer_ros_msgs/cartographer_ros_msgs/srv\n'}
[2.468178] (cartographer_ros_msgs) StdoutLine: {'line': b'-- Up-to-date: /root/ros2_ws/install/cartographer_ros_msgs/include/cartographer_ros_msgs/cartographer_ros_msgs/srv/detail\n'}
[2.468426] (cartographer_ros_msgs) StdoutLine: {'line': b'-- Up-to-date: /root/ros2_ws/install/cartographer_ros_msgs/include/cartographer_ros_msgs/cartographer_ros_msgs/srv/detail/get_trajectory_states__rosidl_typesupport_fastrtps_cpp.hpp\n'}
[2.468736] (cartographer_ros_msgs) StdoutLine: {'line': b'-- Up-to-date: /root/ros2_ws/install/cartographer_ros_msgs/include/cartographer_ros_msgs/cartographer_ros_msgs/srv/detail/read_metrics__rosidl_typesupport_fastrtps_cpp.hpp\n'}
[2.469017] (cartographer_ros_msgs) StdoutLine: {'line': b'-- Up-to-date: /root/ros2_ws/install/cartographer_ros_msgs/include/cartographer_ros_msgs/cartographer_ros_msgs/srv/detail/trajectory_query__rosidl_typesupport_fastrtps_cpp.hpp\n'}
[2.469267] (cartographer_ros_msgs) StdoutLine: {'line': b'-- Up-to-date: /root/ros2_ws/install/cartographer_ros_msgs/include/cartographer_ros_msgs/cartographer_ros_msgs/srv/detail/write_state__rosidl_typesupport_fastrtps_cpp.hpp\n'}
[2.469538] (cartographer_ros_msgs) StdoutLine: {'line': b'-- Up-to-date: /root/ros2_ws/install/cartographer_ros_msgs/include/cartographer_ros_msgs/cartographer_ros_msgs/srv/detail/dds_fastrtps\n'}
[2.481441] (cartographer_ros_msgs) StdoutLine: {'line': b'-- Up-to-date: /root/ros2_ws/install/cartographer_ros_msgs/include/cartographer_ros_msgs/cartographer_ros_msgs/srv/detail/finish_trajectory__rosidl_typesupport_fastrtps_cpp.hpp\n'}
[2.481821] (cartographer_ros_msgs) StdoutLine: {'line': b'-- Up-to-date: /root/ros2_ws/install/cartographer_ros_msgs/include/cartographer_ros_msgs/cartographer_ros_msgs/srv/detail/submap_query__rosidl_typesupport_fastrtps_cpp.hpp\n'}
[2.482117] (cartographer_ros_msgs) StdoutLine: {'line': b'-- Up-to-date: /root/ros2_ws/install/cartographer_ros_msgs/include/cartographer_ros_msgs/cartographer_ros_msgs/srv/detail/start_trajectory__rosidl_typesupport_fastrtps_cpp.hpp\n'}
[2.482357] (cartographer_ros_msgs) StdoutLine: {'line': b'-- Up-to-date: /root/ros2_ws/install/cartographer_ros_msgs/include/cartographer_ros_msgs/cartographer_ros_msgs/msg\n'}
[2.482588] (cartographer_ros_msgs) StdoutLine: {'line': b'-- Up-to-date: /root/ros2_ws/install/cartographer_ros_msgs/include/cartographer_ros_msgs/cartographer_ros_msgs/msg/rosidl_typesupport_fastrtps_cpp__visibility_control.h\n'}
[2.482856] (cartographer_ros_msgs) StdoutLine: {'line': b'-- Up-to-date: /root/ros2_ws/install/cartographer_ros_msgs/include/cartographer_ros_msgs/cartographer_ros_msgs/msg/detail\n'}
[2.483090] (cartographer_ros_msgs) StdoutLine: {'line': b'-- Up-to-date: /root/ros2_ws/install/cartographer_ros_msgs/include/cartographer_ros_msgs/cartographer_ros_msgs/msg/detail/status_code__rosidl_typesupport_fastrtps_cpp.hpp\n'}
[2.488128] (cartographer_ros_msgs) StdoutLine: {'line': b'-- Up-to-date: /root/ros2_ws/install/cartographer_ros_msgs/include/cartographer_ros_msgs/cartographer_ros_msgs/msg/detail/metric_family__rosidl_typesupport_fastrtps_cpp.hpp\n'}
[2.488396] (cartographer_ros_msgs) StdoutLine: {'line': b'-- Up-to-date: /root/ros2_ws/install/cartographer_ros_msgs/include/cartographer_ros_msgs/cartographer_ros_msgs/msg/detail/submap_entry__rosidl_typesupport_fastrtps_cpp.hpp\n'}
[2.488615] (cartographer_ros_msgs) StdoutLine: {'line': b'-- Up-to-date: /root/ros2_ws/install/cartographer_ros_msgs/include/cartographer_ros_msgs/cartographer_ros_msgs/msg/detail/status_response__rosidl_typesupport_fastrtps_cpp.hpp\n'}
[2.493718] (cartographer_ros_msgs) StdoutLine: {'line': b'-- Up-to-date: /root/ros2_ws/install/cartographer_ros_msgs/include/cartographer_ros_msgs/cartographer_ros_msgs/msg/detail/bagfile_progress__rosidl_typesupport_fastrtps_cpp.hpp\n'}
[2.494025] (cartographer_ros_msgs) StdoutLine: {'line': b'-- Up-to-date: /root/ros2_ws/install/cartographer_ros_msgs/include/cartographer_ros_msgs/cartographer_ros_msgs/msg/detail/submap_texture__rosidl_typesupport_fastrtps_cpp.hpp\n'}
[2.494266] (cartographer_ros_msgs) StdoutLine: {'line': b'-- Up-to-date: /root/ros2_ws/install/cartographer_ros_msgs/include/cartographer_ros_msgs/cartographer_ros_msgs/msg/detail/metric_label__rosidl_typesupport_fastrtps_cpp.hpp\n'}
[2.494499] (cartographer_ros_msgs) StdoutLine: {'line': b'-- Up-to-date: /root/ros2_ws/install/cartographer_ros_msgs/include/cartographer_ros_msgs/cartographer_ros_msgs/msg/detail/histogram_bucket__rosidl_typesupport_fastrtps_cpp.hpp\n'}
[2.494731] (cartographer_ros_msgs) StdoutLine: {'line': b'-- Up-to-date: /root/ros2_ws/install/cartographer_ros_msgs/include/cartographer_ros_msgs/cartographer_ros_msgs/msg/detail/dds_fastrtps\n'}
[2.494981] (cartographer_ros_msgs) StdoutLine: {'line': b'-- Up-to-date: /root/ros2_ws/install/cartographer_ros_msgs/include/cartographer_ros_msgs/cartographer_ros_msgs/msg/detail/metric__rosidl_typesupport_fastrtps_cpp.hpp\n'}
[2.495199] (cartographer_ros_msgs) StdoutLine: {'line': b'-- Up-to-date: /root/ros2_ws/install/cartographer_ros_msgs/include/cartographer_ros_msgs/cartographer_ros_msgs/msg/detail/submap_list__rosidl_typesupport_fastrtps_cpp.hpp\n'}
[2.495445] (cartographer_ros_msgs) StdoutLine: {'line': b'-- Up-to-date: /root/ros2_ws/install/cartographer_ros_msgs/include/cartographer_ros_msgs/cartographer_ros_msgs/msg/detail/trajectory_states__rosidl_typesupport_fastrtps_cpp.hpp\n'}
[2.495681] (cartographer_ros_msgs) StdoutLine: {'line': b'-- Up-to-date: /root/ros2_ws/install/cartographer_ros_msgs/include/cartographer_ros_msgs/cartographer_ros_msgs/msg/detail/landmark_entry__rosidl_typesupport_fastrtps_cpp.hpp\n'}
[2.500770] (cartographer_ros_msgs) StdoutLine: {'line': b'-- Up-to-date: /root/ros2_ws/install/cartographer_ros_msgs/include/cartographer_ros_msgs/cartographer_ros_msgs/msg/detail/landmark_list__rosidl_typesupport_fastrtps_cpp.hpp\n'}
[2.501715] (cartographer_ros_msgs) StdoutLine: {'line': b'-- Up-to-date: /root/ros2_ws/install/cartographer_ros_msgs/lib/libcartographer_ros_msgs__rosidl_typesupport_fastrtps_cpp.so\n'}
[2.502814] (cartographer_ros_msgs) StdoutLine: {'line': b'-- Up-to-date: /root/ros2_ws/install/cartographer_ros_msgs/include/cartographer_ros_msgs/cartographer_ros_msgs\n'}
[2.503203] (cartographer_ros_msgs) StdoutLine: {'line': b'-- Up-to-date: /root/ros2_ws/install/cartographer_ros_msgs/include/cartographer_ros_msgs/cartographer_ros_msgs/srv\n'}
[2.503470] (cartographer_ros_msgs) StdoutLine: {'line': b'-- Up-to-date: /root/ros2_ws/install/cartographer_ros_msgs/include/cartographer_ros_msgs/cartographer_ros_msgs/srv/detail\n'}
[2.503751] (cartographer_ros_msgs) StdoutLine: {'line': b'-- Up-to-date: /root/ros2_ws/install/cartographer_ros_msgs/include/cartographer_ros_msgs/cartographer_ros_msgs/srv/detail/read_metrics__rosidl_typesupport_introspection_cpp.hpp\n'}
[2.507313] (cartographer_ros_msgs) StdoutLine: {'line': b'-- Up-to-date: /root/ros2_ws/install/cartographer_ros_msgs/include/cartographer_ros_msgs/cartographer_ros_msgs/srv/detail/trajectory_query__rosidl_typesupport_introspection_cpp.hpp\n'}
[2.507929] (cartographer_ros_msgs) StdoutLine: {'line': b'-- Up-to-date: /root/ros2_ws/install/cartographer_ros_msgs/include/cartographer_ros_msgs/cartographer_ros_msgs/srv/detail/get_trajectory_states__rosidl_typesupport_introspection_cpp.hpp\n'}
[2.508501] (cartographer_ros_msgs) StdoutLine: {'line': b'-- Up-to-date: /root/ros2_ws/install/cartographer_ros_msgs/include/cartographer_ros_msgs/cartographer_ros_msgs/srv/detail/finish_trajectory__rosidl_typesupport_introspection_cpp.hpp\n'}
[2.509535] (cartographer_ros_msgs) StdoutLine: {'line': b'-- Up-to-date: /root/ros2_ws/install/cartographer_ros_msgs/include/cartographer_ros_msgs/cartographer_ros_msgs/srv/detail/start_trajectory__type_support.cpp\n'}
[2.509842] (cartographer_ros_msgs) StdoutLine: {'line': b'-- Up-to-date: /root/ros2_ws/install/cartographer_ros_msgs/include/cartographer_ros_msgs/cartographer_ros_msgs/srv/detail/write_state__rosidl_typesupport_introspection_cpp.hpp\n'}
[2.510090] (cartographer_ros_msgs) StdoutLine: {'line': b'-- Up-to-date: /root/ros2_ws/install/cartographer_ros_msgs/include/cartographer_ros_msgs/cartographer_ros_msgs/srv/detail/start_trajectory__rosidl_typesupport_introspection_cpp.hpp\n'}
[2.510308] (cartographer_ros_msgs) StdoutLine: {'line': b'-- Up-to-date: /root/ros2_ws/install/cartographer_ros_msgs/include/cartographer_ros_msgs/cartographer_ros_msgs/srv/detail/finish_trajectory__type_support.cpp\n'}
[2.510543] (cartographer_ros_msgs) StdoutLine: {'line': b'-- Up-to-date: /root/ros2_ws/install/cartographer_ros_msgs/include/cartographer_ros_msgs/cartographer_ros_msgs/srv/detail/submap_query__rosidl_typesupport_introspection_cpp.hpp\n'}
[2.510818] (cartographer_ros_msgs) StdoutLine: {'line': b'-- Up-to-date: /root/ros2_ws/install/cartographer_ros_msgs/include/cartographer_ros_msgs/cartographer_ros_msgs/srv/detail/trajectory_query__type_support.cpp\n'}
[2.511076] (cartographer_ros_msgs) StdoutLine: {'line': b'-- Up-to-date: /root/ros2_ws/install/cartographer_ros_msgs/include/cartographer_ros_msgs/cartographer_ros_msgs/srv/detail/write_state__type_support.cpp\n'}
[2.511338] (cartographer_ros_msgs) StdoutLine: {'line': b'-- Up-to-date: /root/ros2_ws/install/cartographer_ros_msgs/include/cartographer_ros_msgs/cartographer_ros_msgs/srv/detail/get_trajectory_states__type_support.cpp\n'}
[2.511567] (cartographer_ros_msgs) StdoutLine: {'line': b'-- Up-to-date: /root/ros2_ws/install/cartographer_ros_msgs/include/cartographer_ros_msgs/cartographer_ros_msgs/srv/detail/read_metrics__type_support.cpp\n'}
[2.511842] (cartographer_ros_msgs) StdoutLine: {'line': b'-- Up-to-date: /root/ros2_ws/install/cartographer_ros_msgs/include/cartographer_ros_msgs/cartographer_ros_msgs/srv/detail/submap_query__type_support.cpp\n'}
[2.512054] (cartographer_ros_msgs) StdoutLine: {'line': b'-- Up-to-date: /root/ros2_ws/install/cartographer_ros_msgs/include/cartographer_ros_msgs/cartographer_ros_msgs/msg\n'}
[2.512295] (cartographer_ros_msgs) StdoutLine: {'line': b'-- Up-to-date: /root/ros2_ws/install/cartographer_ros_msgs/include/cartographer_ros_msgs/cartographer_ros_msgs/msg/detail\n'}
[2.512505] (cartographer_ros_msgs) StdoutLine: {'line': b'-- Up-to-date: /root/ros2_ws/install/cartographer_ros_msgs/include/cartographer_ros_msgs/cartographer_ros_msgs/msg/detail/metric__type_support.cpp\n'}
[2.517882] (cartographer_ros_msgs) StdoutLine: {'line': b'-- Up-to-date: /root/ros2_ws/install/cartographer_ros_msgs/include/cartographer_ros_msgs/cartographer_ros_msgs/msg/detail/landmark_list__rosidl_typesupport_introspection_cpp.hpp\n'}
[2.518247] (cartographer_ros_msgs) StdoutLine: {'line': b'-- Up-to-date: /root/ros2_ws/install/cartographer_ros_msgs/include/cartographer_ros_msgs/cartographer_ros_msgs/msg/detail/submap_list__type_support.cpp\n'}
[2.518511] (cartographer_ros_msgs) StdoutLine: {'line': b'-- Up-to-date: /root/ros2_ws/install/cartographer_ros_msgs/include/cartographer_ros_msgs/cartographer_ros_msgs/msg/detail/trajectory_states__type_support.cpp\n'}
[2.521936] (cartographer_ros_msgs) StdoutLine: {'line': b'-- Up-to-date: /root/ros2_ws/install/cartographer_ros_msgs/include/cartographer_ros_msgs/cartographer_ros_msgs/msg/detail/submap_entry__type_support.cpp\n'}
[2.522344] (cartographer_ros_msgs) StdoutLine: {'line': b'-- Up-to-date: /root/ros2_ws/install/cartographer_ros_msgs/include/cartographer_ros_msgs/cartographer_ros_msgs/msg/detail/bagfile_progress__type_support.cpp\n'}
[2.522594] (cartographer_ros_msgs) StdoutLine: {'line': b'-- Up-to-date: /root/ros2_ws/install/cartographer_ros_msgs/include/cartographer_ros_msgs/cartographer_ros_msgs/msg/detail/metric_family__rosidl_typesupport_introspection_cpp.hpp\n'}
[2.522869] (cartographer_ros_msgs) StdoutLine: {'line': b'-- Up-to-date: /root/ros2_ws/install/cartographer_ros_msgs/include/cartographer_ros_msgs/cartographer_ros_msgs/msg/detail/metric_label__rosidl_typesupport_introspection_cpp.hpp\n'}
[2.523166] (cartographer_ros_msgs) StdoutLine: {'line': b'-- Up-to-date: /root/ros2_ws/install/cartographer_ros_msgs/include/cartographer_ros_msgs/cartographer_ros_msgs/msg/detail/submap_list__rosidl_typesupport_introspection_cpp.hpp\n'}
[2.523448] (cartographer_ros_msgs) StdoutLine: {'line': b'-- Up-to-date: /root/ros2_ws/install/cartographer_ros_msgs/include/cartographer_ros_msgs/cartographer_ros_msgs/msg/detail/submap_texture__type_support.cpp\n'}
[2.523692] (cartographer_ros_msgs) StdoutLine: {'line': b'-- Up-to-date: /root/ros2_ws/install/cartographer_ros_msgs/include/cartographer_ros_msgs/cartographer_ros_msgs/msg/detail/histogram_bucket__type_support.cpp\n'}
[2.523920] (cartographer_ros_msgs) StdoutLine: {'line': b'-- Up-to-date: /root/ros2_ws/install/cartographer_ros_msgs/include/cartographer_ros_msgs/cartographer_ros_msgs/msg/detail/status_response__type_support.cpp\n'}
[2.524161] (cartographer_ros_msgs) StdoutLine: {'line': b'-- Up-to-date: /root/ros2_ws/install/cartographer_ros_msgs/include/cartographer_ros_msgs/cartographer_ros_msgs/msg/detail/metric_label__type_support.cpp\n'}
[2.525021] (cartographer_ros_msgs) StdoutLine: {'line': b'-- Up-to-date: /root/ros2_ws/install/cartographer_ros_msgs/include/cartographer_ros_msgs/cartographer_ros_msgs/msg/detail/metric__rosidl_typesupport_introspection_cpp.hpp\n'}
[2.525359] (cartographer_ros_msgs) StdoutLine: {'line': b'-- Up-to-date: /root/ros2_ws/install/cartographer_ros_msgs/include/cartographer_ros_msgs/cartographer_ros_msgs/msg/detail/landmark_list__type_support.cpp\n'}
[2.525628] (cartographer_ros_msgs) StdoutLine: {'line': b'-- Up-to-date: /root/ros2_ws/install/cartographer_ros_msgs/include/cartographer_ros_msgs/cartographer_ros_msgs/msg/detail/histogram_bucket__rosidl_typesupport_introspection_cpp.hpp\n'}
[2.525949] (cartographer_ros_msgs) StdoutLine: {'line': b'-- Up-to-date: /root/ros2_ws/install/cartographer_ros_msgs/include/cartographer_ros_msgs/cartographer_ros_msgs/msg/detail/bagfile_progress__rosidl_typesupport_introspection_cpp.hpp\n'}
[2.526289] (cartographer_ros_msgs) StdoutLine: {'line': b'-- Up-to-date: /root/ros2_ws/install/cartographer_ros_msgs/include/cartographer_ros_msgs/cartographer_ros_msgs/msg/detail/landmark_entry__type_support.cpp\n'}
[2.526587] (cartographer_ros_msgs) StdoutLine: {'line': b'-- Up-to-date: /root/ros2_ws/install/cartographer_ros_msgs/include/cartographer_ros_msgs/cartographer_ros_msgs/msg/detail/status_response__rosidl_typesupport_introspection_cpp.hpp\n'}
[2.526913] (cartographer_ros_msgs) StdoutLine: {'line': b'-- Up-to-date: /root/ros2_ws/install/cartographer_ros_msgs/include/cartographer_ros_msgs/cartographer_ros_msgs/msg/detail/status_code__type_support.cpp\n'}
[2.527189] (cartographer_ros_msgs) StdoutLine: {'line': b'-- Up-to-date: /root/ros2_ws/install/cartographer_ros_msgs/include/cartographer_ros_msgs/cartographer_ros_msgs/msg/detail/metric_family__type_support.cpp\n'}
[2.527417] (cartographer_ros_msgs) StdoutLine: {'line': b'-- Up-to-date: /root/ros2_ws/install/cartographer_ros_msgs/include/cartographer_ros_msgs/cartographer_ros_msgs/msg/detail/status_code__rosidl_typesupport_introspection_cpp.hpp\n'}
[2.527641] (cartographer_ros_msgs) StdoutLine: {'line': b'-- Up-to-date: /root/ros2_ws/install/cartographer_ros_msgs/include/cartographer_ros_msgs/cartographer_ros_msgs/msg/detail/trajectory_states__rosidl_typesupport_introspection_cpp.hpp\n'}
[2.527890] (cartographer_ros_msgs) StdoutLine: {'line': b'-- Up-to-date: /root/ros2_ws/install/cartographer_ros_msgs/include/cartographer_ros_msgs/cartographer_ros_msgs/msg/detail/submap_entry__rosidl_typesupport_introspection_cpp.hpp\n'}
[2.528108] (cartographer_ros_msgs) StdoutLine: {'line': b'-- Up-to-date: /root/ros2_ws/install/cartographer_ros_msgs/include/cartographer_ros_msgs/cartographer_ros_msgs/msg/detail/submap_texture__rosidl_typesupport_introspection_cpp.hpp\n'}
[2.528320] (cartographer_ros_msgs) StdoutLine: {'line': b'-- Up-to-date: /root/ros2_ws/install/cartographer_ros_msgs/include/cartographer_ros_msgs/cartographer_ros_msgs/msg/detail/landmark_entry__rosidl_typesupport_introspection_cpp.hpp\n'}
[2.528531] (cartographer_ros_msgs) StdoutLine: {'line': b'-- Up-to-date: /root/ros2_ws/install/cartographer_ros_msgs/lib/libcartographer_ros_msgs__rosidl_typesupport_introspection_cpp.so\n'}
[2.534179] (cartographer_ros_msgs) StdoutLine: {'line': b'-- Up-to-date: /root/ros2_ws/install/cartographer_ros_msgs/lib/libcartographer_ros_msgs__rosidl_typesupport_cpp.so\n'}
[2.534684] (cartographer_ros_msgs) StdoutLine: {'line': b'-- Up-to-date: /root/ros2_ws/install/cartographer_ros_msgs/share/cartographer_ros_msgs/environment/pythonpath.sh\n'}
[2.535031] (cartographer_ros_msgs) StdoutLine: {'line': b'-- Up-to-date: /root/ros2_ws/install/cartographer_ros_msgs/share/cartographer_ros_msgs/environment/pythonpath.dsv\n'}
[2.535297] (cartographer_ros_msgs) StdoutLine: {'line': b'-- Up-to-date: /root/ros2_ws/install/cartographer_ros_msgs/local/lib/python3.10/dist-packages/cartographer_ros_msgs-2.0.9003-py3.10.egg-info\n'}
[2.535544] (cartographer_ros_msgs) StdoutLine: {'line': b'-- Installing: /root/ros2_ws/install/cartographer_ros_msgs/local/lib/python3.10/dist-packages/cartographer_ros_msgs-2.0.9003-py3.10.egg-info/top_level.txt\n'}
[2.535870] (cartographer_ros_msgs) StdoutLine: {'line': b'-- Installing: /root/ros2_ws/install/cartographer_ros_msgs/local/lib/python3.10/dist-packages/cartographer_ros_msgs-2.0.9003-py3.10.egg-info/SOURCES.txt\n'}
[2.536136] (cartographer_ros_msgs) StdoutLine: {'line': b'-- Installing: /root/ros2_ws/install/cartographer_ros_msgs/local/lib/python3.10/dist-packages/cartographer_ros_msgs-2.0.9003-py3.10.egg-info/PKG-INFO\n'}
[2.536359] (cartographer_ros_msgs) StdoutLine: {'line': b'-- Installing: /root/ros2_ws/install/cartographer_ros_msgs/local/lib/python3.10/dist-packages/cartographer_ros_msgs-2.0.9003-py3.10.egg-info/dependency_links.txt\n'}
[2.536592] (cartographer_ros_msgs) StdoutLine: {'line': b'-- Up-to-date: /root/ros2_ws/install/cartographer_ros_msgs/local/lib/python3.10/dist-packages/cartographer_ros_msgs\n'}
[2.536857] (cartographer_ros_msgs) StdoutLine: {'line': b'-- Up-to-date: /root/ros2_ws/install/cartographer_ros_msgs/local/lib/python3.10/dist-packages/cartographer_ros_msgs/libcartographer_ros_msgs__rosidl_generator_py.so\n'}
[2.541231] (cartographer_ros_msgs) StdoutLine: {'line': b'-- Up-to-date: /root/ros2_ws/install/cartographer_ros_msgs/local/lib/python3.10/dist-packages/cartographer_ros_msgs/cartographer_ros_msgs_s__rosidl_typesupport_fastrtps_c.cpython-310-x86_64-linux-gnu.so\n'}
[2.541588] (cartographer_ros_msgs) StdoutLine: {'line': b'-- Up-to-date: /root/ros2_ws/install/cartographer_ros_msgs/local/lib/python3.10/dist-packages/cartographer_ros_msgs/_cartographer_ros_msgs_s.ep.rosidl_typesupport_c.c\n'}
[2.542176] (cartographer_ros_msgs) StdoutLine: {'line': b'-- Up-to-date: /root/ros2_ws/install/cartographer_ros_msgs/local/lib/python3.10/dist-packages/cartographer_ros_msgs/_cartographer_ros_msgs_s.ep.rosidl_typesupport_introspection_c.c\n'}
[2.542432] (cartographer_ros_msgs) StdoutLine: {'line': b'-- Up-to-date: /root/ros2_ws/install/cartographer_ros_msgs/local/lib/python3.10/dist-packages/cartographer_ros_msgs/cartographer_ros_msgs_s__rosidl_typesupport_c.cpython-310-x86_64-linux-gnu.so\n'}
[2.542698] (cartographer_ros_msgs) StdoutLine: {'line': b'-- Up-to-date: /root/ros2_ws/install/cartographer_ros_msgs/local/lib/python3.10/dist-packages/cartographer_ros_msgs/cartographer_ros_msgs_s__rosidl_typesupport_introspection_c.cpython-310-x86_64-linux-gnu.so\n'}
[2.546699] (cartographer_ros_msgs) StdoutLine: {'line': b'-- Up-to-date: /root/ros2_ws/install/cartographer_ros_msgs/local/lib/python3.10/dist-packages/cartographer_ros_msgs/srv\n'}
[2.547338] (cartographer_ros_msgs) StdoutLine: {'line': b'-- Up-to-date: /root/ros2_ws/install/cartographer_ros_msgs/local/lib/python3.10/dist-packages/cartographer_ros_msgs/srv/_write_state.py\n'}
[2.547593] (cartographer_ros_msgs) StdoutLine: {'line': b'-- Up-to-date: /root/ros2_ws/install/cartographer_ros_msgs/local/lib/python3.10/dist-packages/cartographer_ros_msgs/srv/_start_trajectory_s.c\n'}
[2.547840] (cartographer_ros_msgs) StdoutLine: {'line': b'-- Up-to-date: /root/ros2_ws/install/cartographer_ros_msgs/local/lib/python3.10/dist-packages/cartographer_ros_msgs/srv/_submap_query.py\n'}
[2.548046] (cartographer_ros_msgs) StdoutLine: {'line': b'-- Up-to-date: /root/ros2_ws/install/cartographer_ros_msgs/local/lib/python3.10/dist-packages/cartographer_ros_msgs/srv/_read_metrics_s.c\n'}
[2.548274] (cartographer_ros_msgs) StdoutLine: {'line': b'-- Up-to-date: /root/ros2_ws/install/cartographer_ros_msgs/local/lib/python3.10/dist-packages/cartographer_ros_msgs/srv/_finish_trajectory.py\n'}
[2.548506] (cartographer_ros_msgs) StdoutLine: {'line': b'-- Up-to-date: /root/ros2_ws/install/cartographer_ros_msgs/local/lib/python3.10/dist-packages/cartographer_ros_msgs/srv/_finish_trajectory_s.c\n'}
[2.548760] (cartographer) StdoutLine: {'line': b'[ 57%] Built target cartographer_autogenerate_ground_truth\n'}
[2.549350] (-) TimerEvent: {}
[2.550118] (cartographer_ros_msgs) StdoutLine: {'line': b'-- Up-to-date: /root/ros2_ws/install/cartographer_ros_msgs/local/lib/python3.10/dist-packages/cartographer_ros_msgs/srv/_get_trajectory_states_s.c\n'}
[2.550484] (cartographer_ros_msgs) StdoutLine: {'line': b'-- Up-to-date: /root/ros2_ws/install/cartographer_ros_msgs/local/lib/python3.10/dist-packages/cartographer_ros_msgs/srv/_get_trajectory_states.py\n'}
[2.550770] (cartographer_ros_msgs) StdoutLine: {'line': b'-- Up-to-date: /root/ros2_ws/install/cartographer_ros_msgs/local/lib/python3.10/dist-packages/cartographer_ros_msgs/srv/__init__.py\n'}
[2.550998] (cartographer_ros_msgs) StdoutLine: {'line': b'-- Up-to-date: /root/ros2_ws/install/cartographer_ros_msgs/local/lib/python3.10/dist-packages/cartographer_ros_msgs/srv/_write_state_s.c\n'}
[2.553450] (cartographer_ros_msgs) StdoutLine: {'line': b'-- Up-to-date: /root/ros2_ws/install/cartographer_ros_msgs/local/lib/python3.10/dist-packages/cartographer_ros_msgs/srv/_read_metrics.py\n'}
[2.553794] (cartographer_ros_msgs) StdoutLine: {'line': b'-- Up-to-date: /root/ros2_ws/install/cartographer_ros_msgs/local/lib/python3.10/dist-packages/cartographer_ros_msgs/srv/_trajectory_query_s.c\n'}
[2.554053] (cartographer_ros_msgs) StdoutLine: {'line': b'-- Up-to-date: /root/ros2_ws/install/cartographer_ros_msgs/local/lib/python3.10/dist-packages/cartographer_ros_msgs/srv/_start_trajectory.py\n'}
[2.554288] (cartographer_ros_msgs) StdoutLine: {'line': b'-- Up-to-date: /root/ros2_ws/install/cartographer_ros_msgs/local/lib/python3.10/dist-packages/cartographer_ros_msgs/srv/_trajectory_query.py\n'}
[2.554517] (cartographer_ros_msgs) StdoutLine: {'line': b'-- Up-to-date: /root/ros2_ws/install/cartographer_ros_msgs/local/lib/python3.10/dist-packages/cartographer_ros_msgs/srv/_submap_query_s.c\n'}
[2.554784] (cartographer_ros_msgs) StdoutLine: {'line': b'-- Up-to-date: /root/ros2_ws/install/cartographer_ros_msgs/local/lib/python3.10/dist-packages/cartographer_ros_msgs/msg\n'}
[2.555016] (cartographer_ros_msgs) StdoutLine: {'line': b'-- Up-to-date: /root/ros2_ws/install/cartographer_ros_msgs/local/lib/python3.10/dist-packages/cartographer_ros_msgs/msg/_submap_texture_s.c\n'}
[2.555243] (cartographer_ros_msgs) StdoutLine: {'line': b'-- Up-to-date: /root/ros2_ws/install/cartographer_ros_msgs/local/lib/python3.10/dist-packages/cartographer_ros_msgs/msg/_submap_texture.py\n'}
[2.555476] (cartographer_ros_msgs) StdoutLine: {'line': b'-- Up-to-date: /root/ros2_ws/install/cartographer_ros_msgs/local/lib/python3.10/dist-packages/cartographer_ros_msgs/msg/_metric.py\n'}
[2.555697] (cartographer_ros_msgs) StdoutLine: {'line': b'-- Up-to-date: /root/ros2_ws/install/cartographer_ros_msgs/local/lib/python3.10/dist-packages/cartographer_ros_msgs/msg/_status_code.py\n'}
[2.555943] (cartographer_ros_msgs) StdoutLine: {'line': b'-- Up-to-date: /root/ros2_ws/install/cartographer_ros_msgs/local/lib/python3.10/dist-packages/cartographer_ros_msgs/msg/_bagfile_progress.py\n'}
[2.556178] (cartographer_ros_msgs) StdoutLine: {'line': b'-- Up-to-date: /root/ros2_ws/install/cartographer_ros_msgs/local/lib/python3.10/dist-packages/cartographer_ros_msgs/msg/_landmark_entry.py\n'}
[2.556421] (cartographer_ros_msgs) StdoutLine: {'line': b'-- Up-to-date: /root/ros2_ws/install/cartographer_ros_msgs/local/lib/python3.10/dist-packages/cartographer_ros_msgs/msg/_trajectory_states.py\n'}
[2.561085] (cartographer_ros_msgs) StdoutLine: {'line': b'-- Up-to-date: /root/ros2_ws/install/cartographer_ros_msgs/local/lib/python3.10/dist-packages/cartographer_ros_msgs/msg/_bagfile_progress_s.c\n'}
[2.561511] (cartographer_ros_msgs) StdoutLine: {'line': b'-- Up-to-date: /root/ros2_ws/install/cartographer_ros_msgs/local/lib/python3.10/dist-packages/cartographer_ros_msgs/msg/_status_code_s.c\n'}
[2.561794] (cartographer_ros_msgs) StdoutLine: {'line': b'-- Up-to-date: /root/ros2_ws/install/cartographer_ros_msgs/local/lib/python3.10/dist-packages/cartographer_ros_msgs/msg/_submap_entry_s.c\n'}
[2.562051] (cartographer_ros_msgs) StdoutLine: {'line': b'-- Up-to-date: /root/ros2_ws/install/cartographer_ros_msgs/local/lib/python3.10/dist-packages/cartographer_ros_msgs/msg/_landmark_list.py\n'}
[2.562278] (cartographer_ros_msgs) StdoutLine: {'line': b'-- Up-to-date: /root/ros2_ws/install/cartographer_ros_msgs/local/lib/python3.10/dist-packages/cartographer_ros_msgs/msg/_metric_label_s.c\n'}
[2.562579] (cartographer_ros_msgs) StdoutLine: {'line': b'-- Up-to-date: /root/ros2_ws/install/cartographer_ros_msgs/local/lib/python3.10/dist-packages/cartographer_ros_msgs/msg/__init__.py\n'}
[2.562847] (cartographer_ros_msgs) StdoutLine: {'line': b'-- Up-to-date: /root/ros2_ws/install/cartographer_ros_msgs/local/lib/python3.10/dist-packages/cartographer_ros_msgs/msg/_metric_family_s.c\n'}
[2.563079] (cartographer_ros_msgs) StdoutLine: {'line': b'-- Up-to-date: /root/ros2_ws/install/cartographer_ros_msgs/local/lib/python3.10/dist-packages/cartographer_ros_msgs/msg/_submap_entry.py\n'}
[2.563297] (cartographer_ros_msgs) StdoutLine: {'line': b'-- Up-to-date: /root/ros2_ws/install/cartographer_ros_msgs/local/lib/python3.10/dist-packages/cartographer_ros_msgs/msg/_submap_list_s.c\n'}
[2.563990] (cartographer_ros_msgs) StdoutLine: {'line': b'-- Up-to-date: /root/ros2_ws/install/cartographer_ros_msgs/local/lib/python3.10/dist-packages/cartographer_ros_msgs/msg/_histogram_bucket_s.c\n'}
[2.564261] (cartographer_ros_msgs) StdoutLine: {'line': b'-- Up-to-date: /root/ros2_ws/install/cartographer_ros_msgs/local/lib/python3.10/dist-packages/cartographer_ros_msgs/msg/_submap_list.py\n'}
[2.564512] (cartographer_ros_msgs) StdoutLine: {'line': b'-- Up-to-date: /root/ros2_ws/install/cartographer_ros_msgs/local/lib/python3.10/dist-packages/cartographer_ros_msgs/msg/_metric_s.c\n'}
[2.566143] (cartographer_ros_msgs) StdoutLine: {'line': b'-- Up-to-date: /root/ros2_ws/install/cartographer_ros_msgs/local/lib/python3.10/dist-packages/cartographer_ros_msgs/msg/_histogram_bucket.py\n'}
[2.568865] (cartographer_ros_msgs) StdoutLine: {'line': b'-- Up-to-date: /root/ros2_ws/install/cartographer_ros_msgs/local/lib/python3.10/dist-packages/cartographer_ros_msgs/msg/_landmark_entry_s.c\n'}
[2.569209] (cartographer_ros_msgs) StdoutLine: {'line': b'-- Up-to-date: /root/ros2_ws/install/cartographer_ros_msgs/local/lib/python3.10/dist-packages/cartographer_ros_msgs/msg/_metric_label.py\n'}
[2.569487] (cartographer_ros_msgs) StdoutLine: {'line': b'-- Up-to-date: /root/ros2_ws/install/cartographer_ros_msgs/local/lib/python3.10/dist-packages/cartographer_ros_msgs/msg/_status_response_s.c\n'}
[2.569780] (cartographer_ros_msgs) StdoutLine: {'line': b'-- Up-to-date: /root/ros2_ws/install/cartographer_ros_msgs/local/lib/python3.10/dist-packages/cartographer_ros_msgs/msg/_status_response.py\n'}
[2.570067] (cartographer_ros_msgs) StdoutLine: {'line': b'-- Up-to-date: /root/ros2_ws/install/cartographer_ros_msgs/local/lib/python3.10/dist-packages/cartographer_ros_msgs/msg/_landmark_list_s.c\n'}
[2.570321] (cartographer_ros_msgs) StdoutLine: {'line': b'-- Up-to-date: /root/ros2_ws/install/cartographer_ros_msgs/local/lib/python3.10/dist-packages/cartographer_ros_msgs/msg/_metric_family.py\n'}
[2.570571] (cartographer_ros_msgs) StdoutLine: {'line': b'-- Up-to-date: /root/ros2_ws/install/cartographer_ros_msgs/local/lib/python3.10/dist-packages/cartographer_ros_msgs/msg/_trajectory_states_s.c\n'}
[2.575076] (cartographer_ros_msgs) StdoutLine: {'line': b'-- Up-to-date: /root/ros2_ws/install/cartographer_ros_msgs/local/lib/python3.10/dist-packages/cartographer_ros_msgs/_cartographer_ros_msgs_s.ep.rosidl_typesupport_fastrtps_c.c\n'}
[2.575467] (cartographer_ros_msgs) StdoutLine: {'line': b'-- Up-to-date: /root/ros2_ws/install/cartographer_ros_msgs/local/lib/python3.10/dist-packages/cartographer_ros_msgs/__init__.py\n'}
[2.575812] (car_launch) StdoutLine: {'line': b'-- Check for working CXX compiler: /usr/bin/c++ - skipped\n'}
[2.576119] (car_launch) StdoutLine: {'line': b'-- Detecting CXX compile features\n'}
[2.576384] (car_launch) StdoutLine: {'line': b'-- Detecting CXX compile features - done\n'}
[2.576631] (cartographer) StdoutLine: {'line': b'[ 58%] Built target cartographer_test_library\n'}
[2.583802] (car_launch) StdoutLine: {'line': b'-- Found ament_cmake: 1.3.11 (/opt/ros/humble/share/ament_cmake/cmake)\n'}
[2.584131] (rplidar_ros) JobEnded: {'identifier': 'rplidar_ros', 'rc': 0}
[2.592558] (cartographer) StdoutLine: {'line': b'[ 58%] Built target cartographer.common.lua_parameter_dictionary_test\n'}
[2.592946] (cartographer) StdoutLine: {'line': b'[ 58%] Built target cartographer.common.task_test\n'}
[2.593227] (cartographer) StdoutLine: {'line': b'[ 59%] Built target cartographer.common.internal.rate_timer_test\n'}
[2.597171] (cartographer) StdoutLine: {'line': b'[ 60%] Built target cartographer.common.fixed_ratio_sampler_test\n'}
[2.597417] (cartographer) StdoutLine: {'line': b'[ 61%] Built target cartographer.common.math_test\n'}
[2.597640] (cartographer) StdoutLine: {'line': b'[ 61%] Built target cartographer.common.internal.blocking_queue_test\n'}
[2.598522] (cartographer) StdoutLine: {'line': b'[ 61%] Built target cartographer.common.configuration_files_test\n'}
[2.598821] (cartographer_ros_msgs) StdoutLine: {'line': b"Listing '/root/ros2_ws/install/cartographer_ros_msgs/local/lib/python3.10/dist-packages/cartographer_ros_msgs'...\n"}
[2.601905] (cartographer_ros_msgs) StdoutLine: {'line': b"Listing '/root/ros2_ws/install/cartographer_ros_msgs/local/lib/python3.10/dist-packages/cartographer_ros_msgs/msg'...\n"}
[2.606368] (cartographer_ros_msgs) StdoutLine: {'line': b"Listing '/root/ros2_ws/install/cartographer_ros_msgs/local/lib/python3.10/dist-packages/cartographer_ros_msgs/srv'...\n"}
[2.608062] (cartographer_ros_msgs) StdoutLine: {'line': b'-- Up-to-date: /root/ros2_ws/install/cartographer_ros_msgs/local/lib/python3.10/dist-packages/cartographer_ros_msgs/cartographer_ros_msgs_s__rosidl_typesupport_fastrtps_c.cpython-310-x86_64-linux-gnu.so\n'}
[2.608340] (cartographer) StdoutLine: {'line': b'[ 62%] Built target cartographer.common.thread_pool_test\n'}
[2.611928] (cartographer_ros_msgs) StdoutLine: {'line': b'-- Up-to-date: /root/ros2_ws/install/cartographer_ros_msgs/local/lib/python3.10/dist-packages/cartographer_ros_msgs/cartographer_ros_msgs_s__rosidl_typesupport_introspection_c.cpython-310-x86_64-linux-gnu.so\n'}
[2.612487] (cartographer_ros_msgs) StdoutLine: {'line': b'-- Up-to-date: /root/ros2_ws/install/cartographer_ros_msgs/local/lib/python3.10/dist-packages/cartographer_ros_msgs/cartographer_ros_msgs_s__rosidl_typesupport_c.cpython-310-x86_64-linux-gnu.so\n'}
[2.612796] (cartographer_ros_msgs) StdoutLine: {'line': b'-- Up-to-date: /root/ros2_ws/install/cartographer_ros_msgs/lib/libcartographer_ros_msgs__rosidl_generator_py.so\n'}
[2.613066] (cartographer_ros_msgs) StdoutLine: {'line': b'-- Up-to-date: /root/ros2_ws/install/cartographer_ros_msgs/share/cartographer_ros_msgs/msg/BagfileProgress.idl\n'}
[2.613290] (cartographer_ros_msgs) StdoutLine: {'line': b'-- Up-to-date: /root/ros2_ws/install/cartographer_ros_msgs/share/cartographer_ros_msgs/msg/HistogramBucket.idl\n'}
[2.613504] (cartographer_ros_msgs) StdoutLine: {'line': b'-- Up-to-date: /root/ros2_ws/install/cartographer_ros_msgs/share/cartographer_ros_msgs/msg/LandmarkEntry.idl\n'}
[2.613739] (cartographer_ros_msgs) StdoutLine: {'line': b'-- Up-to-date: /root/ros2_ws/install/cartographer_ros_msgs/share/cartographer_ros_msgs/msg/LandmarkList.idl\n'}
[2.613984] (cartographer_ros_msgs) StdoutLine: {'line': b'-- Up-to-date: /root/ros2_ws/install/cartographer_ros_msgs/share/cartographer_ros_msgs/msg/MetricFamily.idl\n'}
[2.614214] (cartographer) StdoutLine: {'line': b'[ 62%] Built target cartographer.io.fake_file_writer_test\n'}
[2.614474] (cartographer_ros_msgs) StdoutLine: {'line': b'-- Up-to-date: /root/ros2_ws/install/cartographer_ros_msgs/share/cartographer_ros_msgs/msg/MetricLabel.idl\n'}
[2.614726] (cartographer_ros_msgs) StdoutLine: {'line': b'-- Up-to-date: /root/ros2_ws/install/cartographer_ros_msgs/share/cartographer_ros_msgs/msg/Metric.idl\n'}
[2.614987] (cartographer_ros_msgs) StdoutLine: {'line': b'-- Up-to-date: /root/ros2_ws/install/cartographer_ros_msgs/share/cartographer_ros_msgs/msg/StatusCode.idl\n'}
[2.615236] (cartographer_ros_msgs) StdoutLine: {'line': b'-- Up-to-date: /root/ros2_ws/install/cartographer_ros_msgs/share/cartographer_ros_msgs/msg/StatusResponse.idl\n'}
[2.615481] (cartographer_ros_msgs) StdoutLine: {'line': b'-- Up-to-date: /root/ros2_ws/install/cartographer_ros_msgs/share/cartographer_ros_msgs/msg/SubmapEntry.idl\n'}
[2.620233] (cartographer_ros_msgs) StdoutLine: {'line': b'-- Up-to-date: /root/ros2_ws/install/cartographer_ros_msgs/share/cartographer_ros_msgs/msg/SubmapList.idl\n'}
[2.620748] (cartographer_ros_msgs) StdoutLine: {'line': b'-- Up-to-date: /root/ros2_ws/install/cartographer_ros_msgs/share/cartographer_ros_msgs/msg/SubmapTexture.idl\n'}
[2.621768] (cartographer_ros_msgs) StdoutLine: {'line': b'-- Up-to-date: /root/ros2_ws/install/cartographer_ros_msgs/share/cartographer_ros_msgs/msg/TrajectoryStates.idl\n'}
[2.622635] (cartographer_ros_msgs) StdoutLine: {'line': b'-- Up-to-date: /root/ros2_ws/install/cartographer_ros_msgs/share/cartographer_ros_msgs/srv/FinishTrajectory.idl\n'}
[2.624204] (cartographer_ros_msgs) StdoutLine: {'line': b'-- Up-to-date: /root/ros2_ws/install/cartographer_ros_msgs/share/cartographer_ros_msgs/srv/GetTrajectoryStates.idl\n'}
[2.624546] (cartographer_ros_msgs) StdoutLine: {'line': b'-- Up-to-date: /root/ros2_ws/install/cartographer_ros_msgs/share/cartographer_ros_msgs/srv/ReadMetrics.idl\n'}
[2.626935] (cartographer_ros_msgs) StdoutLine: {'line': b'-- Up-to-date: /root/ros2_ws/install/cartographer_ros_msgs/share/cartographer_ros_msgs/srv/StartTrajectory.idl\n'}
[2.627415] (cartographer_ros_msgs) StdoutLine: {'line': b'-- Up-to-date: /root/ros2_ws/install/cartographer_ros_msgs/share/cartographer_ros_msgs/srv/TrajectoryQuery.idl\n'}
[2.627707] (cartographer) StdoutLine: {'line': b'[ 63%] Built target cartographer.io.proto_stream_test\n'}
[2.628015] (cartographer_ros_msgs) StdoutLine: {'line': b'-- Up-to-date: /root/ros2_ws/install/cartographer_ros_msgs/share/cartographer_ros_msgs/srv/SubmapQuery.idl\n'}
[2.628302] (cartographer_ros_msgs) StdoutLine: {'line': b'-- Up-to-date: /root/ros2_ws/install/cartographer_ros_msgs/share/cartographer_ros_msgs/srv/WriteState.idl\n'}
[2.628562] (cartographer_ros_msgs) StdoutLine: {'line': b'-- Up-to-date: /root/ros2_ws/install/cartographer_ros_msgs/share/cartographer_ros_msgs/msg/BagfileProgress.msg\n'}
[2.632331] (cartographer_ros_msgs) StdoutLine: {'line': b'-- Up-to-date: /root/ros2_ws/install/cartographer_ros_msgs/share/cartographer_ros_msgs/msg/HistogramBucket.msg\n'}
[2.635025] (cartographer_ros_msgs) StdoutLine: {'line': b'-- Up-to-date: /root/ros2_ws/install/cartographer_ros_msgs/share/cartographer_ros_msgs/msg/LandmarkEntry.msg\n'}
[2.635423] (cartographer_ros_msgs) StdoutLine: {'line': b'-- Up-to-date: /root/ros2_ws/install/cartographer_ros_msgs/share/cartographer_ros_msgs/msg/LandmarkList.msg\n'}
[2.635695] (cartographer_ros_msgs) StdoutLine: {'line': b'-- Up-to-date: /root/ros2_ws/install/cartographer_ros_msgs/share/cartographer_ros_msgs/msg/MetricFamily.msg\n'}
[2.635962] (cartographer_ros_msgs) StdoutLine: {'line': b'-- Up-to-date: /root/ros2_ws/install/cartographer_ros_msgs/share/cartographer_ros_msgs/msg/MetricLabel.msg\n'}
[2.636203] (cartographer_ros_msgs) StdoutLine: {'line': b'-- Up-to-date: /root/ros2_ws/install/cartographer_ros_msgs/share/cartographer_ros_msgs/msg/Metric.msg\n'}
[2.636438] (cartographer_ros_msgs) StdoutLine: {'line': b'-- Up-to-date: /root/ros2_ws/install/cartographer_ros_msgs/share/cartographer_ros_msgs/msg/StatusCode.msg\n'}
[2.637045] (cartographer_ros_msgs) StdoutLine: {'line': b'-- Up-to-date: /root/ros2_ws/install/cartographer_ros_msgs/share/cartographer_ros_msgs/msg/StatusResponse.msg\n'}
[2.637397] (cartographer_ros_msgs) StdoutLine: {'line': b'-- Up-to-date: /root/ros2_ws/install/cartographer_ros_msgs/share/cartographer_ros_msgs/msg/SubmapEntry.msg\n'}
[2.637659] (cartographer_ros_msgs) StdoutLine: {'line': b'-- Up-to-date: /root/ros2_ws/install/cartographer_ros_msgs/share/cartographer_ros_msgs/msg/SubmapList.msg\n'}
[2.641572] (cartographer_ros_msgs) StdoutLine: {'line': b'-- Up-to-date: /root/ros2_ws/install/cartographer_ros_msgs/share/cartographer_ros_msgs/msg/SubmapTexture.msg\n'}
[2.641947] (cartographer_ros_msgs) StdoutLine: {'line': b'-- Up-to-date: /root/ros2_ws/install/cartographer_ros_msgs/share/cartographer_ros_msgs/msg/TrajectoryStates.msg\n'}
[2.642235] (cartographer_ros_msgs) StdoutLine: {'line': b'-- Up-to-date: /root/ros2_ws/install/cartographer_ros_msgs/share/cartographer_ros_msgs/srv/FinishTrajectory.srv\n'}
[2.642611] (cartographer_ros_msgs) StdoutLine: {'line': b'-- Up-to-date: /root/ros2_ws/install/cartographer_ros_msgs/share/cartographer_ros_msgs/srv/FinishTrajectory_Request.msg\n'}
[2.642956] (cartographer_ros_msgs) StdoutLine: {'line': b'-- Up-to-date: /root/ros2_ws/install/cartographer_ros_msgs/share/cartographer_ros_msgs/srv/FinishTrajectory_Response.msg\n'}
[2.643238] (cartographer_ros_msgs) StdoutLine: {'line': b'-- Up-to-date: /root/ros2_ws/install/cartographer_ros_msgs/share/cartographer_ros_msgs/srv/GetTrajectoryStates.srv\n'}
[2.645819] (cartographer_ros_msgs) StdoutLine: {'line': b'-- Up-to-date: /root/ros2_ws/install/cartographer_ros_msgs/share/cartographer_ros_msgs/srv/GetTrajectoryStates_Request.msg\n'}
[2.646182] (cartographer) StdoutLine: {'line': b'\x1b[01mRunning Sphinx v4.3.2\x1b[39;49;00m\n'}
[2.646504] (cartographer) StdoutLine: {'line': b'[ 64%] Built target cartographer.io.internal.in_memory_proto_stream_test\n'}
[2.648828] (cartographer_ros_msgs) StdoutLine: {'line': b'-- Up-to-date: /root/ros2_ws/install/cartographer_ros_msgs/share/cartographer_ros_msgs/srv/GetTrajectoryStates_Response.msg\n'}
[2.651066] (-) TimerEvent: {}
[2.652798] (cartographer_ros_msgs) StdoutLine: {'line': b'-- Up-to-date: /root/ros2_ws/install/cartographer_ros_msgs/share/cartographer_ros_msgs/srv/ReadMetrics.srv\n'}
[2.653201] (cartographer_ros_msgs) StdoutLine: {'line': b'-- Up-to-date: /root/ros2_ws/install/cartographer_ros_msgs/share/cartographer_ros_msgs/srv/ReadMetrics_Request.msg\n'}
[2.653470] (cartographer_ros_msgs) StdoutLine: {'line': b'-- Up-to-date: /root/ros2_ws/install/cartographer_ros_msgs/share/cartographer_ros_msgs/srv/ReadMetrics_Response.msg\n'}
[2.656186] (cartographer_ros_msgs) StdoutLine: {'line': b'-- Up-to-date: /root/ros2_ws/install/cartographer_ros_msgs/share/cartographer_ros_msgs/srv/StartTrajectory.srv\n'}
[2.659624] (cartographer_ros_msgs) StdoutLine: {'line': b'-- Up-to-date: /root/ros2_ws/install/cartographer_ros_msgs/share/cartographer_ros_msgs/srv/StartTrajectory_Request.msg\n'}
[2.662881] (cartographer_ros_msgs) StdoutLine: {'line': b'-- Up-to-date: /root/ros2_ws/install/cartographer_ros_msgs/share/cartographer_ros_msgs/srv/StartTrajectory_Response.msg\n'}
[2.663342] (cartographer_ros_msgs) StdoutLine: {'line': b'-- Up-to-date: /root/ros2_ws/install/cartographer_ros_msgs/share/cartographer_ros_msgs/srv/TrajectoryQuery.srv\n'}
[2.663738] (cartographer_ros_msgs) StdoutLine: {'line': b'-- Up-to-date: /root/ros2_ws/install/cartographer_ros_msgs/share/cartographer_ros_msgs/srv/TrajectoryQuery_Request.msg\n'}
[2.664371] (cartographer_ros_msgs) StdoutLine: {'line': b'-- Up-to-date: /root/ros2_ws/install/cartographer_ros_msgs/share/cartographer_ros_msgs/srv/TrajectoryQuery_Response.msg\n'}
[2.675434] (cartographer_ros_msgs) StdoutLine: {'line': b'-- Up-to-date: /root/ros2_ws/install/cartographer_ros_msgs/share/cartographer_ros_msgs/srv/SubmapQuery.srv\n'}
[2.676466] (cartographer_ros_msgs) StdoutLine: {'line': b'-- Up-to-date: /root/ros2_ws/install/cartographer_ros_msgs/share/cartographer_ros_msgs/srv/SubmapQuery_Request.msg\n'}
[2.676829] (cartographer_ros_msgs) StdoutLine: {'line': b'-- Up-to-date: /root/ros2_ws/install/cartographer_ros_msgs/share/cartographer_ros_msgs/srv/SubmapQuery_Response.msg\n'}
[2.677123] (cartographer_ros_msgs) StdoutLine: {'line': b'-- Up-to-date: /root/ros2_ws/install/cartographer_ros_msgs/share/cartographer_ros_msgs/srv/WriteState.srv\n'}
[2.677404] (cartographer_ros_msgs) StdoutLine: {'line': b'-- Up-to-date: /root/ros2_ws/install/cartographer_ros_msgs/share/cartographer_ros_msgs/srv/WriteState_Request.msg\n'}
[2.677681] (cartographer_ros_msgs) StdoutLine: {'line': b'-- Up-to-date: /root/ros2_ws/install/cartographer_ros_msgs/share/cartographer_ros_msgs/srv/WriteState_Response.msg\n'}
[2.677912] (cartographer_ros_msgs) StdoutLine: {'line': b'-- Up-to-date: /root/ros2_ws/install/cartographer_ros_msgs/share/ament_index/resource_index/package_run_dependencies/cartographer_ros_msgs\n'}
[2.678182] (cartographer_ros_msgs) StdoutLine: {'line': b'-- Up-to-date: /root/ros2_ws/install/cartographer_ros_msgs/share/ament_index/resource_index/parent_prefix_path/cartographer_ros_msgs\n'}
[2.678457] (cartographer_ros_msgs) StdoutLine: {'line': b'-- Up-to-date: /root/ros2_ws/install/cartographer_ros_msgs/share/cartographer_ros_msgs/environment/ament_prefix_path.sh\n'}
[2.679836] (cartographer_ros_msgs) StdoutLine: {'line': b'-- Up-to-date: /root/ros2_ws/install/cartographer_ros_msgs/share/cartographer_ros_msgs/environment/ament_prefix_path.dsv\n'}
[2.680350] (cartographer_ros_msgs) StdoutLine: {'line': b'-- Up-to-date: /root/ros2_ws/install/cartographer_ros_msgs/share/cartographer_ros_msgs/environment/path.sh\n'}
[2.681375] (cartographer_ros_msgs) StdoutLine: {'line': b'-- Up-to-date: /root/ros2_ws/install/cartographer_ros_msgs/share/cartographer_ros_msgs/environment/path.dsv\n'}
[2.692304] (cartographer_ros_msgs) StdoutLine: {'line': b'-- Up-to-date: /root/ros2_ws/install/cartographer_ros_msgs/share/cartographer_ros_msgs/local_setup.bash\n'}
[2.692871] (cartographer_ros_msgs) StdoutLine: {'line': b'-- Up-to-date: /root/ros2_ws/install/cartographer_ros_msgs/share/cartographer_ros_msgs/local_setup.sh\n'}
[2.695084] (cartographer_ros_msgs) StdoutLine: {'line': b'-- Up-to-date: /root/ros2_ws/install/cartographer_ros_msgs/share/cartographer_ros_msgs/local_setup.zsh\n'}
[2.699746] (cartographer_ros_msgs) StdoutLine: {'line': b'-- Up-to-date: /root/ros2_ws/install/cartographer_ros_msgs/share/cartographer_ros_msgs/local_setup.dsv\n'}
[2.700194] (cartographer_ros_msgs) StdoutLine: {'line': b'-- Installing: /root/ros2_ws/install/cartographer_ros_msgs/share/cartographer_ros_msgs/package.dsv\n'}
[2.701743] (cartographer) StdoutLine: {'line': b'[ 65%] Built target cartographer.io.probability_grid_points_processor_test\n'}
[2.715304] (cartographer_ros_msgs) StdoutLine: {'line': b'-- Up-to-date: /root/ros2_ws/install/cartographer_ros_msgs/share/ament_index/resource_index/packages/cartographer_ros_msgs\n'}
[2.728799] (cartographer_ros_msgs) StdoutLine: {'line': b'-- Up-to-date: /root/ros2_ws/install/cartographer_ros_msgs/share/cartographer_ros_msgs/cmake/export_cartographer_ros_msgs__rosidl_generator_cExport.cmake\n'}
[2.732448] (cartographer_ros_msgs) StdoutLine: {'line': b'-- Up-to-date: /root/ros2_ws/install/cartographer_ros_msgs/share/cartographer_ros_msgs/cmake/export_cartographer_ros_msgs__rosidl_generator_cExport-noconfig.cmake\n'}
[2.732806] (cartographer_ros_msgs) StdoutLine: {'line': b'-- Up-to-date: /root/ros2_ws/install/cartographer_ros_msgs/share/cartographer_ros_msgs/cmake/export_cartographer_ros_msgs__rosidl_typesupport_fastrtps_cExport.cmake\n'}
[2.733068] (cartographer_ros_msgs) StdoutLine: {'line': b'-- Up-to-date: /root/ros2_ws/install/cartographer_ros_msgs/share/cartographer_ros_msgs/cmake/export_cartographer_ros_msgs__rosidl_typesupport_fastrtps_cExport-noconfig.cmake\n'}
[2.735993] (cartographer_ros_msgs) StdoutLine: {'line': b'-- Up-to-date: /root/ros2_ws/install/cartographer_ros_msgs/share/cartographer_ros_msgs/cmake/cartographer_ros_msgs__rosidl_typesupport_introspection_cExport.cmake\n'}
[2.736410] (cartographer_ros_msgs) StdoutLine: {'line': b'-- Up-to-date: /root/ros2_ws/install/cartographer_ros_msgs/share/cartographer_ros_msgs/cmake/cartographer_ros_msgs__rosidl_typesupport_introspection_cExport-noconfig.cmake\n'}
[2.744550] (cartographer_ros_msgs) StdoutLine: {'line': b'-- Up-to-date: /root/ros2_ws/install/cartographer_ros_msgs/share/cartographer_ros_msgs/cmake/cartographer_ros_msgs__rosidl_typesupport_cExport.cmake\n'}
[2.744976] (cartographer_ros_msgs) StdoutLine: {'line': b'-- Up-to-date: /root/ros2_ws/install/cartographer_ros_msgs/share/cartographer_ros_msgs/cmake/cartographer_ros_msgs__rosidl_typesupport_cExport-noconfig.cmake\n'}
[2.746868] (cartographer_ros_msgs) StdoutLine: {'line': b'-- Up-to-date: /root/ros2_ws/install/cartographer_ros_msgs/share/cartographer_ros_msgs/cmake/export_cartographer_ros_msgs__rosidl_generator_cppExport.cmake\n'}
[2.747267] (cartographer_ros_msgs) StdoutLine: {'line': b'-- Up-to-date: /root/ros2_ws/install/cartographer_ros_msgs/share/cartographer_ros_msgs/cmake/export_cartographer_ros_msgs__rosidl_typesupport_fastrtps_cppExport.cmake\n'}
[2.747539] (cartographer_ros_msgs) StdoutLine: {'line': b'-- Up-to-date: /root/ros2_ws/install/cartographer_ros_msgs/share/cartographer_ros_msgs/cmake/export_cartographer_ros_msgs__rosidl_typesupport_fastrtps_cppExport-noconfig.cmake\n'}
[2.753296] (cartographer_ros_msgs) StdoutLine: {'line': b'-- Up-to-date: /root/ros2_ws/install/cartographer_ros_msgs/share/cartographer_ros_msgs/cmake/cartographer_ros_msgs__rosidl_typesupport_introspection_cppExport.cmake\n'}
[2.754940] (-) TimerEvent: {}
[2.756787] (cartographer_ros_msgs) StdoutLine: {'line': b'-- Up-to-date: /root/ros2_ws/install/cartographer_ros_msgs/share/cartographer_ros_msgs/cmake/cartographer_ros_msgs__rosidl_typesupport_introspection_cppExport-noconfig.cmake\n'}
[2.757409] (cartographer_ros_msgs) StdoutLine: {'line': b'-- Up-to-date: /root/ros2_ws/install/cartographer_ros_msgs/share/cartographer_ros_msgs/cmake/cartographer_ros_msgs__rosidl_typesupport_cppExport.cmake\n'}
[2.757707] (cartographer_ros_msgs) StdoutLine: {'line': b'-- Up-to-date: /root/ros2_ws/install/cartographer_ros_msgs/share/cartographer_ros_msgs/cmake/cartographer_ros_msgs__rosidl_typesupport_cppExport-noconfig.cmake\n'}
[2.761922] (cartographer_ros_msgs) StdoutLine: {'line': b'-- Up-to-date: /root/ros2_ws/install/cartographer_ros_msgs/share/cartographer_ros_msgs/cmake/export_cartographer_ros_msgs__rosidl_generator_pyExport.cmake\n'}
[2.762278] (cartographer_ros_msgs) StdoutLine: {'line': b'-- Up-to-date: /root/ros2_ws/install/cartographer_ros_msgs/share/cartographer_ros_msgs/cmake/export_cartographer_ros_msgs__rosidl_generator_pyExport-noconfig.cmake\n'}
[2.762568] (cartographer_ros_msgs) StdoutLine: {'line': b'-- Up-to-date: /root/ros2_ws/install/cartographer_ros_msgs/share/cartographer_ros_msgs/cmake/rosidl_cmake-extras.cmake\n'}
[2.762859] (cartographer_ros_msgs) StdoutLine: {'line': b'-- Up-to-date: /root/ros2_ws/install/cartographer_ros_msgs/share/cartographer_ros_msgs/cmake/ament_cmake_export_dependencies-extras.cmake\n'}
[2.763115] (cartographer_ros_msgs) StdoutLine: {'line': b'-- Up-to-date: /root/ros2_ws/install/cartographer_ros_msgs/share/cartographer_ros_msgs/cmake/ament_cmake_export_include_directories-extras.cmake\n'}
[2.764113] (cartographer_ros_msgs) StdoutLine: {'line': b'-- Up-to-date: /root/ros2_ws/install/cartographer_ros_msgs/share/cartographer_ros_msgs/cmake/ament_cmake_export_libraries-extras.cmake\n'}
[2.764468] (cartographer_ros_msgs) StdoutLine: {'line': b'-- Up-to-date: /root/ros2_ws/install/cartographer_ros_msgs/share/cartographer_ros_msgs/cmake/ament_cmake_export_targets-extras.cmake\n'}
[2.764884] (cartographer_ros_msgs) StdoutLine: {'line': b'-- Up-to-date: /root/ros2_ws/install/cartographer_ros_msgs/share/cartographer_ros_msgs/cmake/rosidl_cmake_export_typesupport_targets-extras.cmake\n'}
[2.766383] (cartographer_ros_msgs) StdoutLine: {'line': b'-- Up-to-date: /root/ros2_ws/install/cartographer_ros_msgs/share/cartographer_ros_msgs/cmake/rosidl_cmake_export_typesupport_libraries-extras.cmake\n'}
[2.766813] (cartographer_ros_msgs) StdoutLine: {'line': b'-- Up-to-date: /root/ros2_ws/install/cartographer_ros_msgs/share/cartographer_ros_msgs/cmake/cartographer_ros_msgsConfig.cmake\n'}
[2.767112] (cartographer_ros_msgs) StdoutLine: {'line': b'-- Up-to-date: /root/ros2_ws/install/cartographer_ros_msgs/share/cartographer_ros_msgs/cmake/cartographer_ros_msgsConfig-version.cmake\n'}
[2.767392] (cartographer_ros_msgs) StdoutLine: {'line': b'-- Up-to-date: /root/ros2_ws/install/cartographer_ros_msgs/share/cartographer_ros_msgs/package.xml\n'}
[2.787141] (cartographer_ros_msgs) CommandEnded: {'returncode': 0}
[2.789386] (cartographer) StdoutLine: {'line': b'[ 65%] Built target cartographer.io.points_processor_pipeline_builder_test\n'}
[2.790358] (cartographer) StdoutLine: {'line': b'[ 65%] Built target cartographer.io.proto_stream_deserializer_test\n'}
[2.794432] (cartographer) StdoutLine: {'line': b'[ 65%] Built target cartographer.io.serialization_format_migration_test\n'}
[2.854029] (cartographer) StdoutLine: {'line': b'[ 66%] Built target cartographer.mapping.2d.range_data_inserter_2d_test\n'}
[2.855059] (-) TimerEvent: {}
[2.885022] (cartographer) StdoutLine: {'line': b'[ 66%] Built target cartographer.mapping.2d.probability_grid_test\n'}
[2.885463] (cartographer) StdoutLine: {'line': b'[ 67%] Built target cartographer.mapping.2d.map_limits_test\n'}
[2.956504] (cartographer_ros_msgs) JobEnded: {'identifier': 'cartographer_ros_msgs', 'rc': 0}
[2.958711] (-) TimerEvent: {}
[2.963744] (cartographer) StdoutLine: {'line': b'[ 67%] Built target cartographer.mapping.2d.submap_2d_test\n'}
[3.007497] (cartographer) StdoutLine: {'line': b'[ 68%] Built target cartographer.mapping.2d.xy_index_test\n'}
[3.029779] (cartographer) StdoutLine: {'line': b'[ 68%] Built target cartographer.mapping.3d.hybrid_grid_test\n'}
[3.045985] (cartographer) StdoutLine: {'line': b'[ 69%] Built target cartographer.mapping.3d.range_data_inserter_3d_test\n'}
[3.063429] (-) TimerEvent: {}
[3.084687] (cartographer) StdoutLine: {'line': b'[ 69%] Built target cartographer.mapping.imu_tracker_test\n'}
[3.096180] (cartographer) StdoutLine: {'line': b'[ 69%] Built target cartographer.mapping.3d.submap_3d_test\n'}
[3.144562] (cartographer) StdoutLine: {'line': b'[ 70%] Built target cartographer.mapping.id_test\n'}
[3.166756] (-) TimerEvent: {}
[3.180342] (cartographer) StdoutLine: {'line': b'[ 70%] Built target cartographer.mapping.internal.2d.overlapping_submaps_trimmer_2d_test\n'}
[3.230256] (cartographer) StdoutLine: {'line': b'[ 71%] Built target cartographer.mapping.internal.2d.normal_estimation_2d_test\n'}
[3.237930] (cartographer) StdoutLine: {'line': b'[ 72%] Built target cartographer.mapping.internal.2d.pose_graph_2d_test\n'}
[3.250068] (cartographer) StdoutLine: {'line': b'[ 72%] Built target cartographer.mapping.internal.2d.ray_to_pixel_mask_test\n'}
[3.264764] (cartographer) StdoutLine: {'line': b'[ 73%] Built target cartographer.mapping.internal.2d.scan_matching.ceres_scan_matcher_2d_test\n'}
[3.266899] (-) TimerEvent: {}
[3.276538] (cartographer) StdoutLine: {'line': b'[ 73%] Built target cartographer.mapping.internal.2d.scan_matching.correlative_scan_matcher_test\n'}
[3.300938] (cartographer) StdoutLine: {'line': b'[ 74%] Built target cartographer.mapping.internal.2d.scan_matching.fast_correlative_scan_matcher_2d_test\n'}
[3.360820] (cartographer) StdoutLine: {'line': b'[ 75%] Built target cartographer.mapping.internal.2d.scan_matching.interpolated_tsdf_2d_test\n'}
[3.367318] (-) TimerEvent: {}
[3.421252] (cartographer) StdoutLine: {'line': b'[ 76%] Built target cartographer.mapping.internal.2d.tsd_value_converter_test\n'}
[3.421768] (cartographer) StdoutLine: {'line': b'[ 76%] Built target cartographer.mapping.internal.2d.scan_matching.tsdf_match_cost_function_2d_test\n'}
[3.438566] (cartographer) StdoutLine: {'line': b'[ 77%] Built target cartographer.mapping.internal.2d.scan_matching.real_time_correlative_scan_matcher_2d_test\n'}
[3.454537] (cartographer) StdoutLine: {'line': b'[ 77%] Built target cartographer.mapping.internal.2d.scan_matching.occupied_space_cost_function_2d_test\n'}
[3.456836] (cartographer) StdoutLine: {'line': b'[ 78%] Built target cartographer.mapping.internal.2d.tsdf_range_data_inserter_2d_test\n'}
[3.469776] (-) TimerEvent: {}
[3.470936] (cartographer) StdoutLine: {'line': b'[ 78%] Built target cartographer.mapping.internal.2d.tsdf_2d_test\n'}
[3.545831] (cartographer) StdoutLine: {'line': b'[ 78%] Built target cartographer.mapping.internal.3d.local_trajectory_builder_3d_test\n'}
[3.567866] (cartographer) StdoutLine: {'line': b'[ 78%] Built target cartographer.mapping.internal.3d.rotation_parameterization_test\n'}
[3.574829] (-) TimerEvent: {}
[3.622067] (cartographer) StdoutLine: {'line': b'[ 79%] Built target cartographer.mapping.internal.3d.scan_matching.ceres_scan_matcher_3d_test\n'}
[3.626221] (cartographer) StdoutLine: {'line': b'[ 80%] Built target cartographer.mapping.internal.3d.pose_graph_3d_test\n'}
[3.648574] (cartographer) StdoutLine: {'line': b'[ 80%] Built target cartographer.mapping.internal.3d.scan_matching.fast_correlative_scan_matcher_3d_test\n'}
[3.660001] (cartographer) StdoutLine: {'line': b'[ 81%] Built target cartographer.mapping.internal.3d.scan_matching.intensity_cost_function_3d_test\n'}
[3.675265] (-) TimerEvent: {}
[3.676619] (cartographer) StdoutLine: {'line': b'[ 81%] Built target cartographer.mapping.internal.3d.scan_matching.interpolated_grid_test\n'}
[3.689081] (car_launch) StdoutLine: {'line': b'-- Found Python3: /usr/bin/python3 (found version "3.10.12") found components: Interpreter \n'}
[3.748753] (cartographer) StdoutLine: {'line': b'[ 81%] Built target cartographer.mapping.internal.3d.scan_matching.real_time_correlative_scan_matcher_3d_test\n'}
[3.774775] (cartographer) StdoutLine: {'line': b'[ 82%] Built target cartographer.mapping.internal.3d.scan_matching.precomputation_grid_3d_test\n'}
[3.775273] (-) TimerEvent: {}
[3.788804] (cartographer) StdoutLine: {'line': b'[ 83%] Built target cartographer.mapping.internal.3d.scan_matching.rotation_delta_cost_functor_3d_test\n'}
[3.833866] (cartographer) StdoutLine: {'line': b'[ 83%] Built target cartographer.mapping.internal.3d.scan_matching.rotational_scan_matcher_test\n'}
[3.837861] (cartographer) StdoutLine: {'line': b'[ 84%] Built target cartographer.mapping.internal.connected_components_test\n'}
[3.875420] (-) TimerEvent: {}
[3.876730] (cartographer) StdoutLine: {'line': b'[ 84%] Built target cartographer.mapping.internal.constraints.constraint_builder_2d_test\n'}
[3.890875] (cartographer) StdoutLine: {'line': b'[ 85%] Built target cartographer.mapping.internal.constraints.constraint_builder_3d_test\n'}
[3.945155] (cartographer) StdoutLine: {'line': b'[ 85%] Built target cartographer.mapping.internal.motion_filter_test\n'}
[3.956386] (ros2_opencv) Command: {'cmd': ['/usr/bin/python3', '-W', 'ignore:setup.py install is deprecated', '-W', 'ignore:easy_install command is deprecated', 'setup.py', 'egg_info', '--egg-base', '../../build/ros2_opencv', 'build', '--build-base', '/root/ros2_ws/build/ros2_opencv/build', 'install', '--record', '/root/ros2_ws/build/ros2_opencv/install.log', '--single-version-externally-managed', 'install_data'], 'cwd': '/root/ros2_ws/src/ros2_opencv', 'env': {'HOSTNAME': 'warnie', 'GIT_ASKPASS': '/root/.vscode-server/bin/17baf841131aa23349f217ca7c570c76ee87b957/extensions/git/dist/askpass.sh', 'SHLVL': '2', 'LD_LIBRARY_PATH': '/root/ros2_ws/install/cartographer_rviz/lib:/root/ros2_ws/install/cartographer_ros/lib:/root/ros2_ws/install/cartographer_ros_msgs/lib:/opt/ros/humble/opt/rviz_ogre_vendor/lib:/opt/ros/humble/lib/x86_64-linux-gnu:/opt/ros/humble/lib', 'BROWSER': '/root/.vscode-server/bin/17baf841131aa23349f217ca7c570c76ee87b957/bin/helpers/browser.sh', 'HOME': '/root', 'OLDPWD': '/root/ros2_ws/src', 'TERM_PROGRAM_VERSION': '1.99.3', 'VSCODE_IPC_HOOK_CLI': '/tmp/vscode-ipc-db8667da-dddf-4b8b-9bef-966dbeab1878.sock', 'ROS_PYTHON_VERSION': '3', 'VSCODE_GIT_ASKPASS_MAIN': '/root/.vscode-server/bin/17baf841131aa23349f217ca7c570c76ee87b957/extensions/git/dist/askpass-main.js', 'VSCODE_GIT_ASKPASS_NODE': '/root/.vscode-server/bin/17baf841131aa23349f217ca7c570c76ee87b957/node', 'LC_CTYPE': 'C.UTF-8', 'COLORTERM': 'truecolor', 'REMOTE_CONTAINERS': 'true', 'COLCON_PREFIX_PATH': '/root/ros2_ws/install', 'ROS_DISTRO': 'humble', 'REMOTE_CONTAINERS_IPC': '/tmp/vscode-remote-containers-ipc-f285fd1d-9376-4a47-8352-1dbec715791d.sock', '_': '/usr/bin/colcon', 'ROS_VERSION': '2', 'PKG_CONFIG_PATH': '/root/ros2_ws/install/cartographer/lib/x86_64-linux-gnu/pkgconfig:/root/ros2_ws/install/cartographer/lib/pkgconfig', 'TERM': 'xterm-256color', 'ROS_LOCALHOST_ONLY': '0', 'PATH': '/root/ros2_ws/install/cartographer/bin:/root/.vscode-server/bin/17baf841131aa23349f217ca7c570c76ee87b957/bin/remote-cli:/opt/ros/humble/bin:/usr/local/sbin:/usr/local/bin:/usr/sbin:/usr/bin:/sbin:/bin:/root/.vscode-server/data/User/globalStorage/github.copilot-chat/debugCommand', 'REMOTE_CONTAINERS_SOCKETS': '["/tmp/vscode-ssh-auth-f285fd1d-9376-4a47-8352-1dbec715791d.sock","/root/.gnupg/S.gpg-agent"]', 'DISPLAY': 'unix:0', 'LANG': 'en_US.UTF-8', 'VSCODE_GIT_IPC_HANDLE': '/tmp/vscode-git-3ce2b43cc6.sock', 'TERM_PROGRAM': 'vscode', 'SSH_AUTH_SOCK': '/tmp/vscode-ssh-auth-f285fd1d-9376-4a47-8352-1dbec715791d.sock', 'AMENT_PREFIX_PATH': '/root/ros2_ws/install/robocar_test_cpp:/root/ros2_ws/install/ros2_opencv:/root/ros2_ws/install/Test_FirstPkg:/root/ros2_ws/install/rplidar_ros:/root/ros2_ws/install/cartographer_rviz:/root/ros2_ws/install/cartographer_ros:/root/ros2_ws/install/cartographer_ros_msgs:/opt/ros/humble', 'SHELL': '/bin/bash', 'VSCODE_GIT_ASKPASS_EXTRA_ARGS': '', 'PWD': '/root/ros2_ws/build/ros2_opencv', 'PYTHONPATH': '/root/ros2_ws/build/ros2_opencv/prefix_override:/usr/lib/python3/dist-packages/colcon_core/task/python/colcon_distutils_commands:/root/ros2_ws/install/ros2_opencv/lib/python3.10/site-packages:/root/ros2_ws/install/ros2_opencv/lib/python3.10/site-packages:/root/ros2_ws/install/cartographer_ros_msgs/local/lib/python3.10/dist-packages:/opt/ros/humble/lib/python3.10/site-packages:/opt/ros/humble/local/lib/python3.10/dist-packages', 'COLCON': '1', 'CMAKE_PREFIX_PATH': '/root/ros2_ws/install/robocar_test_cpp:/root/ros2_ws/install/Test_FirstPkg:/root/ros2_ws/install/rplidar_ros:/root/ros2_ws/install/cartographer_rviz:/root/ros2_ws/install/cartographer_ros:/root/ros2_ws/install/cartographer_ros_msgs:/root/ros2_ws/install/cartographer'}, 'shell': False}
[3.975699] (-) TimerEvent: {}
[3.983541] (cartographer) StdoutLine: {'line': b'[ 86%] Built target cartographer.mapping.internal.optimization.cost_functions.landmark_cost_function_2d_test\n'}
[4.000101] (cartographer) StdoutLine: {'line': b'[ 86%] Built target cartographer.mapping.internal.optimization.cost_functions.landmark_cost_function_3d_test\n'}
[4.014090] (cartographer) StdoutLine: {'line': b'[ 87%] Built target cartographer.mapping.internal.optimization.cost_functions.spa_cost_function_2d_test\n'}
[4.020060] (cartographer) StdoutLine: {'line': b'[ 88%] Built target cartographer.mapping.internal.range_data_collator_test\n'}
[4.063326] (cartographer) StdoutLine: {'line': b'[ 88%] Built target cartographer.mapping.internal.optimization.optimization_problem_3d_test\n'}
[4.076771] (-) TimerEvent: {}
[4.095259] (cartographer) StdoutLine: {'line': b'\x1b[01mloading pickled environment... \x1b[39;49;00mdone\n'}
[4.110839] (cartographer) StdoutLine: {'line': b'[ 88%] Built target cartographer.mapping.internal.trajectory_connectivity_state_test\n'}
[4.115085] (cartographer) StdoutLine: {'line': b'\x1b[01mbuilding [mo]: \x1b[39;49;00mtargets for 0 po files that are out of date\n'}
[4.120325] (cartographer) StdoutLine: {'line': b'[ 89%] Built target cartographer.mapping.map_builder_test\n'}
[4.125986] (cartographer) StdoutLine: {'line': b'\x1b[01mbuilding [html]: \x1b[39;49;00mtargets for 0 source files that are out of date\n'}
[4.128332] (cartographer) StdoutLine: {'line': b'\x1b[01mupdating environment: \x1b[39;49;00m0 added, 0 changed, 0 removed\n'}
[4.128753] (cartographer) StdoutLine: {'line': b'\x1b[01mlooking for now-outdated files... \x1b[39;49;00mnone found\n'}
[4.129060] (cartographer) StdoutLine: {'line': b'\x1b[01mno targets are out of date.\x1b[39;49;00m\n'}
[4.129328] (cartographer) StdoutLine: {'line': b'\x1b[01mbuild succeeded.\x1b[39;49;00m\n'}
[4.129570] (cartographer) StdoutLine: {'line': b'\n'}
[4.129891] (cartographer) StdoutLine: {'line': b'The HTML pages are in html.\n'}
[4.162045] (cartographer) StdoutLine: {'line': b'[ 89%] Built target cartographer.mapping.pose_extrapolator_test\n'}
[4.178773] (-) TimerEvent: {}
[4.183323] (cartographer) StdoutLine: {'line': b'[ 89%] Built target cartographer.mapping.pose_graph_trimmer_test\n'}
[4.185074] (cartographer) StdoutLine: {'line': b'[ 90%] Built target cartographer.mapping.pose_graph_test\n'}
[4.240578] (cartographer) StdoutLine: {'line': b'[ 91%] Built target cartographer.mapping.probability_values_test\n'}
[4.282754] (cartographer) StdoutLine: {'line': b'[ 91%] Built target cartographer.mapping.submaps_test\n'}
[4.283213] (-) TimerEvent: {}
[4.286550] (cartographer) StdoutLine: {'line': b'[ 91%] Built target cartographer.mapping.value_conversion_tables_test\n'}
[4.361731] (cartographer) StdoutLine: {'line': b'[ 92%] Built target cartographer.mapping.trajectory_node_test\n'}
[4.372072] (cartographer) StdoutLine: {'line': b'[ 93%] Built target cartographer.sensor.compressed_point_cloud_test\n'}
[4.384751] (-) TimerEvent: {}
[4.396753] (cartographer) StdoutLine: {'line': b'[ 94%] Built target cartographer.sensor.internal.ordered_multi_queue_test\n'}
[4.405763] (cartographer) StdoutLine: {'line': b'[ 94%] Built target build_doc\n'}
[4.417105] (cartographer) StdoutLine: {'line': b'[ 94%] Built target cartographer.sensor.internal.collator_test\n'}
[4.433374] (cartographer) StdoutLine: {'line': b'[ 95%] Built target cartographer.sensor.internal.trajectory_collator_test\n'}
[4.480453] (cartographer) StdoutLine: {'line': b'[ 96%] Built target cartographer.sensor.landmark_data_test\n'}
[4.484884] (-) TimerEvent: {}
[4.505598] (cartographer) StdoutLine: {'line': b'[ 96%] Built target cartographer.sensor.map_by_time_test\n'}
[4.513246] (cartographer) StdoutLine: {'line': b'[ 96%] Built target cartographer.sensor.internal.voxel_filter_test\n'}
[4.526020] (cartographer) StdoutLine: {'line': b'[ 97%] Built target cartographer.sensor.point_cloud_test\n'}
[4.561013] (cartographer) StdoutLine: {'line': b'[ 98%] Built target cartographer.transform.rigid_transform_test\n'}
[4.575493] (car_launch) StdoutLine: {'line': b'-- Found ament_lint_auto: 0.12.12 (/opt/ros/humble/share/ament_lint_auto/cmake)\n'}
[4.585166] (-) TimerEvent: {}
[4.592588] (cartographer) StdoutLine: {'line': b'[100%] Built target cartographer.transform.transform_interpolation_buffer_test\n'}
[4.602191] (cartographer) StdoutLine: {'line': b'[100%] Built target cartographer.transform.timestamped_transform_test\n'}
[4.612189] (cartographer) StdoutLine: {'line': b'[100%] Built target cartographer.sensor.range_data_test\n'}
[4.618619] (cartographer) StdoutLine: {'line': b'[100%] Built target cartographer.transform.transform_test\n'}
[4.663751] (cartographer) CommandEnded: {'returncode': 0}
[4.669438] (cartographer) JobProgress: {'identifier': 'cartographer', 'progress': 'install'}
[4.669620] (cartographer) Command: {'cmd': ['/usr/bin/cmake', '--install', '/root/ros2_ws/build/cartographer'], 'cwd': '/root/ros2_ws/build/cartographer', 'env': OrderedDict([('HOSTNAME', 'warnie'), ('GIT_ASKPASS', '/root/.vscode-server/bin/17baf841131aa23349f217ca7c570c76ee87b957/extensions/git/dist/askpass.sh'), ('SHLVL', '2'), ('LD_LIBRARY_PATH', '/root/ros2_ws/install/cartographer_rviz/lib:/root/ros2_ws/install/cartographer_ros/lib:/root/ros2_ws/install/cartographer_ros_msgs/lib:/opt/ros/humble/opt/rviz_ogre_vendor/lib:/opt/ros/humble/lib/x86_64-linux-gnu:/opt/ros/humble/lib'), ('BROWSER', '/root/.vscode-server/bin/17baf841131aa23349f217ca7c570c76ee87b957/bin/helpers/browser.sh'), ('HOME', '/root'), ('OLDPWD', '/root/ros2_ws/src'), ('TERM_PROGRAM_VERSION', '1.99.3'), ('VSCODE_IPC_HOOK_CLI', '/tmp/vscode-ipc-db8667da-dddf-4b8b-9bef-966dbeab1878.sock'), ('ROS_PYTHON_VERSION', '3'), ('VSCODE_GIT_ASKPASS_MAIN', '/root/.vscode-server/bin/17baf841131aa23349f217ca7c570c76ee87b957/extensions/git/dist/askpass-main.js'), ('VSCODE_GIT_ASKPASS_NODE', '/root/.vscode-server/bin/17baf841131aa23349f217ca7c570c76ee87b957/node'), ('LC_CTYPE', 'C.UTF-8'), ('COLORTERM', 'truecolor'), ('REMOTE_CONTAINERS', 'true'), ('COLCON_PREFIX_PATH', '/root/ros2_ws/install'), ('ROS_DISTRO', 'humble'), ('REMOTE_CONTAINERS_IPC', '/tmp/vscode-remote-containers-ipc-f285fd1d-9376-4a47-8352-1dbec715791d.sock'), ('_', '/usr/bin/colcon'), ('ROS_VERSION', '2'), ('PKG_CONFIG_PATH', '/root/ros2_ws/install/cartographer/lib/x86_64-linux-gnu/pkgconfig:/root/ros2_ws/install/cartographer/lib/pkgconfig'), ('TERM', 'xterm-256color'), ('ROS_LOCALHOST_ONLY', '0'), ('PATH', '/root/ros2_ws/install/cartographer/bin:/root/.vscode-server/bin/17baf841131aa23349f217ca7c570c76ee87b957/bin/remote-cli:/opt/ros/humble/bin:/usr/local/sbin:/usr/local/bin:/usr/sbin:/usr/bin:/sbin:/bin:/root/.vscode-server/data/User/globalStorage/github.copilot-chat/debugCommand'), ('REMOTE_CONTAINERS_SOCKETS', '["/tmp/vscode-ssh-auth-f285fd1d-9376-4a47-8352-1dbec715791d.sock","/root/.gnupg/S.gpg-agent"]'), ('DISPLAY', 'unix:0'), ('LANG', 'en_US.UTF-8'), ('VSCODE_GIT_IPC_HANDLE', '/tmp/vscode-git-3ce2b43cc6.sock'), ('TERM_PROGRAM', 'vscode'), ('SSH_AUTH_SOCK', '/tmp/vscode-ssh-auth-f285fd1d-9376-4a47-8352-1dbec715791d.sock'), ('AMENT_PREFIX_PATH', '/root/ros2_ws/install/robocar_test_cpp:/root/ros2_ws/install/ros2_opencv:/root/ros2_ws/install/Test_FirstPkg:/root/ros2_ws/install/rplidar_ros:/root/ros2_ws/install/cartographer_rviz:/root/ros2_ws/install/cartographer_ros:/root/ros2_ws/install/cartographer_ros_msgs:/opt/ros/humble'), ('SHELL', '/bin/bash'), ('VSCODE_GIT_ASKPASS_EXTRA_ARGS', ''), ('PWD', '/root/ros2_ws/build/cartographer'), ('PYTHONPATH', '/root/ros2_ws/install/ros2_opencv/lib/python3.10/site-packages:/root/ros2_ws/install/cartographer_ros_msgs/local/lib/python3.10/dist-packages:/opt/ros/humble/lib/python3.10/site-packages:/opt/ros/humble/local/lib/python3.10/dist-packages'), ('COLCON', '1'), ('CMAKE_PREFIX_PATH', '/root/ros2_ws/install/robocar_test_cpp:/root/ros2_ws/install/Test_FirstPkg:/root/ros2_ws/install/rplidar_ros:/root/ros2_ws/install/cartographer_rviz:/root/ros2_ws/install/cartographer_ros:/root/ros2_ws/install/cartographer_ros_msgs:/root/ros2_ws/install/cartographer:/root/ros2_ws/install/ros2_opencv:/opt/ros/humble')]), 'shell': False}
[4.685310] (-) TimerEvent: {}
[4.695011] (cartographer) StdoutLine: {'line': b'-- Install configuration: "Release"\n'}
[4.696134] (cartographer) StdoutLine: {'line': b'-- Up-to-date: /root/ros2_ws/install/cartographer/share/cartographer/package.xml\n'}
[4.696459] (cartographer) StdoutLine: {'line': b'-- Up-to-date: /root/ros2_ws/install/cartographer/share/cartographer//configuration_files\n'}
[4.697814] (cartographer) StdoutLine: {'line': b'-- Up-to-date: /root/ros2_ws/install/cartographer/share/cartographer//configuration_files/trajectory_builder_3d.lua\n'}
[4.699902] (cartographer) StdoutLine: {'line': b'-- Up-to-date: /root/ros2_ws/install/cartographer/share/cartographer//configuration_files/map_builder_server.lua\n'}
[4.700246] (cartographer) StdoutLine: {'line': b'-- Up-to-date: /root/ros2_ws/install/cartographer/share/cartographer//configuration_files/trajectory_builder_2d.lua\n'}
[4.700526] (cartographer) StdoutLine: {'line': b'-- Up-to-date: /root/ros2_ws/install/cartographer/share/cartographer//configuration_files/trajectory_builder.lua\n'}
[4.700828] (cartographer) StdoutLine: {'line': b'-- Up-to-date: /root/ros2_ws/install/cartographer/share/cartographer//configuration_files/map_builder.lua\n'}
[4.701098] (cartographer) StdoutLine: {'line': b'-- Up-to-date: /root/ros2_ws/install/cartographer/share/cartographer//configuration_files/laser_2d.lua\n'}
[4.701981] (cartographer) StdoutLine: {'line': b'-- Up-to-date: /root/ros2_ws/install/cartographer/share/cartographer//configuration_files/pose_graph.lua\n'}
[4.702560] (cartographer) StdoutLine: {'line': b'-- Up-to-date: /root/ros2_ws/install/cartographer/share/cartographer//cmake\n'}
[4.703053] (cartographer) StdoutLine: {'line': b'-- Up-to-date: /root/ros2_ws/install/cartographer/share/cartographer//cmake/modules\n'}
[4.703461] (cartographer) StdoutLine: {'line': b'-- Up-to-date: /root/ros2_ws/install/cartographer/share/cartographer//cmake/modules/FindSphinx.cmake\n'}
[4.703761] (cartographer) StdoutLine: {'line': b'-- Up-to-date: /root/ros2_ws/install/cartographer/share/cartographer//cmake/modules/FindLuaGoogle.cmake\n'}
[4.704065] (cartographer) StdoutLine: {'line': b'-- Up-to-date: /root/ros2_ws/install/cartographer/share/cartographer//cmake/modules/FindGMock.cmake\n'}
[4.704778] (cartographer) StdoutLine: {'line': b'-- Up-to-date: /root/ros2_ws/install/cartographer/share/cartographer//cmake/modules/FindEigen3.cmake\n'}
[4.705697] (cartographer) StdoutLine: {'line': b'-- Up-to-date: /root/ros2_ws/install/cartographer/share/cartographer//cmake/functions.cmake\n'}
[4.706260] (cartographer) StdoutLine: {'line': b'-- Up-to-date: /root/ros2_ws/install/cartographer/bin/cartographer_autogenerate_ground_truth\n'}
[4.706536] (cartographer) StdoutLine: {'line': b'-- Up-to-date: /root/ros2_ws/install/cartographer/bin/cartographer_compute_relations_metrics\n'}
[4.708743] (cartographer) StdoutLine: {'line': b'-- Up-to-date: /root/ros2_ws/install/cartographer/bin/cartographer_pbstream\n'}
[4.709108] (cartographer) StdoutLine: {'line': b'-- Up-to-date: /root/ros2_ws/install/cartographer/bin/cartographer_print_configuration\n'}
[4.709398] (cartographer) StdoutLine: {'line': b'-- Up-to-date: /root/ros2_ws/install/cartographer/lib/libcartographer.a\n'}
[4.709678] (cartographer) StdoutLine: {'line': b'-- Up-to-date: /root/ros2_ws/install/cartographer/include/cartographer/common/configuration_file_resolver.h\n'}
[4.709949] (cartographer) StdoutLine: {'line': b'-- Up-to-date: /root/ros2_ws/install/cartographer/include/cartographer/common/fixed_ratio_sampler.h\n'}
[4.710202] (cartographer) StdoutLine: {'line': b'-- Up-to-date: /root/ros2_ws/install/cartographer/include/cartographer/common/histogram.h\n'}
[4.710455] (cartographer) StdoutLine: {'line': b'-- Up-to-date: /root/ros2_ws/install/cartographer/include/cartographer/common/lua.h\n'}
[4.710770] (cartographer) StdoutLine: {'line': b'-- Up-to-date: /root/ros2_ws/install/cartographer/include/cartographer/common/lua_parameter_dictionary.h\n'}
[4.712753] (cartographer) StdoutLine: {'line': b'-- Up-to-date: /root/ros2_ws/install/cartographer/include/cartographer/common/math.h\n'}
[4.713119] (cartographer) StdoutLine: {'line': b'-- Up-to-date: /root/ros2_ws/install/cartographer/include/cartographer/common/port.h\n'}
[4.713426] (cartographer) StdoutLine: {'line': b'-- Up-to-date: /root/ros2_ws/install/cartographer/include/cartographer/common/task.h\n'}
[4.713785] (cartographer) StdoutLine: {'line': b'-- Up-to-date: /root/ros2_ws/install/cartographer/include/cartographer/common/thread_pool.h\n'}
[4.714156] (cartographer) StdoutLine: {'line': b'-- Up-to-date: /root/ros2_ws/install/cartographer/include/cartographer/common/time.h\n'}
[4.714471] (cartographer) StdoutLine: {'line': b'-- Up-to-date: /root/ros2_ws/install/cartographer/include/cartographer/ground_truth/autogenerate_ground_truth.h\n'}
[4.714752] (cartographer) StdoutLine: {'line': b'-- Up-to-date: /root/ros2_ws/install/cartographer/include/cartographer/ground_truth/relations_text_file.h\n'}
[4.715026] (cartographer) StdoutLine: {'line': b'-- Up-to-date: /root/ros2_ws/install/cartographer/include/cartographer/io/color.h\n'}
[4.715282] (cartographer) StdoutLine: {'line': b'-- Up-to-date: /root/ros2_ws/install/cartographer/include/cartographer/io/coloring_points_processor.h\n'}
[4.715594] (cartographer) StdoutLine: {'line': b'-- Up-to-date: /root/ros2_ws/install/cartographer/include/cartographer/io/counting_points_processor.h\n'}
[4.721263] (cartographer) StdoutLine: {'line': b'-- Up-to-date: /root/ros2_ws/install/cartographer/include/cartographer/io/draw_trajectories.h\n'}
[4.723303] (cartographer) StdoutLine: {'line': b'-- Up-to-date: /root/ros2_ws/install/cartographer/include/cartographer/io/file_writer.h\n'}
[4.723771] (cartographer) StdoutLine: {'line': b'-- Up-to-date: /root/ros2_ws/install/cartographer/include/cartographer/io/fixed_ratio_sampling_points_processor.h\n'}
[4.724154] (cartographer) StdoutLine: {'line': b'-- Up-to-date: /root/ros2_ws/install/cartographer/include/cartographer/io/frame_id_filtering_points_processor.h\n'}
[4.724550] (cartographer) StdoutLine: {'line': b'-- Up-to-date: /root/ros2_ws/install/cartographer/include/cartographer/io/hybrid_grid_points_processor.h\n'}
[4.725058] (cartographer) StdoutLine: {'line': b'-- Up-to-date: /root/ros2_ws/install/cartographer/include/cartographer/io/image.h\n'}
[4.725485] (cartographer) StdoutLine: {'line': b'-- Up-to-date: /root/ros2_ws/install/cartographer/include/cartographer/io/intensity_to_color_points_processor.h\n'}
[4.725771] (cartographer) StdoutLine: {'line': b'-- Up-to-date: /root/ros2_ws/install/cartographer/include/cartographer/io/min_max_range_filtering_points_processor.h\n'}
[4.726061] (cartographer) StdoutLine: {'line': b'-- Up-to-date: /root/ros2_ws/install/cartographer/include/cartographer/io/null_points_processor.h\n'}
[4.726312] (cartographer) StdoutLine: {'line': b'-- Up-to-date: /root/ros2_ws/install/cartographer/include/cartographer/io/outlier_removing_points_processor.h\n'}
[4.726559] (cartographer) StdoutLine: {'line': b'-- Up-to-date: /root/ros2_ws/install/cartographer/include/cartographer/io/pcd_writing_points_processor.h\n'}
[4.727216] (cartographer) StdoutLine: {'line': b'-- Up-to-date: /root/ros2_ws/install/cartographer/include/cartographer/io/ply_writing_points_processor.h\n'}
[4.727499] (cartographer) StdoutLine: {'line': b'-- Up-to-date: /root/ros2_ws/install/cartographer/include/cartographer/io/points_batch.h\n'}
[4.727783] (cartographer) StdoutLine: {'line': b'-- Up-to-date: /root/ros2_ws/install/cartographer/include/cartographer/io/points_processor.h\n'}
[4.728081] (cartographer) StdoutLine: {'line': b'-- Up-to-date: /root/ros2_ws/install/cartographer/include/cartographer/io/points_processor_pipeline_builder.h\n'}
[4.728404] (cartographer) StdoutLine: {'line': b'-- Up-to-date: /root/ros2_ws/install/cartographer/include/cartographer/io/probability_grid_points_processor.h\n'}
[4.728767] (cartographer) StdoutLine: {'line': b'-- Up-to-date: /root/ros2_ws/install/cartographer/include/cartographer/io/proto_stream.h\n'}
[4.729115] (cartographer) StdoutLine: {'line': b'-- Up-to-date: /root/ros2_ws/install/cartographer/include/cartographer/io/proto_stream_deserializer.h\n'}
[4.729361] (cartographer) StdoutLine: {'line': b'-- Up-to-date: /root/ros2_ws/install/cartographer/include/cartographer/io/proto_stream_interface.h\n'}
[4.729577] (cartographer) StdoutLine: {'line': b'-- Up-to-date: /root/ros2_ws/install/cartographer/include/cartographer/io/serialization_format_migration.h\n'}
[4.729971] (cartographer) StdoutLine: {'line': b'-- Up-to-date: /root/ros2_ws/install/cartographer/include/cartographer/io/submap_painter.h\n'}
[4.730264] (cartographer) StdoutLine: {'line': b'-- Up-to-date: /root/ros2_ws/install/cartographer/include/cartographer/io/vertical_range_filtering_points_processor.h\n'}
[4.730562] (cartographer) StdoutLine: {'line': b'-- Up-to-date: /root/ros2_ws/install/cartographer/include/cartographer/io/xray_points_processor.h\n'}
[4.730848] (cartographer) StdoutLine: {'line': b'-- Up-to-date: /root/ros2_ws/install/cartographer/include/cartographer/io/xyz_writing_points_processor.h\n'}
[4.731150] (cartographer) StdoutLine: {'line': b'-- Up-to-date: /root/ros2_ws/install/cartographer/include/cartographer/mapping/2d/grid_2d.h\n'}
[4.732178] (cartographer) StdoutLine: {'line': b'-- Up-to-date: /root/ros2_ws/install/cartographer/include/cartographer/mapping/2d/map_limits.h\n'}
[4.733237] (cartographer) StdoutLine: {'line': b'-- Up-to-date: /root/ros2_ws/install/cartographer/include/cartographer/mapping/2d/probability_grid.h\n'}
[4.733512] (cartographer) StdoutLine: {'line': b'-- Up-to-date: /root/ros2_ws/install/cartographer/include/cartographer/mapping/2d/probability_grid_range_data_inserter_2d.h\n'}
[4.734193] (cartographer) StdoutLine: {'line': b'-- Up-to-date: /root/ros2_ws/install/cartographer/include/cartographer/mapping/2d/submap_2d.h\n'}
[4.734582] (cartographer) StdoutLine: {'line': b'-- Up-to-date: /root/ros2_ws/install/cartographer/include/cartographer/mapping/2d/xy_index.h\n'}
[4.735323] (cartographer) StdoutLine: {'line': b'-- Up-to-date: /root/ros2_ws/install/cartographer/include/cartographer/mapping/3d/hybrid_grid.h\n'}
[4.735721] (cartographer) StdoutLine: {'line': b'-- Up-to-date: /root/ros2_ws/install/cartographer/include/cartographer/mapping/3d/range_data_inserter_3d.h\n'}
[4.737336] (cartographer) StdoutLine: {'line': b'-- Up-to-date: /root/ros2_ws/install/cartographer/include/cartographer/mapping/3d/submap_3d.h\n'}
[4.739982] (cartographer) StdoutLine: {'line': b'-- Up-to-date: /root/ros2_ws/install/cartographer/include/cartographer/mapping/detect_floors.h\n'}
[4.740282] (cartographer) StdoutLine: {'line': b'-- Up-to-date: /root/ros2_ws/install/cartographer/include/cartographer/mapping/grid_interface.h\n'}
[4.740591] (cartographer) StdoutLine: {'line': b'-- Up-to-date: /root/ros2_ws/install/cartographer/include/cartographer/mapping/id.h\n'}
[4.741234] (cartographer) StdoutLine: {'line': b'-- Up-to-date: /root/ros2_ws/install/cartographer/include/cartographer/mapping/imu_tracker.h\n'}
[4.742097] (cartographer) StdoutLine: {'line': b'-- Up-to-date: /root/ros2_ws/install/cartographer/include/cartographer/mapping/map_builder.h\n'}
[4.742486] (cartographer) StdoutLine: {'line': b'-- Up-to-date: /root/ros2_ws/install/cartographer/include/cartographer/mapping/map_builder_interface.h\n'}
[4.743434] (cartographer) StdoutLine: {'line': b'-- Up-to-date: /root/ros2_ws/install/cartographer/include/cartographer/mapping/pose_extrapolator.h\n'}
[4.744158] (cartographer) StdoutLine: {'line': b'-- Up-to-date: /root/ros2_ws/install/cartographer/include/cartographer/mapping/pose_extrapolator_interface.h\n'}
[4.745091] (cartographer) StdoutLine: {'line': b'-- Up-to-date: /root/ros2_ws/install/cartographer/include/cartographer/mapping/pose_graph.h\n'}
[4.745417] (cartographer) StdoutLine: {'line': b'-- Up-to-date: /root/ros2_ws/install/cartographer/include/cartographer/mapping/pose_graph_interface.h\n'}
[4.745687] (cartographer) StdoutLine: {'line': b'-- Up-to-date: /root/ros2_ws/install/cartographer/include/cartographer/mapping/pose_graph_trimmer.h\n'}
[4.746079] (cartographer) StdoutLine: {'line': b'-- Up-to-date: /root/ros2_ws/install/cartographer/include/cartographer/mapping/probability_values.h\n'}
[4.747190] (cartographer) StdoutLine: {'line': b'-- Up-to-date: /root/ros2_ws/install/cartographer/include/cartographer/mapping/range_data_inserter_interface.h\n'}
[4.747632] (cartographer) StdoutLine: {'line': b'-- Up-to-date: /root/ros2_ws/install/cartographer/include/cartographer/mapping/submaps.h\n'}
[4.750048] (cartographer) StdoutLine: {'line': b'-- Up-to-date: /root/ros2_ws/install/cartographer/include/cartographer/mapping/trajectory_builder_interface.h\n'}
[4.750390] (cartographer) StdoutLine: {'line': b'-- Up-to-date: /root/ros2_ws/install/cartographer/include/cartographer/mapping/trajectory_node.h\n'}
[4.750721] (cartographer) StdoutLine: {'line': b'-- Up-to-date: /root/ros2_ws/install/cartographer/include/cartographer/mapping/value_conversion_tables.h\n'}
[4.751089] (cartographer) StdoutLine: {'line': b'-- Up-to-date: /root/ros2_ws/install/cartographer/include/cartographer/metrics/counter.h\n'}
[4.751440] (cartographer) StdoutLine: {'line': b'-- Up-to-date: /root/ros2_ws/install/cartographer/include/cartographer/metrics/family_factory.h\n'}
[4.751777] (cartographer) StdoutLine: {'line': b'-- Up-to-date: /root/ros2_ws/install/cartographer/include/cartographer/metrics/gauge.h\n'}
[4.752098] (cartographer) StdoutLine: {'line': b'-- Up-to-date: /root/ros2_ws/install/cartographer/include/cartographer/metrics/histogram.h\n'}
[4.752376] (cartographer) StdoutLine: {'line': b'-- Up-to-date: /root/ros2_ws/install/cartographer/include/cartographer/metrics/register.h\n'}
[4.752569] (cartographer) StdoutLine: {'line': b'-- Up-to-date: /root/ros2_ws/install/cartographer/include/cartographer/sensor/collator_interface.h\n'}
[4.752734] (cartographer) StdoutLine: {'line': b'-- Up-to-date: /root/ros2_ws/install/cartographer/include/cartographer/sensor/compressed_point_cloud.h\n'}
[4.752878] (cartographer) StdoutLine: {'line': b'-- Up-to-date: /root/ros2_ws/install/cartographer/include/cartographer/sensor/data.h\n'}
[4.753010] (cartographer) StdoutLine: {'line': b'-- Up-to-date: /root/ros2_ws/install/cartographer/include/cartographer/sensor/fixed_frame_pose_data.h\n'}
[4.753163] (cartographer) StdoutLine: {'line': b'-- Up-to-date: /root/ros2_ws/install/cartographer/include/cartographer/sensor/imu_data.h\n'}
[4.753313] (cartographer) StdoutLine: {'line': b'-- Up-to-date: /root/ros2_ws/install/cartographer/include/cartographer/sensor/landmark_data.h\n'}
[4.753446] (cartographer) StdoutLine: {'line': b'-- Up-to-date: /root/ros2_ws/install/cartographer/include/cartographer/sensor/map_by_time.h\n'}
[4.753761] (cartographer) StdoutLine: {'line': b'-- Up-to-date: /root/ros2_ws/install/cartographer/include/cartographer/sensor/odometry_data.h\n'}
[4.755183] (cartographer) StdoutLine: {'line': b'-- Up-to-date: /root/ros2_ws/install/cartographer/include/cartographer/sensor/point_cloud.h\n'}
[4.756154] (cartographer) StdoutLine: {'line': b'-- Up-to-date: /root/ros2_ws/install/cartographer/include/cartographer/sensor/range_data.h\n'}
[4.756822] (cartographer) StdoutLine: {'line': b'-- Up-to-date: /root/ros2_ws/install/cartographer/include/cartographer/sensor/rangefinder_point.h\n'}
[4.757132] (cartographer) StdoutLine: {'line': b'-- Up-to-date: /root/ros2_ws/install/cartographer/include/cartographer/sensor/timed_point_cloud_data.h\n'}
[4.757406] (cartographer) StdoutLine: {'line': b'-- Up-to-date: /root/ros2_ws/install/cartographer/include/cartographer/transform/rigid_transform.h\n'}
[4.757847] (cartographer) StdoutLine: {'line': b'-- Up-to-date: /root/ros2_ws/install/cartographer/include/cartographer/transform/timestamped_transform.h\n'}
[4.758648] (cartographer) StdoutLine: {'line': b'-- Up-to-date: /root/ros2_ws/install/cartographer/include/cartographer/transform/transform.h\n'}
[4.759129] (cartographer) StdoutLine: {'line': b'-- Up-to-date: /root/ros2_ws/install/cartographer/include/cartographer/transform/transform_interpolation_buffer.h\n'}
[4.759593] (cartographer) StdoutLine: {'line': b'-- Up-to-date: /root/ros2_ws/install/cartographer/include/cartographer/io/fake_file_writer.h\n'}
[4.760455] (cartographer) StdoutLine: {'line': b'-- Up-to-date: /root/ros2_ws/install/cartographer/include/cartographer/transform/rigid_transform_test_helpers.h\n'}
[4.761691] (cartographer) StdoutLine: {'line': b'-- Up-to-date: /root/ros2_ws/install/cartographer/include/cartographer/common/proto/ceres_solver_options.pb.h\n'}
[4.762072] (cartographer) StdoutLine: {'line': b'-- Up-to-date: /root/ros2_ws/install/cartographer/include/cartographer/ground_truth/proto/relations.pb.h\n'}
[4.762234] (cartographer) StdoutLine: {'line': b'-- Up-to-date: /root/ros2_ws/install/cartographer/include/cartographer/mapping/proto/cell_limits_2d.pb.h\n'}
[4.762692] (cartographer) StdoutLine: {'line': b'-- Up-to-date: /root/ros2_ws/install/cartographer/include/cartographer/mapping/proto/connected_components.pb.h\n'}
[4.764632] (cartographer) StdoutLine: {'line': b'-- Up-to-date: /root/ros2_ws/install/cartographer/include/cartographer/mapping/proto/grid_2d.pb.h\n'}
[4.765143] (cartographer) StdoutLine: {'line': b'-- Up-to-date: /root/ros2_ws/install/cartographer/include/cartographer/mapping/proto/grid_2d_options.pb.h\n'}
[4.765406] (cartographer) StdoutLine: {'line': b'-- Up-to-date: /root/ros2_ws/install/cartographer/include/cartographer/mapping/proto/hybrid_grid.pb.h\n'}
[4.765816] (cartographer) StdoutLine: {'line': b'-- Up-to-date: /root/ros2_ws/install/cartographer/include/cartographer/mapping/proto/local_trajectory_builder_options_2d.pb.h\n'}
[4.767396] (cartographer) StdoutLine: {'line': b'-- Up-to-date: /root/ros2_ws/install/cartographer/include/cartographer/mapping/proto/local_trajectory_builder_options_3d.pb.h\n'}
[4.767684] (cartographer) StdoutLine: {'line': b'-- Up-to-date: /root/ros2_ws/install/cartographer/include/cartographer/mapping/proto/map_builder_options.pb.h\n'}
[4.767892] (cartographer) StdoutLine: {'line': b'-- Up-to-date: /root/ros2_ws/install/cartographer/include/cartographer/mapping/proto/map_limits.pb.h\n'}
[4.768075] (cartographer) StdoutLine: {'line': b'-- Up-to-date: /root/ros2_ws/install/cartographer/include/cartographer/mapping/proto/motion_filter_options.pb.h\n'}
[4.768240] (cartographer) StdoutLine: {'line': b'-- Up-to-date: /root/ros2_ws/install/cartographer/include/cartographer/mapping/proto/normal_estimation_options_2d.pb.h\n'}
[4.768404] (cartographer) StdoutLine: {'line': b'-- Up-to-date: /root/ros2_ws/install/cartographer/include/cartographer/mapping/proto/pose_extrapolator_options.pb.h\n'}
[4.768579] (cartographer) StdoutLine: {'line': b'-- Up-to-date: /root/ros2_ws/install/cartographer/include/cartographer/mapping/proto/pose_graph.pb.h\n'}
[4.769212] (cartographer) StdoutLine: {'line': b'-- Up-to-date: /root/ros2_ws/install/cartographer/include/cartographer/mapping/proto/pose_graph/constraint_builder_options.pb.h\n'}
[4.769486] (cartographer) StdoutLine: {'line': b'-- Up-to-date: /root/ros2_ws/install/cartographer/include/cartographer/mapping/proto/pose_graph/optimization_problem_options.pb.h\n'}
[4.769664] (cartographer) StdoutLine: {'line': b'-- Up-to-date: /root/ros2_ws/install/cartographer/include/cartographer/mapping/proto/pose_graph_options.pb.h\n'}
[4.771355] (cartographer) StdoutLine: {'line': b'-- Up-to-date: /root/ros2_ws/install/cartographer/include/cartographer/mapping/proto/probability_grid.pb.h\n'}
[4.772420] (cartographer) StdoutLine: {'line': b'-- Up-to-date: /root/ros2_ws/install/cartographer/include/cartographer/mapping/proto/probability_grid_range_data_inserter_options_2d.pb.h\n'}
[4.773009] (cartographer) StdoutLine: {'line': b'-- Up-to-date: /root/ros2_ws/install/cartographer/include/cartographer/mapping/proto/range_data_inserter_options.pb.h\n'}
[4.774040] (cartographer) StdoutLine: {'line': b'-- Up-to-date: /root/ros2_ws/install/cartographer/include/cartographer/mapping/proto/range_data_inserter_options_3d.pb.h\n'}
[4.775084] (cartographer) StdoutLine: {'line': b'-- Up-to-date: /root/ros2_ws/install/cartographer/include/cartographer/mapping/proto/scan_matching/ceres_scan_matcher_options_2d.pb.h\n'}
[4.775275] (cartographer) StdoutLine: {'line': b'-- Up-to-date: /root/ros2_ws/install/cartographer/include/cartographer/mapping/proto/scan_matching/ceres_scan_matcher_options_3d.pb.h\n'}
[4.775524] (cartographer) StdoutLine: {'line': b'-- Up-to-date: /root/ros2_ws/install/cartographer/include/cartographer/mapping/proto/scan_matching/fast_correlative_scan_matcher_options_2d.pb.h\n'}
[4.775682] (cartographer) StdoutLine: {'line': b'-- Up-to-date: /root/ros2_ws/install/cartographer/include/cartographer/mapping/proto/scan_matching/fast_correlative_scan_matcher_options_3d.pb.h\n'}
[4.776391] (cartographer) StdoutLine: {'line': b'-- Up-to-date: /root/ros2_ws/install/cartographer/include/cartographer/mapping/proto/scan_matching/real_time_correlative_scan_matcher_options.pb.h\n'}
[4.776548] (cartographer) StdoutLine: {'line': b'-- Up-to-date: /root/ros2_ws/install/cartographer/include/cartographer/mapping/proto/serialization.pb.h\n'}
[4.776714] (cartographer) StdoutLine: {'line': b'-- Up-to-date: /root/ros2_ws/install/cartographer/include/cartographer/mapping/proto/submap.pb.h\n'}
[4.777943] (cartographer) StdoutLine: {'line': b'-- Up-to-date: /root/ros2_ws/install/cartographer/include/cartographer/mapping/proto/submap_visualization.pb.h\n'}
[4.778240] (cartographer) StdoutLine: {'line': b'-- Up-to-date: /root/ros2_ws/install/cartographer/include/cartographer/mapping/proto/submaps_options_2d.pb.h\n'}
[4.778408] (cartographer) StdoutLine: {'line': b'-- Up-to-date: /root/ros2_ws/install/cartographer/include/cartographer/mapping/proto/submaps_options_3d.pb.h\n'}
[4.778554] (cartographer) StdoutLine: {'line': b'-- Up-to-date: /root/ros2_ws/install/cartographer/include/cartographer/mapping/proto/trajectory.pb.h\n'}
[4.778722] (cartographer) StdoutLine: {'line': b'-- Up-to-date: /root/ros2_ws/install/cartographer/include/cartographer/mapping/proto/trajectory_builder_options.pb.h\n'}
[4.779454] (cartographer) StdoutLine: {'line': b'-- Up-to-date: /root/ros2_ws/install/cartographer/include/cartographer/mapping/proto/trajectory_node_data.pb.h\n'}
[4.779614] (cartographer) StdoutLine: {'line': b'-- Up-to-date: /root/ros2_ws/install/cartographer/include/cartographer/mapping/proto/tsdf_2d.pb.h\n'}
[4.779794] (cartographer) StdoutLine: {'line': b'-- Up-to-date: /root/ros2_ws/install/cartographer/include/cartographer/mapping/proto/tsdf_range_data_inserter_options_2d.pb.h\n'}
[4.780220] (cartographer) StdoutLine: {'line': b'-- Up-to-date: /root/ros2_ws/install/cartographer/include/cartographer/sensor/proto/adaptive_voxel_filter_options.pb.h\n'}
[4.780363] (cartographer) StdoutLine: {'line': b'-- Up-to-date: /root/ros2_ws/install/cartographer/include/cartographer/sensor/proto/sensor.pb.h\n'}
[4.780606] (cartographer) StdoutLine: {'line': b'-- Up-to-date: /root/ros2_ws/install/cartographer/include/cartographer/transform/proto/timestamped_transform.pb.h\n'}
[4.780820] (cartographer) StdoutLine: {'line': b'-- Up-to-date: /root/ros2_ws/install/cartographer/include/cartographer/transform/proto/transform.pb.h\n'}
[4.780965] (cartographer) StdoutLine: {'line': b'-- Up-to-date: /root/ros2_ws/install/cartographer/share/cartographer/cmake/CartographerTargets.cmake\n'}
[4.781102] (cartographer) StdoutLine: {'line': b'-- Up-to-date: /root/ros2_ws/install/cartographer/share/cartographer/cmake/CartographerTargets-release.cmake\n'}
[4.781240] (cartographer) StdoutLine: {'line': b'-- Up-to-date: /root/ros2_ws/install/cartographer/share/cartographer/cartographer-config.cmake\n'}
[4.781393] (cartographer) CommandEnded: {'returncode': 0}
[4.785411] (-) TimerEvent: {}
[4.807056] (cartographer) JobEnded: {'identifier': 'cartographer', 'rc': 0}
[4.812612] (cartographer_ros) JobStarted: {'identifier': 'cartographer_ros'}
[4.842140] (cartographer_ros) JobProgress: {'identifier': 'cartographer_ros', 'progress': 'cmake'}
[4.845261] (cartographer_ros) JobProgress: {'identifier': 'cartographer_ros', 'progress': 'build'}
[4.846743] (cartographer_ros) Command: {'cmd': ['/usr/bin/cmake', '--build', '/root/ros2_ws/build/cartographer_ros', '--', '-j8', '-l8'], 'cwd': '/root/ros2_ws/build/cartographer_ros', 'env': OrderedDict([('HOSTNAME', 'warnie'), ('GIT_ASKPASS', '/root/.vscode-server/bin/17baf841131aa23349f217ca7c570c76ee87b957/extensions/git/dist/askpass.sh'), ('SHLVL', '2'), ('LD_LIBRARY_PATH', '/root/ros2_ws/install/cartographer_ros_msgs/lib:/root/ros2_ws/install/cartographer_rviz/lib:/root/ros2_ws/install/cartographer_ros/lib:/opt/ros/humble/opt/rviz_ogre_vendor/lib:/opt/ros/humble/lib/x86_64-linux-gnu:/opt/ros/humble/lib'), ('BROWSER', '/root/.vscode-server/bin/17baf841131aa23349f217ca7c570c76ee87b957/bin/helpers/browser.sh'), ('HOME', '/root'), ('OLDPWD', '/root/ros2_ws/src'), ('TERM_PROGRAM_VERSION', '1.99.3'), ('VSCODE_IPC_HOOK_CLI', '/tmp/vscode-ipc-db8667da-dddf-4b8b-9bef-966dbeab1878.sock'), ('ROS_PYTHON_VERSION', '3'), ('VSCODE_GIT_ASKPASS_MAIN', '/root/.vscode-server/bin/17baf841131aa23349f217ca7c570c76ee87b957/extensions/git/dist/askpass-main.js'), ('VSCODE_GIT_ASKPASS_NODE', '/root/.vscode-server/bin/17baf841131aa23349f217ca7c570c76ee87b957/node'), ('LC_CTYPE', 'C.UTF-8'), ('COLORTERM', 'truecolor'), ('REMOTE_CONTAINERS', 'true'), ('COLCON_PREFIX_PATH', '/root/ros2_ws/install'), ('ROS_DISTRO', 'humble'), ('REMOTE_CONTAINERS_IPC', '/tmp/vscode-remote-containers-ipc-f285fd1d-9376-4a47-8352-1dbec715791d.sock'), ('_', '/usr/bin/colcon'), ('ROS_VERSION', '2'), ('PKG_CONFIG_PATH', '/root/ros2_ws/install/cartographer/lib/x86_64-linux-gnu/pkgconfig:/root/ros2_ws/install/cartographer/lib/pkgconfig'), ('TERM', 'xterm-256color'), ('ROS_LOCALHOST_ONLY', '0'), ('PATH', '/root/ros2_ws/install/cartographer/bin:/root/.vscode-server/bin/17baf841131aa23349f217ca7c570c76ee87b957/bin/remote-cli:/opt/ros/humble/bin:/usr/local/sbin:/usr/local/bin:/usr/sbin:/usr/bin:/sbin:/bin:/root/.vscode-server/data/User/globalStorage/github.copilot-chat/debugCommand'), ('REMOTE_CONTAINERS_SOCKETS', '["/tmp/vscode-ssh-auth-f285fd1d-9376-4a47-8352-1dbec715791d.sock","/root/.gnupg/S.gpg-agent"]'), ('DISPLAY', 'unix:0'), ('LANG', 'en_US.UTF-8'), ('VSCODE_GIT_IPC_HANDLE', '/tmp/vscode-git-3ce2b43cc6.sock'), ('TERM_PROGRAM', 'vscode'), ('SSH_AUTH_SOCK', '/tmp/vscode-ssh-auth-f285fd1d-9376-4a47-8352-1dbec715791d.sock'), ('AMENT_PREFIX_PATH', '/root/ros2_ws/install/robocar_test_cpp:/root/ros2_ws/install/ros2_opencv:/root/ros2_ws/install/Test_FirstPkg:/root/ros2_ws/install/rplidar_ros:/root/ros2_ws/install/cartographer_rviz:/root/ros2_ws/install/cartographer_ros:/root/ros2_ws/install/cartographer_ros_msgs:/opt/ros/humble'), ('SHELL', '/bin/bash'), ('VSCODE_GIT_ASKPASS_EXTRA_ARGS', ''), ('PWD', '/root/ros2_ws/build/cartographer_ros'), ('PYTHONPATH', '/root/ros2_ws/install/ros2_opencv/lib/python3.10/site-packages:/root/ros2_ws/install/cartographer_ros_msgs/local/lib/python3.10/dist-packages:/opt/ros/humble/lib/python3.10/site-packages:/opt/ros/humble/local/lib/python3.10/dist-packages'), ('COLCON', '1'), ('CMAKE_PREFIX_PATH', '/root/ros2_ws/install/cartographer_ros_msgs:/root/ros2_ws/install/cartographer:/root/ros2_ws/install/robocar_test_cpp:/root/ros2_ws/install/Test_FirstPkg:/root/ros2_ws/install/rplidar_ros:/root/ros2_ws/install/cartographer_rviz:/root/ros2_ws/install/cartographer_ros:/root/ros2_ws/install/ros2_opencv:/opt/ros/humble')]), 'shell': False}
[4.885571] (-) TimerEvent: {}
[4.899990] (car_launch) StdoutLine: {'line': b"-- Added test 'flake8' to check Python code syntax and style conventions\n"}
[4.901984] (car_launch) StdoutLine: {'line': b"-- Added test 'lint_cmake' to check CMake code style\n"}
[4.906860] (car_launch) StdoutLine: {'line': b"-- Added test 'pep257' to check Python code against some of the docstring style conventions in PEP 257\n"}
[4.909501] (car_launch) StdoutLine: {'line': b"-- Added test 'xmllint' to check XML markup files\n"}
[4.919723] (car_launch) StdoutLine: {'line': b'-- Configuring done\n'}
[4.940764] (car_launch) StdoutLine: {'line': b'-- Generating done\n'}
[4.943811] (car_launch) StdoutLine: {'line': b'-- Build files have been written to: /root/ros2_ws/build/car_launch\n'}
[4.952787] (car_launch) CommandEnded: {'returncode': 0}
[4.955743] (car_launch) JobProgress: {'identifier': 'car_launch', 'progress': 'build'}
[4.955908] (car_launch) Command: {'cmd': ['/usr/bin/cmake', '--build', '/root/ros2_ws/build/car_launch', '--', '-j8', '-l8'], 'cwd': '/root/ros2_ws/build/car_launch', 'env': OrderedDict([('HOSTNAME', 'warnie'), ('GIT_ASKPASS', '/root/.vscode-server/bin/17baf841131aa23349f217ca7c570c76ee87b957/extensions/git/dist/askpass.sh'), ('SHLVL', '2'), ('LD_LIBRARY_PATH', '/root/ros2_ws/install/cartographer_rviz/lib:/root/ros2_ws/install/cartographer_ros/lib:/root/ros2_ws/install/cartographer_ros_msgs/lib:/opt/ros/humble/opt/rviz_ogre_vendor/lib:/opt/ros/humble/lib/x86_64-linux-gnu:/opt/ros/humble/lib'), ('BROWSER', '/root/.vscode-server/bin/17baf841131aa23349f217ca7c570c76ee87b957/bin/helpers/browser.sh'), ('HOME', '/root'), ('OLDPWD', '/root/ros2_ws/src'), ('TERM_PROGRAM_VERSION', '1.99.3'), ('VSCODE_IPC_HOOK_CLI', '/tmp/vscode-ipc-db8667da-dddf-4b8b-9bef-966dbeab1878.sock'), ('ROS_PYTHON_VERSION', '3'), ('VSCODE_GIT_ASKPASS_MAIN', '/root/.vscode-server/bin/17baf841131aa23349f217ca7c570c76ee87b957/extensions/git/dist/askpass-main.js'), ('VSCODE_GIT_ASKPASS_NODE', '/root/.vscode-server/bin/17baf841131aa23349f217ca7c570c76ee87b957/node'), ('LC_CTYPE', 'C.UTF-8'), ('COLORTERM', 'truecolor'), ('REMOTE_CONTAINERS', 'true'), ('COLCON_PREFIX_PATH', '/root/ros2_ws/install'), ('ROS_DISTRO', 'humble'), ('REMOTE_CONTAINERS_IPC', '/tmp/vscode-remote-containers-ipc-f285fd1d-9376-4a47-8352-1dbec715791d.sock'), ('_', '/usr/bin/colcon'), ('ROS_VERSION', '2'), ('PKG_CONFIG_PATH', '/root/ros2_ws/install/cartographer/lib/x86_64-linux-gnu/pkgconfig:/root/ros2_ws/install/cartographer/lib/pkgconfig'), ('TERM', 'xterm-256color'), ('ROS_LOCALHOST_ONLY', '0'), ('PATH', '/root/ros2_ws/install/cartographer/bin:/root/.vscode-server/bin/17baf841131aa23349f217ca7c570c76ee87b957/bin/remote-cli:/opt/ros/humble/bin:/usr/local/sbin:/usr/local/bin:/usr/sbin:/usr/bin:/sbin:/bin:/root/.vscode-server/data/User/globalStorage/github.copilot-chat/debugCommand'), ('REMOTE_CONTAINERS_SOCKETS', '["/tmp/vscode-ssh-auth-f285fd1d-9376-4a47-8352-1dbec715791d.sock","/root/.gnupg/S.gpg-agent"]'), ('DISPLAY', 'unix:0'), ('LANG', 'en_US.UTF-8'), ('VSCODE_GIT_IPC_HANDLE', '/tmp/vscode-git-3ce2b43cc6.sock'), ('TERM_PROGRAM', 'vscode'), ('SSH_AUTH_SOCK', '/tmp/vscode-ssh-auth-f285fd1d-9376-4a47-8352-1dbec715791d.sock'), ('AMENT_PREFIX_PATH', '/root/ros2_ws/install/robocar_test_cpp:/root/ros2_ws/install/ros2_opencv:/root/ros2_ws/install/Test_FirstPkg:/root/ros2_ws/install/rplidar_ros:/root/ros2_ws/install/cartographer_rviz:/root/ros2_ws/install/cartographer_ros:/root/ros2_ws/install/cartographer_ros_msgs:/opt/ros/humble'), ('SHELL', '/bin/bash'), ('VSCODE_GIT_ASKPASS_EXTRA_ARGS', ''), ('PWD', '/root/ros2_ws/build/car_launch'), ('PYTHONPATH', '/root/ros2_ws/install/ros2_opencv/lib/python3.10/site-packages:/root/ros2_ws/install/cartographer_ros_msgs/local/lib/python3.10/dist-packages:/opt/ros/humble/lib/python3.10/site-packages:/opt/ros/humble/local/lib/python3.10/dist-packages'), ('COLCON', '1'), ('CMAKE_PREFIX_PATH', '/root/ros2_ws/install/robocar_test_cpp:/root/ros2_ws/install/Test_FirstPkg:/root/ros2_ws/install/rplidar_ros:/root/ros2_ws/install/cartographer_rviz:/root/ros2_ws/install/cartographer_ros:/root/ros2_ws/install/cartographer_ros_msgs:/root/ros2_ws/install/cartographer:/root/ros2_ws/install/ros2_opencv:/opt/ros/humble')]), 'shell': False}
[4.986471] (-) TimerEvent: {}
[5.080399] (car_launch) CommandEnded: {'returncode': 0}
[5.083173] (car_launch) JobProgress: {'identifier': 'car_launch', 'progress': 'install'}
[5.083608] (car_launch) Command: {'cmd': ['/usr/bin/cmake', '--install', '/root/ros2_ws/build/car_launch'], 'cwd': '/root/ros2_ws/build/car_launch', 'env': OrderedDict([('HOSTNAME', 'warnie'), ('GIT_ASKPASS', '/root/.vscode-server/bin/17baf841131aa23349f217ca7c570c76ee87b957/extensions/git/dist/askpass.sh'), ('SHLVL', '2'), ('LD_LIBRARY_PATH', '/root/ros2_ws/install/cartographer_rviz/lib:/root/ros2_ws/install/cartographer_ros/lib:/root/ros2_ws/install/cartographer_ros_msgs/lib:/opt/ros/humble/opt/rviz_ogre_vendor/lib:/opt/ros/humble/lib/x86_64-linux-gnu:/opt/ros/humble/lib'), ('BROWSER', '/root/.vscode-server/bin/17baf841131aa23349f217ca7c570c76ee87b957/bin/helpers/browser.sh'), ('HOME', '/root'), ('OLDPWD', '/root/ros2_ws/src'), ('TERM_PROGRAM_VERSION', '1.99.3'), ('VSCODE_IPC_HOOK_CLI', '/tmp/vscode-ipc-db8667da-dddf-4b8b-9bef-966dbeab1878.sock'), ('ROS_PYTHON_VERSION', '3'), ('VSCODE_GIT_ASKPASS_MAIN', '/root/.vscode-server/bin/17baf841131aa23349f217ca7c570c76ee87b957/extensions/git/dist/askpass-main.js'), ('VSCODE_GIT_ASKPASS_NODE', '/root/.vscode-server/bin/17baf841131aa23349f217ca7c570c76ee87b957/node'), ('LC_CTYPE', 'C.UTF-8'), ('COLORTERM', 'truecolor'), ('REMOTE_CONTAINERS', 'true'), ('COLCON_PREFIX_PATH', '/root/ros2_ws/install'), ('ROS_DISTRO', 'humble'), ('REMOTE_CONTAINERS_IPC', '/tmp/vscode-remote-containers-ipc-f285fd1d-9376-4a47-8352-1dbec715791d.sock'), ('_', '/usr/bin/colcon'), ('ROS_VERSION', '2'), ('PKG_CONFIG_PATH', '/root/ros2_ws/install/cartographer/lib/x86_64-linux-gnu/pkgconfig:/root/ros2_ws/install/cartographer/lib/pkgconfig'), ('TERM', 'xterm-256color'), ('ROS_LOCALHOST_ONLY', '0'), ('PATH', '/root/ros2_ws/install/cartographer/bin:/root/.vscode-server/bin/17baf841131aa23349f217ca7c570c76ee87b957/bin/remote-cli:/opt/ros/humble/bin:/usr/local/sbin:/usr/local/bin:/usr/sbin:/usr/bin:/sbin:/bin:/root/.vscode-server/data/User/globalStorage/github.copilot-chat/debugCommand'), ('REMOTE_CONTAINERS_SOCKETS', '["/tmp/vscode-ssh-auth-f285fd1d-9376-4a47-8352-1dbec715791d.sock","/root/.gnupg/S.gpg-agent"]'), ('DISPLAY', 'unix:0'), ('LANG', 'en_US.UTF-8'), ('VSCODE_GIT_IPC_HANDLE', '/tmp/vscode-git-3ce2b43cc6.sock'), ('TERM_PROGRAM', 'vscode'), ('SSH_AUTH_SOCK', '/tmp/vscode-ssh-auth-f285fd1d-9376-4a47-8352-1dbec715791d.sock'), ('AMENT_PREFIX_PATH', '/root/ros2_ws/install/robocar_test_cpp:/root/ros2_ws/install/ros2_opencv:/root/ros2_ws/install/Test_FirstPkg:/root/ros2_ws/install/rplidar_ros:/root/ros2_ws/install/cartographer_rviz:/root/ros2_ws/install/cartographer_ros:/root/ros2_ws/install/cartographer_ros_msgs:/opt/ros/humble'), ('SHELL', '/bin/bash'), ('VSCODE_GIT_ASKPASS_EXTRA_ARGS', ''), ('PWD', '/root/ros2_ws/build/car_launch'), ('PYTHONPATH', '/root/ros2_ws/install/ros2_opencv/lib/python3.10/site-packages:/root/ros2_ws/install/cartographer_ros_msgs/local/lib/python3.10/dist-packages:/opt/ros/humble/lib/python3.10/site-packages:/opt/ros/humble/local/lib/python3.10/dist-packages'), ('COLCON', '1'), ('CMAKE_PREFIX_PATH', '/root/ros2_ws/install/robocar_test_cpp:/root/ros2_ws/install/Test_FirstPkg:/root/ros2_ws/install/rplidar_ros:/root/ros2_ws/install/cartographer_rviz:/root/ros2_ws/install/cartographer_ros:/root/ros2_ws/install/cartographer_ros_msgs:/root/ros2_ws/install/cartographer:/root/ros2_ws/install/ros2_opencv:/opt/ros/humble')]), 'shell': False}
[5.086616] (-) TimerEvent: {}
[5.100828] (ros2_opencv) StdoutLine: {'line': b'running egg_info\n'}
[5.103696] (car_launch) StdoutLine: {'line': b'-- Install configuration: ""\n'}
[5.105317] (car_launch) StdoutLine: {'line': b'-- Installing: /root/ros2_ws/install/car_launch/share/car_launch//launch\n'}
[5.106253] (car_launch) StdoutLine: {'line': b'-- Installing: /root/ros2_ws/install/car_launch/share/car_launch//launch/car_launch.launch.py\n'}
[5.111370] (car_launch) StdoutLine: {'line': b'-- Installing: /root/ros2_ws/install/car_launch/share/ament_index/resource_index/package_run_dependencies/car_launch\n'}
[5.111687] (ros2_opencv) StdoutLine: {'line': b'writing ../../build/ros2_opencv/ros2_opencv.egg-info/PKG-INFO\n'}
[5.111961] (ros2_opencv) StdoutLine: {'line': b'writing dependency_links to ../../build/ros2_opencv/ros2_opencv.egg-info/dependency_links.txt\n'}
[5.112188] (car_launch) StdoutLine: {'line': b'-- Installing: /root/ros2_ws/install/car_launch/share/ament_index/resource_index/parent_prefix_path/car_launch\n'}
[5.112443] (ros2_opencv) StdoutLine: {'line': b'writing entry points to ../../build/ros2_opencv/ros2_opencv.egg-info/entry_points.txt\n'}
[5.120214] (ros2_opencv) StdoutLine: {'line': b'writing requirements to ../../build/ros2_opencv/ros2_opencv.egg-info/requires.txt\n'}
[5.122013] (ros2_opencv) StdoutLine: {'line': b'writing top-level names to ../../build/ros2_opencv/ros2_opencv.egg-info/top_level.txt\n'}
[5.122305] (car_launch) StdoutLine: {'line': b'-- Installing: /root/ros2_ws/install/car_launch/share/car_launch/environment/ament_prefix_path.sh\n'}
[5.122569] (car_launch) StdoutLine: {'line': b'-- Installing: /root/ros2_ws/install/car_launch/share/car_launch/environment/ament_prefix_path.dsv\n'}
[5.122856] (car_launch) StdoutLine: {'line': b'-- Installing: /root/ros2_ws/install/car_launch/share/car_launch/environment/path.sh\n'}
[5.123072] (car_launch) StdoutLine: {'line': b'-- Installing: /root/ros2_ws/install/car_launch/share/car_launch/environment/path.dsv\n'}
[5.123276] (car_launch) StdoutLine: {'line': b'-- Installing: /root/ros2_ws/install/car_launch/share/car_launch/local_setup.bash\n'}
[5.123517] (car_launch) StdoutLine: {'line': b'-- Installing: /root/ros2_ws/install/car_launch/share/car_launch/local_setup.sh\n'}
[5.126607] (car_launch) StdoutLine: {'line': b'-- Installing: /root/ros2_ws/install/car_launch/share/car_launch/local_setup.zsh\n'}
[5.126954] (car_launch) StdoutLine: {'line': b'-- Installing: /root/ros2_ws/install/car_launch/share/car_launch/local_setup.dsv\n'}
[5.128337] (car_launch) StdoutLine: {'line': b'-- Installing: /root/ros2_ws/install/car_launch/share/car_launch/package.dsv\n'}
[5.130229] (car_launch) StdoutLine: {'line': b'-- Installing: /root/ros2_ws/install/car_launch/share/ament_index/resource_index/packages/car_launch\n'}
[5.132817] (car_launch) StdoutLine: {'line': b'-- Installing: /root/ros2_ws/install/car_launch/share/car_launch/cmake/car_launchConfig.cmake\n'}
[5.133117] (car_launch) StdoutLine: {'line': b'-- Installing: /root/ros2_ws/install/car_launch/share/car_launch/cmake/car_launchConfig-version.cmake\n'}
[5.133373] (car_launch) StdoutLine: {'line': b'-- Installing: /root/ros2_ws/install/car_launch/share/car_launch/package.xml\n'}
[5.133600] (ros2_opencv) StdoutLine: {'line': b"reading manifest file '../../build/ros2_opencv/ros2_opencv.egg-info/SOURCES.txt'\n"}
[5.136140] (ros2_opencv) StdoutLine: {'line': b"writing manifest file '../../build/ros2_opencv/ros2_opencv.egg-info/SOURCES.txt'\n"}
[5.136461] (ros2_opencv) StdoutLine: {'line': b'running build\n'}
[5.136787] (ros2_opencv) StdoutLine: {'line': b'running build_py\n'}
[5.139539] (ros2_opencv) StdoutLine: {'line': b'running install\n'}
[5.139852] (ros2_opencv) StdoutLine: {'line': b'running install_lib\n'}
[5.140118] (car_launch) CommandEnded: {'returncode': 0}
[5.141155] (ros2_opencv) StdoutLine: {'line': b'running install_data\n'}
[5.145568] (ros2_opencv) StdoutLine: {'line': b'running install_egg_info\n'}
[5.153344] (ros2_opencv) StdoutLine: {'line': b"removing '/root/ros2_ws/install/ros2_opencv/lib/python3.10/site-packages/ros2_opencv-0.0.0-py3.10.egg-info' (and everything under it)\n"}
[5.153918] (ros2_opencv) StdoutLine: {'line': b'Copying ../../build/ros2_opencv/ros2_opencv.egg-info to /root/ros2_ws/install/ros2_opencv/lib/python3.10/site-packages/ros2_opencv-0.0.0-py3.10.egg-info\n'}
[5.154843] (ros2_opencv) StdoutLine: {'line': b'running install_scripts\n'}
[5.174890] (car_launch) JobEnded: {'identifier': 'car_launch', 'rc': 0}
[5.187003] (-) TimerEvent: {}
[5.212315] (ros2_opencv) StdoutLine: {'line': b"writing list of installed files to '/root/ros2_ws/build/ros2_opencv/install.log'\n"}
[5.235885] (cartographer_ros) StdoutLine: {'line': b'[ 60%] Built target cartographer_ros\n'}
[5.290773] (-) TimerEvent: {}
[5.343170] (ros2_opencv) CommandEnded: {'returncode': 0}
[5.386453] (ros2_opencv) JobEnded: {'identifier': 'ros2_opencv', 'rc': 0}
[5.392210] (-) TimerEvent: {}
[5.440608] (cartographer_ros) StdoutLine: {'line': b'[ 65%] Built target cartographer_pbstream_to_ros_map\n'}
[5.445426] (cartographer_ros) StdoutLine: {'line': b'[ 71%] Built target cartographer_pbstream_map_publisher\n'}
[5.468748] (cartographer_ros) StdoutLine: {'line': b'[ 82%] Built target cartographer_rosbag_validate\n'}
[5.469178] (cartographer_ros) StdoutLine: {'line': b'[ 85%] Built target cartographer_occupancy_grid_node\n'}
[5.469440] (cartographer_ros) StdoutLine: {'line': b'[ 88%] Built target cartographer_assets_writer\n'}
[5.475129] (cartographer_ros) StdoutLine: {'line': b'[ 94%] Built target cartographer_node\n'}
[5.477393] (cartographer_ros) StdoutLine: {'line': b'[100%] Built target cartographer_offline_node\n'}
[5.492637] (-) TimerEvent: {}
[5.514768] (cartographer_ros) CommandEnded: {'returncode': 0}
[5.516815] (cartographer_ros) JobProgress: {'identifier': 'cartographer_ros', 'progress': 'install'}
[5.517579] (cartographer_ros) Command: {'cmd': ['/usr/bin/cmake', '--install', '/root/ros2_ws/build/cartographer_ros'], 'cwd': '/root/ros2_ws/build/cartographer_ros', 'env': OrderedDict([('HOSTNAME', 'warnie'), ('GIT_ASKPASS', '/root/.vscode-server/bin/17baf841131aa23349f217ca7c570c76ee87b957/extensions/git/dist/askpass.sh'), ('SHLVL', '2'), ('LD_LIBRARY_PATH', '/root/ros2_ws/install/cartographer_ros_msgs/lib:/root/ros2_ws/install/cartographer_rviz/lib:/root/ros2_ws/install/cartographer_ros/lib:/opt/ros/humble/opt/rviz_ogre_vendor/lib:/opt/ros/humble/lib/x86_64-linux-gnu:/opt/ros/humble/lib'), ('BROWSER', '/root/.vscode-server/bin/17baf841131aa23349f217ca7c570c76ee87b957/bin/helpers/browser.sh'), ('HOME', '/root'), ('OLDPWD', '/root/ros2_ws/src'), ('TERM_PROGRAM_VERSION', '1.99.3'), ('VSCODE_IPC_HOOK_CLI', '/tmp/vscode-ipc-db8667da-dddf-4b8b-9bef-966dbeab1878.sock'), ('ROS_PYTHON_VERSION', '3'), ('VSCODE_GIT_ASKPASS_MAIN', '/root/.vscode-server/bin/17baf841131aa23349f217ca7c570c76ee87b957/extensions/git/dist/askpass-main.js'), ('VSCODE_GIT_ASKPASS_NODE', '/root/.vscode-server/bin/17baf841131aa23349f217ca7c570c76ee87b957/node'), ('LC_CTYPE', 'C.UTF-8'), ('COLORTERM', 'truecolor'), ('REMOTE_CONTAINERS', 'true'), ('COLCON_PREFIX_PATH', '/root/ros2_ws/install'), ('ROS_DISTRO', 'humble'), ('REMOTE_CONTAINERS_IPC', '/tmp/vscode-remote-containers-ipc-f285fd1d-9376-4a47-8352-1dbec715791d.sock'), ('_', '/usr/bin/colcon'), ('ROS_VERSION', '2'), ('PKG_CONFIG_PATH', '/root/ros2_ws/install/cartographer/lib/x86_64-linux-gnu/pkgconfig:/root/ros2_ws/install/cartographer/lib/pkgconfig'), ('TERM', 'xterm-256color'), ('ROS_LOCALHOST_ONLY', '0'), ('PATH', '/root/ros2_ws/install/cartographer/bin:/root/.vscode-server/bin/17baf841131aa23349f217ca7c570c76ee87b957/bin/remote-cli:/opt/ros/humble/bin:/usr/local/sbin:/usr/local/bin:/usr/sbin:/usr/bin:/sbin:/bin:/root/.vscode-server/data/User/globalStorage/github.copilot-chat/debugCommand'), ('REMOTE_CONTAINERS_SOCKETS', '["/tmp/vscode-ssh-auth-f285fd1d-9376-4a47-8352-1dbec715791d.sock","/root/.gnupg/S.gpg-agent"]'), ('DISPLAY', 'unix:0'), ('LANG', 'en_US.UTF-8'), ('VSCODE_GIT_IPC_HANDLE', '/tmp/vscode-git-3ce2b43cc6.sock'), ('TERM_PROGRAM', 'vscode'), ('SSH_AUTH_SOCK', '/tmp/vscode-ssh-auth-f285fd1d-9376-4a47-8352-1dbec715791d.sock'), ('AMENT_PREFIX_PATH', '/root/ros2_ws/install/robocar_test_cpp:/root/ros2_ws/install/ros2_opencv:/root/ros2_ws/install/Test_FirstPkg:/root/ros2_ws/install/rplidar_ros:/root/ros2_ws/install/cartographer_rviz:/root/ros2_ws/install/cartographer_ros:/root/ros2_ws/install/cartographer_ros_msgs:/opt/ros/humble'), ('SHELL', '/bin/bash'), ('VSCODE_GIT_ASKPASS_EXTRA_ARGS', ''), ('PWD', '/root/ros2_ws/build/cartographer_ros'), ('PYTHONPATH', '/root/ros2_ws/install/ros2_opencv/lib/python3.10/site-packages:/root/ros2_ws/install/cartographer_ros_msgs/local/lib/python3.10/dist-packages:/opt/ros/humble/lib/python3.10/site-packages:/opt/ros/humble/local/lib/python3.10/dist-packages'), ('COLCON', '1'), ('CMAKE_PREFIX_PATH', '/root/ros2_ws/install/cartographer_ros_msgs:/root/ros2_ws/install/cartographer:/root/ros2_ws/install/robocar_test_cpp:/root/ros2_ws/install/Test_FirstPkg:/root/ros2_ws/install/rplidar_ros:/root/ros2_ws/install/cartographer_rviz:/root/ros2_ws/install/cartographer_ros:/root/ros2_ws/install/ros2_opencv:/opt/ros/humble')]), 'shell': False}
[5.542207] (cartographer_ros) StdoutLine: {'line': b'-- Install configuration: ""\n'}
[5.542696] (cartographer_ros) StdoutLine: {'line': b'-- Up-to-date: /root/ros2_ws/install/cartographer_ros/lib/libcartographer_ros.a\n'}
[5.543141] (cartographer_ros) StdoutLine: {'line': b'-- Up-to-date: /root/ros2_ws/install/cartographer_ros/lib/cartographer_ros/cartographer_node\n'}
[5.544579] (cartographer_ros) StdoutLine: {'line': b'-- Up-to-date: /root/ros2_ws/install/cartographer_ros/lib/cartographer_ros/cartographer_occupancy_grid_node\n'}
[5.545567] (cartographer_ros) StdoutLine: {'line': b'-- Up-to-date: /root/ros2_ws/install/cartographer_ros/lib/cartographer_ros/cartographer_offline_node\n'}
[5.547027] (cartographer_ros) StdoutLine: {'line': b'-- Up-to-date: /root/ros2_ws/install/cartographer_ros/lib/cartographer_ros/cartographer_assets_writer\n'}
[5.548121] (cartographer_ros) StdoutLine: {'line': b'-- Up-to-date: /root/ros2_ws/install/cartographer_ros/lib/cartographer_ros/cartographer_pbstream_map_publisher\n'}
[5.549328] (cartographer_ros) StdoutLine: {'line': b'-- Up-to-date: /root/ros2_ws/install/cartographer_ros/lib/cartographer_ros/cartographer_pbstream_to_ros_map\n'}
[5.550290] (cartographer_ros) StdoutLine: {'line': b'-- Up-to-date: /root/ros2_ws/install/cartographer_ros/lib/cartographer_ros/cartographer_rosbag_validate\n'}
[5.550804] (cartographer_ros) StdoutLine: {'line': b'-- Up-to-date: /root/ros2_ws/install/cartographer_ros/include/\n'}
[5.551634] (cartographer_ros) StdoutLine: {'line': b'-- Up-to-date: /root/ros2_ws/install/cartographer_ros/include//cartographer_ros\n'}
[5.552038] (cartographer_ros) StdoutLine: {'line': b'-- Up-to-date: /root/ros2_ws/install/cartographer_ros/include//cartographer_ros/offline_node.h\n'}
[5.552343] (cartographer_ros) StdoutLine: {'line': b'-- Up-to-date: /root/ros2_ws/install/cartographer_ros/include//cartographer_ros/ros_log_sink.h\n'}
[5.552610] (cartographer_ros) StdoutLine: {'line': b'-- Up-to-date: /root/ros2_ws/install/cartographer_ros/include//cartographer_ros/msg_conversion.h\n'}
[5.553268] (cartographer_ros) StdoutLine: {'line': b'-- Up-to-date: /root/ros2_ws/install/cartographer_ros/include//cartographer_ros/map_builder_bridge.h\n'}
[5.553801] (cartographer_ros) StdoutLine: {'line': b'-- Up-to-date: /root/ros2_ws/install/cartographer_ros/include//cartographer_ros/ros_map_writing_points_processor.h\n'}
[5.554161] (cartographer_ros) StdoutLine: {'line': b'-- Up-to-date: /root/ros2_ws/install/cartographer_ros/include//cartographer_ros/time_conversion.h\n'}
[5.554393] (cartographer_ros) StdoutLine: {'line': b'-- Up-to-date: /root/ros2_ws/install/cartographer_ros/include//cartographer_ros/node_constants.h\n'}
[5.554585] (cartographer_ros) StdoutLine: {'line': b'-- Up-to-date: /root/ros2_ws/install/cartographer_ros/include//cartographer_ros/trajectory_options.h\n'}
[5.555190] (cartographer_ros) StdoutLine: {'line': b'-- Up-to-date: /root/ros2_ws/install/cartographer_ros/include//cartographer_ros/node_options.h\n'}
[5.555414] (cartographer_ros) StdoutLine: {'line': b'-- Up-to-date: /root/ros2_ws/install/cartographer_ros/include//cartographer_ros/urdf_reader.h\n'}
[5.555596] (cartographer_ros) StdoutLine: {'line': b'-- Up-to-date: /root/ros2_ws/install/cartographer_ros/include//cartographer_ros/submap.h\n'}
[5.555902] (cartographer_ros) StdoutLine: {'line': b'-- Up-to-date: /root/ros2_ws/install/cartographer_ros/include//cartographer_ros/assets_writer.h\n'}
[5.556173] (cartographer_ros) StdoutLine: {'line': b'-- Up-to-date: /root/ros2_ws/install/cartographer_ros/include//cartographer_ros/playable_bag.h\n'}
[5.556433] (cartographer_ros) StdoutLine: {'line': b'-- Up-to-date: /root/ros2_ws/install/cartographer_ros/include//cartographer_ros/tf_bridge.h\n'}
[5.557692] (cartographer_ros) StdoutLine: {'line': b'-- Up-to-date: /root/ros2_ws/install/cartographer_ros/include//cartographer_ros/node.h\n'}
[5.558701] (cartographer_ros) StdoutLine: {'line': b'-- Up-to-date: /root/ros2_ws/install/cartographer_ros/include//cartographer_ros/ros_map.h\n'}
[5.559048] (cartographer_ros) StdoutLine: {'line': b'-- Up-to-date: /root/ros2_ws/install/cartographer_ros/include//cartographer_ros/metrics\n'}
[5.559307] (cartographer_ros) StdoutLine: {'line': b'-- Up-to-date: /root/ros2_ws/install/cartographer_ros/include//cartographer_ros/metrics/internal\n'}
[5.559514] (cartographer_ros) StdoutLine: {'line': b'-- Up-to-date: /root/ros2_ws/install/cartographer_ros/include//cartographer_ros/metrics/internal/counter.h\n'}
[5.559734] (cartographer_ros) StdoutLine: {'line': b'-- Up-to-date: /root/ros2_ws/install/cartographer_ros/include//cartographer_ros/metrics/internal/histogram.h\n'}
[5.560021] (cartographer_ros) StdoutLine: {'line': b'-- Up-to-date: /root/ros2_ws/install/cartographer_ros/include//cartographer_ros/metrics/internal/family.h\n'}
[5.560163] (cartographer_ros) StdoutLine: {'line': b'-- Up-to-date: /root/ros2_ws/install/cartographer_ros/include//cartographer_ros/metrics/internal/gauge.h\n'}
[5.560316] (cartographer_ros) StdoutLine: {'line': b'-- Up-to-date: /root/ros2_ws/install/cartographer_ros/include//cartographer_ros/metrics/family_factory.h\n'}
[5.560448] (cartographer_ros) StdoutLine: {'line': b'-- Up-to-date: /root/ros2_ws/install/cartographer_ros/include//cartographer_ros/sensor_bridge.h\n'}
[5.560579] (cartographer_ros) StdoutLine: {'line': b'-- Up-to-date: /root/ros2_ws/install/cartographer_ros/share/cartographer_ros//configuration_files\n'}
[5.560835] (cartographer_ros) StdoutLine: {'line': b'-- Up-to-date: /root/ros2_ws/install/cartographer_ros/share/cartographer_ros//configuration_files/transform.lua\n'}
[5.561112] (cartographer_ros) StdoutLine: {'line': b'-- Up-to-date: /root/ros2_ws/install/cartographer_ros/share/cartographer_ros//configuration_files/visualize_pbstream.lua\n'}
[5.561826] (cartographer_ros) StdoutLine: {'line': b'-- Up-to-date: /root/ros2_ws/install/cartographer_ros/share/cartographer_ros//configuration_files/taurob_tracker.lua\n'}
[5.562359] (cartographer_ros) StdoutLine: {'line': b'-- Up-to-date: /root/ros2_ws/install/cartographer_ros/share/cartographer_ros//configuration_files/assets_writer_backpack_3d.lua\n'}
[5.564159] (cartographer_ros) StdoutLine: {'line': b'-- Up-to-date: /root/ros2_ws/install/cartographer_ros/share/cartographer_ros//configuration_files/demo_2d.rviz\n'}
[5.564353] (cartographer_ros) StdoutLine: {'line': b'-- Up-to-date: /root/ros2_ws/install/cartographer_ros/share/cartographer_ros//configuration_files/assets_writer_backpack_2d_ci.lua\n'}
[5.564528] (cartographer_ros) StdoutLine: {'line': b'-- Up-to-date: /root/ros2_ws/install/cartographer_ros/share/cartographer_ros//configuration_files/backpack_2d.lua\n'}
[5.564700] (cartographer_ros) StdoutLine: {'line': b'-- Up-to-date: /root/ros2_ws/install/cartographer_ros/share/cartographer_ros//configuration_files/backpack_2d_localization.lua\n'}
[5.565260] (cartographer_ros) StdoutLine: {'line': b'-- Up-to-date: /root/ros2_ws/install/cartographer_ros/share/cartographer_ros//configuration_files/assets_writer_backpack_2d.lua\n'}
[5.565585] (cartographer_ros) StdoutLine: {'line': b'-- Up-to-date: /root/ros2_ws/install/cartographer_ros/share/cartographer_ros//configuration_files/revo_lds.lua\n'}
[5.565890] (cartographer_ros) StdoutLine: {'line': b'-- Up-to-date: /root/ros2_ws/install/cartographer_ros/share/cartographer_ros//configuration_files/demo_3d.rviz\n'}
[5.566205] (cartographer_ros) StdoutLine: {'line': b'-- Up-to-date: /root/ros2_ws/install/cartographer_ros/share/cartographer_ros//configuration_files/assets_writer_ros_map.lua\n'}
[5.566405] (cartographer_ros) StdoutLine: {'line': b'-- Up-to-date: /root/ros2_ws/install/cartographer_ros/share/cartographer_ros//configuration_files/backpack_3d.lua\n'}
[5.566621] (cartographer_ros) StdoutLine: {'line': b'-- Up-to-date: /root/ros2_ws/install/cartographer_ros/share/cartographer_ros//configuration_files/mir-100-mapping.lua\n'}
[5.566917] (cartographer_ros) StdoutLine: {'line': b'-- Up-to-date: /root/ros2_ws/install/cartographer_ros/share/cartographer_ros//configuration_files/backpack_3d_localization.lua\n'}
[5.567346] (cartographer_ros) StdoutLine: {'line': b'-- Up-to-date: /root/ros2_ws/install/cartographer_ros/share/cartographer_ros//configuration_files/pr2.lua\n'}
[5.567618] (cartographer_ros) StdoutLine: {'line': b'-- Up-to-date: /root/ros2_ws/install/cartographer_ros/share/cartographer_ros//configuration_files/backpack_2d_localization_evaluation.lua\n'}
[5.568010] (cartographer_ros) StdoutLine: {'line': b'-- Up-to-date: /root/ros2_ws/install/cartographer_ros/share/cartographer_ros//configuration_files/backpack_2d_server.lua\n'}
[5.568503] (cartographer_ros) StdoutLine: {'line': b'-- Up-to-date: /root/ros2_ws/install/cartographer_ros/share/cartographer_ros//urdf\n'}
[5.568948] (cartographer_ros) StdoutLine: {'line': b'-- Up-to-date: /root/ros2_ws/install/cartographer_ros/share/cartographer_ros//urdf/backpack_3d.urdf\n'}
[5.569197] (cartographer_ros) StdoutLine: {'line': b'-- Up-to-date: /root/ros2_ws/install/cartographer_ros/share/cartographer_ros//urdf/backpack_2d.urdf\n'}
[5.569367] (cartographer_ros) StdoutLine: {'line': b'-- Up-to-date: /root/ros2_ws/install/cartographer_ros/share/cartographer_ros//urdf/mir-100.urdf\n'}
[5.569513] (cartographer_ros) StdoutLine: {'line': b'-- Up-to-date: /root/ros2_ws/install/cartographer_ros/share/cartographer_ros//launch\n'}
[5.569657] (cartographer_ros) StdoutLine: {'line': b'-- Up-to-date: /root/ros2_ws/install/cartographer_ros/share/cartographer_ros//launch/offline_backpack_3d.launch.py\n'}
[5.569959] (cartographer_ros) StdoutLine: {'line': b'-- Up-to-date: /root/ros2_ws/install/cartographer_ros/share/cartographer_ros//launch/__pycache__\n'}
[5.570101] (cartographer_ros) StdoutLine: {'line': b'-- Up-to-date: /root/ros2_ws/install/cartographer_ros/share/cartographer_ros//launch/__pycache__/demo_revo_lds.launch.cpython-310.pyc\n'}
[5.570260] (cartographer_ros) StdoutLine: {'line': b'-- Up-to-date: /root/ros2_ws/install/cartographer_ros/share/cartographer_ros//launch/taurob_tracker.launch.py\n'}
[5.571074] (cartographer_ros) StdoutLine: {'line': b'-- Up-to-date: /root/ros2_ws/install/cartographer_ros/share/cartographer_ros//launch/demo_taurob_tracker.launch.py\n'}
[5.571519] (cartographer_ros) StdoutLine: {'line': b'-- Up-to-date: /root/ros2_ws/install/cartographer_ros/share/cartographer_ros//launch/offline_mir_100_rviz.launch.py\n'}
[5.572070] (cartographer_ros) StdoutLine: {'line': b'-- Up-to-date: /root/ros2_ws/install/cartographer_ros/share/cartographer_ros//launch/assets_writer_backpack_2d.launch.py\n'}
[5.572357] (cartographer_ros) StdoutLine: {'line': b'-- Up-to-date: /root/ros2_ws/install/cartographer_ros/share/cartographer_ros//launch/offline_backpack_2d.launch.py\n'}
[5.572581] (cartographer_ros) StdoutLine: {'line': b'-- Up-to-date: /root/ros2_ws/install/cartographer_ros/share/cartographer_ros//launch/demo_backpack_3d.launch.py\n'}
[5.572833] (cartographer_ros) StdoutLine: {'line': b'-- Up-to-date: /root/ros2_ws/install/cartographer_ros/share/cartographer_ros//launch/backpack_3d.launch.py\n'}
[5.573081] (cartographer_ros) StdoutLine: {'line': b'-- Up-to-date: /root/ros2_ws/install/cartographer_ros/share/cartographer_ros//launch/grpc_demo_backpack_2d.launch\n'}
[5.573311] (cartographer_ros) StdoutLine: {'line': b'-- Up-to-date: /root/ros2_ws/install/cartographer_ros/share/cartographer_ros//launch/demo_backpack_3d_localization.launch.py\n'}
[5.573542] (cartographer_ros) StdoutLine: {'line': b'-- Up-to-date: /root/ros2_ws/install/cartographer_ros/share/cartographer_ros//launch/offline_node.launch.py\n'}
[5.575733] (cartographer_ros) StdoutLine: {'line': b'-- Up-to-date: /root/ros2_ws/install/cartographer_ros/share/cartographer_ros//launch/backpack_2d.launch.py\n'}
[5.577050] (cartographer_ros) StdoutLine: {'line': b'-- Up-to-date: /root/ros2_ws/install/cartographer_ros/share/cartographer_ros//launch/assets_writer_backpack_3d.launch.py\n'}
[5.577693] (cartographer_ros) StdoutLine: {'line': b'-- Up-to-date: /root/ros2_ws/install/cartographer_ros/share/cartographer_ros//launch/demo_backpack_2d.launch.py\n'}
[5.578518] (cartographer_ros) StdoutLine: {'line': b'-- Up-to-date: /root/ros2_ws/install/cartographer_ros/share/cartographer_ros//launch/assets_writer_ros_map.launch.py\n'}
[5.578891] (cartographer_ros) StdoutLine: {'line': b'-- Up-to-date: /root/ros2_ws/install/cartographer_ros/share/cartographer_ros//launch/demo_pr2.launch\n'}
[5.579329] (cartographer_ros) StdoutLine: {'line': b'-- Up-to-date: /root/ros2_ws/install/cartographer_ros/share/cartographer_ros//launch/demo_revo_lds.launch.py\n'}
[5.579604] (cartographer_ros) StdoutLine: {'line': b'-- Up-to-date: /root/ros2_ws/install/cartographer_ros/share/cartographer_ros//launch/visualize_pbstream.launch.py\n'}
[5.580017] (cartographer_ros) StdoutLine: {'line': b'-- Up-to-date: /root/ros2_ws/install/cartographer_ros/share/cartographer_ros//launch/demo_backpack_2d_localization.launch.py\n'}
[5.580648] (cartographer_ros) StdoutLine: {'line': b'-- Up-to-date: /root/ros2_ws/install/cartographer_ros/share/cartographer_ros//launch/grpc_demo_backpack_2d_localization.launch\n'}
[5.581362] (cartographer_ros) StdoutLine: {'line': b'-- Up-to-date: /root/ros2_ws/install/cartographer_ros/share/cartographer_ros/environment/library_path.sh\n'}
[5.582408] (cartographer_ros) StdoutLine: {'line': b'-- Up-to-date: /root/ros2_ws/install/cartographer_ros/share/cartographer_ros/environment/library_path.dsv\n'}
[5.583721] (cartographer_ros) StdoutLine: {'line': b'-- Up-to-date: /root/ros2_ws/install/cartographer_ros/share/ament_index/resource_index/package_run_dependencies/cartographer_ros\n'}
[5.584290] (cartographer_ros) StdoutLine: {'line': b'-- Up-to-date: /root/ros2_ws/install/cartographer_ros/share/ament_index/resource_index/parent_prefix_path/cartographer_ros\n'}
[5.584554] (cartographer_ros) StdoutLine: {'line': b'-- Up-to-date: /root/ros2_ws/install/cartographer_ros/share/cartographer_ros/environment/ament_prefix_path.sh\n'}
[5.586040] (cartographer_ros) StdoutLine: {'line': b'-- Up-to-date: /root/ros2_ws/install/cartographer_ros/share/cartographer_ros/environment/ament_prefix_path.dsv\n'}
[5.588004] (cartographer_ros) StdoutLine: {'line': b'-- Up-to-date: /root/ros2_ws/install/cartographer_ros/share/cartographer_ros/environment/path.sh\n'}
[5.588355] (cartographer_ros) StdoutLine: {'line': b'-- Up-to-date: /root/ros2_ws/install/cartographer_ros/share/cartographer_ros/environment/path.dsv\n'}
[5.589178] (cartographer_ros) StdoutLine: {'line': b'-- Up-to-date: /root/ros2_ws/install/cartographer_ros/share/cartographer_ros/local_setup.bash\n'}
[5.589581] (cartographer_ros) StdoutLine: {'line': b'-- Up-to-date: /root/ros2_ws/install/cartographer_ros/share/cartographer_ros/local_setup.sh\n'}
[5.590014] (cartographer_ros) StdoutLine: {'line': b'-- Up-to-date: /root/ros2_ws/install/cartographer_ros/share/cartographer_ros/local_setup.zsh\n'}
[5.590732] (cartographer_ros) StdoutLine: {'line': b'-- Up-to-date: /root/ros2_ws/install/cartographer_ros/share/cartographer_ros/local_setup.dsv\n'}
[5.591074] (cartographer_ros) StdoutLine: {'line': b'-- Installing: /root/ros2_ws/install/cartographer_ros/share/cartographer_ros/package.dsv\n'}
[5.592034] (cartographer_ros) StdoutLine: {'line': b'-- Up-to-date: /root/ros2_ws/install/cartographer_ros/share/ament_index/resource_index/packages/cartographer_ros\n'}
[5.592417] (cartographer_ros) StdoutLine: {'line': b'-- Up-to-date: /root/ros2_ws/install/cartographer_ros/share/cartographer_ros/cmake/ament_cmake_export_include_directories-extras.cmake\n'}
[5.592655] (-) TimerEvent: {}
[5.592986] (cartographer_ros) StdoutLine: {'line': b'-- Up-to-date: /root/ros2_ws/install/cartographer_ros/share/cartographer_ros/cmake/ament_cmake_export_libraries-extras.cmake\n'}
[5.593204] (cartographer_ros) StdoutLine: {'line': b'-- Up-to-date: /root/ros2_ws/install/cartographer_ros/share/cartographer_ros/cmake/ament_cmake_export_dependencies-extras.cmake\n'}
[5.593372] (cartographer_ros) StdoutLine: {'line': b'-- Up-to-date: /root/ros2_ws/install/cartographer_ros/share/cartographer_ros/cmake/cartographer_rosConfig.cmake\n'}
[5.593516] (cartographer_ros) StdoutLine: {'line': b'-- Up-to-date: /root/ros2_ws/install/cartographer_ros/share/cartographer_ros/cmake/cartographer_rosConfig-version.cmake\n'}
[5.593651] (cartographer_ros) StdoutLine: {'line': b'-- Up-to-date: /root/ros2_ws/install/cartographer_ros/share/cartographer_ros/package.xml\n'}
[5.594417] (cartographer_ros) CommandEnded: {'returncode': 0}
[5.625023] (cartographer_ros) JobEnded: {'identifier': 'cartographer_ros', 'rc': 0}
[5.627806] (cartographer_rviz) JobStarted: {'identifier': 'cartographer_rviz'}
[5.659555] (cartographer_rviz) JobProgress: {'identifier': 'cartographer_rviz', 'progress': 'cmake'}
[5.662607] (cartographer_rviz) JobProgress: {'identifier': 'cartographer_rviz', 'progress': 'build'}
[5.664110] (cartographer_rviz) Command: {'cmd': ['/usr/bin/cmake', '--build', '/root/ros2_ws/build/cartographer_rviz', '--', '-j8', '-l8'], 'cwd': '/root/ros2_ws/build/cartographer_rviz', 'env': OrderedDict([('HOSTNAME', 'warnie'), ('GIT_ASKPASS', '/root/.vscode-server/bin/17baf841131aa23349f217ca7c570c76ee87b957/extensions/git/dist/askpass.sh'), ('SHLVL', '2'), ('LD_LIBRARY_PATH', '/root/ros2_ws/install/cartographer_ros_msgs/lib:/root/ros2_ws/install/cartographer_rviz/lib:/root/ros2_ws/install/cartographer_ros/lib:/opt/ros/humble/opt/rviz_ogre_vendor/lib:/opt/ros/humble/lib/x86_64-linux-gnu:/opt/ros/humble/lib'), ('BROWSER', '/root/.vscode-server/bin/17baf841131aa23349f217ca7c570c76ee87b957/bin/helpers/browser.sh'), ('HOME', '/root'), ('OLDPWD', '/root/ros2_ws/src'), ('TERM_PROGRAM_VERSION', '1.99.3'), ('VSCODE_IPC_HOOK_CLI', '/tmp/vscode-ipc-db8667da-dddf-4b8b-9bef-966dbeab1878.sock'), ('ROS_PYTHON_VERSION', '3'), ('VSCODE_GIT_ASKPASS_MAIN', '/root/.vscode-server/bin/17baf841131aa23349f217ca7c570c76ee87b957/extensions/git/dist/askpass-main.js'), ('VSCODE_GIT_ASKPASS_NODE', '/root/.vscode-server/bin/17baf841131aa23349f217ca7c570c76ee87b957/node'), ('LC_CTYPE', 'C.UTF-8'), ('COLORTERM', 'truecolor'), ('REMOTE_CONTAINERS', 'true'), ('COLCON_PREFIX_PATH', '/root/ros2_ws/install'), ('ROS_DISTRO', 'humble'), ('REMOTE_CONTAINERS_IPC', '/tmp/vscode-remote-containers-ipc-f285fd1d-9376-4a47-8352-1dbec715791d.sock'), ('_', '/usr/bin/colcon'), ('ROS_VERSION', '2'), ('PKG_CONFIG_PATH', '/root/ros2_ws/install/cartographer/lib/x86_64-linux-gnu/pkgconfig:/root/ros2_ws/install/cartographer/lib/pkgconfig'), ('TERM', 'xterm-256color'), ('ROS_LOCALHOST_ONLY', '0'), ('PATH', '/root/ros2_ws/install/cartographer/bin:/root/.vscode-server/bin/17baf841131aa23349f217ca7c570c76ee87b957/bin/remote-cli:/opt/ros/humble/bin:/usr/local/sbin:/usr/local/bin:/usr/sbin:/usr/bin:/sbin:/bin:/root/.vscode-server/data/User/globalStorage/github.copilot-chat/debugCommand'), ('REMOTE_CONTAINERS_SOCKETS', '["/tmp/vscode-ssh-auth-f285fd1d-9376-4a47-8352-1dbec715791d.sock","/root/.gnupg/S.gpg-agent"]'), ('DISPLAY', 'unix:0'), ('LANG', 'en_US.UTF-8'), ('VSCODE_GIT_IPC_HANDLE', '/tmp/vscode-git-3ce2b43cc6.sock'), ('TERM_PROGRAM', 'vscode'), ('SSH_AUTH_SOCK', '/tmp/vscode-ssh-auth-f285fd1d-9376-4a47-8352-1dbec715791d.sock'), ('AMENT_PREFIX_PATH', '/root/ros2_ws/install/robocar_test_cpp:/root/ros2_ws/install/ros2_opencv:/root/ros2_ws/install/Test_FirstPkg:/root/ros2_ws/install/rplidar_ros:/root/ros2_ws/install/cartographer_rviz:/root/ros2_ws/install/cartographer_ros:/root/ros2_ws/install/cartographer_ros_msgs:/opt/ros/humble'), ('SHELL', '/bin/bash'), ('VSCODE_GIT_ASKPASS_EXTRA_ARGS', ''), ('PWD', '/root/ros2_ws/build/cartographer_rviz'), ('PYTHONPATH', '/root/ros2_ws/install/ros2_opencv/lib/python3.10/site-packages:/root/ros2_ws/install/cartographer_ros_msgs/local/lib/python3.10/dist-packages:/opt/ros/humble/lib/python3.10/site-packages:/opt/ros/humble/local/lib/python3.10/dist-packages'), ('COLCON', '1'), ('CMAKE_PREFIX_PATH', '/root/ros2_ws/install/cartographer_ros:/root/ros2_ws/install/cartographer_ros_msgs:/root/ros2_ws/install/cartographer:/root/ros2_ws/install/robocar_test_cpp:/root/ros2_ws/install/Test_FirstPkg:/root/ros2_ws/install/rplidar_ros:/root/ros2_ws/install/cartographer_rviz:/root/ros2_ws/install/ros2_opencv:/opt/ros/humble')]), 'shell': False}
[5.692842] (-) TimerEvent: {}
[5.793411] (-) TimerEvent: {}
[5.810973] (cartographer_rviz) StdoutLine: {'line': b'[ 16%] \x1b[34m\x1b[1mAutomatic MOC for target cartographer_rviz\x1b[0m\n'}
[5.823494] (cartographer_rviz) StdoutLine: {'line': b'[ 16%] Built target cartographer_rviz_detect_changes\n'}
[5.881132] (cartographer_rviz) StdoutLine: {'line': b'[ 16%] Built target cartographer_rviz_autogen\n'}
[5.893551] (-) TimerEvent: {}
[5.994023] (-) TimerEvent: {}
[6.012313] (cartographer_rviz) StdoutLine: {'line': b'[100%] Built target cartographer_rviz\n'}
[6.038268] (cartographer_rviz) CommandEnded: {'returncode': 0}
[6.040043] (cartographer_rviz) JobProgress: {'identifier': 'cartographer_rviz', 'progress': 'install'}
[6.041895] (cartographer_rviz) Command: {'cmd': ['/usr/bin/cmake', '--install', '/root/ros2_ws/build/cartographer_rviz'], 'cwd': '/root/ros2_ws/build/cartographer_rviz', 'env': OrderedDict([('HOSTNAME', 'warnie'), ('GIT_ASKPASS', '/root/.vscode-server/bin/17baf841131aa23349f217ca7c570c76ee87b957/extensions/git/dist/askpass.sh'), ('SHLVL', '2'), ('LD_LIBRARY_PATH', '/root/ros2_ws/install/cartographer_ros_msgs/lib:/root/ros2_ws/install/cartographer_rviz/lib:/root/ros2_ws/install/cartographer_ros/lib:/opt/ros/humble/opt/rviz_ogre_vendor/lib:/opt/ros/humble/lib/x86_64-linux-gnu:/opt/ros/humble/lib'), ('BROWSER', '/root/.vscode-server/bin/17baf841131aa23349f217ca7c570c76ee87b957/bin/helpers/browser.sh'), ('HOME', '/root'), ('OLDPWD', '/root/ros2_ws/src'), ('TERM_PROGRAM_VERSION', '1.99.3'), ('VSCODE_IPC_HOOK_CLI', '/tmp/vscode-ipc-db8667da-dddf-4b8b-9bef-966dbeab1878.sock'), ('ROS_PYTHON_VERSION', '3'), ('VSCODE_GIT_ASKPASS_MAIN', '/root/.vscode-server/bin/17baf841131aa23349f217ca7c570c76ee87b957/extensions/git/dist/askpass-main.js'), ('VSCODE_GIT_ASKPASS_NODE', '/root/.vscode-server/bin/17baf841131aa23349f217ca7c570c76ee87b957/node'), ('LC_CTYPE', 'C.UTF-8'), ('COLORTERM', 'truecolor'), ('REMOTE_CONTAINERS', 'true'), ('COLCON_PREFIX_PATH', '/root/ros2_ws/install'), ('ROS_DISTRO', 'humble'), ('REMOTE_CONTAINERS_IPC', '/tmp/vscode-remote-containers-ipc-f285fd1d-9376-4a47-8352-1dbec715791d.sock'), ('_', '/usr/bin/colcon'), ('ROS_VERSION', '2'), ('PKG_CONFIG_PATH', '/root/ros2_ws/install/cartographer/lib/x86_64-linux-gnu/pkgconfig:/root/ros2_ws/install/cartographer/lib/pkgconfig'), ('TERM', 'xterm-256color'), ('ROS_LOCALHOST_ONLY', '0'), ('PATH', '/root/ros2_ws/install/cartographer/bin:/root/.vscode-server/bin/17baf841131aa23349f217ca7c570c76ee87b957/bin/remote-cli:/opt/ros/humble/bin:/usr/local/sbin:/usr/local/bin:/usr/sbin:/usr/bin:/sbin:/bin:/root/.vscode-server/data/User/globalStorage/github.copilot-chat/debugCommand'), ('REMOTE_CONTAINERS_SOCKETS', '["/tmp/vscode-ssh-auth-f285fd1d-9376-4a47-8352-1dbec715791d.sock","/root/.gnupg/S.gpg-agent"]'), ('DISPLAY', 'unix:0'), ('LANG', 'en_US.UTF-8'), ('VSCODE_GIT_IPC_HANDLE', '/tmp/vscode-git-3ce2b43cc6.sock'), ('TERM_PROGRAM', 'vscode'), ('SSH_AUTH_SOCK', '/tmp/vscode-ssh-auth-f285fd1d-9376-4a47-8352-1dbec715791d.sock'), ('AMENT_PREFIX_PATH', '/root/ros2_ws/install/robocar_test_cpp:/root/ros2_ws/install/ros2_opencv:/root/ros2_ws/install/Test_FirstPkg:/root/ros2_ws/install/rplidar_ros:/root/ros2_ws/install/cartographer_rviz:/root/ros2_ws/install/cartographer_ros:/root/ros2_ws/install/cartographer_ros_msgs:/opt/ros/humble'), ('SHELL', '/bin/bash'), ('VSCODE_GIT_ASKPASS_EXTRA_ARGS', ''), ('PWD', '/root/ros2_ws/build/cartographer_rviz'), ('PYTHONPATH', '/root/ros2_ws/install/ros2_opencv/lib/python3.10/site-packages:/root/ros2_ws/install/cartographer_ros_msgs/local/lib/python3.10/dist-packages:/opt/ros/humble/lib/python3.10/site-packages:/opt/ros/humble/local/lib/python3.10/dist-packages'), ('COLCON', '1'), ('CMAKE_PREFIX_PATH', '/root/ros2_ws/install/cartographer_ros:/root/ros2_ws/install/cartographer_ros_msgs:/root/ros2_ws/install/cartographer:/root/ros2_ws/install/robocar_test_cpp:/root/ros2_ws/install/Test_FirstPkg:/root/ros2_ws/install/rplidar_ros:/root/ros2_ws/install/cartographer_rviz:/root/ros2_ws/install/ros2_opencv:/opt/ros/humble')]), 'shell': False}
[6.060348] (cartographer_rviz) StdoutLine: {'line': b'-- Install configuration: "Release"\n'}
[6.060772] (cartographer_rviz) StdoutLine: {'line': b'-- Up-to-date: /root/ros2_ws/install/cartographer_rviz/share/cartographer_rviz/rviz_plugin_description.xml\n'}
[6.061289] (cartographer_rviz) StdoutLine: {'line': b'-- Up-to-date: /root/ros2_ws/install/cartographer_rviz/lib/libcartographer_rviz.so\n'}
[6.061678] (cartographer_rviz) StdoutLine: {'line': b'-- Up-to-date: /root/ros2_ws/install/cartographer_rviz/include/\n'}
[6.062082] (cartographer_rviz) StdoutLine: {'line': b'-- Up-to-date: /root/ros2_ws/install/cartographer_rviz/include//cartographer_rviz\n'}
[6.062421] (cartographer_rviz) StdoutLine: {'line': b'-- Up-to-date: /root/ros2_ws/install/cartographer_rviz/include//cartographer_rviz/ogre_slice.h\n'}
[6.062632] (cartographer_rviz) StdoutLine: {'line': b'-- Up-to-date: /root/ros2_ws/install/cartographer_rviz/include//cartographer_rviz/submaps_display.h\n'}
[6.063078] (cartographer_rviz) StdoutLine: {'line': b'-- Up-to-date: /root/ros2_ws/install/cartographer_rviz/include//cartographer_rviz/drawable_submap.h\n'}
[6.063318] (cartographer_rviz) StdoutLine: {'line': b'-- Up-to-date: /root/ros2_ws/install/cartographer_rviz/share/cartographer_rviz/environment/library_path.sh\n'}
[6.063524] (cartographer_rviz) StdoutLine: {'line': b'-- Up-to-date: /root/ros2_ws/install/cartographer_rviz/share/cartographer_rviz/environment/library_path.dsv\n'}
[6.063777] (cartographer_rviz) StdoutLine: {'line': b'-- Up-to-date: /root/ros2_ws/install/cartographer_rviz/share/ament_index/resource_index/package_run_dependencies/cartographer_rviz\n'}
[6.064094] (cartographer_rviz) StdoutLine: {'line': b'-- Up-to-date: /root/ros2_ws/install/cartographer_rviz/share/ament_index/resource_index/parent_prefix_path/cartographer_rviz\n'}
[6.064385] (cartographer_rviz) StdoutLine: {'line': b'-- Up-to-date: /root/ros2_ws/install/cartographer_rviz/share/cartographer_rviz/environment/ament_prefix_path.sh\n'}
[6.064629] (cartographer_rviz) StdoutLine: {'line': b'-- Up-to-date: /root/ros2_ws/install/cartographer_rviz/share/cartographer_rviz/environment/ament_prefix_path.dsv\n'}
[6.064866] (cartographer_rviz) StdoutLine: {'line': b'-- Up-to-date: /root/ros2_ws/install/cartographer_rviz/share/cartographer_rviz/environment/path.sh\n'}
[6.065189] (cartographer_rviz) StdoutLine: {'line': b'-- Up-to-date: /root/ros2_ws/install/cartographer_rviz/share/cartographer_rviz/environment/path.dsv\n'}
[6.065530] (cartographer_rviz) StdoutLine: {'line': b'-- Up-to-date: /root/ros2_ws/install/cartographer_rviz/share/cartographer_rviz/local_setup.bash\n'}
[6.065832] (cartographer_rviz) StdoutLine: {'line': b'-- Up-to-date: /root/ros2_ws/install/cartographer_rviz/share/cartographer_rviz/local_setup.sh\n'}
[6.066072] (cartographer_rviz) StdoutLine: {'line': b'-- Up-to-date: /root/ros2_ws/install/cartographer_rviz/share/cartographer_rviz/local_setup.zsh\n'}
[6.066284] (cartographer_rviz) StdoutLine: {'line': b'-- Up-to-date: /root/ros2_ws/install/cartographer_rviz/share/cartographer_rviz/local_setup.dsv\n'}
[6.066503] (cartographer_rviz) StdoutLine: {'line': b'-- Installing: /root/ros2_ws/install/cartographer_rviz/share/cartographer_rviz/package.dsv\n'}
[6.066732] (cartographer_rviz) StdoutLine: {'line': b'-- Up-to-date: /root/ros2_ws/install/cartographer_rviz/share/ament_index/resource_index/packages/cartographer_rviz\n'}
[6.066968] (cartographer_rviz) StdoutLine: {'line': b'-- Up-to-date: /root/ros2_ws/install/cartographer_rviz/share/ament_index/resource_index/rviz_common__pluginlib__plugin/cartographer_rviz\n'}
[6.067178] (cartographer_rviz) StdoutLine: {'line': b'-- Up-to-date: /root/ros2_ws/install/cartographer_rviz/share/cartographer_rviz/ogre_media/materials/glsl120\n'}
[6.067390] (cartographer_rviz) StdoutLine: {'line': b'-- Up-to-date: /root/ros2_ws/install/cartographer_rviz/share/cartographer_rviz/ogre_media/materials/glsl120/submap.vert\n'}
[6.067606] (cartographer_rviz) StdoutLine: {'line': b'-- Up-to-date: /root/ros2_ws/install/cartographer_rviz/share/cartographer_rviz/ogre_media/materials/glsl120/glsl120.program\n'}
[6.067865] (cartographer_rviz) StdoutLine: {'line': b'-- Up-to-date: /root/ros2_ws/install/cartographer_rviz/share/cartographer_rviz/ogre_media/materials/glsl120/submap.frag\n'}
[6.068088] (cartographer_rviz) StdoutLine: {'line': b'-- Up-to-date: /root/ros2_ws/install/cartographer_rviz/share/cartographer_rviz/ogre_media/materials/scripts\n'}
[6.068297] (cartographer_rviz) StdoutLine: {'line': b'-- Up-to-date: /root/ros2_ws/install/cartographer_rviz/share/cartographer_rviz/ogre_media/materials/scripts/submap.material\n'}
[6.068515] (cartographer_rviz) StdoutLine: {'line': b'-- Up-to-date: /root/ros2_ws/install/cartographer_rviz/share/ament_index/resource_index/rviz_ogre_media_exports/cartographer_rviz\n'}
[6.068811] (cartographer_rviz) StdoutLine: {'line': b'-- Up-to-date: /root/ros2_ws/install/cartographer_rviz/share/cartographer_rviz/cmake/cartographer_rvizExport.cmake\n'}
[6.069418] (cartographer_rviz) StdoutLine: {'line': b'-- Up-to-date: /root/ros2_ws/install/cartographer_rviz/share/cartographer_rviz/cmake/cartographer_rvizExport-release.cmake\n'}
[6.069584] (cartographer_rviz) StdoutLine: {'line': b'-- Up-to-date: /root/ros2_ws/install/cartographer_rviz/share/cartographer_rviz/cmake/ament_cmake_export_include_directories-extras.cmake\n'}
[6.069950] (cartographer_rviz) StdoutLine: {'line': b'-- Up-to-date: /root/ros2_ws/install/cartographer_rviz/share/cartographer_rviz/cmake/ament_cmake_export_targets-extras.cmake\n'}
[6.070459] (cartographer_rviz) StdoutLine: {'line': b'-- Up-to-date: /root/ros2_ws/install/cartographer_rviz/share/cartographer_rviz/cmake/ament_cmake_export_dependencies-extras.cmake\n'}
[6.070618] (cartographer_rviz) StdoutLine: {'line': b'-- Up-to-date: /root/ros2_ws/install/cartographer_rviz/share/cartographer_rviz/cmake/cartographer_rvizConfig.cmake\n'}
[6.072723] (cartographer_rviz) StdoutLine: {'line': b'-- Up-to-date: /root/ros2_ws/install/cartographer_rviz/share/cartographer_rviz/cmake/cartographer_rvizConfig-version.cmake\n'}
[6.073206] (cartographer_rviz) StdoutLine: {'line': b'-- Up-to-date: /root/ros2_ws/install/cartographer_rviz/share/cartographer_rviz/package.xml\n'}
[6.073412] (cartographer_rviz) CommandEnded: {'returncode': 0}
[6.094380] (-) TimerEvent: {}
[6.118621] (cartographer_rviz) JobEnded: {'identifier': 'cartographer_rviz', 'rc': 0}
[6.194500] (-) TimerEvent: {}
[6.294884] (-) TimerEvent: {}
[6.395248] (-) TimerEvent: {}
[6.495641] (-) TimerEvent: {}
[6.596093] (-) TimerEvent: {}
[6.696459] (-) TimerEvent: {}
[6.796848] (-) TimerEvent: {}
[6.897233] (-) TimerEvent: {}
[6.997651] (-) TimerEvent: {}
[7.098078] (-) TimerEvent: {}
[7.198526] (-) TimerEvent: {}
[7.298954] (-) TimerEvent: {}
[7.399445] (-) TimerEvent: {}
[7.499969] (-) TimerEvent: {}
[7.600384] (-) TimerEvent: {}
[7.700755] (-) TimerEvent: {}
[7.801124] (-) TimerEvent: {}
[7.901494] (-) TimerEvent: {}
[8.001868] (-) TimerEvent: {}
[8.102257] (-) TimerEvent: {}
[8.202720] (-) TimerEvent: {}
[8.303118] (-) TimerEvent: {}
[8.403526] (-) TimerEvent: {}
[8.503915] (-) TimerEvent: {}
[8.604365] (-) TimerEvent: {}
[8.704812] (-) TimerEvent: {}
[8.805237] (-) TimerEvent: {}
[8.905729] (-) TimerEvent: {}
[9.006361] (-) TimerEvent: {}
[9.106836] (-) TimerEvent: {}
[9.207232] (-) TimerEvent: {}
[9.307752] (-) TimerEvent: {}
[9.408266] (-) TimerEvent: {}
[9.508656] (-) TimerEvent: {}
[9.609100] (-) TimerEvent: {}
[9.709486] (-) TimerEvent: {}
[9.809981] (-) TimerEvent: {}
[9.910442] (-) TimerEvent: {}
[10.010887] (-) TimerEvent: {}
[10.111311] (-) TimerEvent: {}
[10.211751] (-) TimerEvent: {}
[10.312210] (-) TimerEvent: {}
[10.412638] (-) TimerEvent: {}
[10.513033] (-) TimerEvent: {}
[10.613414] (-) TimerEvent: {}
[10.713776] (-) TimerEvent: {}
[10.814299] (-) TimerEvent: {}
[10.915056] (-) TimerEvent: {}
[11.021814] (-) TimerEvent: {}
[11.122200] (-) TimerEvent: {}
[11.222580] (-) TimerEvent: {}
[11.323004] (-) TimerEvent: {}
[11.423418] (-) TimerEvent: {}
[11.523899] (-) TimerEvent: {}
[11.624431] (-) TimerEvent: {}
[11.724930] (-) TimerEvent: {}
[11.825309] (-) TimerEvent: {}
[11.925713] (-) TimerEvent: {}
[12.026089] (-) TimerEvent: {}
[12.126461] (-) TimerEvent: {}
[12.226835] (-) TimerEvent: {}
[12.327218] (-) TimerEvent: {}
[12.427588] (-) TimerEvent: {}
[12.527962] (-) TimerEvent: {}
[12.628341] (-) TimerEvent: {}
[12.728741] (-) TimerEvent: {}
[12.829213] (-) TimerEvent: {}
[12.929648] (-) TimerEvent: {}
[13.030051] (-) TimerEvent: {}
[13.130422] (-) TimerEvent: {}
[13.230805] (-) TimerEvent: {}
[13.331182] (-) TimerEvent: {}
[13.431600] (-) TimerEvent: {}
[13.532036] (-) TimerEvent: {}
[13.632495] (-) TimerEvent: {}
[13.733014] (-) TimerEvent: {}
[13.833472] (-) TimerEvent: {}
[13.933920] (-) TimerEvent: {}
[14.034308] (-) TimerEvent: {}
[14.116858] (robocar_test_cpp) StdoutLine: {'line': b'[100%] \x1b[32m\x1b[1mLinking CXX executable talker\x1b[0m\n'}
[14.134433] (-) TimerEvent: {}
[14.234820] (-) TimerEvent: {}
[14.335244] (-) TimerEvent: {}
[14.435725] (-) TimerEvent: {}
[14.536163] (-) TimerEvent: {}
[14.553162] (robocar_test_cpp) StdoutLine: {'line': b'[100%] Built target talker\n'}
[14.579867] (robocar_test_cpp) CommandEnded: {'returncode': 0}
[14.581062] (robocar_test_cpp) JobProgress: {'identifier': 'robocar_test_cpp', 'progress': 'install'}
[14.582325] (robocar_test_cpp) Command: {'cmd': ['/usr/bin/cmake', '--install', '/root/ros2_ws/build/robocar_test_cpp'], 'cwd': '/root/ros2_ws/build/robocar_test_cpp', 'env': OrderedDict([('HOSTNAME', 'warnie'), ('GIT_ASKPASS', '/root/.vscode-server/bin/17baf841131aa23349f217ca7c570c76ee87b957/extensions/git/dist/askpass.sh'), ('SHLVL', '2'), ('LD_LIBRARY_PATH', '/root/ros2_ws/install/cartographer_rviz/lib:/root/ros2_ws/install/cartographer_ros/lib:/root/ros2_ws/install/cartographer_ros_msgs/lib:/opt/ros/humble/opt/rviz_ogre_vendor/lib:/opt/ros/humble/lib/x86_64-linux-gnu:/opt/ros/humble/lib'), ('BROWSER', '/root/.vscode-server/bin/17baf841131aa23349f217ca7c570c76ee87b957/bin/helpers/browser.sh'), ('HOME', '/root'), ('OLDPWD', '/root/ros2_ws/src'), ('TERM_PROGRAM_VERSION', '1.99.3'), ('VSCODE_IPC_HOOK_CLI', '/tmp/vscode-ipc-db8667da-dddf-4b8b-9bef-966dbeab1878.sock'), ('ROS_PYTHON_VERSION', '3'), ('VSCODE_GIT_ASKPASS_MAIN', '/root/.vscode-server/bin/17baf841131aa23349f217ca7c570c76ee87b957/extensions/git/dist/askpass-main.js'), ('VSCODE_GIT_ASKPASS_NODE', '/root/.vscode-server/bin/17baf841131aa23349f217ca7c570c76ee87b957/node'), ('LC_CTYPE', 'C.UTF-8'), ('COLORTERM', 'truecolor'), ('REMOTE_CONTAINERS', 'true'), ('COLCON_PREFIX_PATH', '/root/ros2_ws/install'), ('ROS_DISTRO', 'humble'), ('REMOTE_CONTAINERS_IPC', '/tmp/vscode-remote-containers-ipc-f285fd1d-9376-4a47-8352-1dbec715791d.sock'), ('_', '/usr/bin/colcon'), ('ROS_VERSION', '2'), ('PKG_CONFIG_PATH', '/root/ros2_ws/install/cartographer/lib/x86_64-linux-gnu/pkgconfig:/root/ros2_ws/install/cartographer/lib/pkgconfig'), ('TERM', 'xterm-256color'), ('ROS_LOCALHOST_ONLY', '0'), ('PATH', '/root/ros2_ws/install/cartographer/bin:/root/.vscode-server/bin/17baf841131aa23349f217ca7c570c76ee87b957/bin/remote-cli:/opt/ros/humble/bin:/usr/local/sbin:/usr/local/bin:/usr/sbin:/usr/bin:/sbin:/bin:/root/.vscode-server/data/User/globalStorage/github.copilot-chat/debugCommand'), ('REMOTE_CONTAINERS_SOCKETS', '["/tmp/vscode-ssh-auth-f285fd1d-9376-4a47-8352-1dbec715791d.sock","/root/.gnupg/S.gpg-agent"]'), ('DISPLAY', 'unix:0'), ('LANG', 'en_US.UTF-8'), ('VSCODE_GIT_IPC_HANDLE', '/tmp/vscode-git-3ce2b43cc6.sock'), ('TERM_PROGRAM', 'vscode'), ('SSH_AUTH_SOCK', '/tmp/vscode-ssh-auth-f285fd1d-9376-4a47-8352-1dbec715791d.sock'), ('AMENT_PREFIX_PATH', '/root/ros2_ws/install/robocar_test_cpp:/root/ros2_ws/install/ros2_opencv:/root/ros2_ws/install/Test_FirstPkg:/root/ros2_ws/install/rplidar_ros:/root/ros2_ws/install/cartographer_rviz:/root/ros2_ws/install/cartographer_ros:/root/ros2_ws/install/cartographer_ros_msgs:/opt/ros/humble'), ('SHELL', '/bin/bash'), ('VSCODE_GIT_ASKPASS_EXTRA_ARGS', ''), ('PWD', '/root/ros2_ws/build/robocar_test_cpp'), ('PYTHONPATH', '/root/ros2_ws/install/ros2_opencv/lib/python3.10/site-packages:/root/ros2_ws/install/cartographer_ros_msgs/local/lib/python3.10/dist-packages:/opt/ros/humble/lib/python3.10/site-packages:/opt/ros/humble/local/lib/python3.10/dist-packages'), ('COLCON', '1'), ('CMAKE_PREFIX_PATH', '/root/ros2_ws/install/robocar_test_cpp:/root/ros2_ws/install/Test_FirstPkg:/root/ros2_ws/install/rplidar_ros:/root/ros2_ws/install/cartographer_rviz:/root/ros2_ws/install/cartographer_ros:/root/ros2_ws/install/cartographer_ros_msgs:/root/ros2_ws/install/cartographer:/root/ros2_ws/install/ros2_opencv:/opt/ros/humble')]), 'shell': False}
[14.596981] (robocar_test_cpp) StdoutLine: {'line': b'-- Install configuration: ""\n'}
[14.597505] (robocar_test_cpp) StdoutLine: {'line': b'-- Installing: /root/ros2_ws/install/robocar_test_cpp/lib/robocar_test_cpp/talker\n'}
[14.600518] (robocar_test_cpp) StdoutLine: {'line': b'-- Set runtime path of "/root/ros2_ws/install/robocar_test_cpp/lib/robocar_test_cpp/talker" to ""\n'}
[14.601084] (robocar_test_cpp) StdoutLine: {'line': b'-- Up-to-date: /root/ros2_ws/install/robocar_test_cpp/lib/robocar_test_cpp/listener\n'}
[14.601557] (robocar_test_cpp) StdoutLine: {'line': b'-- Up-to-date: /root/ros2_ws/install/robocar_test_cpp/share/ament_index/resource_index/package_run_dependencies/robocar_test_cpp\n'}
[14.601985] (robocar_test_cpp) StdoutLine: {'line': b'-- Up-to-date: /root/ros2_ws/install/robocar_test_cpp/share/ament_index/resource_index/parent_prefix_path/robocar_test_cpp\n'}
[14.602327] (robocar_test_cpp) StdoutLine: {'line': b'-- Up-to-date: /root/ros2_ws/install/robocar_test_cpp/share/robocar_test_cpp/environment/ament_prefix_path.sh\n'}
[14.602701] (robocar_test_cpp) StdoutLine: {'line': b'-- Up-to-date: /root/ros2_ws/install/robocar_test_cpp/share/robocar_test_cpp/environment/ament_prefix_path.dsv\n'}
[14.603016] (robocar_test_cpp) StdoutLine: {'line': b'-- Up-to-date: /root/ros2_ws/install/robocar_test_cpp/share/robocar_test_cpp/environment/path.sh\n'}
[14.603274] (robocar_test_cpp) StdoutLine: {'line': b'-- Up-to-date: /root/ros2_ws/install/robocar_test_cpp/share/robocar_test_cpp/environment/path.dsv\n'}
[14.603518] (robocar_test_cpp) StdoutLine: {'line': b'-- Up-to-date: /root/ros2_ws/install/robocar_test_cpp/share/robocar_test_cpp/local_setup.bash\n'}
[14.603846] (robocar_test_cpp) StdoutLine: {'line': b'-- Up-to-date: /root/ros2_ws/install/robocar_test_cpp/share/robocar_test_cpp/local_setup.sh\n'}
[14.604192] (robocar_test_cpp) StdoutLine: {'line': b'-- Up-to-date: /root/ros2_ws/install/robocar_test_cpp/share/robocar_test_cpp/local_setup.zsh\n'}
[14.604435] (robocar_test_cpp) StdoutLine: {'line': b'-- Up-to-date: /root/ros2_ws/install/robocar_test_cpp/share/robocar_test_cpp/local_setup.dsv\n'}
[14.604679] (robocar_test_cpp) StdoutLine: {'line': b'-- Installing: /root/ros2_ws/install/robocar_test_cpp/share/robocar_test_cpp/package.dsv\n'}
[14.604915] (robocar_test_cpp) StdoutLine: {'line': b'-- Up-to-date: /root/ros2_ws/install/robocar_test_cpp/share/ament_index/resource_index/packages/robocar_test_cpp\n'}
[14.605123] (robocar_test_cpp) StdoutLine: {'line': b'-- Up-to-date: /root/ros2_ws/install/robocar_test_cpp/share/robocar_test_cpp/cmake/robocar_test_cppConfig.cmake\n'}
[14.605340] (robocar_test_cpp) StdoutLine: {'line': b'-- Up-to-date: /root/ros2_ws/install/robocar_test_cpp/share/robocar_test_cpp/cmake/robocar_test_cppConfig-version.cmake\n'}
[14.605548] (robocar_test_cpp) StdoutLine: {'line': b'-- Up-to-date: /root/ros2_ws/install/robocar_test_cpp/share/robocar_test_cpp/package.xml\n'}
[14.607912] (robocar_test_cpp) CommandEnded: {'returncode': 0}
[14.635830] (robocar_test_cpp) JobEnded: {'identifier': 'robocar_test_cpp', 'rc': 0}
[14.637385] (-) TimerEvent: {}
[14.637654] (-) EventReactorShutdown: {}
