:020000040800F2
:1000000000C00020A1220008C5190008C719000877
:10001000C9190008CB190008CD190008000000001C
:10002000000000000000000000000000CF190008E0
:10003000D119000800000000D3190008D5190008E4
:10004000E9220008E9220008E9220008E922000864
:10005000E9220008E9220008E9220008E922000854
:10006000E9220008E9220008E9220008E922000844
:10007000E9220008E9220008DD190008E922000849
:10008000E9220008E9220008E9220008E922000824
:10009000E9220008E9220008E9220008E922000814
:1000A000E9220008E9220008E9220008E922000804
:1000B000E9220008E9220008E9220008E9220008F4
:1000C000E9220008E9220008E9220008E9220008E4
:1000D000E9220008ED190008FD190008E9220008CE
:1000E000E9220008E9220008E9220008E9220008C4
:1000F000E9220008E9220008E9220008E9220008B4
:10010000E9220008E9220008E9220008E9220008A3
:10011000E9220008E9220008E9220008E922000893
:10012000E9220008E9220008E9220008E922000883
:1001300000000000000000000000000000000000BF
:1001400000000000000000000000000000000000AF
:10015000000000000000000000000000000000009F
:10016000000000000000000000000000000000008F
:10017000000000000000000000000000000000007F
:10018000000000000000000000000000000000006F
:10019000000000000000000000000000000000005F
:1001A000000000000000000000000000000000004F
:1001B000000000000000000000000000000000003F
:1001C000000000000000000000000000000000002F
:1001D000000000000000000000000000000000001F
:0401E0005FF8E0F1F3
:1001E80010B5054C237833B9044B13B10448AFF369
:1001F80000800123237010BDBC090020000000000E
:10020800A4E2000808B5034B1BB103490348AFF348
:10021800008008BD00000000C0090020A4E200081A
:1002280081F0004102E000BF83F0004330B54FEA9F
:1002380041044FEA430594EA050F08BF90EA020F0C
:100248001FBF54EA000C55EA020C7FEA645C7FEA9F
:10025800655C00F0E2804FEA5454D4EB5555B8BFC2
:100268006D420CDD2C4480EA020281EA030382EA33
:10027800000083EA010180EA020281EA0303362DC5
:1002880088BF30BD11F0004F4FEA01314FF4801C98
:100298004CEA113102D0404261EB410113F0004FAA
:1002A8004FEA03334CEA133302D0524263EB430361
:1002B80094EA050F00F0A780A4F10104D5F1200EFF
:1002C8000DDB02FA0EFC22FA05F2801841F100015A
:1002D80003FA0EF2801843FA05F359410EE0A5F12E
:1002E80020050EF1200E012A03FA0EFC28BF4CF05F
:1002F800020C43FA05F3C01851EBE37101F0004515
:1003080007D54FF0000EDCF1000C7EEB00006EEB21
:100318000101B1F5801F1BD3B1F5001F0CD34908AB
:100328005FEA30004FEA3C0C04F101044FEA445202
:1003380012F5800F80F09A80BCF1004F08BF5FEA89
:10034800500C50F1000041EB045141EA050130BD69
:100358005FEA4C0C404141EB0101013C28BFB1F57B
:10036800801FE9D291F0000F04BF01460020B1FAC6
:1003780081F308BF2033A3F10B03B3F120020CDA99
:100388000C3208DD02F1140CC2F10C0201FA0CF077
:1003980021FA02F10CE002F11402D8BFC2F1200CDC
:1003A80001FA02F120FA0CFCDCBF41EA0C01904092
:1003B800E41AA2BF01EB0451294330BD6FEA0404DB
:1003C8001F3C1CDA0C340EDC04F11404C4F12002C6
:1003D80020FA04F001FA02F340EA030021FA04F3D8
:1003E80045EA030130BDC4F10C04C4F1200220FA2F
:1003F80002F001FA04F340EA0300294630BD21FA6D
:1004080004F0294630BD94F0000F83F4801306BF32
:1004180081F480110134013D4EE77FEA645C18BF26
:100428007FEA655C29D094EA050F08BF90EA020FBD
:1004380005D054EA000C04BF1946104630BD91EAB5
:10044800030F1EBF0021002030BD5FEA545C05D1B8
:100458004000494128BF41F0004130BD14F58004F7
:100468003CBF01F5801130BD01F0004545F0FE416B
:1004780041F470014FF0000030BD7FEA645C1ABFA0
:10048800194610467FEA655C1CBF0B46024650EAD7
:10049800013406BF52EA033591EA030F41F4002103
:1004A80030BD00BF90F0000F04BF0021704730B589
:1004B8004FF4806404F132044FF000054FF000015E
:1004C80050E700BF90F0000F04BF0021704730B51F
:1004D8004FF4806404F1320410F0004548BF4042F4
:1004E8004FF000013EE700BF42004FEAE2014FEA49
:1004F80031014FEA02701FBF12F07F4393F07F4F24
:1005080081F06051704732F07F4208BF704793F026
:100518007F4F04BF41F40021704730B54FF4607439
:1005280001F0004521F000411CE700BF50EA01023C
:1005380008BF704730B54FF000050AE050EA0102E5
:1005480008BF704730B511F0004502D5404261EB55
:1005580041014FF4806404F132045FEA915C3FF496
:10056800D8AE4FF003025FEADC0C18BF03325FEA33
:10057800DC0C18BF033202EBDC02C2F1200300FAE4
:1005880003FC20FA02F001FA03FE40EA0E0021FA09
:1005980002F11444BDE600BF4FEA4102B2F1E04364
:1005A80024BFB3F5001CDCF1FE5C0DD901F0004C52
:1005B8004FEAC0024CEA5070B2F1004F40EB8300A2
:1005C80008BF20F00100704711F0804F21D113F1CE
:1005D8003872BCBF01F00040704741F480114FEA07
:1005E8005252C2F11802C2F1200C10FA0CF320FA90
:1005F80002F018BF40F001004FEAC1234FEAD323AD
:1006080003FA0CFC40EA0C0023FA02F34FEA430316
:10061800CCE77FEA625307D150EA01331EBF4FF09F
:10062800FE4040F44000704701F0004040F0FE40BA
:1006380040F40000704700BF4FF0FF0C1CEAD05296
:100648001EBF1CEAD15392EA0C0F93EA0C0F6FD02D
:100658001A4480EA010C400218BF5FEA41211ED00B
:100668004FF0006343EA501043EA5111A0FB0131F7
:100678000CF00040B1F5000F3EBF490041EAD371CC
:100688005B0040EA010062F17F02FD2A1DD8B3F148
:10069800004F40EBC25008BF20F00100704790F0B7
:1006A800000F0CF0004C08BF49024CEA502040EA09
:1006B80051207F3AC2BFD2F1FF0340EAC2507047CF
:1006C80040F400004FF00003013A5DDC12F1190F0D
:1006D800DCBF00F000407047C2F10002410021FA7F
:1006E80002F1C2F1200200FA02FC5FEA310040F197
:1006F800000053EA4C0308BF20EADC70704792F010
:10070800000F00F0004C02BF400010F4000F013A47
:10071800F9D040EA0C0093F0000F01F0004C02BF42
:10072800490011F4000F013BF9D041EA0C018FE7B1
:100738000CEAD15392EA0C0F18BF93EA0C0F0AD0B7
:1007480030F0004C18BF31F0004CD8D180EA0100DD
:1007580000F00040704790F0000F17BF90F0004F76
:10076800084691F0000F91F0004F14D092EA0C0F58
:1007780001D142020FD193EA0C0F03D14B0218BFEB
:10078800084608D180EA010000F0004040F0FE4031
:1007980040F40000704740F0FE4040F440007047CD
:1007A8004FF0FF0C1CEAD0521EBF1CEAD15392EA4C
:1007B8000C0F93EA0C0F69D0A2EB030280EA010C3C
:1007C80049024FEA402037D04FF0805343EA1111D5
:1007D80043EA10130CF000408B4238BF5B0042F133
:1007E8007D024FF4000C8B4224BF5B1A40EA0C00D8
:1007F800B3EB510F24BFA3EB510340EA5C00B3EB0A
:10080800910F24BFA3EB910340EA9C00B3EBD10FF7
:1008180024BFA3EBD10340EADC001B0118BF5FEA49
:100828001C1CE0D1FD2A3FF650AF8B4240EBC25072
:1008380008BF20F0010070470CF0004C4CEA502033
:100848007F32C2BFD2F1FF0340EAC250704740F482
:1008580000004FF00003013A37E792F0000F00F074
:10086800004C02BF400010F4000F013AF9D040EAF2
:100878000C0093F0000F01F0004C02BF490011F486
:10088800000F013BF9D041EA0C0195E70CEAD1537E
:1008980092EA0C0F08D142027FF47DAF93EA0C0F65
:1008A8007FF470AF084676E793EA0C0F04D14B0249
:1008B8003FF44CAF08466EE730F0004C18BF31F0FB
:1008C800004CCAD130F000427FF45CAF31F00043F5
:1008D8007FF43CAF5FE700BF4FEA4002B2F1FE4F42
:1008E8000FD34FF09E03B3EB12620DD94FEA0023EA
:1008F80043F0004310F0004F23FA02F018BF4042C3
:1009080070474FF00000704712F1610F01D14202A9
:1009180005D110F0004008BF6FF0004070474FF05D
:1009280000007047844641EA000313F0030349D1ED
:10093800403A23D30B6803604B6843608B6883603D
:10094800CB68C3600B6903614B6943618B69836141
:10095800CB69C3610B6A03624B6A43628B6A836229
:10096800CB6AC3620B6B03634B6B43638B6B836311
:10097800CB6BC36340304031403ADBD230320BD3CB
:100988000B6803604B6843608B688360CB68C36007
:1009980010301031103AF3D20C3205D351F8043B21
:1009A80040F8043B043AF9D2043208D0D2071CBFFD
:1009B80011F8013B00F8013B01D30B880380604626
:1009C800704700BF082A13D38B07B1D010F0030378
:1009D800AED0C3F10403D21ADB071CBF11F8013BE8
:1009E80000F8013BA4D331F8023B20F8023B9FE713
:1009F800043AD9D3013A11F8013B00F8013BF9D286
:100A08000B7803704B7843708B788370604670471F
:100A180070B54FF0FF0C4CF4E06C1CEA11541DBF8C
:100A28001CEA135594EA0C0F95EA0C0F00F0DEF857
:100A38002C4481EA030621EA4C5123EA4C5350EA3C
:100A4800013518BF52EA033541F4801143F480138D
:100A580038D0A0FB02CE4FF00005E1FB02E506F01E
:100A68000042E0FB03E54FF00006E1FB03569CF073
:100A7800000F18BF4EF0010EA4F1FF04B6F5007F79
:100A880064F5407404D25FEA4E0E6D4146EB0606EB
:100A980042EAC62141EA55514FEAC52040EA5E5074
:100AA8004FEACE2EB4F1FD0C88BFBCF5E06F1ED81E
:100AB800BEF1004F08BF5FEA500E50F1000041EB55
:100AC800045170BD06F0004646EA010140EA020002
:100AD80081EA0301B4EB5C04C2BFD4EB0C0541EA24
:100AE800045170BD41F480114FF0000E013C00F339
:100AF800AB8014F1360FDEBF002001F0004170BD5D
:100B0800C4F10004203C35DA0C341BDC04F1140475
:100B1800C4F1200500FA05F320FA04F001FA05F201
:100B280040EA020001F0004221F0004110EBD370CE
:100B380021FA04F642EB06015EEA430E08BF20EAFA
:100B4800D37070BDC4F10C04C4F1200500FA04F39D
:100B580020FA05F001FA04F240EA020001F000412F
:100B680010EBD37041F100015EEA430E08BF20EAA2
:100B7800D37070BDC4F1200500FA05F24EEA020EEA
:100B880020FA04F301FA05F243EA020321FA04F019
:100B980001F0004121FA04F220EA020000EBD370D0
:100BA8005EEA430E08BF20EAD37070BD94F0000FD0
:100BB8000FD101F00046400041EB010111F4801F04
:100BC80008BF013CF7D041EA060195F0000F18BFB5
:100BD800704703F00046520043EB030313F4801FF1
:100BE80008BF013DF7D043EA0603704794EA0C0FAB
:100BF8000CEA135518BF95EA0C0F0CD050EA4106C1
:100C080018BF52EA4306D1D181EA030101F000413D
:100C18004FF0000070BD50EA410606BF1046194665
:100C280052EA430619D094EA0C0F02D150EA013671
:100C380013D195EA0C0F05D152EA03361CBF1046B2
:100C480019460AD181EA030101F0004141F0FE4151
:100C580041F470014FF0000070BD41F0FE4141F4D5
:100C6800780170BD70B54FF0FF0C4CF4E06C1CEAD5
:100C780011541DBF1CEA135594EA0C0F95EA0C0F8A
:100C880000F0A7F8A4EB050481EA030E52EA033545
:100C98004FEA013100F088804FEA03334FF0805566
:100CA80045EA131343EA12634FEA022245EA111593
:100CB80045EA10654FEA00260EF000419D4208BF44
:100CC800964244F1FD0404F5407402D25B084FEAF1
:100CD8003202B61A65EB03055B084FEA32024FF49D
:100CE80080104FF4002CB6EB020E75EB030E22BFFA
:100CF800B61A754640EA0C005B084FEA3202B6EBBA
:100D0800020E75EB030E22BFB61A754640EA5C0068
:100D18005B084FEA3202B6EB020E75EB030E22BFF8
:100D2800B61A754640EA9C005B084FEA3202B6EBF9
:100D3800020E75EB030E22BFB61A754640EADC00B8
:100D480055EA060E18D04FEA051545EA16754FEA1A
:100D580006164FEAC30343EA52734FEAC2025FEA38
:100D68001C1CC0D111F4801F0BD141EA00014FF0C7
:100D780000004FF0004CB6E711F4801F04BF014398
:100D88000020B4F1FD0C88BFBCF5E06F3FF6AFAEB4
:100D9800B5EB030C04BFB6EB020C5FEA500C50F144
:100DA800000041EB045170BD0EF0004E4EEA1131C7
:100DB80014EB5C04C2BFD4EB0C0541EA045170BDCE
:100DC80041F480114FF0000E013C90E645EA060E12
:100DD8008DE60CEA135594EA0C0F08BF95EA0C0F40
:100DE8003FF43BAF94EA0C0F0AD150EA01347FF488
:100DF80034AF95EA0C0F7FF425AF104619462CE75F
:100E080095EA0C0F06D152EA03353FF4FDAE1046C1
:100E1800194622E750EA410618BF52EA43067FF412
:100E2800C5AE50EA41047FF40DAF52EA43057FF4A2
:100E3800EBAE12E74FF0FF3C06E000BF4FF0010CAD
:100E480002E000BF4FF0010C4DF804CD4FEA410C11
:100E58007FEA6C5C4FEA430C18BF7FEA6C5C1BD0DE
:100E680001B050EA410C0CBF52EA430C91EA030F5F
:100E780002BF90EA020F0020704710F1000F91EABC
:100E8800030F58BF994208BF90422CBFD8176FEA8A
:100E9800E37040F0010070474FEA410C7FEA6C5C58
:100EA80002D150EA013C07D14FEA430C7FEA6C5C5F
:100EB800D6D152EA033CD3D05DF8040B704700BF8B
:100EC8008446104662468C461946634600E000BFD9
:100ED80001B5FFF7B7FF002848BF10F1000F01BDAB
:100EE8004DF808EDFFF7F4FF0CBF012000205DF876
:100EF80008FB00BF4DF808EDFFF7EAFF34BF0120FB
:100F080000205DF808FB00BF4DF808EDFFF7E0FF93
:100F180094BF012000205DF808FB00BF4DF808EDE4
:100F2800FFF7CEFF94BF012000205DF808FB00BF4B
:100F38004DF808EDFFF7C4FF34BF012000205DF82D
:100F480008FB00BF4FEA410C7FEA6C5C02D150EA13
:100F5800013C0AD14FEA430C7FEA6C5C02D152EAA9
:100F6800033C02D14FF0000070474FF0010070477A
:100F78004FEA410212F5001215D211D56FF47873B9
:100F8800B3EB625212D94FEAC12343F0004343EA5C
:100F9800505311F0004F23FA02F018BF4042704737
:100FA8004FF00000704750EA013005D111F00040C1
:100FB80008BF6FF0004070474FF00000704700BF57
:100FC8004A0011D212F5001211D20DD56FF47873C0
:100FD800B3EB62520ED44FEAC12343F0004343EA15
:100FE800505323FA02F070474FF00000704750EA60
:100FF800013002D14FF0FF3070474FF000007047CA
:1010080053B94AB9002908BF00281CBF4FF0FF3167
:101018004FF0FF3000F0AEB9ADF1080C6DE904CE29
:1010280000F03EF8DDF804E0DDE9022304B0704783
:1010380038B505460C460022002328462146FFF70E
:1010480059FF28B928462146BDE8384000F00AB8BB
:10105800284604F1004100F005F8404261EB4101E7
:1010680038BD00BFD0B500220B4B06460F46FFF730
:10107800CFFCFFF7A5FF0446FFF714FA0022074B41
:10108800FFF7C6FC02460B4630463946FFF7CCF858
:10109800FFF796FF2146D0BD0000F03D0000F0416B
:1010A8002DE9F047089E0D4604468846002B4DD191
:1010B8008A42944668D9B2FA82F252B101FA02F32E
:1010C800C2F1200120FA01F10CFA02FC41EA0308FE
:1010D80094404FEA1C41B8FBF1F71FFA8CFE01FB64
:1010E800178807FB0EF0230C43EA084398420AD9F5
:1010F8001CEB030307F1FF3580F01E81984240F294
:101108001B81023F63441B1AB3FBF1F001FB103350
:1011180000FB0EFEA4B244EA0344A6450AD91CEB20
:10112800040400F1FF3380F00981A64540F20681EE
:10113800644402380021A4EB0E0440EA07401EB1C3
:101148000023D440C6E90043BDE8F0878B4208D9A4
:10115800002E00F0EE800021C6E900050846BDE833
:10116800F087B3FA83F100294AD1AB4202D3824215
:1011780000F2FC80841A65EB030301209846002ED8
:10118800E2D0C6E90048DFE702B9FFDEB2FA82F230
:10119800002A40F09180A1EB0C0001214FEA1C4786
:1011A8001FFA8CFEB0FBF7F307FB1300250C45EA8A
:1011B80000450EFB03F0A84208D91CEB050503F116
:1011C800FF3802D2A84200F2CE8043462D1AB5FB62
:1011D800F7F007FB10550EFB00FEA4B244EA0544E5
:1011E800A64508D91CEB040400F1FF3502D2A64538
:1011F80000F2B6802846A4EB0E0440EA03409EE7BE
:10120800C1F120078B4022FA07FC4CEA030C25FAAF
:1012180007FA4FEA1C49BAFBF9F820FA07F309FB69
:1012280018AA8D401FFA8CFE1D4300FA01F308FB33
:101238000EF02C0C44EA0A44A04202FA01F20BD93F
:101248001CEB040408F1FF3A80F08880A04240F2C9
:101258008580A8F102086444241AB4FBF9F009FB5C
:10126800104400FB0EFEADB245EA0444A64508D979
:101278001CEB040400F1FF356CD2A6456AD902388C
:10128800644440EA0840A0FB0295A4EB0E04AC427B
:10129800C846AE4656D353D0002E69D0B3EB0802E9
:1012A80064EB0E0422FA01F304FA07F71F43CC405B
:1012B800C6E90074002147E70CFA02FCC2F12001DC
:1012C80025FA01F34FEA1C4720FA01F195400D4336
:1012D800B3FBF7F107FB11331FFA8CFE280C40EA29
:1012E800034001FB0EF3834204FA02F408D91CEB15
:1012F800000001F1FF382FD283422DD90239604412
:10130800C01AB0FBF7F307FB1300ADB245EA00457E
:1013180003FB0EF0A84208D91CEB050503F1FF38C2
:1013280016D2A84214D9023B6544281A43EA01415F
:1013380038E73146304607E72F46E4E61846F9E62F
:101348004B45A9D2B9EB020865EB0C0E0138A3E7AF
:101358004346EAE7284694E74146D1E7D0467BE78B
:101368006444023847E7023B65442FE7084606E72E
:101378003146E9E6704700BF08B5322000F0BAF8F8
:1013880000F014F900F0C8F900F0E8F800F0A0F94E
:1013980008BD000010B500F0BFF94C494C4B186867
:1013A800FFF74AF9FFF798FA04B24849494B186819
:1013B800FFF742F9FFF790FA002C0BDD464B0122AC
:1013C8001A70454B1B78013B032B78D8DFE803F0F4
:1013D80019334B6100B2002C05DB002807DD3E4BBA
:1013E80003221A70EDE73C4B02221A70E9E7002845
:1013F80003DB394B05221A70E3E7374B04221A70D6
:10140800DFE7322000F076F89621002000F00CF992
:101418009621012000F008F99621022000F004F935
:101428009621032000F000F92B4B00221A700A20A5
:1014380000F0A2FF10BD6FF09501002000F0F4F855
:101448006FF09501012000F0EFF86FF09501022090
:1014580000F0EAF86FF09501032000F0E5F81E4B64
:1014680000221A70E3E79621002000F0DDF86FF003
:101478009501012000F0D8F86FF09501022000F0E6
:10148800D3F89621032000F0CFF8134B00221A70EE
:10149800CDE76FF09501002000F0C6F896210120F5
:1014A80000F0C2F89621022000F0BEF86FF0950116
:1014B800032000F0B9F8084B00221A70B7E70020A3
:1014C80000F09CF8044B00221A70B0E7000020419D
:1014D800780A0020740A0020D8090020014B1880DF
:1014E800704700BFDA090020014B1870704700BF31
:1014F800DC09002010B5012804D0044670B1092881
:1015080018D810BD0120FFF7EFFF0020FFF7E6FF16
:10151800012220210F4801F067FBF2E70020FFF7C6
:10152800E3FF0020FFF7DAFF00222021094801F03D
:101538005BFBE6E70220FFF7D7FF0748A0FB043074
:10154800C008FFF7CBFF01222021024801F04CFB25
:10155800D7E700BF00100140CDCCCCCC08B50421A2
:10156800074802F0DDF90421064802F0D9F9042100
:10157800054802F0D5F90421044802F0D1F908BD64
:10158800300B0020780B0020C00B0020080C002036
:10159800002803DC002805DB0020704700F5C86040
:1015A80000B27047A0F5C86000B2704710B5114C82
:1015B8000021204602F03AF90421204602F026FADA
:1015C8000821204602F022FA0C21204602F02EF9CA
:1015D800094C0021204602F029F90421204602F096
:1015E80025F90821204602F021F90C21204602F0B5
:1015F8001DF910BDE80A0020500C0020034600B178
:1016080001234FF4616202FB03F3064A53639363B9
:10161800D3631364A2F50062136453639363D363C3
:10162800704700BF0034014010B504460846FFF774
:10163800AFFFB0F5616F04DA10F5616F03DC214884
:1016480001E04FF46160032C0BD8DFE804F00211CD
:10165800202D404200B2002804DB1B4B58630022B7
:101668009A6310BD184B00225A6340429863F8E70A
:10167800404200B2002804DB134BD86300221A64EE
:10168800EFE7114B0022DA6340421864E9E70028CB
:1016980004DB0E4B186400225A63E2E70B4B00226E
:1016A8001A6440425863DCE7002804DB074B986360
:1016B8000022DA63D5E7054B00229A634042D863DB
:1016C800CFE700BFF0F1FFFF00340140002C0140DC
:1016D8000021032918DC10B40C4C01EBC10398005D
:1016E8002318002222505A605A619A61DA611A62FC
:1016F800074A9A60074ADA604FF07C521A61013152
:101708000329E9DD10BC7047704700BFE0090020DD
:10171800CDCC4C3F8FC2753D08B501220249034824
:1017280002F053FD08BD00BF700A0020DC0C002049
:1017380010B582B004460D4902F0DEFF38B101AAA7
:101748000B4902F0DBFD10B10A4B019A1A600A49F5
:10175800204602F0D1FF38B101AA084902F0CEFDB7
:1017680010B1074B019A1A6002B010BDC0E2000820
:10177800CCE20008780A0020D8E20008E4E2000879
:10178800740A002008B5124B834200D008BD114BE3
:101798001B780A2B03D0104A1288622A0DD90E4BE7
:1017A80019880E48002242541A80FFF7C1FF01220F
:1017B8000849074802F009FDE8E7501C0649088077
:1017C80006498B5401220349014802F0FEFCDDE77B
:1017D800DC0C0020700A0020E00A00207C0A0020AF
:1017E80000B583B001904FF6FF73012201A90348A9
:1017F80002F0DFFA019803B05DF804FBDC0C00206E
:1018080000B583B00A4B5A6942F001025A615B691C
:1018180003F001030193019B002211460E2000F002
:10182800D1FD0E2000F006FE03B05DF804FB00BFFA
:101838000010024070B588B0002404940594069402
:101848000794214B9A6942F010029A619A6902F052
:1018580010020092009A9A6942F020029A619A69ED
:1018680002F020020192019A9A6942F004029A61F8
:101878009A6902F004020292029A9A6942F00802F6
:101888009A619B6903F008030393039B0F4E22465A
:1018980042F22001304601F0A7F942F220030493F6
:1018A8000125059506940223079304A9304601F003
:1018B8007BF8042304930594069504A9044801F0D1
:1018C80073F808B070BD00BF00100240001001405E
:1018D8000014014072B6FEE700B591B0282200213D
:1018E80006A802F0B9FC0023019302930393049322
:1018F8000593012206924FF4803307930A9202223D
:101908000D920E934FF4E0130F9306A801F088F997
:1019180080B90F23019302210291002303934FF40E
:1019280080620492059301A801F0BAFB20B911B0B6
:101938005DF804FBFFF7CEFFFFF7CCFF08B500F01A
:10194800F7FCFFF7C9FFFFF775FF00F0B5FAFFF7DF
:1019580057FF00F0EBFB00F0CFFB00F03DFB00F081
:10196800B1F800F0E1F800F011F900F041F9FFF7E3
:1019780003FDFFF70FFDFCE782B00E4B9A6942F0BA
:1019880001029A619A6902F001020092009ADA69EA
:1019980042F08052DA61DB6903F080530193019BC6
:1019A800054A536823F0E06343F00073536002B0C4
:1019B800704700BF0010024000000140FEE7FEE74C
:1019C800FEE7FEE7FEE770477047704708B500F08E
:1019D800C1FC08BD08B5024800F070FE08BD00BF94
:1019E800980C002008B5024802F0D2FA08BD00BFE2
:1019F800DC0C002008B5024802F0CAFA08BD00BF96
:101A0800200D00200120704708B502F0FBFB1623CB
:101A180003604FF0FF3008BD08B54FF0FF31FFF706
:101A2800F3FFFEE770B50C461646002506E0AFF357
:101A38000080214601F8010B01350C46B542F6DB62
:101A4800304670BD70B50C461646002504E014F803
:101A5800010BFFF7C5FE0135B542F8DB304670BD16
:101A68004FF0FF3070474FF400534B600020704731
:101A7800012070470020704710B503460C4A0D49F5
:101A88000D48006840B10C4800680344521A93425C
:101A980006D8094A136010BD0748084C0460F2E7ED
:101AA80002F0B0FB0C2303604FF0FF30F3E700BFF8
:101AB80000C0002000040000E40A0020B00D00204F
:101AC8007047000000B58DB02422002103A802F061
:101AD800C3FB00230193029312484FF08042026037
:101AE800436083604FF6FF72C26003618361032322
:101AF800039301230593099303A901F013FD50B93A
:101B080000230193029301A9064801F0F3FF28B9C5
:101B18000DB05DF804FBFFF7DDFEF1E7FFF7DAFE35
:101B2800F6E700BF300B002000B58DB0242200215D
:101B380003A802F091FB0023019302931148124A73
:101B48000260436083604FF6FF72C2600361836185
:101B58000323039301230593099303A901F0E2FCEE
:101B680050B900230193029301A9064801F0C2FF6E
:101B780028B90DB05DF804FBFFF7ACFEF1E7FFF7FD
:101B8800A9FEF6E7780B00200004004000B58DB0F0
:101B98002422002103A802F05FFB00230193029393
:101BA8001148124A0260436083604FF6FF72C260B8
:101BB800036183610323039301230593099303A915
:101BC80001F0B0FC50B900230193029301A9064823
:101BD80001F090FF28B90DB05DF804FBFFF77AFE1D
:101BE800F1E7FFF777FEF6E7C00B0020000800409A
:101BF80000B58DB02422002103A802F02DFB00239C
:101C0800019302931148124A0260436083604FF6C1
:101C1800FF72C26003618361032303930123059369
:101C2800099303A901F07EFC50B9002301930293A4
:101C380001A9064801F05EFF28B90DB05DF804FB64
:101C4800FFF748FEF1E7FFF745FEF6E7080C00202E
:101C5800000C004082B003680E4A934204D00E4A3A
:101C680093420CD002B070470C4B9A6942F4006260
:101C78009A619B6903F400630093009BF2E7074BAA
:101C88009A6942F400529A619B6903F400530193E4
:101C9800019BE7E7002C014000340140001002409E
:101CA80000B58FB000230A930B930C930D93036830
:101CB800B3F1804F0BD0484A93423FD0474A9342F2
:101CC80056D0474A93426DD00FB05DF804FB03F538
:101CD8000433DA6942F00102DA61DA6902F00102DA
:101CE8000192019A9A6942F004029A619A6902F093
:101CF80004020292029A9A6942F008029A619B6968
:101D080003F008030393039B4FF400430A930AA9C3
:101D1800344800F049FE08230A9300230B930C93E0
:101D28000AA9314800F040FE304A536823F4407352
:101D380043F0E06343F480735360C5E72C4BDA69E2
:101D480042F00202DA61DA6902F002020492049AAD
:101D58009A6942F004029A619B6903F004030593AF
:101D6800059BC0230A930AA91E4800F01DFEABE795
:101D78001F4BDA6942F00402DA61DA6902F0040200
:101D88000692069A9A6942F008029A619B6903F0E2
:101D980008030793079BC0230A930AA9124800F077
:101DA80003FE91E7124BDA6942F00802DA61DA6958
:101DB80002F008020892089A9A6942F004029A61AD
:101DC8009B6903F004030993099B03230A930AA957
:101DD800044800F0E9FD77E70004004000080040EF
:101DE800000C004000080140000C014000000140C8
:101DF8000010024010B588B00023049305930693A1
:101E080007930368254A934204D0254A934230D069
:101E180008B010BD234B9A6942F008029A619A698A
:101E280002F008020192019A9A6942F004029A614A
:101E38009B6903F004030293029B03230493022487
:101E48000594079404A9184800F0AEFD4FF41063F8
:101E580004930594079404A9144800F0A5FD144AB6
:101E6800536823F0C00343F0E06343F0400353603A
:101E7800CEE70C4B9A6942F010029A619B6903F015
:101E880010030393039B4FF4707304930223059389
:101E9800079304A9074800F087FDB9E7002C014023
:101EA8000034014000100240000C014000080140CD
:101EB800000001400010014010B596B000241294B3
:101EC8001394149415941094119409940A940B94EF
:101ED8000C940D940E940F942022214601A802F030
:101EE800BBF93B483B4B03604460846040F60F639A
:101EF800C360046144618023836101F0BBFA002858
:101F08004BD14FF48053129312A9314801F012FCBF
:101F1800002845D12E4801F0D9FA002843D10023E2
:101F28001093119310A92A4801F0E4FD00283DD12F
:101F38006023099300220A920B920C920D920E9242
:101F48000F9209A9224801F081FB002831D104220F
:101F580009A91F4801F07AFB70BB082209A91C488F
:101F680001F074FB58BB0C2209A9194801F06EFB5B
:101F780040BB0023019302930393049305934FF40A
:101F880000520692089301A9114801F0F1FDE0B949
:101F98000F48FFF72FFF16B010BDFFF79BFCB0E707
:101FA800FFF798FCB6E7FFF795FCB8E7FFF792FC58
:101FB800BEE7FFF78FFCCAE7FFF78CFCCDE7FFF71A
:101FC80089FCD0E7FFF786FCD3E7FFF783FCDFE760
:101FD800E80A0020002C014010B596B000241294A5
:101FE8001394149415941094119409940A940B94CE
:101FF8000C940D940E940F942022214601A802F00F
:102008002BF93B483B4B03604460846040F60F6308
:10201800C360046144618023836101F02BFA0028C6
:102028004BD14FF48053129312A9314801F082FB2F
:10203800002845D12E4801F049FA002843D1002351
:102048001093119310A92A4801F054FD00283DD19E
:102058006023099300220A920B920C920D920E9221
:102068000F9209A9224801F0F1FA002831D104227F
:1020780009A91F4801F0EAFA70BB082209A91C48FF
:1020880001F0E4FA58BB0C2209A9194801F0DEFA5C
:1020980040BB0023019302930393049305934FF4E9
:1020A80000520692089301A9114801F061FDE0B9B8
:1020B8000F48FFF79FFE16B010BDFFF70BFCB0E707
:1020C800FFF708FCB6E7FFF705FCB8E7FFF702FCE7
:1020D800BEE7FFF7FFFBCAE7FFF7FCFBCDE7FFF71B
:1020E800F9FBD0E7FFF7F6FBD3E7FFF7F3FBDFE7F2
:1020F800500C00200034014008B50A480A4B036020
:102108004FF4E133436000238360C36003610C2212
:1021180042618361C36101F01DFE00B908BDFFF78C
:10212800D9FBFBE7DC0C00200038014008B50D485E
:102138000D4B03600D4B43604FF4805383604FF4A5
:102148000053C3604FF4806303610C234361002391
:102158008361C36101F0FEFD00B908BDFFF7BAFB5A
:10216800FBE700BF200D002000440040A0860100CE
:1021780070B588B00023049305930693079303680A
:102188003F4A934204D03F4A934249D008B070BDB9
:1021980004463D4B9A6942F480429A619A6902F476
:1021A80080420092009A9A6942F004029A619B69FF
:1021B80003F004030193019B4FF40073049302237B
:1021C800059303230793314E04A9304600F0ECFB36
:1021D8004FF48063049300250595069504A93046BD
:1021E80000F0E2FB2A482B4B036010234360856014
:1021F8008023C360056145618561C56100F03CF9D4
:1022080058B9234B63635C6200221146252000F015
:10221800D9F8252000F00EF9B8E7FFF75BFBF0E7E7
:10222800194BDA6942F40032DA61DA6902F40032F1
:102238000292029A9A6942F004029A619B6903F039
:1022480004030393039B04230493022305930323AA
:1022580007930E4D04A9284600F0A6FB0823049313
:1022680000240594069404A9284600F09DFB224604
:102278002146262000F0A6F8262000F0DBF885E7A6
:1022880000380140004400400010024000080140AE
:10229800980C0020440002400C480D490D4A0023C8
:1022A80002E0D458C4500433C4188C42F9D30A4A03
:1022B8000A4C002301E013600432A242FBD3FFF76B
:1022C800FFFB01F0A5FFFFF739FB70470000002076
:1022D800BC09002058E90008BC090020B00D002006
:1022E800FEE7000010B504460E4B18784FF47A73D9
:1022F800B3FBF0F30C4A1068B0FBF3F000F0A8F859
:1023080068B90F2C01D901200AE0002221464FF0BC
:10231800FF3000F057F8054B1C60002000E001205A
:1023280010BD00BF040000200000002008000020AD
:1023380008B5074A136843F010031360032000F040
:102348002FF80F20FFF7CEFFFFF716FB002008BD80
:1023580000200240034A1168034B1B780B441360AA
:10236800704700BF640D002004000020014B18686E
:10237800704700BF640D002038B50446FFF7F6FF2C
:102388000546B4F1FF3F02D0044B1B781C44FFF70D
:10239800EDFF401BA042FAD338BD00BF0400002067
:1023A800074AD36823F4E0631B041B0C000200F403
:1023B800E060034343F0BF6343F40033D3607047E6
:1023C80000ED00E000B5194BDB68C3F30223C3F14D
:1023D800070CBCF1040F28BF4FF0040C03F1040EE6
:1023E800BEF1060F18D9033B4FF0FF3E0EFA0CFC66
:1023F80021EA0C0199400EFA03F322EA0303194378
:1024080000280BDB0901C9B200F1604000F561400A
:1024180080F800135DF804FB0023E5E700F00F00E7
:102428000901C9B2024B1954F4E700BF00ED00E0FE
:1024380014ED00E0002807DB00F01F02400901232B
:102448009340024A42F82030704700BF00E100E0A4
:102458000138B0F1807F0BD24FF0E0235861054A74
:10246800F02182F823100020986107221A61704732
:102478000120704700ED00E000283AD010B4024671
:1024880000681D4B984229D81C4B03441C49A1FBEA
:1024980003131B099B0013641A4BD363022382F8AE
:1024A8002130016821F47F5121F03001536894688C
:1024B8002343D46823431469234354692343946909
:1024C8002343D46923430B43036000209063012313
:1024D80082F8213082F8200010BC70470A4B034470
:1024E8000749A1FB03131B099B001364074BD36324
:1024F800D4E70120704700BF07040240F8FFFDBF82
:10250800CDCCCCCC00000240F8FBFDBF000402405B
:1025180090F82130022B06D004238363002380F82F
:102528002030012070470268136823F00E031360FF
:102538000268136823F001031360036CC16B012266
:1025480002FA03F34B6080F82120002380F8203042
:102558001846704708B590F82130022B03D00423A1
:102568008363012008BD0268136823F00E0313601B
:102578000268136823F00103136003684B4A93420F
:102588004ED9783A934224D01432934230D0143240
:1025980093422FD0143293422FD0143293422FD02B
:1025A800143293422FD0143293422FD002F5627224
:1025B80093422ED0143293422DD0143293422CD011
:1025C8001432934202D04FF4803203E04FF4805229
:1025D80000E00122364B5A60012380F821300023A5
:1025E80080F82030436B002B5ED098470020B9E775
:1025F8001022EFE74FF48072ECE74FF48052E9E7DE
:102608004FF48032E6E74FF48012E3E74FF0807230
:10261800E0E70122DEE71022DCE74FF48072D9E719
:10262800244A934224D01432934225D01432934240
:1026380024D01432934224D01432934224D014323A
:10264800934224D01432934224D002F5627293420A
:1026580023D01432934222D01432934221D0143220
:10266800934202D04FF4803203E04FF4805200E0EE
:102678000122114B5A60AFE71022FAE74FF480723B
:10268800F7E74FF48052F4E74FF48032F1E74FF464
:102698008012EEE74FF08072EBE70122E9E71022A3
:1026A800E7E74FF48072E4E700205BE78000024030
:1026B80000040240080002400000024038B5C36B25
:1026C8001A6804682568016C04238B40134200F0E3
:1026D8009B8015F0040F00F09780236813F0200FFB
:1026E80003D1236823F00403236003689A4A9342C2
:1026F80046D9783A934224D01432934228D01432DF
:10270800934227D01432934227D01432934227D0D1
:102718001432934227D01432934227D002F56272C2
:10272800934226D01432934225D01432934224D0B7
:102738001432934202D04FF4802203E04FF48042D7
:1027480000E00422854B5A60C36A03B1984738BD3C
:102758004022F7E74FF48062F4E74FF48042F1E754
:102768004FF48022EEE74FF48002EBE74FF08062EF
:10277800E8E70422E6E74022E4E74FF48062E1E775
:10278800774A934224D01432934225D0143293428C
:1027980024D01432934224D01432934224D01432D9
:1027A800934224D01432934224D002F562729342A9
:1027B80023D01432934222D01432934221D01432BF
:1027C800934202D04FF4802203E04FF4804200E0AD
:1027D8000422644B5A60B7E74022FAE74FF480625C
:1027E800F7E74FF48042F4E74FF48022F1E74FF423
:1027F8008002EEE74FF08062EBE70422E9E740222F
:10280800E7E74FF48062E4E702238B40134200F0CD
:10281800AB8015F0020F00F0A780236813F0200F9B
:1028280006D1236823F00A032360012380F82130AE
:102838000368494A93424BD9783A934224D01432D8
:1028480093422DD0143293422CD0143293422CD080
:10285800143293422CD0143293422CD01432934227
:102868002CD002F5627293422BD0143293422AD0B4
:102878001432934229D01432934202D04FF40032DA
:1028880003E04FF4005200E00222344B5A60002368
:1028980080F82030836A002B3FF459AF984756E7F9
:1028A8002022F2E74FF40072EFE74FF40052ECE712
:1028B8004FF40032E9E74FF40012E6E74FF00072F8
:1028C800E3E70222E1E72022DFE74FF40072DCE7CA
:1028D800234A934224D01432934225D0143293428F
:1028E80024D01432934224D01432934224D0143288
:1028F800934224D01432934224D002F56272934258
:1029080023D01432934222D01432934221D014326D
:10291800934202D04FF4003203E04FF4005200E03B
:102928000222104B5A60B2E72022FAE74FF40072F5
:10293800F7E74FF40052F4E74FF40032F1E74FF4B1
:102948000012EEE74FF00072EBE70222E9E72022DF
:10295800E7E74FF40072E4E7800002400004024019
:102968000800024000000240082303FA01F1114266
:102978003FF4EDAE15F0080F3FF4E9AE236823F0FD
:102988000E032360026CC16B012303FA02F24A6052
:10299800836380F82130002380F82030036B002BFC
:1029A8003FF4D5AE9847D2E670B582B00024A4466D
:1029B800B0E0874DAA4210D007D9864DAA420CD064
:1029C80005F58035AA4208D013E0A5F58015AA427E
:1029D80003D005F57025AA4207D18A68002A62D07B
:1029E800012A5BD04361082403E0A5F58015AA42BB
:1029F800F3D0BEF1FF0F58D80646BEF1FF0F56D8E8
:102A08004FEA8C0233680F25954023EA050304FA40
:102A180002F2134333604B6813F0805F78D06E4B3B
:102A28009A6942F001029A619B6903F001030193DC
:102A3800019B4FEA9C02951C684B53F825600CF0EB
:102A480003039D000F23AB4026EA0306644B98421C
:102A580033D003F58063984200F0988003F58063D3
:102A6800984200F0958003F58063984200F09280C8
:102A780003F58063984200F08F8003F580639842E5
:102A880019D006231AE0CC68B3E7CC680434B0E761
:102A9800CC680834ADE7CC680C34AAE70361082495
:102AA800A7E70024A5E70424A3E7061DA5E7ACF1E2
:102AB80008029200A6E7052300E00023AB40334359
:102AC8000232464D45F822304B6813F4803F65D0FA
:102AD800444A136843EA0E0313604B6813F4003F3B
:102AE80062D0404A536843EA0E0353604B6813F4BC
:102AF800801F5FD03B4A936843EA0E0393604B689C
:102B080013F4001F5CD0374AD36843EA0E03D3603E
:102B18000CF1010C0A6832FA0CF357D0012303FABE
:102B28000CF302EA030E33EA0202F1D14A68122AD0
:102B38003FF63FAF122A3FF65CAF01A555F822F0E9
:102B4800E32900088F2A0008992A0008AB2A000800
:102B5800FB290008FB290008FB290008FB290008BD
:102B6800FB290008FB290008FB290008FB290008AD
:102B7800FB290008FB290008FB290008FB2900089D
:102B8800FB290008932A00089F2A0008012395E7DB
:102B9800022393E7032391E704238FE7114A13687D
:102BA80023EA0E03136098E70E4A536823EA0E03DC
:102BB80053609BE70B4A936823EA0E0393609EE7F2
:102BC800084AD36823EA0E03D360A1E702B070BDB8
:102BD80000002210000031100010024000000140E7
:102BE80000080140000401400AB10161704709046E
:102BF8000161704782B0084B1B68084AA2FB032397
:102C08005B0A00FB03F3019300BF019B5A1E01926C
:102C1800002BF9D102B0704700000020D34D62109C
:102C2800002800F0F18170B582B00446036813F003
:102C3800010F2CD0994B5B6803F00C03042B1DD0BB
:102C4800964B5B6803F00C03082B12D06368B3F54E
:102C5800803F41D0002B55D103F1804303F5043365
:102C68001A6822F480321A601A6822F480221A60E4
:102C780037E08A4B5B6813F4803FE7D0874B1B68CB
:102C880013F4003F03D06368002B00F0BF81236872
:102C980013F0020F75D0814B5B6813F00C0F5FD0F7
:102CA8007E4B5B6803F00C03082B54D02369002B80
:102CB80000F08A807A4B01221A60FFF757FB05461D
:102CC800764B1B6813F0020F75D1FFF74FFB401BC3
:102CD8000228F5D903209EE1704A136843F4803333
:102CE8001360636843B3FFF741FB05466B4B1B68F2
:102CF80013F4003FCBD1FFF739FB401B6428F5D90B
:102D0800032088E1B3F5A02F09D0644B1A6822F498
:102D180080321A601A6822F480221A60E1E703F10F
:102D28008043A3F53C331A6842F480221A601A687B
:102D380042F480321A60D4E7FFF718FB0546574B78
:102D48001B6813F4003FA2D0FFF710FB401B642858
:102D5800F5D903205FE1514B5B6813F4803FA5D19F
:102D68004E4B1B6813F0020F03D02369012B40F070
:102D78004F814A4A136823F0F803616943EAC103A3
:102D88001360236813F0080F33D0A369002B5CD0BD
:102D9800434B0122C3F88024FFF7E8FA05463F4B6E
:102DA8005B6A13F0020F21D1FFF7E0FA401B0228FB
:102DB800F5D903202FE1394A136823F0F803616934
:102DC80043EAC1031360DCE7354B00221A60FFF7C2
:102DD800CDFA0546314B1B6813F0020FD1D0FFF72F
:102DE800C5FA401B0228F5D9032014E10120FFF79A
:102DF80001FF236813F0040F00F09680274BDB696E
:102E080013F0805F34D1254BDA6942F08052DA61E1
:102E1800DB6903F080530193019B0125214B1B685B
:102E280013F4807F26D0E368012B3DD0002B53D1CB
:102E380003F1804303F504331A6A22F001021A628F
:102E48001A6A22F004021A6233E0154B0022C3F812
:102E58008024FFF78BFA0546104B5B6A13F0020FCC
:102E6800C7D0FFF783FA401B0228F5D90320D2E028
:102E78000025D3E70B4A136843F480731360FFF708
:102E880075FA0646074B1B6813F4807FCBD1FFF712
:102E98006DFA801B6428F5D90320BCE000100240BD
:102EA80000004242007000405F4A136A43F0010389
:102EB8001362E36833B3FFF759FA06465A4B1B6AA5
:102EC80013F0020F2FD1FFF751FA801B41F288331C
:102ED8009842F3D903209EE0052B09D0524B1A6A79
:102EE80022F001021A621A6A22F004021A62E0E76A
:102EF8004D4B1A6A42F004021A621A6A42F0010241
:102F08001A62D6E7FFF732FA0646474B1B6A13F0F8
:102F1800020F08D0FFF72AFA801B41F28833984243
:102F2800F3D9032077E0E5B9E369002B72D03E4A74
:102F3800526802F00C02082A56D0022B17D03B4BDD
:102F480000221A66FFF712FA0446374B1B6813F083
:102F5800007F47D0FFF70AFA001B0228F5D90320A3
:102F680059E0314AD36923F08053D361DCE72F4B12
:102F780000221A66FFF7FAF905462B4B1B6813F077
:102F8800007F06D0FFF7F2F9401B0228F5D903208D
:102F980041E0236AB3F5803F1AD023494B6823F4F4
:102FA8007413226A606A024313434B601F4B012269
:102FB8001A66FFF7DBF904461B4B1B6813F0007F0A
:102FC8000ED1FFF7D3F9001B0228F5D9032022E020
:102FD800154A536823F40033A1680B435360DCE7B8
:102FE800002018E0002016E0012B16D00E4B5B687D
:102FF80003F48031226A914211D103F47013626A9A
:1030080093420ED1002006E001207047012002E023
:10301800012000E0002002B070BD0120FBE7012084
:10302800F9E70120F7E700BF001002400000424224
:1030380086B0174B0FCB0DF1180C0CE90F0040F2BE
:103048000123ADF80430134B5B6803F00C02082A27
:1030580002D0114806B07047C3F3834218326A445D
:1030680012F8100C13F4803F0DD00A4B5B68C3F3C1
:10307800404318336B4413F8143C074A02FB00F032
:10308800B0FBF3F0E6E7054B03FB00F0E2E700BF17
:103098000CE300080010024000127A0000093D000D
:1030A800002800F0A08070B50D460446524B1B68FE
:1030B80003F007038B420BD24F4A136823F0070330
:1030C8000B431360136803F007038B4240F08D80B5
:1030D800236813F0020F17D013F0040F04D0474AE7
:1030E800536843F4E0635360236813F0080F04D077
:1030F800424A536843F460535360404A536823F08C
:10310800F003A1680B435360236813F0010F31D01B
:103118006368012B20D0022B25D0384A126812F0A0
:10312800020F64D035494A6822F0030213434B600A
:10313800FFF71CF90646314B5B6803F00C03626825
:10314800B3EB820F16D0FFF711F9801B41F28833D9
:103158009842F0D9032045E0284A126812F4003F4B
:10316800E0D101203EE0254A126812F0007FD9D153
:10317800012037E0204B1B6803F00703AB420AD954
:103188001D4A136823F007032B431360136803F0E9
:103198000703AB422DD1236813F0040F06D0174A5A
:1031A800536823F4E063E1680B435360236813F02A
:1031B800080F07D0114A536823F46053216943EA82
:1031C800C1035360FFF734FF0C4B5B68C3F3031371
:1031D8000B4AD35CD8400B4B18600B4B1868FFF7B1
:1031E80081F8002070BD012070470120FAE7012016
:1031F800F8E70120F6E700BF002002400010024077
:10320800F4E200080000002008000020014B1868C4
:10321800704700BF0000002008B5FFF7F7FF044B18
:103228005B68C3F30223034AD35CD84008BD00BFE0
:103238000010024004E3000808B5FFF7E7FF044B5D
:103248005B68C3F3C223034AD35CD84008BD00BF00
:103258000010024004E3000830B4036A23F00103BD
:103268000362036A4268846924F073040D682C437E
:1032780023F0020C8B6843EA0C03104DA84203D0DC
:1032880005F50065A84205D123F00803CD682B4356
:1032980023F00403094DA84203D005F50065A842B0
:1032A80005D122F440724D692A438D692A43426050
:1032B80084614A684263036230BC7047002C014055
:1032C80030B4036A23F480730362036A4268C469F2
:1032D80024F0730C0C6844EA0C0523F400738C6822
:1032E80043EA0423114CA04203D004F50064A04231
:1032F80006D123F40063CC6843EA042323F48063F3
:103308000A4CA04203D004F50064A04207D122F47D
:1033180040524C6942EA04128C6942EA0412426043
:10332800C5614A68C263036230BC7047002C014023
:1033380030B4036A23F480530362036A4468C269A1
:1033480022F4E6420D6842EA052223F400538D6810
:1033580043EA0533094DA84203D005F50065A842A4
:1033680004D124F480444D6944EA85144460C26160
:103378004A680264036230BC704700BF002C0140F9
:1033880010B4036A046A24F001040462846924F016
:10339800F00C4CEA021223F00A030B438261036229
:1033A80010BC704710B4046A24F0100404628469E5
:1033B800036A24F4704C4CEA023223F0A00343EA77
:1033C80001138261036210BC7047836823F07003A5
:1033D8000B4343F007038360704770470368244A30
:1033E800904212D002F5006290420ED0B0F1804FA8
:1033F8000BD0A2F59832904207D002F58062904235
:1034080003D002F58062904203D123F070034A682A
:103418001343174A904212D002F5006290420ED030
:10342800B0F1804F0BD0A2F59832904207D002F548
:103438008062904203D002F58062904203D123F467
:103448004073CA68134323F080034A691343036037
:103458008B68C3620B688362054B984203D003F5FF
:103468000063984201D10B690363012343617047EC
:10347800002C014040B310B5044690F83D30F3B13C
:10348800022384F83D30214651F8040BFFF7A6FFCC
:10349800012384F8463084F83E3084F83F3084F8BD
:1034A800403084F8413084F8423084F8433084F85E
:1034B800443084F8453084F83D30002010BD80F851
:1034C8003C30FEF7C7FBDBE70120704740B310B57F
:1034D800044690F83D30F3B1022384F83D3021468C
:1034E80051F8040BFFF77AFF012384F8463084F87B
:1034F8003E3084F83F3084F8403084F8413084F816
:10350800423084F8433084F8443084F8453084F8F5
:103518003D30002010BD80F83C30FFF75EFFDBE750
:1035280001207047002857D070B50D46044690F822
:103538003D30002B4BD0022384F83D30226893683D
:1035480023F4804323F007039360214651F8040BCA
:10355800FFF744FF21688A688B690E6A2868104360
:1035680023F4407C2CF0030CAA68AB6942EA0323DD
:1035780043EA0C0323F47C4323F0FC03EA69D5F8FF
:103588000CC04CEA022C4CEA030C2A6A13032A6981
:1035980043EA021343EA0C0326F022066A686D69BF
:1035A80042EA05123243886021688B6123681A62F7
:1035B800012384F8463084F83E3084F83F3084F89C
:1035C800423084F8433084F83D30002070BD80F8E4
:1035D8003C30FEF765FBAEE70120704730B4036A64
:1035E80023F010030362036A4468826922F4E64206
:1035F8000D6842EA052223F020038D6843EA05138B
:10360800114DA84203D005F50065A84206D123F064
:103618008003CD6843EA051323F040030A4DA8420E
:1036280003D005F50065A84207D124F440644D692C
:1036380044EA85048D6944EA8504446082614A68E5
:103648008263036230BC7047002C014038B590F8A3
:103658003C30012B60D004460D46012380F83C30F5
:103668000C2A1AD8DFE802F0071919191D191919B7
:103678003119191944000068FFF7EEFD22689369B3
:1036880043F0080393612268936923F0040393616C
:103698002268936929690B439361002084F83C00F0
:1036A80038BD0068FFF79AFF2268936943F4006306
:1036B80093612268936923F4806393612268936914
:1036C800296943EA01239361E7E70068FFF7F8FDFA
:1036D8002268D36943F00803D3612268D36923F0D1
:1036E8000403D3612268D36929690B43D361D4E702
:1036F8000068FFF71DFE2268D36943F40063D361B5
:103708002268D36923F48063D3612268D369296965
:1037180043EA0123D361C0E70220C1E710B48468FB
:1037280024F47F4C42EA03220A4342EA0C028260F4
:1037380010BC704790F83C30012B66D010B5044699
:10374800012380F83C30022380F83D3002689368FA
:1037580023F47F4323F0770393600B68602B40D0FA
:1037680022D8402B47D00BD9502B0ED1CA684968B4
:103778000068FFF705FE50212068FFF726FE04E0E9
:10378800202B0CD008D9302B09D0012384F83D30E8
:10379800002084F83C0010BD0BB1102BF5D1194660
:1037A8002068FFF712FEF0E7702B0ED0B3F5005F2C
:1037B800EBD1CB684A6889680068FFF7AFFF2268D9
:1037C800936843F480439360DFE7CB684A6889686D
:1037D8000068FFF7A3FF2268936843F077039360BC
:1037E800D3E7CA6849680068FFF7DCFD60212068F4
:1037F800FFF7EBFDC9E7CA6849680068FFF7C0FD35
:1038080040212068FFF7E1FDBFE70220704701F083
:103818001F01012303FA01FC036A23EA0C03036274
:10382800036A02FA01F10B430362704710B50446BC
:10383800084600293AD194F83E30DBB2013B18BF64
:103848000123002B66D1002849D1022384F83E3099
:10385800012201462068FFF7DAFF23682F4A9342C6
:1038680003D002F50062934203D15A6C42F400423D
:103878005A642368294A934241D002F50062934270
:103888003DD0B3F1804F3AD0A2F59832934236D06A
:1038980002F58062934232D002F5806293422ED0C4
:1038A8001A6842F001021A60002032E0042908D0A8
:1038B80008290DD094F84130DBB2013B18BF012331
:1038C800BFE794F83F30DBB2013B18BF0123B8E7EC
:1038D80094F84030DBB2013B18BF0123B1E704285C
:1038E80005D0082807D0022384F84130B0E7022326
:1038F80084F83F30ACE7022384F84030A8E79A68A0
:1039080002F00702062A07D01A6842F001021A607C
:10391800002010BD0120FCE70020FAE7002C014040
:1039280038B5044690F83E00C0B294F83F3094F899
:103938004220D2B294F843C00D46B1B9012849D10A
:10394800012A48D1022384F83E3084F842307DB3FE
:10395800042D39D0012200212068FFF758FF0122E9
:1039680004212068FFF753FF27E0DBB25FFA8CFCE5
:10397800042912D0012833D1012B2CD1012A31D1AD
:10398800BCF1010F30D1022384F83E3084F83F3077
:1039980084F8423084F84330D9E7012B1CD1BCF1BC
:1039A800010F1BD1022384F83F3084F84330CEE75F
:1039B800012200212068FFF72AFF2268136843F0DC
:1039C80001031360002006E0012204212068FFF7AC
:1039D8001EFFF2E7012038BD0120FCE71846FAE790
:1039E8000120F8E71846F6E71046F4E701F01F0152
:1039F800042303FA01FC036A23EA0C030362036A43
:103A080002FA01F10B4303627047000010B5044647
:103A18000846002933D194F84230DBB2013B18BF85
:103A28000123002B5FD1002842D1022384F84230C1
:103A3800042201462068FFF7D9FF2268536C43F43B
:103A48000043536423682A4A934241D002F5006236
:103A580093423DD0B3F1804F3AD0A2F598329342C9
:103A680036D002F58062934232D002F580629342EA
:103A78002ED01A6842F001021A60002032E00429B0
:103A880008D008290DD094F84530DBB2013B18BFA7
:103A98000123C6E794F84330DBB2013B18BF01238A
:103AA800BFE794F84430DBB2013B18BF0123B8E705
:103AB800042805D0082807D0022384F84530B7E742
:103AC800022384F84330B3E7022384F84430AFE795
:103AD8009A6802F00702062A07D01A6842F0010223
:103AE8001A60002010BD0120FCE70020FAE700BFA3
:103AF800002C014090F83C30012B34D010B4012345
:103B080080F83C30022380F83D3003685A689C688E
:103B180022F0700C0A6842EA0C025A600368134AE1
:103B2800934212D002F5006293420ED0B3F1804F57
:103B38000BD0A2F59832934207D002F580629342E7
:103B480003D002F58062934204D124F080044A68CD
:103B580014439C60012380F83D30002380F83C30FA
:103B6800184610BC70470220704700BF002C014067
:103B780090F83C30012B22D0012380F83C30CB68F0
:103B880023F440738A68134323F480634A68134319
:103B980023F400630A68134323F480530A69134328
:103BA80023F400534A69134323F48043CA69134337
:103BB80002685364002380F83C301846704702209E
:103BC80070470268D36823F49073D360026853691E
:103BD80023F001035361036B012B05D0202380F8E8
:103BE8003E300023036370470268D36823F0100354
:103BF800D360F3E790F83D30DBB2212B01D00220EF
:103C080070478368B3F5805F17D0036A5A1C026255
:103C18001A7803685A60C38C9BB2013B9BB2C38479
:103C28004BB90268D36823F08003D3600268D36875
:103C380043F04003D360002070470369002BE4D1B0
:103C4800036A1B880268C3F308035360036A0233DC
:103C58000362E0E710B504460268136923F4405391
:103C6800C1680B43136183680269134342691A43AD
:103C78000168CB6823F4B05323F00C031343CB60E3
:103C88000268536923F4407381690B4353610268E6
:103C9800134B9A4220D0FFF7BFFA024602EB82028A
:103CA80002EB820263689B00B2FBF3F20D48A0FBB3
:103CB80002314909642303FB11231B013233A0FBA2
:103CC80003235B0903F0F00202EB011203F00F0378
:103CD800216813448B6010BDFFF7AEFA0246DDE79A
:103CE800003801401F85EB512DE9F84305460F4682
:103CF80016469946DDF820802C68246837EA0403C4
:103D08000CBF4FF0010C4FF0000CB4451FD1B8F1B7
:103D1800FF3FF1D0B8F1000F05D0FEF727FBA0EB6D
:103D280009004045E8D92A68D36823F4D073D360E2
:103D38002A68536923F001035361202385F83D3035
:103D480085F83E30002385F83C30032000E0002051
:103D5800BDE8F88358B310B5044690F83D300BB36E
:103D6800242384F83D302268D36823F40053D360B9
:103D78002046FFF76FFF2268136923F4904313610D
:103D88002268536923F02A0353612268D36843F4F5
:103D98000053D36000202064202384F83D3084F849
:103DA8003E3010BD80F83C30FEF7E2F9D8E701203C
:103DB80070472DE9F04182B01E4690F83D30DBB2E5
:103DC800202B54D104460D469046002953D0002A92
:103DD80053D090F83C30012B51D0012380F83C306F
:103DE80000230364212380F83D30FEF7BFFA07461D
:103DF800A4F82480A4F82680A368B3F5805F05D0D2
:103E08004FF00008002384F83C3012E0236913B116
:103E18004FF00008F6E7A8460025F3E738F8023B1C
:103E28002268C3F308035360E28C92B2013A92B25B
:103E3800E284E38C9BB273B100963B46002280215A
:103E48002046FFF751FFE0B9002DE7D015F8012B08
:103E580023685A60E8E700963B4600224021204646
:103E6800FFF742FF78B9202384F83D3000E00220B4
:103E780002B0BDE8F0810120FAE70120F8E702204E
:103E8800F6E70320F4E70320F2E7704708B5016876
:103E9800CA6822F04002CA60202280F83D20FFF75D
:103EA800F4FF002008BD704708B5406A0023C385A9
:103EB800C384FFF7F8FF08BD704790F83E30DBB2C7
:103EC800222B60D18368B3F5805F46D0826AB3F550
:103ED800805F04D0002B4DD10369002B4AD10368C1
:103EE8005B681370836A01338362C38D9BB2013BA5
:103EF8009BB2C385002B48D100B583B00268D36854
:103F080023F02003D3600268D36823F48073D3605E
:103F18000268536923F001035361202380F83E307F
:103F2800036B012B2CD1002303630268D36823F0B1
:103F38001003D36003681A6812F0100F06D000222D
:103F480001921A6801925B680193019B818DFFF7CA
:103F5800B3FF002003B05DF804FB0269002AB5D165
:103F6800826A03685B68C3F308031380836A0233B9
:103F78008362BAE703685B6803F07F031370B1E7F5
:103F8800FDF700FCE5E702207047002070470000BD
:103F980030B583B0044602681368D068516913F0DD
:103FA8000F0505D113F0200F02D010F0200F19D102
:103FB8002DB111F0010119D110F4907F16D1216BA8
:103FC800012975D013F0800F03D010F0800F40F056
:103FD800D78013F0400F03D010F0400F40F0D4808A
:103FE80003B030BD2046FFF768FFF9E713F0010F73
:103FF80006D010F4807F03D0226C42F001022264C4
:1040080013F0040F04D019B1226C42F002022264AA
:1040180013F0020F04D019B1226C42F0040222649A
:1040280013F0080F07D010F0200F00D119B1226C3F
:1040380042F008022264226C002AD1D013F0200F2B
:1040480002D010F0200F21D123685B6903F04003F0
:10405800226C12F0080F00D123B32046FFF7B1FD00
:1040680023685A6912F0400F18D05A6922F04002AA
:104078005A61A36B73B1464A5A63A06BFEF76AFA9A
:104088000028ADD0A06B436B9847A9E72046FFF7FF
:1040980014FFD9E72046FFF706FFA1E72046FFF700
:1040A80002FF9DE72046FFF7FEFE0023236497E703
:1040B80013F0100F86D010F0100F83D00023019357
:1040C8001368019353680193019B536913F0400FE0
:1040D80032D0A16B0B685B689BB2002B80D0A08D9F
:1040E80098427FF67DAFE3858B69202B08D1A18D9F
:1040F800E38D9BB2C91A89B22046FFF7DDFE6FE750
:10410800D36823F48073D3602268536923F00103D2
:1041180053612268536923F040035361202384F8D4
:104128003E30002323632268D36823F01003D36052
:10413800A06BFEF7EDF9DAE7A18DE38D9BB2C91A02
:1041480089B2E38D9BB2002B3FF44AAF00293FF4BC
:1041580047AFD36823F49073D3602268536923F080
:1041680001035361202384F83E300023236322682F
:10417800D36823F01003D3602046FFF79DFE2FE796
:104188002046FFF737FD2BE72046FFF77FFE27E79E
:10419800B13E0008034681628285C285002018640A
:1041A800222283F83E2083F83C001968CA6842F44A
:1041B8008072CA6019684A6942F001024A611A6845
:1041C800D36843F02003D360704708B590F83E30B9
:1041D800DBB2202B0DD171B17AB190F83C30012BB4
:1041E8000DD0012380F83C3000230363FFF7D2FF92
:1041F80000E0022008BD0120FCE70120FAE70220C8
:10420800F8E70000014B1868704700BF0C00002059
:1042180070B50D4E0D4D761BB61006D0002455F81E
:10422800043B01349847A642F9D1094E094D0AF0DA
:1042380035F8761BB61006D0002455F8043B013437
:104248009847A642F9D170BD4CE900084CE900082E
:1042580054E900084CE90008830730B548D0541EDB
:10426800002A3FD00346CAB201E0013C3AD303F822
:10427800012B9D07F9D1032C2DD9CDB245EA05258F
:104288000F2C45EA054536D9A4F1100222F00F0C8F
:1042980003F1200EE6444FEA121C03F1100242E932
:1042A800045542E9025510327245F8D10CF1010269
:1042B80014F00C0F03EB021204F00F0C13D0ACF146
:1042C800040323F003030433134442F8045B9342CA
:1042D800FBD10CF003042CB1CAB21C4403F8012B27
:1042E8009C42FBD130BD64461346002CF4D1F9E75B
:1042F80003461446BFE71A46A446E0E70EB44FF457
:104308000172F0B59CB021AD55F8047BADF81420CE
:104318000290069000F066F8002604464FF6FF7CEF
:104328000A4B0B490A933A462B46086802A901959D
:104338000E961396ADF816C00394079400F090FA01
:104348001CB0BDE8F04003B0704700BF81430008CF
:104358000C00002010B50C46B1F90E1004F0AEFCAC
:10436800002803DB236D0344236510BDA38923F4D0
:104378008053A38110BD00BF002070472DE9F04194
:104388000C46B1F90C101F46CB05054616460BD452
:1043980021F48051A1813B4632462846B4F90E10DB
:1043A800BDE8F04101F0DCBDB4F90E100223002293
:1043B80003F0EEFAB4F90C10EAE700BF10B50C46AA
:1043C800B1F90E1003F0E4FAA389421C0EBF23F4DE
:1043D800805343F480532065A38110BDB1F90E10BA
:1043E80001F04EBE20F0030110F00300C0F1000000
:1043F80051F8043B00F1040C4FEACC0C6FF00002BA
:104408001CBF22FA0CF213434FF0010C4CEA0C2C9F
:104418004CEA0C4CA3EB0C0222EA030212EACC127F
:1044280004BF51F8043B0430F4D0C2F1000102EAA1
:104438000102B2FA82F2C2F11F0200EBD200704709
:104448002DE9F04F012B1D4681460F469046ADF2EF
:104458001C4D40F24781012300219C464FF0FF3458
:104468001A4606E019460122A3EB040C8B189D425C
:1044780010D908EB0400805C18F803608642F1D379
:1044880000F081804FF0010C62460C4661448B18A5
:104498009D42EED8CDF808C04FF0010C00204FF037
:1044A800FF366146634606E018460121A3EB060C79
:1044B80043189D420FD908EB010218F803E0925DFA
:1044C8009645F1D865D04FF0010C61460646604428
:1044D80043189D42EFD8013604F1010BB34502D8C9
:1044E800B346CDF808C005AB0DF2144243F8045F9B
:1044F8009342FBD1002D00F0FA806C1E06AE08F145
:10450800FF3208EB0400019612F8011FD3432B4435
:104518004344904246F82130F6D1029E5A4640461E
:1045280008EB060103F0F6FD002840F083800BF14C
:10453800FF3305938246AB1B0646039309EB060E31
:104548001EF80430019A52F8233043B3BAF1000F31
:1045580004D0029A9342039A38BF13464FF0000AD8
:104568001E447B1BB342E9D209EB070045F4006106
:1045780004F002FF07447B1BB342DFD200200DF298
:104588001C4DBDE8F08F94450ABF012201326144F9
:104598006CE761450ABF40180131012188E7D3451E
:1045A8005B4638BF5346A34214D2591E9A19414458
:1045B8004A4402E00133A3420CD212F8010B11F86D
:1045C80001CF8445F6D0CBF1010216444FF0000A22
:1045D8001E44C6E7D345059B7DD90BEB06024A442A
:1045E80008EB0B01CDF810B002E0534516D0034696
:1045F80012F8010D11F801CD03F1010B844503F107
:10460800FF30F2D05B46DDF810B00AF1010A9A4596
:104618000BD8029BDDF80CA01E44A2E753460AF112
:10462800010A9A45DDF810B0F3D970460DF21C4D19
:10463800BDE8F08FA5EB0B035B4538BF5B46002652
:104648000BF1FF3202920133CBF10102039245F4E0
:10465800006A049309EB060E1EF80430019A52F81A
:1046680023306BB11E447B1B9E42F3D909EB070034
:10467800514604F081FE07447B1B9E42EAD97DE740
:10468800A34513D202990BEB06025B464A44414408
:1046980002E00133A34209D212F8010B11F801CF4D
:1046A8008445F6D0039A16441E44DCE7BBF1000F9C
:1046B80013D00BEB0601494408EB0B0202E0013B67
:1046C80043450AD0134611F8010D12F801CD84456F
:1046D800F5D0049BC6E75B4697E770460DF21C4D84
:1046E800BDE8F08F01234FF0000B0293FBE606AB09
:1046F8004FF0FF34019310E72DE9F0410D4609789A
:10470800044690B0002953D06A78002A00F08380CC
:10471800AB78002B50D0E878002800F083802B7904
:10472800002B57D02846FFF75DFE0646204646F484
:10473800007104F021FE86425CD8FE2E00F28780CC
:10474800801B271840226846711CFFF785FD7EB143
:104758006A1E5FFA86FC901912F8013F03F03F03C6
:104768004033A91A6B446144824203F8401CF3D1D8
:10477800013CA35D03F03F0340336B4413F8400C46
:104788000444A74203D23AE04444A74237D314F87A
:1047980006C020460CF03F0C0CF140030DEB030C57
:1047A800324629461CF8408C03F0B4FC0028EBD1B3
:1047B800204610B0BDE8F081007842EA014200E0EE
:1047C8000C4640EA0343611CA0B19A426078F7D1D5
:1047D800013CEDE722786AB1296809BA01E09942FB
:1047E8001ED0204642EA032314F8012F002AF6D1EE
:1047F800994215D00024204610B0BDE8F081BB5D79
:10480800B819002BF6D04FF4006104F0B5FD074449
:10481800BC42ADD9EEE710B0BDE8F04104F012BDDE
:10482800C41EC5E7120442EA016242EA03230146B4
:10483800207800E02C4640EA0102651C110200289D
:10484800D8D0B3EB022F6078F4D1023CB0E7014630
:1048580033462A46204610B0BDE8F041FFF7F0BDC8
:104868002DE9F04FADF5317D02AF7B62B1F90C3027
:10487800814698048A4608D4496E43F4005321F4CB
:104888000051AAF80C30CAF86410134613F8012B2B
:10489800FB637A64002A01F0C0800023C7F83890CF
:1048A8009946FB617B63BB613B623B63814B13F8B9
:1048B800028018F0080840F08180252A61D1454619
:1048C8004446F86B0278A2F12503411C552B64D8A5
:1048D800DFE813F05600630063006300630084059B
:1048E80063006300630063006300D100D100D1005E
:1048F800D100D100D100D100D100D100D100630096
:10490800630063006300630063006300DC0063000E
:1049180009056005DC00DC00DC006300630063005F
:104928006300A604630063006A0563006300630014
:1049380074056300630063006300AF0463006300F1
:104948007A0563006300630063006300DC006300B2
:104958000B050E07DC00DC00DC001D052905A6049C
:104968006300110541054F050C073105630063001D
:104978003505A204390563006300AF046300A2048F
:10498800F963DAF80430002B47DDDAF80030FA6B07
:10499800197812F8012C914234D07B6B43B17B6BB0
:1049A800D3F80080B8F1000F02D0404603F07EF83B
:1049B800386B07F52F77BD46BDE8F08FDAF804208D
:1049C800BC6B0EE0DAF800303A491A7801338A5C99
:1049D80011070ED5DAF8042009F10109013ACAE9EC
:1049E8000032002AEEDC5146204605F08BFF0028F5
:1049F800E8D0FB6B13F8012BFB637A64002A7FF481
:104A080055AFCAE70133CAF80030DAF8043009F1C3
:104A18000109013BCAF80430EBE75146B86B05F0D1
:104A280071FF0028B1D03B6B1BB1BAF80C305A06A5
:104A3800B3D57B6B002B01F0C8807B6BDE88002E22
:104A480000F085870024A1467B6BD3F80080A8F18D
:104A5800040555F8043F0134186803F027F82B685B
:104A6800B442C3F80090F4D14FF0FF333B63B8F180
:104A7800000F9AD19CE715F08F0F8ED104EB8404B8
:104A880002EB4404303C427808461CE70426F963EC
:104A9800DAF80430002B40F3D9836B0640F1E08349
:104AA800731E032B01F2E380DFE813F00E025B01B3
:104AB800A700060051E30008B86B02F05DFF631E13
:104AC8000268B3F5AE7FBA6040F2BE856FF4AE728D
:104AD800A31840F25D143B60002607F5AC735146FD
:104AE8009B46C246B046C7E9036645F4F0657B615C
:104AF8007E6008680278A2F12B0CBCF14E0F50D8EA
:104B0800DFE81CF01E034F001E034F004F007E031A
:104B180075007500750075007500750075007500E5
:104B280075004F004F004F004F004F004F004F00DF
:104B380024037300730073007B030A034F004F00C4
:104B4800B0024F004F004F004F0064034F0049036D
:104B58004F004F004F0042034F004F004F003103FA
:104B680017034F004F004F004F004F004F004F00FA
:104B780024037300730073007B030A034F004F0084
:104B8800B0024F004F004F004F0064034F0049032D
:104B98004F004F004F0042034F004F004F003103BA
:104BA8001703BB6893F800C0944513D1AB0511D522
:104BB80025F420753E61013C0BF8012B4A6809F188
:104BC8000109013A002A4A6040F320840130086054
:104BD800002C8ED1BE62BB6A4646D0468A46002B60
:104BE80000F0518225F480754DE22B05F2D518EBC3
:104BF8000A0FEFD125F4C075DDE7631EB3F5AE7F6C
:104C080007F5AC734FF0000888BF6FF4AE721E460C
:104C18007B61534694BF4FF0000B04EB020BCA466E
:104C280088BF40F25D14C1469846C7F828B0D7F847
:104C380020B045F45865D8F800201078A0F12B036F
:104C48004D2B63D8DFE813F03403620034036200AD
:104C58006200D203020202020202020202020202FD
:104C680002023A033A0362006200620062006200D4
:104C7800620062004E004E004E004E004E004E0094
:104C8800620062006200620062006200620062000C
:104C980062006200620062006200620062006200FC
:104CA8006200420362006200620062006200620009
:104CB800620062004E004E004E004E004E004E0054
:104CC80062006200620062006200620062006200CC
:104CD80062006200620062006200620062006200BC
:104CE80062004203BBF10A0F10DD25F4386506F8AF
:104CF800010BD8F80430013B002BC8F8043040F30E
:104D080092830132C8F80020013C94D14346E9055A
:104D1800C846C7F820B0D1469A4607D57B699E4257
:104D280000F2BA857B699E423FF437AE15F0100257
:104D380040F08B833B6A7969B86BFC693270A04795
:104D4800AA0600F178832B0700F14E856C0740F125
:104D5800BA86D7F824B05BF8043B1880C7F824B0AB
:104D680070E3002C08BF4FF0FF3415F0010600F087
:104D78008D8315F010037B6140F09785290640F17B
:104D88002586D7F824B05BF8043BBB62002B3FF4C0
:104D980004AE802002F082FE804600283FF449AE2F
:104DA800BB6A7A6B1860D58893889D4280F0E3844B
:104DB8001068BB6AC7F824B040F825307B6B013512
:104DC800DD802023C7F80C803B61DAF80030A24A66
:104DD8001B78D35C13F008035AD19B4607F5AC76D1
:104DE80002F0C4FD58453FF41EAEDAE9003213F86C
:104DF800011B013ACAF80030BB6906F80B10032BF7
:104E0800CAF804200BF1010B07F1500502D12B68F9
:104E1800042B04D0082200212846FFF71DFA324649
:104E28005B464146B86B009503F0F4F8421CB86144
:104E38003FF4F9AD002840F09D85C8F8000002F065
:104E480087FD002840F0B186D944013C7B69002BDE
:104E580040F06786BB6A08F10408002B00F0618601
:104E6800FB68A8EB03053B69B3EBA50F40F2C286CC
:104E7800D7F814B0DAF80430002B40F35D86DAF87E
:104E88000030754A1B78D35C1D0701D4002CA7D1CC
:104E98007B69002B7FF4ADADC8F80030BB6A002BEE
:104EA80000F03681FB683A69A8EB03018B100133E7
:104EB8009A4240F22D81BC6A0431206803F014FF45
:104EC800002840F0C18023E1002C08BF4FF0FF34D8
:104ED800E80740F1428315F010033B6140F0EE848F
:104EE8002906D7F824B040F17B855BF8043BFB60CA
:104EF800002B3FF452AD802002F0D0FD054600287B
:104F08003FF497ADFB687A6B1860B2F80680938817
:104F1800984580F01C841068FB687A6B40F828304C
:104F280008F10103D3802023C7F824B0BD607B605B
:104F38000026A846C7F82890A146BC6907F5AC7BAF
:104F480002F014FDB0423FF46EADDAE9003213F816
:104F5800011B013A032C0BF80610CAF80420CAF802
:104F6800003006F1010607F1480502D12B68042B31
:104F780004D0082200212846FFF76EF95A46334626
:104F88004146B86B009503F045F8421C04463FF4CF
:104F98004AAD002840F0C383C8F80000B86107F1A3
:104FA80050030822002118467B61FFF755F9D7E91D
:104FB8000532DFF8A8C0B86BDCF8E0C007F14001A3
:104FC800E047012800F04684002207F158039B5C63
:104FD800002B00F09385BB6A032C3344BB6200F0BE
:104FE8003D8409F1FF393B695BB9FB6808F10408A6
:104FF8003BB1BB68A8EB03057B68B3EBA50F40F298
:105008003384DAF804300026002B40F39083B9F19A
:10501800000F95D14546D7F82890BC613B69002B15
:105028007FF4E7AC2B60FB68002B71D0BB687A6813
:10503800E91A8B1001339A426AD9FC680431206856
:1050480003F052FE002863D0206061E0044B25F491
:10505800386533F91BB04AE651E300083C040020E8
:105068002CE30008BAF1000F40F0FD81002E40F05B
:10507800E58205F4E06CBCF5E06F00F01585BE62D2
:105088004646D0468A46731E012B40F27E8508F1BB
:10509800FF33062B40F2DC82EA0513D56B0500F1DD
:1050A80099851BF8011C0BF1FF33652909F1FF34C1
:1050B80002D0452940F00F835246B86BA1469B4663
:1050C80005F0E0FB15F010027FF493AC05F4C06323
:1050D800B3F5806F8BF8002000F0D783FB68002BB6
:1050E80040F0938300227969B86B05F0F5F8024621
:1050F8000B46EE07C7E90A23D7F824B040F1D4825B
:105108000A4601465BF8043BC3E90012C7F824B01D
:105118003B6B01333B636CE42B0503D518EB0A0F9B
:105128003FF468ADBAF1020F7FF454AD4FF0030AB3
:1051380041E5BAF1070F7FF44DAD4FF0080A3AE5A3
:105148002B067FF547AD25F0800534E52B0503D503
:1051580018EB0A0F3FF44EADB8F1010F7FF43AADEA
:105168004FF0020827E505F4186CBCF5807F7FF442
:1051780031AD012E7FF42EAD302645F400650BF8D5
:10518800016B013C002616E5BAF1060F7FF422AD4B
:105198004FF0070A0FE52B057FF51CAD05F4A06C51
:1051A800BCF5806F05D06B057FF514AD002E3FF47C
:1051B80066AFAB0504D43B69C7F804B0F31AFB60CB
:1051C80025F47865002645F4C075F4E4B8F1000FBD
:1051D80040F041812EB905F4E06CBCF5E06F00F0B9
:1051E8005D84BAF1010F03D0BAF1040F7FF4F2AC79
:1051F8000AF1010A5FFA8AFADDE42B05CED5F6E456
:10520800EB057FF5F4AC3B6825F080050136002BF3
:1052180040F04582013CD1E42A077FF4BEAB32E47A
:105228002E077FF4BAAB427845F002050846FFF72F
:105238004ABBF96345F4007510233B628F4B032684
:10524800FB61DAF80430002B3FF727AC5146B86B06
:1052580005F058FB00287FF4E6AB6B063FF520AC61
:10526800DAF8002086491378CB5C18077FF518AC6C
:10527800D7F838B007E0CAF8002081491378CB5C2A
:1052880019077FF50DACDAF8043009F10109013B83
:10529800002BCAF8043002F10102ECDC51465846F2
:1052A80005F030FB00287FF4BEABDAF80020E4E715
:1052B8002B067FF52BAD25F0800518E5714B33F9EA
:1052C8001BB0BBF1080F3FF710AD1FE505F4C06335
:1052D800B3F5007F7FF41AAD25F400754FF0100B7D
:1052E80045F4A06503E545F001050026F96345F09E
:1052F8004005FFF7CDBB2A077FF44FAB42786C2AF5
:1053080000F01F83084645F00105FFF7DCBA2B07BC
:105318007FF443AB4278682A00F00D83084645F0D5
:105328000405FFF7D0BA00233B62574B0326F96305
:10533800FB61FFF7ADBBF96345F408757CE702260E
:10534800F963FFF7A5BB0A233B624C4B0326F963BD
:10535800FB61FFF79DBB15F08F037FF41EAB7A6BE3
:10536800002A00F01D83427845F080050846FFF7C3
:10537800AABAEB0600F1AC812E0740F14083D7F8BA
:1053880024B0F9635BF8043B83F80090C7F824B0B5
:10539800FFF72FBBF96345F001050A233B623A4B3F
:1053A8000326FB61FFF774BBF96345F00105082389
:1053B8003B62324B0326FB61FFF76ABB0226F963A7
:1053C80045F00105FFF764BB07F1580003F0CEFE76
:1053D800012645F04005F863FFF75ABB2C437FF4DC
:1053E800DCAA427810250846FFF76DBA2B057FF531
:1053F8007EACBBF1000F03D14FF0080B45F40075EC
:10540800690540F1418125F4B06570E4B86BB96273
:1054180005F078FAB96A00287FF4DCAB002C7FF439
:1054280068ABFFF7D7BB4146B86B05F06BFA0028AD
:105438003FF46AAC6AE4D7F824B05BF8043B186020
:10544800C7F824B03B6B01333B637B69F61AB04461
:10545800C144FFF7CEBAB8F1020F7FF4C2AE4FF0E5
:105468000308FFF7A8BBBAF1030F3FF4C1AEBAF1C6
:10547800050F3FF4BDAEFFF7ADBB00BFE1A60008C6
:1054880051E300082CE300080DA40008E80600F129
:10549800CF8215F0800500F06682D7F824B05BF85B
:1054A800048BB8F1000F3FF478AA202002F0F6FA36
:1054B800054600283FF4BDAA7A6BC8F80000D688D4
:1054C80093889E4280F016811068C7F824B04FF088
:1054D800200B7B6B40F826800136DE80DAF800303E
:1054E800B5491A788A5C100700F1F0812E46DAF87F
:1054F8000420013ACAF804205A1CCAF800201B7874
:1055080005F8013BAB1BB8F1000F02D05B4580F0FA
:105518004D82013C0BD0DAF80430002B40F3808236
:10552800DAF80030A4491A788A5C1107DFD5A91B7C
:105538008944013100232B70B8F1000F3FF4E8AD26
:105548008B457FF6E5ADD8F8000003F0CDFB0028C9
:105558003FF4DEADC8F80000DAE5E80600F1B881EE
:1055680015F08005D7F824B000F044825BF8045B9E
:10557800BD62002D3FF411AA202002F08FFA0646E2
:1055880000283FF456AA7A6B28609388D5889D42F4
:1055980080F014811068BB6AC7F824B040F8253041
:1055A8007B6B0135DD802025DAF8002007F1580BE8
:1055B80013781BF80330002B3FF4EFA9B046C7F867
:1055C8001490D946AB463546BE6A4146DAF804001F
:1055D8000138CAF80400501CCAF80000107801F815
:1055E800010BA1EB050816B1D84580F0D880884694
:1055F800013C0BD0DAF80410002940F31A81DAF8DC
:105608000020117819F801100029DED14646A84675
:105618005D46D7F81490B6EB08083FF4BEA90023FE
:105628003370BB6A23B108F101018D4200F2428256
:105638003B6BC14401333B63FFF7DBB9BE624646AF
:10564800D0468A46FFF7CEBA00233B60FFF744BA3C
:10565800B8F1020F40F2E182B8F1030F3FF41CAD3C
:10566800A8F10404E4B26FEA0408BE6BD8441BF83E
:10567800011D5246304605F005F9D845F7D109F124
:10568800FF33A3EB040907E5BB6A25F4607513B182
:10569800013BBB62013409F10109FFF72ABB3B68F2
:1056A800013B3B60FFF78ABAAC0700F1A580D7E958
:1056B8000A23FBF747FC5BF8044B002840F0BE8246
:1056C800D7E90A01FAF768FFC7F824B020601FE598
:1056D800F963FFF78EB95246B86B05F0D3F8A9F114
:1056E80002041BF8021CABF10203E5E4F9635EE671
:1056F800F96352E64FF6F67293423FF69EA97A6B2B
:1057080008339BB210689900BB6203F0EDFA0028D9
:105718003FF493A97A6BBB6A10609380D5E6831C2B
:1057280040F09C82DAF80430002B3FF709AC514670
:10573800B86B05F0E7F800283FF469AC4546D7F8A0
:105748002890BC61002E3FF469ACFFF76CB94FF6A6
:10575800F67293423FF671A908339EB27B6BB10093
:10576800186803F0C1FA00283FF467A97B6B9E8094
:105778001860FFF7D1BB4FF6F67293423FF65DA96A
:1057880008339EB27B6BB100186803F0ADFA0028AD
:105798003FF453A97B6B9E801860FFF70ABB4FEA62
:1057A8004B0B2846594603F09FFA054600283FF45C
:1057B80040A9804430601BE751E300084FF6F672B9
:1057C80093423FF63AA908331FFA83F87B6B4FEAF6
:1057D8008801186803F088FA00283FF42EA97B6B2B
:1057E800A3F804801860D6E6D7F824B05BF8043B29
:1057F8001870C7F824B025E65BF8043BD7E90A120D
:10580800C3E90012C7F824B082E47C680A23B86BA5
:10581800611C04F0F7FDA346FB68C21A07F2AB232C
:105828009B4528BF07F2AA2B5846C04903F0E8FC5D
:1058380058E45146B86B05F065F800283FF4DFAE30
:105848004646A84646455D46D7F814907FF4E3AE31
:10585800FFF7E9B897F84020FFF7B7BB2B68042B90
:105868007FF4BFABFFF7BFBBB868D9001E4603F093
:105878003BFAB86000283FF4DCA8FA68730000EB34
:10588800050810607B60FFF7BCBB3B69B96A8B42B7
:10589800A3EB0102C2D125E416F8011C5246B86BED
:1058A800013E04F0EFFFFFF73DBA002207F1440381
:1058B80098463A61FA60BA62FFF787BA002307F19F
:1058C8004405C7E902337B60FFF732BB012131E6AB
:1058D800DAF8003007F1580B1A781BF80220002A72
:1058E8003FF45BA80133CAF80030DAF80430012C21
:1058F80003F1FF33CAF804301AD0BD6B10E0DAF8B0
:1059080000301A7801331BF802208AB1CAF8003037
:10591800DAF804300136013BB442CAF8043007D043
:10592800002BECDC5146284604F0ECFF0028E6D0BA
:10593800B144FFF75EB8827845F008050230FEF7FB
:10594800C2BF827845F002050230FEF7BCBF4FF0B7
:10595800FF333B637B6BD3F80080B8F1000F7FF413
:1059680024A8FFF725B8AB467E6AD84656F8045BEC
:105978007E62B3E5BB6902333FF47CAAD8F8000025
:1059880001F0E6FF002840F01081BB69D944032BE1
:105998007FF45BAA2B68042B7FF457AAFFF756BA4B
:1059A80082B0CDE9023302AB7B63DCE44FEA4B0BF8
:1059B80030465946BB6203F097F9064600283FF483
:1059C80038A8BB6AC8F80000C518A2E57E6A7B69DA
:1059D80056F8048BC7E90333BB627E62FFF7F5B95B
:1059E8003B695BF8045BC7E90133FB60C7F824B087
:1059F800FFF79EBA5BF8046BC7E909B5D4E56C07F5
:105A080040F1A780D7F824B0F9635BF8043BA3F80A
:105A18000090C7F824B0FEF7ECBF3A63FEF7C8BFA2
:105A28005146B86B04F06EFF00283FF479AD7EE56F
:105A3800DAF800303E491A788A5C11073FF578AFEA
:105A48000133CAF80030DAF80430012C03F1FF33CF
:105A5800CAF8043000F0FA800126BD6B13E0DAF8CA
:105A6800003033491A7801338A5C12073FF560AF7A
:105A7800CAF80030DAF804300136013BB442CAF8FB
:105A880004303FF455AF002BE9DC5146284604F0BA
:105A980039FF0028E3D0B144FEF7ABBF4FF001084F
:105AA80025F4F065FFF787B84FF0010A25F4F06593
:105AB800FFF781B818681C4603F016F900283FF470
:105AC800B7AD2060B4E515F001027FF4B4ACA907C6
:105AD8007FF5B1AC174BF969B86B99423B6A7969A4
:105AE80000F0B88004F058FD0B46D7F824B05BF8F6
:105AF800041BC1E90003C7F824B0A3E44546D7F85E
:105B08002890BC61002E3FF489AABC6B013E524626
:105B180020461BF8061004F0B5FE002EF6D1FFF75C
:105B28007DBA4FF0000BFFF7A5B900BF24E30008CA
:105B380051E30008E1A600085146B86B04F0E2FE04
:105B480000283FF49CA9BBF1000F7EF46CAFFFF76F
:105B58009FB9E8070ED4AA070CD5D7F824B04FEAA6
:105B6800E9735BF8042BF963C2E90093C7F824B022
:105B7800FEF73FBFD7F824B0F9635BF8043BC3F8DE
:105B88000090C7F824B0FEF734BF7C69D7F8389086
:105B9800A3457EF602AF1BF8011D5246484604F0A5
:105BA80071FEA345F7D1FEF7F8BEBBF1000F3FF435
:105BB8006FA95C46BD6B013C52462846315D04F036
:105BC80061FE002CF7D1FFF763B94FF0FF333B6359
:105BD800FEF7EEBE7C69D7F83890A3457EF6DDAEB9
:105BE8001BF8011D5246484604F04CFEA345F7D168
:105BF800FEF7D3BEF868D90003F076F8F8600028FD
:105C08003EF417AF3B69B96A5B00D7F814B000EBF4
:105C1800050808603B61FFF72DB97B69D7F8389014
:105C28009B457EF6BAAE1BF8011D5246484604F065
:105C380029FE7B699B45F6D1FEF7AFBEB248C7F88F
:105C480024B003F0D9FA2060FFF762BA2646B144BF
:105C5800FEF7CFBE04F014FE0B4646E7D8F8003036
:105C6800BB6101337FF49BA9BA69FFF7AEB9012C78
:105C780038BF012415F0010300F0988015F01003D7
:105C88007B6140F0DA802A0640F1DE80D7F824B044
:105C98005BF8043BBB62002B3EF47FAE802001F032
:105CA800FDFE064600283EF4C4AEBB6A7A6B186057
:105CB800B2F8068093889845C0F0F6804FF6F672E1
:105CC80093423EF6BAAE08339DB27B6BA9001868C2
:105CD80003F00AF800283EF4B0AE7B6B9D80186094
:105CE800BB6AC7F824B040F828307B6B08F101087C
:105CF800A3F80680B3464FF02008002501F036FED1
:105D0800A8423EF490AEDAE9003213F8011B013ADA
:105D1800CAF8042007F5AC725155BA69CAF80030C0
:105D2800032A05F1010307F1500502D12A68042A64
:105D380006D0082200212846BB61FEF78DFABB6910
:105D48003146B86B009507F5AC723B6102F062F919
:105D5800431CB8613EF467AE3B69002840F0B4804C
:105D68007A6902B932609944013C7B6943B9BB6ADC
:105D78002BB1A6EB0B05B8EBA50F40F2D980043682
:105D8800DAF804300025002B40F3A780002CB5D1A9
:105D9800BB6A2BB1A6EB0B01B8EBA10F00F2D780C1
:105DA8007B69002B7EF425AEFFF7B2B9EE0654D41A
:105DB8002D066AD57E6A56F8045B002D3EF4EDADDB
:105DC800204601F06BFE804600283EF432AE7A6B26
:105DD8002860B2F806B093889B4573D34FF6F672E5
:105DE80093423EF62AAE7A6B08339BB2106899004C
:105DF800BB6202F079FF00283EF41FAE7A6BBB6AE3
:105E0800106093807B6B40F82B500BF1010BA3F8CB
:105E180006B0414623460122B86BCDF800A004F035
:105E28008FFD8046002864D084426FD83B6BC14404
:105E380001337E623B63FEF7DCBD4FF00008C346CA
:105E48004646C7F8288058E77B6A7A6953F8046B96
:105E580090469346BA627B624FE71D46DAF80430F3
:105E68009C4223DDDAF8002051461A44B86BCAF880
:105E780000201D44E41A04F045FD0028EED0002D52
:105E88003EF4D1ADA944FEF7B4BD7E6A234631681D
:105E98000122B86BCDF800A004F052FD804600281E
:105EA8003EF4C1AD0436C1E7106819E71B1BCAF8F8
:105EB8000430DAF8003025441C44CAF80040A944EC
:105EC800FEF797BD10689DE7BA69023226D1DAF865
:105ED80004201D46002A3FF711AF5146B86B04F065
:105EE80011FD00283FF452AF002D3FF451AFFEF7EB
:105EF8009ABD3B6B002B3EF4A0ADBAF80C305B06A4
:105F08007EF54DADFEF799BD1CE3000801462868F3
:105F180002F0EAFE002889D0286087E79944BB6927
:105F2800032B7FF421AF2B68042B7FF41DAF1CE7F4
:105F380058464FEAC80102F0D7FE834600283EF4CF
:105F480078ADBB6A461918604FEA480817E7BC6A7B
:105F5800206802F0C9FE00283FF422AF20601FE746
:105F680038B50C46114600228446074D20462A6063
:105F78001A466446FBF766FD431C00D038BD2B6803
:105F8800002BFBD0236038BDAC0D002038B5334B57
:105F980005461B680C460BB19A6B12B3B4F90C306A
:105FA80018079AB225D5216900292DD012F00100D1
:105FB80007D000256069A5604042A06139B1002082
:105FC80038BD950758BF6069A0600029F7D112064F
:105FD80058BF0846F4D543F040034FF0FF30A38183
:105FE80038BD184601F020F9B4F90C3018079AB2F8
:105FF800D9D4D1062AD5520714D4216943F008030D
:10600800A3819AB20029D1D102F42070B0F5007FA3
:10601800CCD02146284601F0D1FCB4F90C302169D6
:106028009AB2C3E7216B51B104F14002914204D006
:10603800284601F0F1F9B4F90C300022226300225D
:10604800216923F02403C4E90012D7E7092243F0A9
:1060580040032A604FF0FF30A38138BD0C000020B8
:10606800024B13B1024800F005B870470000000069
:1060780055730008002301461A46184607F0A0B9D0
:10608800002238B5064D044608462A60FBF7E8FCAE
:10609800431C00D038BD2B68002BFBD0236038BDD3
:1060A800AC0D00202DE9F04F03690C6985B0A342BF
:1060B800C0F28980013C01F11405A30000F1140825
:1060C800019355F8243058F8242001338A469A421F
:1060D80008EB84018146B2FBF3F605EB84070291D5
:1060E8003AD30021AE4640460A46A34603955EF8D9
:1060F800045B0468ABB206FB03132D0C190C06FBFA
:1061080005119BB2D21A1FFA84FC94448AB2C2EBDE
:10611800144202EB2C421FFA8CFC4CEA02437745EE
:1061280040F8043B4FEA11414FEA2242DFD2019B7B
:106138005C4658F80330039D73B9029B043B9845AD
:1061480004D307E0984504F1FF3403D253F8042937
:10615800002AF7D0C9F810405146484602F06CFBB7
:1061680000282CDB40460023013655F8041BD0F8E4
:1061780000C08AB29A1A1FFA8CFE0B0C7244C3EB49
:106188001C4303EB224392B242EA0342AF4240F877
:10619800042B4FEA2343E8D258F8242008EB840361
:1061A8006AB9043B984504D307E0984504F1FF34E5
:1061B80003D253F80429002AF7D0C9F81040304612
:1061C80005B0BDE8F08F002005B0BDE8F08F00BF36
:1061D8002DE9F04F90469946016C99B00446CDE9F7
:1061E8000489259D41B10123426C93408B604A602C
:1061F80002F072F800232364B9F1000AB4BF012346
:1062080000232B60764BBCBF2AF0004ACDF814A0BF
:1062180033EA0A0300F0AA80DDE904231046194690
:1062280000220023CDE90A01FAF75AFE074670B1A9
:106238000123249A1360269B002B00F0E68269480C
:106248001860431E0393039819B0BDE8F08F16AB8E
:10625800019317AB00932046DDE90A2302F03CFCCA
:106268005FEA1A56054640F09780DDE916763E4407
:1062780006F23240202840F3B783C0F140000AFA02
:1062880000FA06F2124028FA00F04AEA0000FAF78B
:1062980009F90123013E0F93A1F1F8710022524B35
:1062A800F9F7C2FF48A3D3E90023FAF7B1FB48A3E3
:1062B800D3E90023F9F7BAFF804630468946FAF752
:1062C80001F945A3D3E90023FAF7A2FB02460B46DE
:1062D80040464946F9F7AAFF80468946FAF748FE3C
:1062E80000228346002340464946FAF703FE002869
:1062F80040F07E82BBF1160F00F26D82DDE90A01E3
:106308003A4B03EBCB03D3E90023FAF7F3FD00285C
:1063180072D00023BE1B0E93731E0BF1FF3B069336
:1063280000F1608200230993BBF1000F6BDA099B2F
:10633800CDF81CB0A3EB0B030993CBF100030D932D
:10634800229B4FF0000B092B66D8052B40F34A839C
:106358000026043B2293229B023B032B00F26C860F
:10636800DFE813F061045E045504380442F20F7349
:10637800249ACAF3130A13605AEA08031AD1269B0F
:10638800002B00F068861A4B03930833269A03986B
:10639800136019B0BDE8F08FDDE90A12C2F31303E8
:1063A800084643F07F510F97A6F2FF36169F41F437
:1063B800401173E7269B002B40F0EF830D4B0393AE
:1063C80041E700BFAFF3008061436F63A787D23F07
:1063D800B3C8608B288AC63FFB799F501344D33FCC
:1063E8000000F07F65E400080000F83FB8E5000809
:1063F80058E4000854E40008BE1B731E069300F11D
:106408008A840E900990069B5B44CDE9063B0023E5
:106418000D93229B092B98D9002322934FF0FF3329
:106428000126089300230C9623930021089B61649E
:106438001293204601F02AFF0390002800F00486FA
:10644800039B2364089B0E2B00F21481002E00F09E
:1064580011810799002940F36084AF4B01F00F02C6
:1064680003EBC2030A46D3E900674FEA2118D105B6
:1064780040F11784DDE90A01A84B4FF0030AD3E97C
:106488000823FAF7EFFBCDE9100108F00F08B8F17F
:10649800000F13D0DFF8849218F0010F09D0D9E962
:1064A800002330463946FAF7B3FA06460F460AF192
:1064B800010A5FEA680809F10809EDD1DDE9100170
:1064C80032463B46FAF7CEFB804689460E9B43B1DF
:1064D800002240464946924BFAF70CFD002840F04E
:1064E80035855046F9F7EEFF42464B46FAF790FAE3
:1064F8008C4B0022F9F79AFEA1F15073CDE91001F7
:106508001193089B002B00F09780079B1493089B1E
:1065180013930C9B002B00F0A984139A7E4B002048
:1065280003EBC20353E902237F49FAF79BFBDDE93A
:106538001023F9F779FECDE9100149464046FAF7EC
:1065480017FD0746F9F7BEFF02460B464046494687
:10655800F9F76AFEDDE91023039E303706F8017B60
:1065680080468946FAF7C6FC002840F02E85CDF80B
:1065780054B00027DDE910AB1095139D13942AE061
:106588000137AF4280F22E85504659460022674BAC
:10659800FAF73EFA0022654B82468B46404649464A
:1065A800FAF736FA89468046FAF7E2FC0446F9F724
:1065B80089FF02460B4640464946F9F735FE303416
:1065C80052465B4606F8014B80468946FAF792FC2C
:1065D800002840F0F88442464B4600205049F9F71D
:1065E80023FE52465B46FAF785FC0028C8D0DDE951
:1065F8001343109D039A079302E0964200F0CD845E
:10660800B24616F8013D392BF7D00133DBB23370AF
:10661800079B01330793C8E15046F9F753FF4246F9
:106628004B46FAF7F5F93F4B0022F9F7FFFDA1F1C8
:106638005073CDE9100111934046494600223C4B66
:10664800F9F7F2FDDDE910894B46424606460F464A
:10665800FAF76EFC8146002840F0AF84DDE91001AE
:10666800024601F1004330463946FAF743FC002858
:1066780040F04883179B002BC0F28C80079A0E2AA3
:1066880000F38880244B03EBC203D3E900AB239BC0
:10669800002B1BDA089B002B18DC40F0318300220A
:1066A800234B50465946FAF7B3F902460B46DDE943
:1066B8000A01FAF729FCDDF820904E46002800F080
:1066C800CA82239BDDF80C80DF43CCE25246DDE929
:1066D8000A785B4638464146FAF7C4FAFAF748FCA6
:1066E80081460990F9F7EEFE52465B46FAF790F9B3
:1066F800039E0B46024641463846F9F795FD09F1D7
:10670800300306F8013B089B012B00F05F830694D9
:1067180001271C4604952AE0B8E5000890E5000822
:106728000000F03F00001C400000E03F0000244053
:106738000000144052465B4640464946FAF792FA32
:10674800FAF716FC0546F9F7BDFE52465B46FAF71E
:106758005FF901370B46024649464046F9F764FDA2
:1067680005F13003A74206F8013B00F02C83002214
:10677800AB4BFAF74DF90022002380468946FAF719
:10678800AFFB0028D6D0049D069C079BB246013378
:1067980007930AE10C9A002A3DD0229A012A40F375
:1067A8009F82089B03F1FF380D9B4345C0F270821E
:1067B800A3EB0808089B002BC0F24083069A1A44F2
:1067C8000692099A17461A4409920121204601F0B7
:1067D80085FE064623E00123BE1B0E93731E069317
:1067E8007FF5A0ADC6F101030993002306939BE54D
:1067F8005846F9F767FE42464B46FAF771FB002800
:106808007FF478AD0BF1FF3B74E5864B0393039857
:1068180019B0BDE8F08FDDF83480099F0C9E002F79
:106828000CDD069900290B4608DDB942A8BF3B4696
:10683800099AFF1AD21ACB1A099206930D9BE3B153
:106848000C9B002B00F06082B8F1000F10DD314680
:106858004246204601F01EFF06462A46314620469B
:1068680001F06AFE0346294620461D4601F034FD24
:106878000D9BB3EB080240F0DB820121204601F0BA
:106888002DFEBBF1000F814600F3B380229B012B44
:1068980040F388814FF0000A0120BBF1000F40F05F
:1068A800B480069A104410F01F0000F09280C0F1E6
:1068B8002003042B40F3D383099BC0F11C0003443D
:1068C8000244099307440692099B002B05DD2946DB
:1068D8001A46204601F03AFF0546069B002B05DDC7
:1068E80049461A46204601F031FF81460E9B002B8F
:1068F80040F03881089B002B40F31E810C9B002B35
:1069080040F09F80079B013307930127DDF80C8037
:10691800DDF820A007E0294600230A22204601F0DE
:10692800E5FC0546013749462846FFF7BBFB5745B6
:1069380000F1300308F8013BEDDB089A0027002A34
:10694800CCBF93464FF0010B039A9344294601228A
:106958002046049301F0FAFE4946054601F06CFF13
:10696800002840F3AB811BF8013C039A0BF1FF3B75
:1069780004E05A4500F0AD811BF8013D392B0BF1BD
:10698800010AF6D001338BF800304946204601F061
:10699800A3FC56B12FB1B74203D03946204601F0C7
:1069A8009BFC3146204601F097FC2946204601F021
:1069B80093FC0023079A8AF80030249B1A60269BD0
:1069C800002B3FF440AC0398C3F800A019B0BDE811
:1069D800F08F1C20099B074403440993069B03443A
:1069E800069371E70126B6E4C0F1200008FA00F02A
:1069F8004DE401465A46204601F04CFE229B814652
:106A0800012B40F3B6814FF0000AD9F8103009EB9A
:106A18008303186901F016FDC0F1200041E700BFAB
:106A28000000244064E40008314600230A2220467E
:106A380001F05CFC129B0646002B40F3E982CDE98D
:106A48000783002F00F31D81BAF1000F40F0D981B0
:106A5800B046049B089903F00102039B0A921F4663
:106A6800013B1944229B0891134309934946284640
:106A7800FFF718FB31468346284601F0DDFE424603
:106A880049468246204601F0F7FEC26801460BF1EE
:106A98003003002A43D104902846069301F0CCFE27
:106AA800024604992046049201F016FC049A069BBB
:106AB8001AB90999002900F09B82BAF1000FC0F2B7
:106AC800648122994AEA010A0A9951EA0A0100F006
:106AD8005C81002A00F3B681089A07F1010A9742FF
:106AE800D3463B7000F0B481294600230A22204691
:106AF80001F0FCFB4645054631464FF000034FF0D8
:106B08000A02204612D001F0F1FB41460646002356
:106B18000A22204601F0EAFB57468046A6E72046AF
:106B2800049301F0D9FB0122049BC6E701F0DEFBC8
:106B380057460646804699E7229B022B7ADC0C9B37
:106B4800002B7FF47EAF079B494601332846079305
:106B5800FFF7A8FADDF80CB000F1300300270BF8B6
:106B6800013BF3E64946284601F066FE0028BFF6D9
:106B7800C1AE294600230A22204601F0B7FB079B35
:106B8800054603F1FF380C9B002B7FF44DAF129B99
:106B9800002B40F334820893B7E6B04B03930333DA
:106BA800FFF7F4BBDDE9041200297FF473AEC2F3EA
:106BB8001303002B7FF46EAEA94B1340002B00F09B
:106BC8000082099B4FF0010A01330993069B0133A8
:106BD800069361E601230C93239B079A13441293AF
:106BE8000133012B1F46B8BF012708930021172F37
:106BF80061647FF71EAC012204235B0003F11400DB
:106C0800B842114602F10102F7D9616411E4012387
:106C18000C93239B002B4CDD1F4612930893E5E74A
:106C280000230C93D8E700230C93F2E7129BCDF8CE
:106C38001C800893089B002B7FF443AD494605222E
:106C4800204601F053FB81462846494601F0F4FDF1
:106C580000287FF736AD31230398079F804600F858
:106C6800013B013703904946204601F035FB7B1C68
:106C7800DDF80CA00793CDF80C80002E7FF491AEC0
:106C880093E631463A46204601F060FD0646DBE6CB
:106C98000D9BCDF83480A8EB03039B444FF000080C
:106CA80088E5DDE90A234FF0020ACDE91023FFF752
:106CB800EEBB012323930893FFF7B7BB03D1049BD3
:106CC800D8073FF550AEDA461BF8013D302BFAD015
:106CD8005BE6079B039A013307933123137054E64D
:106CE8000F9A002A00F0288103F23343069ADDF850
:106CF80034801A440692099A17461A44099264E5A0
:106D08004FF000094E46DCE4294620460D9A01F072
:106D1800C1FC0546B1E50E9064E500F01181DDE99E
:106D28000A01079A4F4B564206F00F0203EBC203C3
:106D3800D3E90023F9F76CFE36118046894600F046
:106D4800708100234FF0020A474FF20706D5D7E9B2
:106D58000023F9F75DFE01230AF1010A761007F115
:106D68000807F2D1002B3FF4B1AB80468946FFF704
:106D7800ADBB049B002B7FF446AEDDE90412C2F3E1
:106D88001303002B3FF418AF3DE6002A12DD294615
:106D980001222046049301F0D9FC4946054601F03A
:106DA8004BFD0028049B40F31781392B00F0FB8032
:106DB8000BF13103BA46079A374601324646079225
:106DC8000AF8013BE1E50995069C049D02460B463D
:106DD800F9F72CFA52465B4680468946FAF7A8F836
:106DE80060B952465B4640464946FAF779F80028AA
:106DF8003FF4CBAC099BD9077FF5C7AC039AFFF7E3
:106E0800FFBB2046716801F041FA0746002800F0F0
:106E18000C81336906F10C0102339A000C30F9F742
:106E280081FD39460122204601F090FC804610E69B
:106E38002946204601F02EFC05461EE5DDE908231B
:106E48009F1AC2E4392B00F0AE80BA460133B2E78C
:106E5800079A374601324646079277E554E4000818
:106E68000000F07FB8E5000890E50008DDF84CA0C8
:106E78008349DDE9102301EBCA0151E90201F9F761
:106E8800C7FDCDE9100149464046FAF771F80646B4
:106E9800F9F718FB0B46024649464046F9F7C4F98C
:106EA8005346039F3036012B8046894607F8016B0D
:106EB80000F0AC80139E039B1E440022714B404699
:106EC8004946F9F7A5FD89468046FAF751F8824602
:106ED800F9F7F8FA02460B4640464946F9F7A4F98D
:106EE8000AF1300A07F801ABB74280468946E4D177
:106EF800DDE910010022644BF9F798F942464B4648
:106F0800F9F7F8FF002862D1DDE9102300205E4977
:106F1800F9F78AF942464B46FAF70AF800283FF48F
:106F2800A9AB16F8013CB246302B06F1FF36F8D073
:106F3800149B0133079338E5169BC3F13603D5E656
:106F48004FF0020ADDE90A89FFF7C0BA089B002B57
:106F58003FF462AB129B002B7FF78CAB1393079B1C
:106F68000022013B404649461493464BF9F750FD31
:106F7800804689460AF10100F9F7A4FA42464B46D1
:106F8800F9F746FD414B0022F9F750F9A1F150738A
:106F9800CDE910011193FFF7BCBA079B01330793A2
:106FA8003123FFF734BB079BBB46013307933923D3
:106FB80037460BF8013B4646D7E44FF000094E46EA
:106FC80049E69A4668E4109D139CB246B0E7149BC4
:106FD800039A0793FFF714BB7FF4ECAEDA077FF54B
:106FE800E9AEE2E6DDF854B0109D139CFFF742BB12
:106FF800392BD8D0BAF1000F3FF7DAAEDAE6229B88
:10700800022B3FF713AECDF81C809CE53E466FE798
:10701800229B022B3FF70AAE129BCDF81C800893E7
:107028000FE54FF0020AFFF751BA024640F2EA2193
:10703800174B184806F00AFA0026204631466664BF
:1070480001F024F9039078B900224FF4D571104B60
:10705800104806F0FBF9104B0393FFF7F4B83FF420
:1070680033ACC0F13C00B5E4039B012223644FF02C
:10707800FF33239612930C920893FFF7FBBA00BFD5
:10708800B8E50008000024400000E03F00001C4074
:1070980068E400087CE4000858E40008B1F90C2012
:1070A800F8B50C461107074643D4636842F40062FA
:1070B800002BA2815BDDA56A002D56D000233E6817
:1070C8003B6093B212F4805255D101233846E169EE
:1070D800A847421C65D0A389A56A5B0705D56368E4
:1070E800C01A236B0BB1E36BC01A0246E169002397
:1070F8003846A847411C40D13B68002B3DD01D2B8A
:1071080001D0162B54D10022A38923F40063A38154
:107118002369C4E90032216B3E6031B304F14003B6
:10712800994202D0384600F077F9002318462363C5
:10713800F8BD2669CEB193B29A0718BF0023256817
:1071480008BF63692660AD1BA3600CE02B4632467E
:10715800D4F824C03846E169E047B0F1000CA5EB4B
:107168000C05664416DD002DF0DC0020F8BDE36B4D
:10717800002BA0DCF9E7206DAFE70022B4F90C3052
:10718800626023F400632269A381DB042260C2D514
:107198002065C0E7A3894FF0FF3043F04003A38187
:1071A800F8BD3B68002B96D01D2B06D0162B04D0BB
:1071B800A38943F04003A381F8BD00203E60F8BDD9
:1071C80038B505460C4608B1836BA3B1B4F90C0079
:1071D800B8B1636EDB0701D4810515D52846214671
:1071E800FFF75CFF636E0546DA0702D4A3899B05A7
:1071F8000ED5284638BD00F017F8B4F90C00002861
:10720800E7D10546284638BDA06D00F0BDFBE5E78F
:10721800A06D00F0BBFB284638BD00BF014900F057
:1072280073BB00BF0DD500082DE9F04782463948E9
:1072380000F0AAFBDAF83840002C66D104230322B8
:107248003549DAF80450CAF83C10DFF8D090DFF876
:10725800D080344F344E0AF53B71CAE9B921CAF8D7
:10726800E0422146EB600822C5E90044C5E9044430
:107278006C66AC60AC6105F15C00FCF7EDFFC5E93C
:107288000759C5E90987EE6205F1580000F078FB57
:10729800DAF80850254B2146EB600822C5E900447E
:1072A800C5E904446C66AC60AC6105F15C00FCF7B0
:1072B800D3FFC5E90759C5E90987EE6205F158000A
:1072C80000F05EFBDAF80C50194B2146EB600822FF
:1072D800C5E90044C5E904446C66AC60AC6105F1DD
:1072E8005C00FCF7B9FF05F15800C5E90759C5E985
:1072F8000A76C5F8248000F043FB01230548CAF844
:107308003830BDE8F04700F041BB0248BDE8F0471F
:1073180000F03CBB740D0020257200085D43000896
:1073280085430008C5430008E5430008090001003B
:1073380012000200014800F027BB00BF700D0020BA
:10734800014800F023BB00BF700D002038B5084B82
:10735800084D5B1B9C1007D0043B1D44013C55F8AD
:1073680004399847002CF9D1BDE8384006F09CBF95
:1073780058E9000854E90008F8B50C46234F0646BA
:1073880000F078FFBB685D68C4F57E6325F00305EF
:107398000F332B4423F47F6323F00F03A3F58054AA
:1073A800B4F5805F07DB0021304601F0CDFEBB68F5
:1073B8002B44984204D0304600F062FF0020F8BD0C
:1073C8003046614201F0C0FE01300DD0104ABB6862
:1073D8002D1B45F001055D60136830461B1B1360CB
:1073E80000F04EFF0120F8BD0021304601F0ACFE50
:1073F800BA68831A0F2BDEDD43F001035360054B97
:1074080003491B68C01A0860D5E700BFA80500201B
:10741800780D0020B009002000295ED0F8B50C4690
:10742800064600F027FF54F8042C784FA4F108050D
:1074380022F001016818D7F808C04368844523F092
:10744800030300F08780D207436034D454F8082C33
:1074580007F10804AD1A1144AA68A24268D000EBEB
:10746800030CDCF804E0D5F80CC01EF0010FC2F8DC
:107478000CC0CCF8082000F0918041F001036B604B
:107488000160B1F5007F31D24A09CB080121914052
:107498007A6801331143796007EBC30257F8331058
:1074A800083AC5E9021247F83350CD603046BDE8C6
:1074B800F84000F0E5BEC2185268D2070ED419444D
:1074C80007F108048368A34270D0C268DA60936049
:1074D80041F001036B606950D3E7704741F0010345
:1074E800B1F5007F44F8043C0160CDD3B1F5206FBD
:1074F8004FEA512347D28B0903F1390003F13802CF
:10750800C300F818FB580838984258D05A6822F037
:1075180003028A4202D99B689842F7D1D868C5E924
:10752800023085603046DD60BDE8F84000F0A8BE56
:10753800C2185268D20763D40B44D0E90212CA6059
:10754800916043F001026A603046EB50BDE8F840B4
:1075580000F096BE0B44D10707D454F8082CAD1A96
:107568001344D5E90212CA60916043F001026A60CF
:10757800274ABD6012689A4298D8264B3046196847
:10758800FFF7FAFE92E7142B0AD9542B1FD80B0BDE
:1075980003F16F0003F16E02C300B2E7194491E7EB
:1075A80003F15C0003F15B02C300AAE741F00103A9
:1075B800C7E90455C5E902446B60695076E70121C3
:1075C800921001FA02F279680A437A60A7E7B3F5E4
:1075D800AA7F06D8CB0B03F1780003F17702C3002A
:1075E8008FE740F25452934206D88B0C03F17D008A
:1075F80003F17C02C30084E74FF47E737E2280E7A8
:1076080041F001036B60016050E700BFA80500204E
:10761800B4090020A80D00209368002B00F0B78063
:107628002DE9F04FB1F90C300C4619078046174682
:1076380083B098B225D523691BB310F002033D68C7
:107648002DD04FF0000B5E46DFF8B8A2002E00F0F8
:107658008B80564533465A4628BF53464046E16913
:10766800D4F824C0E047002840F38780BB688344EF
:107678001B1A361ABB60002BE8D1002003B0BDE806
:10768800F08F21464046FEF781FC002840F0368105
:10769800B4F90C303D6898B210F00203D1D110F063
:1076A800010976D14E46002E5AD08205D4F808B08A
:1076B80040F1B580B3455A4600F2CD8010F4906F82
:1076C80000F0CB8023682169A3EB010B636903EB0E
:1076D800430A0AEBDA7A0BF101034FEA6A0A3344E8
:1076E8005345524684BF9A465246430540F1EA80C4
:1076F8001146404600F0E2F9002800F0F9805A46A9
:1077080021690190F9F70EF9A289019B22F4906290
:1077180042F08002A28103EB0B0023613246AAEB00
:107728000B03B346C4F814A0A3602060B246002639
:107738004946019200F022FDA3682168019AA3EB53
:107748000B030A44A3602260B868D144A0EB0A0086
:10775800B860002891D0B4F90C0080B2002EA4D1F2
:10776800D5E9009608359EE7D5E900B608356DE7F6
:1077780021464046FFF724FD80B3B4F90C304FF0A2
:10778800FF3043F04003A38103B0BDE8F08F002031
:1077980070471E46AA46994618461D4656B3002805
:1077A80032D04A4620682169B24228BF3246884210
:1077B800636904D9A16803EB010B5A4574DC934251
:1077C80065DC2A464046E169D4F824C0E047B0F1B8
:1077D800000BD2DDB9EB0B09CAD00120BB685D44B0
:1077E800A3EB0B03A6EB0B06BB60002B3FF445AFE6
:1077F800002ED4D10AF1080353F8046C9A4653F8C2
:10780800085C0833002EF7D032460A21284600F0DB
:1078180039FC002869D00130A0EB0509C1E72068D0
:10782800236998421BD86369B34218D86FF0004C9B
:10783800B44528BFB4469CFBF3FC4A4603FB0CF353
:107848004046E169D4F824C0E047B0F1000A94DD6D
:10785800A6EB0A0678E7B3463246206866E7B345E2
:10786800DA4628BFB2464946524600F087FCA3686C
:107878002268A3EB0A035244A3602260002BE7D1DD
:1078880021464046FFF79CFC0028E1D075E72946D1
:107898009346019200F072FCA368019A9B1AA360B8
:1078A80023681A44226095E729465A4600F066FC88
:1078B800236821465B4440462360FFF781FC00288B
:1078C80088D05AE7404601F019FA034600287FF4A9
:1078D80022AF40462169FFF79FFD0C22B4F90C3016
:1078E800C8F8002023F0800349E7721C914659E745
:1078F8000C22B4F90C30C8F8002040E74FF0FF30F4
:10790800BCE600BF00FCFF7F2DE9F8434FF00009FB
:107918000746884600F53876D6E90154013D10D46B
:10792800A389013D012B08D9B4F90E30013304D0E5
:1079380021463846C04749EA00096B1C04F168042F
:10794800EED13668002EE7D14846BDE8F88300BF7F
:10795800002100F001B800BFFF289DBF024BC05CAA
:1079680000F008000020704751E30008014B93F82D
:10797800280170473C040020004870472C0500206F
:10798800704700BF704700BF704700BF704700BF17
:1079980038B50C46114600228446074D20462A6019
:1079A8001A466446FAF766F8431C00D038BD2B68BF
:1079B800002BFBD0236038BDAC0D00202DE9F04131
:1079C8008B890C46990796B008D5012204F1430328
:1079D800C4E90432236016B0BDE8F081B4F90E1092
:1079E8000646002927DB6A4605F08AFE002821DBC7
:1079F800019D4FF4806805F47045A5F50055B5FA6A
:107A080085F54FF400676D094146304600F056F899
:107A1800B4F90C30F0B1204A43F08003F263C4F8A3
:107A28001480A3812060206135BB3B43A38116B03D
:107A3800BDE8F081A38913F0800519D04FF0400804
:107A480030464146002500F039F82F46B4F90C308D
:107A58000028E0D19A05BED4012123F0030304F1E4
:107A6800430243F00203C4E90421A3812260B2E780
:107A78004FF480682F46C7E73046B4F90E1006F079
:107A880077FA10B9B4F90C30CFE7A38923F00303D0
:107A980043F001031BB2C8E725720008024B0146F8
:107AA800186800F00BB800BF0C000020024B01461C
:107AB8001868FFF7B1BC00BF0C0000202DE9F04F9B
:107AC80001F10B05162D064683B025D8102900F2C2
:107AD800B88000F0CFFB102518224FF0020CB54FEC
:107AE8003A445368A2F108018B4200F0B7805A6803
:107AF800D96822F003021A449C683046E1608C6021
:107B0800516803F1080441F00101516000F0B8FB2D
:107B1800204603B0BDE8F08F35F0070500F19180ED
:107B2800A94200F28E8000F0A5FBB5F5FC7FC0F0FD
:107B380094816B0A00F08C80042B00F26A81AB09F7
:107B480003F1390C03F138044FEACC00994F38445B
:107B580043680838984206D10CE0002980F2268153
:107B6800DB68984206D05A6822F00302511B0F299D
:107B7800F3DDA4463C69DFF840E274457AD06268D8
:107B880022F00302531B0F2B00F37681002BC7E969
:107B980004EE80F26781B2F5007F80F0198101213F
:107BA800D30852090B4491407A6857F833000A43C6
:107BB80007EBC3010839A060E1607A6047F83340F9
:107BC800C46001214FEAAC039940914259D811424F
:107BD80006D12CF0030C490011420CF1040CFAD028
:107BE80007EBCC0948466446D0F80C80404508D1DC
:107BF8001CE1002B80F22181D8F80C80404500F070
:107C08001581D8F8042022F00302531B0F2BF0DD56
:107C180008EB050145F00105C8F804503046D8E9DD
:107C28000264F460A66043F00104C7E904114C60E3
:107C3800C1E902EE48F8023000F022FB08F108041E
:107C480002E00C2300243360204603B0BDE8F08F27
:107C58004FF400704FF0400C3F2477E7D3689A4206
:107C680008BF0CF1020C7FF442AF3C69DFF848E131
:107C7800744584D101217A684FEAAC039940914256
:107C8800A5D9BC68636823F003094D4503D8A9EB5F
:107C980005030F2B7ADCDFF824B1494BDBF8002011
:107CA8001B6801322B4404EB090A00F02F8103F50D
:107CB80080530F3323F47F6828F00F08414630467D
:107CC80001F042FA411C024600F0EF80824500F2C2
:107CD800EA803C4B196841440846196000F0498124
:107CE800DBF80010019301311BBFA2EB0A0A5044D4
:107CF800CBF80020186012F0070B00F01181CBF1CF
:107D080008010A44CBF5805190440831A1EB0801E1
:107D1800C1F30B0A51463046009201F015FA421C95
:107D2800DDE9002300F04B81801A00EB0A0819688E
:107D380048F001005144BC42BA601960506000F03C
:107D48002481B9F10F0F40F222814FF0050E6068CF
:107D5800A9F10C0C2CF0070C00F0010040EA0C0013
:107D68006060BCF10F0F04EB0C00C0E901EE00F2FB
:107D78002E8114465068144B1A688A4238BF19601D
:107D8800124B1A688A4238BF196090E0621943F0B2
:107D9800010345F0010565603046BA600834536058
:107DA80000F06EFA204603B0BDE8F08FD9681A4497
:107DB800A2E600BFA8050020B0050020B0090020F9
:107DC800A80D0020780D0020A00D0020A40D002093
:107DD800B2F5206F4FEA52235FD3142B00F2B18023
:107DE80003F15C01C9005B33781879580838884278
:107DF80000F08F804B6823F00303934202D989680F
:107E08008842F7D1C8687A68C4E902108460CC60F7
:107E1800D7E6142B59D9542B00F29B802B0B03F176
:107E28006F0C03F16E044FEACC008FE60134A30710
:107E380000F108007FF4D8AE53E04446424453684A
:107E4800D8F80C1043F00103536054F8083F30464B
:107E5800D9608B6000F014FAF6E64FEAD50C05F10C
:107E680008023CE622445368304643F0010353605D
:107E780000F006FA0834E7E6611945F00105656087
:107E880043F00105C7E904113046C1E902EE4D602F
:107E9800A35000F0F5F90834D6E6930903F1390147
:107EA800C9003833A0E7BC425ED0BC68606820F0E7
:107EB80003084545A8EB050302D80F2B3FF766AF2B
:107EC800304600F0DDF90024BEE603F15C0C03F156
:107ED8005B044FEACC0039E659F808394B4540F0C5
:107EE80095801CF0030F0CF1FF3CF5D17B6823EA69
:107EF80001037B60490099423FF6C3AE11B9C0E661
:107F0800490004341942FBD0A44669E603F110087D
:107F1800D4E601229B109A407B681A437A6073E783
:107F280002EB08014942C1F30B0A51463046009260
:107F380001F00AF9431CDDE900237FF4F5AEDA46C7
:107F4800F5E6542B26D8130B03F16F01C9006E33E5
:107F58004AE7B3F5AA7F26D8EB0B03F1780C03F1B7
:107F680077044FEACC00F1E5294B186840441860C3
:107F7800B6E6CAF30B0CBCF1000F7FF4B1AEBC68D7
:107F8800C84448F001006060F5E61446F3E60123B2
:107F9800536095E7B3F5AA7F24D8D30B03F1780192
:107FA800C900773320E740F25452934224D8AB0CEF
:107FB80003F17D0C03F17C044FEACC00C6E5ABF17C
:107FC800080BD8444FF0000AA8EB0208AFE604F10A
:107FD800080130460093FFF71FFABC68009B6068F1
:107FE8001968C8E640F254518B420BD8930C03F140
:107FF8007D01C9007C33F7E64FF47E704FF07F0CAB
:108008007E24A3E54FF47E717E23EDE67B6871E75D
:10801800780D002070B582B00546069C42B10C4E22
:108028000094D6F8E460B047431C0BD002B070BD92
:10803800074B1146D3F8E460064A01230094B04781
:10804800431CF3D100228A2322602B6002B070BD4A
:108058003C0400201CE3000882B049B15AB16BB15E
:1080680013780B601278101E18BF012002B07047F9
:1080780001A9002AF3D1104602B070476FF0010041
:10808800F4E700BF5FFA81FC810710D00346511E58
:108098002AB90AE09A0718460AD0013905D31846C2
:1080A80013F8012B6245F5D170470020704711463F
:1080B80003290CD80029F8D00346014401E08B427B
:1080C800F3D0184613F8012B6245F8D1ECE70246C5
:1080D80010B54CEA0C2444EA044410460368043200
:1080E8006340A3F1013E2EEA030313F0803F04D15D
:1080F800043903291046F0D851B10346014401E080
:108108008B4205D0184613F8012B6245F8D110BDF3
:10811800002010BD032A10B516D940EA010C1CF046
:10812800030F04460B4622D119462046D1F800E039
:10813800D0F800C00433F44504F1040417D1043A1C
:10814800032A20461946EFD8541EA2B100F1FF3C7D
:10815800013901E0C3180CD01CF801EF11F8012F08
:10816800A4EB0C039645F5D0AEEB020010BD541EEF
:10817800ECE7184610BD104610BD00BF88420DD967
:108188008B1883420AD900EB020CBAB1624613F885
:1081980001CD994202F801CDF9D170470F2A0ED8C6
:1081A800034602F1FF3C4AB10CF1010C013B8C443F
:1081B80011F8012B614503F8012FF9D1704740EA06
:1081C80001039B074FD1A2F1100370B501F1200CF8
:1081D80023F00F0501F1100E00F11004AC441B0947
:1081E8005EF8105C0EF1100E44F8105C5EF81C5C32
:1081F800103444F81C5C5EF8185C44F8185C5EF8AF
:10820800145CE64544F8145CEAD1013312F00C0F13
:1082180001EB031102F00F0400EB031327D08E4685
:10822800043C24F003064FEA940C1E441C1F5EF81D
:10823800045B44F8045FB442F9D10CF1010402F084
:10824800030203EB840301EB840102F1FF3C4AB112
:108258000CF1010C013B8C4411F8012B614503F82A
:10826800012FF9D170BD034602F1FF3C9CE722467D
:10827800EBE700BF0148FFF787BB00BF6C0D00208C
:108288000148FFF783BB00BF6C0D002038B5C36CF5
:1082980005460C464BB153F8240080B1026843F8F8
:1082A80024200023C0E9033338BD2122042105F02E
:1082B800EDF80346E8640028EDD1002038BD01211F
:1082C800284601FA04F56A1D920005F0DFF8002837
:1082D800F3D0C0E90145E4E731B1C36C4A6853F80B
:1082E8002200086043F82210704700BF2DE9F041D2
:1082F8004FF0000E0E461C460D69074601F11400AA
:1083080001680EF1010E8BB202FB0343090C4FEA20
:10831800134C02FB01CC9BB203EB0C43754540F8B0
:10832800043B4FEA1C44EBDC3CB1B368AB4207DDCD
:1083380006EB850301355C6135613046BDE8F081A7
:10834800716838460131FFF7A1FF8046A8B132694C
:1083580006F10C01023292000C30F8F7E3FAFB6CDC
:10836800726853F82210316043F82260464606EBE3
:10837800850301355C613561DFE70246B521024BB3
:10838800024805F063F800BF68E400080CE500083F
:108398002DE9F8431E46DFF8A0C0174603F108028E
:1083A8008CFB023C092E4FEAE27305460C46C3EBF0
:1083B8006C0339DD4FF0010C00214FEA4C0C63458A
:1083C80001F10101F9DC2846FFF760FF014668B3B7
:1083D800089B092F43614FF00103036112DC092751
:1083E8000A34BE420BDDF61B264414F8013B0A2270
:1083F8002846303BFFF77AFFA6420146F5D10846EA
:10840800BDE8F88304F10909C8463C4418F8013B63
:108418000A222846303BFFF769FFA0450146F5D1FF
:10842800A7F108044C44DCE70021CCE70246CE2142
:10843800024B034805F00AF8398EE33868E400086F
:108448000CE50008020C12040346CAB91020834048
:1084580013F07F4F04BF1B02083013F0704F04BFA6
:108468001B01043013F0404F04BF9B000230002B67
:1084780005DB13F0804F00F1010008BF2020704792
:108488000020E5E70368024613F0070009D0D90782
:108498001FD498074BBF5B089B080120022013607C
:1084A800704799B209B91020C340D9B209B9083048
:1084B8001B0A190704BF1B090430990704BF9B084E
:1084C8000230D90703D45B0800F1010003D0136020
:1084D8007047002070472020704700BF38B5C36C34
:1084E80004460D464BB15868B0B102685A60002284
:1084F80001234561C0E9032338BD2122042104F08A
:10850800C5FF0346E0640028EDD100224FF4A071B6
:10851800074B084804F09AFF1C220121204604F06A
:10852800B5FF0028F1D001220223C0E90123DEE7CC
:1085380068E400080CE500082DE9F04F0E6915699C
:108548008846AE42144685B005DB2A4623463546A2
:108558000C4616469846A3686168AF19BB42B8BF77
:108568000131FFF793FE0190002800F08780019BFE
:1085780003F1140909EB870AD14505D24B460022BD
:1085880043F8042B9A45FBD808F1140808EB860B2E
:1085980004F11403D8451A4603EB85055FD22B1B5B
:1085A800153B23F0030304331534A54238BF0423D5
:1085B800CDE902A7AC461F46924605E0000C29D13A
:1085C800C34509F1040948D958F8040B85B2002DB0
:1085D800F4D056464C46002356F8040B216882B264
:1085E8001FFA81FE05FB02EE000C0A0C05FB0022B7
:1085F800734402EB13429BB243EA0243B44544F886
:10860800043B4FEA1243E7D849F8073058F8040CFE
:10861800000CD5D0D9F80030544619464D460022F2
:108628002688090C00FB06119BB20A4443EA024360
:1086380045F8043B54F8046B2968360C8BB200FBF0
:108648000633A44503EB12434FEA1342E8D8C34567
:1086580049F8073009F10409B6D8DDE902A7002F67
:1086680002DC05E0013F03D05AF8043D002BF9D0A5
:10867800019B18461F6105B0BDE8F08F024640F225
:108688005D11024B024804F0E1FE00BF68E40008F7
:108698000CE5000812F003032DE9F04114460746E3
:1086A8002ED10E46A4101CD0BD6C95B3E3074FF035
:1086B800000806D4641014D02868A8B10546E3075A
:1086C800F8D52A4631463846FFF736FFB6B1716805
:1086D800FB6C641053F82120326043F82160064691
:1086E800EAD13046BDE8F0812A4629463846FFF7E8
:1086F80023FF28600546C0F80080E0E70646D9E772
:108708000F4A013B52F823200023FFF7EFFD0646EE
:10871800C8E701213846FFF7B9FD054640B140F2E8
:1087280071230122C0E904230023B8640360BDE774
:1087380002464FF4A071034B034804F087FE00BFC4
:1087480080E6000868E400080CE500082DE9F04719
:108758000C462669A36806EB6216751C9D42904676
:10876800074649684FEA621904DD5B009D4201F142
:108778000101FADC3846FFF789FD002851D0B9F12C
:10878800000F00F114010FDD0B464FF0000C09F14A
:1087980005024FEA820E00EB820243F804CB9342B3
:1087A800FBD1AEF114031944226904F1140318F043
:1087B8001F0803EB820C2CD08E464FF0000AC8F13C
:1087C80020091A6802FA08F242EA0A024EF8042B53
:1087D80053F8042B9C4522FA09FAF2D8ACEB0403AF
:1087E800153B23F00303043304F11502944538BF05
:1087F8000423BAF1000F18BF2E4641F803A0FB6C02
:108808006268066153F82210216043F82240BDE8EF
:10881800F087043953F8042B9C4541F8042FF9D804
:10882800EDE7024640F2D911014B024804F00EFE72
:1088380068E400080CE5000884460B690069C01A62
:1088480015D10CF1140C14310CEB830210B401EBAC
:10885800830301E0944508D252F8044D53F8041DEF
:108868008C42F7D004D24FF0FF3010BC70477047ED
:10887800012010BC704700BF2DE9F84F0C6913693F
:108888008946E41A002C17467DD101F114061432EA
:1088980002EB830206EB830301E09E4276D253F893
:1088A800045D52F8041D8D42F7D067D3D9F804103F
:1088B800FFF7ECFC002873D0D9F81050C46000F121
:1088C800140426464FF0000A3B6909F1140807F121
:1088D800140E09F1100C08EB85020EEB83095CF805
:1088E80004BF5EF8041B1FFA8BF353441FFA81FA86
:1088F800090CA3EB0A03C1EB1B4101EB23419BB21B
:1089080043EA0143F14546F8043B4FEA214AE6D8D9
:10891800A9EB070115391537B94521F0030606F10A
:10892800040638BF042621F0030138BF0021B044F3
:10893800424526440C4418D93746444654F8041B8B
:108948008BB253444FEA234A0AEB11419BB243EAE4
:108958000143A24247F8043B4FEA214AEED8541E8D
:10896800A4EB080424F00304344423B954F8043D68
:10897800013D002BFAD00561BDE8F88F4B46012474
:10898800B9461F4692E7F9DB00248FE70021FFF77D
:108998007DFC60B101220023C0E90423BDE8F88F03
:1089A80002464FF41071054B054804F04FFD02468E
:1089B80040F23221014B024804F048FD68E4000807
:1089C8000CE500080F4B0B40A3F15073002B02DDA0
:1089D8000020194670475B42B3F1A07F4FEA23524B
:1089E80005DA4FF40023002043FA02F17047143AE5
:1089F8001E2AD6BF4FF00043012223FA02F20021BB
:108A0800104670470000F07F2DE9F041076900F13A
:108A1800140606EB87070C4657F8041CA7F1040850
:108A28000846FFF70FFDC0F120030A28236036DD52
:108A380046451ED2B0F10B0357F8082C26D0C3F1D7
:108A4800200C994022FA0CF00843A7F1080140F0E5
:108A58007F558E4245F440153AD202FA03F057F892
:108A68000C3C23FA0CF303431C4620462946BDE878
:108A7800F081B0F10B0308D001FA03F0002340F0B5
:108A88007F551C4645F44015EFE71A46144641F059
:108A98007F5545F4401520462946BDE8F081C0F1D0
:108AA8000B0321FA03F2464542F07F552CBF002202
:108AB80057F8082C45F4401538BFDA4000F1150383
:108AC80001FA03F343EA020420462946BDE8F0818F
:108AD80002FA03F31C46C8E770B5012182B01646B6
:108AE8001D46FFF7D3FB044600284CD02B46C5F3A0
:108AF8000A55C3F313030DB143F48013002E0193F9
:108B080022D068460096FFF7BDFC002837D0019BAD
:108B18000099C0F1200203FA02F20A43C34001930C
:108B28006261002B14BF02210121A3612161B5B14B
:108B3800069BA5F2334505441D60079BC0F135002F
:108B48001860204602B070BD01A8FFF79BFC012306
:108B5800019A1946626120302361002DE8D104EBA7
:108B68008102A0F232431069069A1360FFF76AFC8B
:108B7800C0EB41112046079B196002B070BDDDE9CA
:108B880000236261CDE7024640F20A31014B0248F8
:108B980004F05CFC68E400080CE500082DE9F043EB
:108BA80083B0884669468146FFF72EFF04460D4686
:108BB800404601A9FFF728FFD9F81030D8F810204F
:108BC8000F469A1ADDE90063F31A03EB4213002BF0
:108BD8000CDD05EB035906464D4632463B4620461A
:108BE8002946F8F73FF803B0BDE8F083C3EB033339
:108BF80001EB035106460F46EFE700BF01F1FF3CCA
:108C0800116902F114034FEA6C1C03EB81010CF1AA
:108C1800010C8B4200EB8C0C16D210B5A0F1040E9F
:108C280053F8044B99424EF8044FF9D88B1A153B68
:108C380023F0030304331844844504D9002340F87F
:108C4800043B8445FBD810BD844505D9002340F872
:108C5800043B8445FBD87047704700BF03694A113D
:108C6800934200F1140009DA00EB830302E053F8A1
:108C7800042DC2B98342FAD80020704710DD11F0E4
:108C88001F010DD010B450F8224000EB820324FAE3
:108C980001F202FA01F18C420BD0012010BC70479E
:108CA80000EB8203E6E70120704753F8042D002A01
:108CB800F3D18342F9D8002010BC704738B50C4670
:108CC800114600228446074D20462A601A4664460B
:108CD800F8F7A8FE431C00D038BD2B68002BFBD04A
:108CE800236038BDAC0D002003460A4602490868D7
:108CF800194600F003B800BF0C0000202DE9F84F1A
:108D08001646002900F0988006F10B0580460C46AF
:108D1800FFF7B0FA162D5DD810252A46AE425ED868
:108D280054F8041CA4F1080921F00307974262DAF9
:108D3800BC4B09EB0700D3F808C0844500F09780C6
:108D4800D0F804C02CF0010303445B68DB0768D447
:108D58002CF0030C07EB0C03934247DACB0710D433
:108D680054F8083CA9EB030ADAF8043023F00301AD
:108D78008C44BC44944580F211817B18934280F264
:108D8800E88031464046FEF799FE0646E0B154F8C1
:108D9800043CA0F1080223F001034B44934200F085
:108DA800D2803A1F242A00F2F580132A00F2AC8000
:108DB80003462246116819605168596092689A60A2
:108DC80021464046FEF728FB4046FFF759FA304651
:108DD800BDE8F88F25F00705002D2A469EDA0C23FA
:108DE8000026C8F800303046BDE8F88F1F46D0E9A5
:108DF8000223D3609A607B1B0F2B22D8D9F804304A
:108E080003F001033B43C9F804304F447B6843F047
:108E180001037B6026464046FFF732FA3046BDE83C
:108E2800F88FC907ADD454F8083CA9EB030ADAF85F
:108E3800041021F00301A0E71146BDE8F84FFEF742
:108E48003DBED9F8041043F0010301F001012943A4
:108E5800C9F8041009EB05014B604F447B68404694
:108E680043F0010308317B60FEF7D6FAD2E7DCF85D
:108E7800040020F0030B07EB0B0C05F110008445F0
:108E88004DDAC9073FF57DAF54F8081CA9EB010A74
:108E9800DAF8041021F003018B44BB4458453FF72E
:108EA8006CAF5646DAF80C1056F8080F3A1F242A09
:108EB800C160886000F2DB80132A40F2D680216806
:108EC8001B2ACAF808106168CAF80C1000F2E08082
:108ED80008340AF110022168116061685160A168C4
:108EE8009160ABEB05020AEB050142F001029960C3
:108EF8004A60DAF80430404603F001031D43CAF81B
:108F08000450FFF7BDF96EE723681B2A0360636806
:108F1800436068D804F1080200F108034AE709EB46
:108F28000502ACEB050C9A604CF00103536054F851
:108F3800043C404603F001031D4344F8045CFFF77A
:108F48009FF926464FE750F8043C23F003031F44DB
:108F580051E75646DAF80C1056F8080F3A1F242A3B
:108F6800C16088604CD8132A48D921681B2ACAF8DE
:108F780008106168CAF80C1056D808340AF11002B3
:108F88001F462368D146136063685360A36834465C
:108F9800936030E72146FFF7F1F811E75646D0E92C
:108FA8000213CB60996056F8081FDAF80C303A1FA4
:108FB800242ACB6099602DD8132A29D923681B2A23
:108FC800CAF808306368CAF80C3042D808340AF185
:108FD8001003226867461A606268D1465A60A26820
:108FE80034469A6007E7A368242A8360E368C3606D
:108FF80026D004F1100200F11003DBE63246BFE789
:10900800214630461F46D146FFF7B8F83446F2E607
:109018003346DEE7214630466746D146FFF7AEF8CD
:109028003446E8E6A8050020A168242ACAF81010EA
:10903800E168CAF8141020D010340AF118029FE72A
:10904800236904F1180203616369436100F118039D
:10905800B0E6A368242ACAF81030E368CAF81430C6
:1090680022D010340AF11803B3E7324633E7214619
:109078003046FFF783F8174B33E722691834CAF8EC
:10908800182054F8042CCAF81C200AF1200277E7AB
:10909800A168242ACAF81010E168CAF814100ED082
:1090A80010340AF1180216E723691834CAF8183080
:1090B80054F8043CCAF81C300AF1200389E72269F5
:1090C8001834CAF8182054F8042CCAF81C200AF1DD
:1090D800200200E7A8050020F8B50027DFF85CC0EB
:1090E80021F00043634504460D46176023DC84469F
:1090F80053EA0C0C1FD0DFF848C0164601EA0C0CE6
:109108000A46BCF1000F09D100220E4BF7F780FC8C
:109118006FF0350704460A4621F0004322F0FF426B
:109128001B1522F4E002A3F2FE333B4442F07F55C4
:10913800336045F4001520462946F8BDFFFFEF7F50
:109148000000F07F00005043002238B5064D044669
:1091580008462A60F8F790FC431C00D038BD2B68FD
:10916800002BFBD0236038BDAC0D0020F0B50D7886
:1091780004465E2D21D00022964601F1010C631EA3
:1091880004F1FF0103F8012F8B42FBD195B1E643AF
:109198008EF0010262550CF1010E1EF8013C70467A
:1091A8002D2B10D05D2B04D013B11D46F446F1E7EA
:1091B8006046F0BD0CF1FF30F0BD01224D789646B7
:1091C80001F1020CDBE79CF801005D28EDD0854237
:1091D800EBDC6F1C0CF1020CE31903F8012BF118FE
:1091E8008842FADC431B013B8542A8BF00230EF1ED
:1091F800020EDD19D1E700BF004870470000C07FAC
:109208000EB430B504466FF000459CB00B4A1FAB56
:109218000B49059253F8042B086802A9CDE90134DB
:1092280007950495069401F0E5FB0022029B1A704D
:109238001CB0BDE8304003B0704700BF0802FFFF14
:109248000C00002011F0FF01034644D0820732D100
:1092580010B5046841EA012E4EEA0E4E8EEA040269
:10926800A2F1013323EA0203A4F1013222EA040243
:10927800134313F0803F0FD150F8044F84EA0E0CCB
:10928800A4F10133ACF1013223EA040322EA0C020F
:10929800134313F0803FEFD0037823B936E010F87A
:1092A800013F002B32D09942F9D110BD8A4211D02A
:1092B8009A071846CCD0184613F8012B002AF5D186
:1092C800104670479907184607D0184602780133A8
:1092D800002AF7D170478207F7D10268A2F101335B
:1092E80023EA020313F0803F08D150F8042FA2F1BB
:1092F800013323EA020313F0803FF6D00378002BF2
:10930800E8D010F8013F002BFBD17047184610BD7C
:1093180030B540EA0104A30722D1032A20D90B461D
:109328008446194653F8045BA5F1013424EA050480
:1093380014F0803F15D1043A032A19464CF8045B0F
:10934800EFD801F1FF3E52B163461EF8011F541ECB
:1093580003F8011B41B122469C46002AF4D130BDD6
:10936800844601F1FF3EEEE76244002CF7D003F893
:10937800011B9342FBD130BD71B1034600EB010CD8
:1093880001E0634506D01A46117801330029F8D167
:10939800101A7047181A70470846704700000000F6
:1093A8002DE9F04F002582469748A1B0006888460D
:1093B80007921C4608901C95FBF714F80021834679
:1093C80000204246CDE90401CDF86C80174612F81A
:1093D800013B2D2B2FD8DFE813F0A0002E002E0024
:1093E8002E002E002E002E002E002E00AD00AD0007
:1093F800AD00AD00AD002E002E002E002E002E0078
:109408002E002E002E002E002E002E002E002E00E4
:109418002E002E002E002E002E00AD002E002E0055
:109428002E002E002E002E002E002E002E002E00C4
:1094380002042E00F80300220992302B7CD000226F
:109448000B922F2B1C4640F229854FF00009384615
:109458004E464D4612E00130082D1B90C8BF09EB5F
:1094680089090478C6BF03EB4903A3F13009A2F1C7
:1094780030062F2C234605F101056EDD06EB86022A
:10948800392C03EB4202E6DD5A46089904F088FDC0
:10949800002835D11B9B1A465B441B9312F80B40DE
:1094A800002D40F0A885302C40F06085C3F1010202
:1094B800981801331B931C78302CF9D0A4F1310390
:1094C800082B00F23583A4F1300E1B9C00230125E4
:1094D800274600F1010B0A93002006EB86060EEBE7
:1094E8004606631C1B936478A4F13001092900F235
:1094F800E9828E460130002940F0AF841B9CF0E7DA
:109508000020652C834684460A9501D0452C30D12D
:10951800002D7ED10B9B03437AD14FF0000B079BA4
:10952800D94613B1079BC3F800805846494621B075
:10953800BDE8F08F1B9249E77B7803F0DF03582BD7
:1095480000F06D8401371B973B78302BFAD0002B45
:1095580000F0CE8001220B9273E75A46089904F076
:109568001FFD002800F0D7800A954FF0000B5846E1
:10957800DC4600230C93002D00F096800A9A3046B2
:109588001346002A08BF2B460A93F6F78BFF0246BC
:109598000B46DDF830C0102D2C46ACEB0B0CA8BFE9
:1095A8001024092DCDE90423CDF82CC014DD174B68
:1095B80003EBC40353E91223F7F72AFA0246484695
:1095C80090468946F6F76EFF02460B4640464946E6
:1095D800F6F72CFECDE904010F2D00F3A5800B9BB7
:1095E800002B00F00F840B9B40F38A83162B40F36B
:1095F800F4840B9AC5F12503934280F207850B9BEF
:109608002C1B1C4496E000BF38E90008B8E50008A8
:109618000025DDF86C8008F101031B9398F80140E0
:109628002B2C00F082822D2C00F01B824FF0000EB4
:10963800A4F13003092B00F20F82302C05D11B9BBB
:1096480001331B931C78302CFAD0A4F13103082B7A
:109658008FD81B9AA4F13001531C1B93547808929D
:109668002F2C09DC00F029BC1C4601331B936478BD
:10967800A2F130012F2C05DD01EB8102392C04EB1E
:109688004202F1DD089A9B1A082B40F3168444F62F
:109698001F630C93BEF1000F3FF46DAF0C9B5B4250
:1096A8000C93002D7FF46AAF0B9B034320D1BCF1D0
:1096B800000F7FF432AF692C00F01B8400F339836C
:1096C800492C00F016844E2C7FF427AFAA491BA81A
:1096D80004F05EFB00283FF420AF1B9B1B78282B6F
:1096E80000F07385A54804F055FC8346894602E0DE
:1096F8004FF0000BD946079A0AB11B9B1360099BD0
:10970800002B3FF412AF09F10043994658464946E9
:1097180021B0BDE8F08F1B9B0A9503EB0B021B924F
:1097280013F80B408346DFE60B9B2C1B1C44002CD4
:1097380040F3048314F00F000AD0DDE904239049B4
:1097480001EBC001D1E90001F7F762F9CDE90401A5
:1097580034F00F0340F08682002308932B463946E5
:1097680050460A9A0096FEF713FE1390002800F060
:109778004E830C9BABEB03010B9B002BB4BF0A463B
:1097880000220E9200229346904623EAE373129336
:10979800139C50466168FEF779FD0746002800F0E3
:1097A8004081226904F10C01023292000C30F7F773
:1097B800B9F8DDE904010C4611911EA901911DA912
:1097C80002460A90234650460091FFF785F91C90FF
:1097D800002800F0168101215046FEF77FFE8046E2
:1097E800002800F01E811D9B002BC0F20D810E9AEF
:1097F800129D9E18089A1E9C9B1A2344614A013B9D
:109808009342C4F1360480F2AE80D21A1F2A4FF078
:109818000109A4EB020400F31981002309FA02F9F3
:109828000C93089B25443444A6421D443346A8BFE4
:109838002346AB42A8BF2B46002B02DDE41AED1AE3
:10984800F61A0E9B002B00F3BC80002C00F3D0808E
:109858000B9B002B00F3DC80002D00F3ED80002E25
:1098680008DD414632465046FEF770FF8046002824
:1098780000F0D7803A4650461C99FEF7FDFF834614
:10988800002800F0CE800026C3684146C6600F93CA
:10989800FEF7D2FFB042C0F2678400F0CE834146A3
:1098A8005846FFF77BF900224FF0804304460D46E7
:1098B800F7F72AFB00286DD00F9B002B00F0DD8006
:1098C80000223546059B304C10932F4BCDE90C23D5
:1098D8002E4E109A2E4B02EA0609994500F0F880A0
:1098E800089B93B1B9F1D46F0FD821A3D3E9002312
:1098F80028462146F7F708FB002840F084810D9B95
:1099080003F1D663A3EB09030D93119E0A98314620
:10991800DDE90C23CDE90423FFF754F802460B4692
:10992800DDE90401F7F774F833460A9AF6F77EFC86
:109938000E46CDE90401089B23B9144B33409945E1
:1099480000F0FF8050461C99FEF7C6FC3946504689
:10995800FEF7C2FC41465046FEF7BEFC594650464B
:10996800FEF7BAFC14E700234FF001090C9358E7FF
:109978000000C0FFFFFFDF4198E600081CE3000875
:10998800B8E5000802FCFFFF0000F03F0000F07F90
:109998000000E07F204629460022AB4BF7F738F855
:1099A8000F9B024605460C46002B62D101F100438D
:1099B80014901593059B1093DDE91423CDE90C232E
:1099C80086E741461A465046FEF764FE804640B395
:1099D80001461C9A5046FEF7AFFD10B30F901C9934
:1099E8005046FEF779FC0F9B002C1C937FF730AF95
:1099F800224650461C99FEF7A9FE1C9000287FF4C9
:109A080027AF5E460B970FE0129A0E9ED51AF1E625
:109A180039465046129AFEF73DFE074600287FF465
:109A28001BAF5E460B971C9822234FF0000BDFF804
:109A38001C92CAF80030B3E039462A465046FEF771
:109A480085FE074600287FF40AAFEAE7804AD31A62
:109A580009FA03F30C93E4E60023CDF86C800C9329
:109A680089E54FF0010E08F102031B9398F80240B4
:109A7800DEE50B46CDE914239CE7DDE90412002955
:109A880040F0B080C2F313031092002B40F0B08076
:109A98000022204629466F4BF7F72CFA002840F0A1
:109AA800AE8220462946684B0022F6F7B1FF0546EC
:109AB8000C4601F1004318901993DDE91823CDE90C
:109AC8000C2305E7652C4FF0010C3FF4A2AD1DE512
:109AD800A2F154730593DDE90423DDE90C01CDE916
:109AE800040110461946CDE90C23FEF76BFF024628
:109AF8000B46DDE90401F6F78BFFDDE90C23F6F7E9
:109B080095FB554A0B46CDE904013140914276D97F
:109B1800119A524B9A4202D10A9B013381D04FF0DD
:109B2800FF334E4ACDE904320CE74FF0000E9AE7B6
:109B3800652C00F0F780452C00F0F4804FF0010C04
:109B4800B2E528462146F7F773FAF6F7F7FC0B4615
:109B5800024621462846F6F767FB0F9C049DC6F38C
:109B6800130644EA050C5CEA060304460D4600F0B9
:109B7800BE8031A3D3E90023F7F7BCF948B930A375
:109B8800D3E9002320462946F7F7D2F900283FF405
:109B9800D9AEDDE904345E46A1469B461C980B9776
:109BA80001465046FEF798FB50460B99FEF794FB8A
:109BB80041465046FEF790FB50461399FEF78CFB42
:109BC80031465046FEF788FB95E5012309937A1C38
:109BD8001B927B78002B3FF4A0AC17462DE40023A2
:109BE8000993F4E7DDE90412012900F06E8110926F
:109BF80000221B4B0025CDE90C23164C68E603F127
:109C08005476059697E621462846F7F7D9F90128AC
:109C180038BF0120F6F746FC0F9B024605460C4666
:109C2800002B40F0628101F1004316901793DDE9A3
:109C38001623CDE90C2362E69535A094FFFFDF3F9C
:109C480035E5AF350000E03F0000E03F0000F07F61
:109C5800E2FBFFFF0000F03FFFFF9F7CFFFFEF7F6D
:109C68000000F0BFB3F59A7F00F3D180102B4FEAC4
:109C7800231440F3C082DDE904010023AC4A99466D
:109C88009046089214F0010F09F101094FEA6404A3
:109C980004D0D8E90023F6F7BBFE0123012C08F114
:109CA8000808EFD10BB1CDE90401089B03EBC90902
:109CB800059BD9E90001A3F154730593DDE9042359
:109CC800F6F7A6FE9B4B9C4A0B409342CDE9040154
:109CD80000F29D80A2F58012934240F222824FF05A
:109CE800FF339649CDE904310023089336E58EA366
:109CF800D3E90023F7F7FEF800283FF423AE48E73E
:109D08001633FFF611ADDDE904010C9BABEB030A3A
:109D18008B4B03EBCA03D3E90023F6F7A3FF834673
:109D28008946E8E400234FF0010C9B460A93FFF7AD
:109D3800F1BB6E2C3FF4CAACFFF7EFBB3FF40CADA0
:109D4800644214F00F020AD0DDE904017C4B03EBF6
:109D5800C203D3E90023F6F785FFCDE904012411F6
:109D68003FF4FAAC1F2C35DCDDE9040114F01003D4
:109D780018BF6A2308930023DFF8C881E20704D5D7
:109D8800D8E90023F6F744FE0123641008F1080817
:109D9800F4D10BB1CDE90401089B93B1DDE90401CD
:109DA800C1F30A52C2F16B03002B0ADD1F2B40F3EB
:109DB8004C820020342B049040F352824FF05C73A5
:109DC80005930022DDE904010023F7F789F800284C
:109DD8003FF4C4AC22234FF0000BCAF80030D94638
:109DE80089E41E9B04931D9B03F233421F9B23F4BB
:109DF800801343EA02530593200742BF059B43F0B3
:109E080000430593DDE904349B46A14673E422230D
:109E18004FF0000BDFF81C91CAF800306BE4099B87
:109E2800029401931CAB00935046474A1DAB1BA9F3
:109E380003F0CCFC10F0070504463FF459AC062D9E
:109E480040F097804FF0000B079BD9460137002B55
:109E58003FF46BAB1F60FFF768BB6B1C01281A4609
:109E68001B9C834415D0284400F1FF3C03E04600C6
:109E78009C450DD001332A46082A1D4606EB86006C
:109E8800F5D9102BDCBF09EB89094FEA4909EFE73F
:109E98000232082D5EDC1546FFF71EBB5A463846CF
:109EA800089904F07DF8002800F08D8000231D46F5
:109EB80099461E460A93FFF758BB44F61F6399421A
:109EC800A8BF19460C91FFF7E5BBDDE904341094EF
:109ED800002C7FF48DAE5E460B9722234FF0000BCB
:109EE8001C98D946CAF800305AE60B46CDE9162325
:109EF8009DE616491BA803F04BFF00283FF40DAB65
:109F08001B9B1349013B1BA81B9303F041FF10B98E
:109F18001B9B01331B934FF0000BDFF81890FFF7E2
:109F2800EABB00BFAFF300809535A094FFFFCF3F99
:109F380090E500080000F07F0000A07CFFFFEF7FA5
:109F4800B8E50008C8E600089CE600088CE60008AA
:109F580090E60008102AD8BF09EB890915464FF08A
:109F68000000D8BF01EB4909FFF7BBBA0020FFF793
:109F7800A5BA1C9A3AB135211EA8FEF73FFE5046F5
:109F88001C99FEF7A9F9013D042D3FF635AF01A351
:109F980053F825F0EB9D0008C59F0008BF9F0008F7
:109FA800B19F0008EB9D00084FF0FF336FF00045AC
:109FB800CDE9043520E7AF4B05931DE71E9B0493BD
:109FC8001F9B059318E71B9B06461A465B441B9389
:109FD800814612F80B40FFF766BA0B98A649DDE9EF
:109FE800042301EBC001D1E90001F6F711FD834616
:109FF8008946FFF780BB83460A95FFF775BA0022AA
:10A008009E4B0F9DCDE918239D4C56E59A4CC5F102
:10A018000F0504EBC501DDE90423D1E90001F6F7DA
:10A02800F7FC0B9B5D1B04EBC504D4E90023F6F792
:10A03800EFFC83468946FFF75EBB0F9B5E46CC4626
:10A048000B97DDF828B00C9FDDF84490002B6FD0FB
:10A05800DDE904458B4BC5F3130199422A463CD0F0
:10A06800002F00F0AB80DDE904231F421C4621D0FD
:10A078000F9B58464946002B00F0C280FEF7A2FC11
:10A08800089D02460B467DB1C4F30A54C4F16B0423
:10A09800002C09DD240504F17F53002203F5401349
:10A0A800F6F7B6FC02460B4658464946F6F7BEF8A0
:10A0B80083468946089B73B158464946724B00222D
:10A0C800F6F7A6FC03460B4308BF222383468946BE
:10A0D80008BFCAF800301C9862E5089B0499002B59
:10A0E80000F0BB80634B2B40B3F1D46F00F2B58016
:10A0F8004FF0FF301B0DC3F16B0300FA03F39942D5
:10A10800AED1624B9A4200F0E0805A4B134003F5FF
:10A118008013059300230493DDE904349B46A1468C
:10A12800C8E701F15473059300230893FFF716BBA2
:10A13800DDE90412C2F313030B43144690D1089BC4
:10A14800002B40F0B7804B4B2340A3F580136FEAF8
:10A1580013536FEA035305934FF0FF330493DDE97C
:10A1680004349B46A146A5E70F9BDDE904120B4387
:10A1780058465E46DDF84490DDF828B00B9799D133
:10A18800C2F313031446002B94D122F000431B0D95
:10A198001B05B3F1D66F8DD9436913B90369012B38
:10A1A80088DD314601225046FEF7D0FA4146064680
:10A1B800FEF742FB00287FF77DAFC0E7DDE90434F6
:10A1C8001CEA030F3FF476AF52E731491BA81EAAD9
:10A1D80003F0F8FD05287FF485AA1F9B43F0FF4391
:10A1E80043F4E00305931E9B0493DDE904349B4686
:10A1F800A146FFF780BA274B4FF00009089354E5B2
:10A20800FEF7E0FB089D02460B46002D44D0C4F340
:10A218000A54C4F16B04002C09DD240504F17F53B2
:10A228000F9A03F54013F6F7F3FB02460B46584620
:10A238004946F5F7F9FF0022002383468946F6F7D9
:10A248004FFE00283FF438AF47E64FF0FF3202FADE
:10A2580003F3049A1A400492B3E54FF0FF334EE734
:10A268004FF0FF33C2F14B0203FA02F202EA010394
:10A278000593A6E50000F07FB8E500080000E0BF00
:10A288000000E03FFFFF0F0000005039FFFFEF7FA5
:10A29800B0E6000890E5000858464946F5F7C4FFBF
:10A2A8000022002383468946F6F71AFE00283FF469
:10A2B80012AF12E6074B2340B3F1D66F3FF745AF15
:10A2C800B3F15C7F3FF7F8AE07E601317FF41DAFCD
:10A2D800FFF7A9BB0000F07F014BFFF761B800BF93
:10A2E8003C0400202DE9F04F81468E46444D7046CF
:10A2F8001EF801CB15F80C4014F00804F7D1BCF196
:10A308002D0FE34653D06FF00048BCF12B0F04BF6C
:10A318009EF800B000F1020E1BB1102B4FD01F4663
:10A3280004E0BBF1300F55D00A231F460025B8FBC7
:10A33800F7F6284607FB168A07E0864215D329D088
:10A34800012507FB00C01EF801BBABF1300CBCF1C6
:10A35800090F06D9ABF1410CBCF1190F08D8ABF1C4
:10A36800370C63450DDD002DE7DA4FF0FF35EAE7DE
:10A37800ABF1610CBCF1190F03D8ABF1570C634575
:10A38800F1DC002D0BDB04B140420AB195BB116032
:10A39800BDE8F08FE245D3DA4FF0FF35D3E722234B
:10A3A800C9F800301AB340460EF1FF31EFE79EF8C6
:10A3B80000B04FF00048012400F1020EACE7BBF1F9
:10A3C800300FACD19EF8000000F0DF00582807D00D
:10A3D8001F46ABE79EF8003003F0DF03582B0BD184
:10A3E80010279EF801B03B460EF1020E9EE740464C
:10A3F800BDE8F08F8046D6E708231F4696E700BFE2
:10A4080051E30008012B03D0242B01D8FFF76ABFC2
:10A4180010B5F9F7F7FE16230360002010BD00BF42
:10A428002DE9F04F8A461F460D4685B0DFF864C116
:10A43800039000922B4615F8014B1CF8046016F0A7
:10A448000806F7D12D2C78D02B2C0CBF029602963B
:10A458006FF0004B4FF0FF3604BF2C789D1C2FB1D6
:10A46800102F71D0B8464FEAE77905E0302C76D046
:10A478004FF00A08B946474642464B4630465946C9
:10A48800F6F7BEFD00238E4684460192184619460B
:10A49800724611E08A4208BF84453ED000FB09F3AA
:10A4A80008FB0131A0FB0803194401231EEB00003F
:10A4B80041EBEE7115F8014BA4F1300EBEF1090F16
:10A4C80006D9A4F1410EBEF1190F0CD8A4F1370E2C
:10A4D800774511DD5C1CEDD0844572EB0103D9D2C0
:10A4E8004FF0FF33E6E7A4F1610EBEF1190F03D870
:10A4F800A4F1570E7745EDDC5A1C14D0029A12B11C
:10A50800404261EB4101009A22B1002B39D1009BF6
:10A51800C3F800A005B0BDE8F08F019B7345BDDA14
:10A528004FF0FF33C6E72223039A1360009B1BB347
:10A538003046594605F1FF3AE9E72C789D1C01237E
:10A548004FF0004B02938AE7302C04D12B7803F0AC
:10A55800DF03582B08D0B8464FF000098CE72B785A
:10A5680003F0DF03582B0FD14FF010086C784FF031
:10A578000009474602357FE73046594605B0BDE831
:10A58800F08F06468B46D3E74FF00808B946474692
:10A5980072E700BF51E30008FFF742BF2DE9F0471B
:10A5A80007460E464A4D304616F801CB15F80C40C2
:10A5B80014F00804F7D1BCF12D0FE64658D0BCF1D1
:10A5C8002B0F04BF96F800E0861C5BB1102B54D00B
:10A5D8004FF0FF38B8FBF3F803FB08FA99466FEA27
:10A5E8000A0A08E0BEF1300F5AD00A234FF0050AD4
:10A5F8009946DFF8E0800025284607E0404515D851
:10A6080029D0012509FB00C016F801EBAEF1300C8A
:10A61800BCF1090F06D9AEF1410CBCF1190F08D8ED
:10A62800AEF1370C63450DDD002DE7DA4FF0FF354D
:10A63800EAE7AEF1610CBCF1190F03D8AEF1570C83
:10A648006345F1DC002D0BDB04B140420AB16DB962
:10A658001160BDE8F087D445D3DD4FF0FF35D3E76F
:10A6680022234FF0FF303B60002AF2D0711EEFE743
:10A6780096F800E00124861CA7E7BEF1300F21D12F
:10A68800307800F0DF00582816D14FF0100996F8FE
:10A6980001E04FF00F0A6FF070484B460236AAE708
:10A6A800337803F0DF03582BEFD008234FF0070A65
:10A6B8006FF0604899469EE799466FF070484FF0F2
:10A6C8000F0A98E74FF00F0A6FF07048994692E723
:10A6D80051E3000899999919FFF760BF2DE9F04FE8
:10A6E8008A461E460D4685B0634F039001922A465E
:10A6F80015F8014B3B5D13F00803F8D12D2C7DD0E4
:10A708002B2C03BF2C780293951C0293C6B1102EF4
:10A7180079D04FEAE67B32465B46B1464FF0FF30D0
:10A728004FF0FF31F6F76CFC32465B4680460F4629
:10A738004FF0FF304FF0FF31F6F762FC94460AE025
:10A74800302C75D04FF00A09B3464FF0050C4FF086
:10A7580099384E46494F00221046114614E080456C
:10A7680077EB01021ED3B94208BF404535D000FB44
:10A778000BF209FB0121A0FB090211440122181860
:10A7880041EBE37115F8014BA4F13003092B05D90E
:10A79800A4F14103192B08D8A4F137039E420CDD1C
:10A7A800002ADCDA4FF0FF32ECE7A4F16103192B41
:10A7B80003D8A4F157039E42F2DC002A12DB029B65
:10A7C80013B1404261EB4101019B1BB19AB9019B56
:10A7D800C3F800A005B0BDE8F08F6345C7DD4FF0B2
:10A7E800FF32CFE722234FF0FF30039A0146136070
:10A7F800019B002BEED005F1FF3AE8E701232C7806
:10A808000293951C82E7302C2CD12B7803F0DF03C0
:10A81800582B1DD14FF010096C784FF00F0C4FF0EA
:10A82800FF386FF070474FF0000B4E46023592E745
:10A838002B7803F0DF03582BECD04FF00809B34610
:10A848004FF0070C4FF0FF386FF060474E4682E735
:10A858004FF0000B3246B1464FF0FF304FF0FF315A
:10A868005B465FE74FF00F0C4FF0FF386FF0704713
:10A87800B1464FF0000B6EE751E30008999999191A
:10A88800FFF72CBF38B54B1C1AD014469389126BAE
:10A8980023F02003A381CDB2AAB16268636B9A4208
:10A8A80009DA23685A1E226003F8015C63680133E1
:10A8B8006360284638BD214601F0EEFD0028F0D03F
:10A8C8004FF0FF35F5E7236922682BB1934203D295
:10A8D80012F8013CAB420FD060682346C4E90E2051
:10A8E800032104F1400222630122616303F8425FFD
:10A8F8002846C4E9003238BD6368013A0133C4E927
:10A908000023D6E710B50C46096B69B104F1400382
:10A91800994201D0FCF780FD0020E36B206363605F
:10A9280013B1A36B236010BD0022A389216943F0F2
:10A9380020034FF0FF302160A381626010BD00BF8B
:10A948002DE9F04F85B0CDE9023202FB03F30E9CEE
:10A9580001939BB3D4F804A0019B8B46534545D97A
:10A96800274681460026019D57F8401B5846524607
:10A97800F5F7D8FF2368216B5344A846C4E900368D
:10A98800D344A5EB0A05E9B1B94202D04846FCF721
:10A9980043FDE36B26636360A3B1A16BAB429A46A8
:10A9A8002160E3D3029B2A4658460193F5F7BAFF84
:10A9B800D4E90032521B2B44C4E90032019805B097
:10A9C800BDE8F08F019B00225344A3EB080A039BC8
:10A9D800BAFBF3F30193A389019843F02003A38101
:10A9E8002369C4E9003205B0BDE8F08F1D4621682F
:10A9F800D8E700BF2DE9F04FD5B00C460C91914631
:10AA08000E930A90FCF7B8FF036818461793F9F7F6
:10AA1800E9FCA3891690190603D52369002B00F0D9
:10AA28008F8700242BAB224698464D46CDE9294412
:10AA38002893129400230024CDE914342B78CDE90F
:10AA48001922CDE91B2218920892002B00F0CE8122
:10AA5800AA4604E01AF8013F002B00F00981252BD3
:10AA6800F8D1BAEB050640F007819AF80030002BC0
:10AA780000F0BC8100234FF0FF324FF02B09202457
:10AA88001F469AF8016007920AF1010A8DF883308F
:10AA980009930AF1010AA6F120035A2B00F220813A
:10AAA800DFE813F0CA021E011E01C5021E011E01C5
:10AAB8001E01A3021E011E016A00F3021E014702C5
:10AAC800D9021E01D4025B005B005B005B005B00E7
:10AAD8005B005B005B005B001E011E011E011E0186
:10AAE8001E011E011E01B0011E010B027A00B001F9
:10AAF800B001B0011E011E011E011E019E021E01B1
:10AB08001E01B6001E011E011E0119021E014C0283
:10AB18001E011E013F071E011E011E011E011E010E
:10AB28001E011E011E01B0011E010B027C00B001B6
:10AB3800B001B00191027C0075001E0184021E0163
:10AB48007002B8005E0275001E01190272001C072F
:10AB58001E011E011F071E0172000022A6F130030C
:10AB68001AF8016B02EB820203EB4202A6F13003F2
:10AB7800092BF5D909928EE70E9B53F8042B002A6E
:10AB880009920E93C0F2D2819AF8006081E79AF890
:10AB9800006047F020077CE747F01007BA060E9BD5
:10ABA80040F17D81073323F007031A465B6852F8AA
:10ABB800084B99460E92002BC0F27F85079B013304
:10ABC80001F0398054EA090327F0800B00F005856D
:10ABD8000A2C79F1000380F0938701235F46303413
:10ABE8008DF84F410B930DF24F15079A0B990023DF
:10ABF8008A42B8BF0A4606929DF883200D930F93A8
:10AC080013931093002A7CD0069B0133069378E0B7
:10AC180047F0100717F0200900F032810E9B073328
:10AC280023F00703D3F8049053F8084B0E9300233E
:10AC380027F4806B00228DF88320079A511C00F0BE
:10AC48002A8254EA09012BF0800740F02382002A67
:10AC580041F02B80002B40F0C5841BF001030B93BF
:10AC680000F0548530230DF24F158DF84F31BCE7B5
:10AC7800BAEB050600F0BA802A9BC8E900563344AF
:10AC88002A93299B0133072B299305DC08F108082F
:10AC9800089B33440893E8E60C990A9828AA03F01D
:10ACA800BDF980B90DF1AC08F2E70C990A9828AA09
:10ACB80003F0B4F9002800F08A800D9B1BB10D99B0
:10ACC8000A98FCF7A9FB0C9B9B8913F0400F089B83
:10ACD80018BF4FF0FF330893089855B0BDE8F08FC0
:10ACE800002E00F08380012300228DF8EC6006938B
:10ACF8003BAD8DF883200B930D9207920F92139220
:10AD0800109217F0020302D006990231069117F04B
:10AD1800840B07D109990698A1EB0009B9F1000F36
:10AD280000F336832A9C82B10122C8F80420299AAC
:10AD3800013401320DF18301072A2A942992C8F8B7
:10AD4800001000F3698308F108087BB10223C8F8F2
:10AD58000430299B0234013321AA072B2A94299312
:10AD6800C8F8002000F36C8308F10808BBF1800FD5
:10AD780000F02E82079B0B9AA3EB020BBBF1000F8E
:10AD880000F37182FB0500F1C5810B9BC8F80050E8
:10AD98001C44C8F80430299B2A940133072B2993B3
:10ADA80000F3EA8208F108087B0705D5099B069A93
:10ADB8009D1A002D00F35083DDE9083206998A4276
:10ADC800ACBF9B185B180893002C7FF46EAF002370
:10ADD80029930D9B1BB10D990A98FCF71DFB55464D
:10ADE8000DF1AC082B78002B7FF432AE2A9B002B98
:10ADF8003FF469AF0C9C0A98214628AA03F00EF983
:10AE0800A38962E70E9B073323F00702F2E80234B6
:10AE1800CDE91434DDE9143424F000449946184689
:10AE28000E9221464FF0FF32B64BF6F78BF800280A
:10AE380040F09684484621464FF0FF32B14BF6F772
:10AE480063F8002840F08C84DDE914010022002317
:10AE5800F6F750F8002840F0A6879DF883200021D7
:10AE68000320A94DA94B27F080070D910690472E86
:10AE7800C8BF1D4607910B900F9113911091C1E621
:10AE880017F0100340F0628417F0400200F07B874F
:10AE98000E9A994652F8044B0E92A4B2C7E653F89C
:10AEA800044B0E93FB0600F141847D0640F13B8480
:10AEB80044F3C0394B4624B27DE6012000220E9BA4
:10AEC800069053F8041B3BAD8DF883208DF8EC10E9
:10AED8000E930B9010E74FF000090E9C079B54F857
:10AEE800045B8DF88390002D00F0EE865A1C00F06C
:10AEF80060851A4649462846FDF7C4F80D90002893
:10AF080001F09E800D9B9DF883205B1B0B9323EA29
:10AF1800E373CDF81C900E940693CDF83490CDF8D9
:10AF28003C90CDF84C90CDF840906BE6099B5B4285
:10AF380009939AF8006047F00407AAE547F0100B58
:10AF48001BF0200900F0AA830E9B073323F00703A8
:10AF58001A4652F8084BD3F804900E92012369E67A
:10AF6800302278260E9B8DF8842053F8044B684ACB
:10AF78000E934FF00009022347F0020B8DF885600D
:10AF8800189257E6BD0600F1D683FC0600F19386B9
:10AF9800780600F15D87B90540F18D860E9B08990A
:10AFA80053F8042B554611700E931BE79AF800606E
:10AFB8006C2E03BF9AF8016047F020070AF1010AD6
:10AFC80047F0100765E59AF80060682E03BF9AF805
:10AFD800016047F400770AF1010A47F0400758E595
:10AFE8009AF8006047F0080753E50A9E3046FCF7D8
:10AFF800C3FC436818461B93F9F7F4F90346304637
:10B008001C931E46FCF7B8FC83681993002E3FF486
:10B01800BBAD199B002B3FF4B7AD199B1B78002BD8
:10B028003FF4B2AD9AF8006047F4806731E59AF8CA
:10B03800006047F001072CE59DF88330002B7FF472
:10B04800A3AD9AF800608DF8834022E59AF8006075
:10B0580047F080071DE5524612F8016B2A2E01F0D1
:10B06800EB81A6F13003092B924698BF002201F22A
:10B0780003801AF8016B02EB820203EB4202A6F18D
:10B088003003092BF5D9079205E59AF800608DF889
:10B098008390FEE4BB46012B3FF49AAD022B54ADDE
:10B0A80012D1189A04F00F03D35C240944EA0974F6
:10B0B8004FEA191905F8013D54EA0903F2D154ABD6
:10B0C8005B1B5F460B9390E504F00703E40844EA32
:10B0D80049744FEAD909303354EA09012A4605F878
:10B0E800013DF1D11BF0010FE9D0302BE7D030231F
:10B0F800023A05F8013C54AB9B1A5F4615460B9380
:10B1080073E500BFFFFFEF7FF0E60008F4E60008F4
:10B1180000E70008652E40F3E980DDE9140100220C
:10B128000023F5F7DDFE002800F0D2810123C8F8DE
:10B138000430299BBF4A01330134072B2A942993F1
:10B14800C8F8002000F37A8508F10808229B129AB3
:10B15800934280F2D782169B179A1C44C8E90023B1
:10B16800299B2A940133072B299300F3DD8308F1E7
:10B178000808129B5D1E002D7FF716AE102D41F3B7
:10B188004181DFF8B492224649461026B946299BE8
:10B198000F46DDF828B00C9C05E008F10808103DC2
:10B1A800102D40F3588501331032072BC8E900767B
:10B1B800CDE92932F1DD2146584628AA02F02EFFB2
:10B1C80000287FF47AADDDE929320DF1AC08E6E715
:10B1D800099B069AA3EB020BBBF1000F7FF7CAADE0
:10B1E800BBF1100F41F30580DFF84C924146204631
:10B1F800A8464C461023299A0C9DDDF8289006E0B5
:10B20800ABF1100BBBF1100F01F1080119DD013290
:10B218001030072AC1E90043CDE92920F0DD29468D
:10B22800484628AA02F0FAFE00287FF446ADDDE978
:10B238002920ABF1100BBBF1100F4FF010032BA915
:10B24800E5DC4546A1468846044601325C44072AA7
:10B25800CDE92924C8F80090C8F804B000F318858F
:10B2680008F1080886E5BBF1100F40F39785DFF871
:10B27800C89141462046A8464C461023299A0C9D61
:10B28800DDF8289006E0ABF1100BBBF1100F01F1CF
:10B29800080119DD01321030072AC1E90043CDE960
:10B2A8002920F0DD2946484628AA02F0B7FE0028E2
:10B2B8007FF403ADDDE92920ABF1100BBBF1100FD2
:10B2C8004FF010032BA9E5DC4546A1468846044605
:10B2D80001325C44072ACDE92924C8F80090C8F84F
:10B2E80004B000F3CE8108F108084BE5129B012B4E
:10B2F80040F37E810123299E01341E44072EC8F89D
:10B3080000502A94C8F80430299600F3E18108F126
:10B318000808169B0136179A1C44072EC8E9002313
:10B32800CDE9296400F3E18108F108080022DDE98C
:10B3380014010023F5F7D4FD002840F07681129B14
:10B348000136013B01351C44072EC8F800502996E8
:10B35800C8F804302A9400F35B8108F108081A9BA6
:10B3680001361C44C8F80430072E24ABCDE9296403
:10B37800C8F800307FF716AD0C990A9828AA02F091
:10B388004DFE00287FF499AC2A9C0DF1AC080BE522
:10B39800B9F1100F40F35086DDE929214046CDE987
:10B3A8001D36B84610244F460C9EA9460A9D04E057
:10B3B800103F102F00F1080016DD01321F4B10312D
:10B3C800072AC0E90034CDE92921F1DD31462846B4
:10B3D80028AA02F023FE00287FF46FACDDE92921BA
:10B3E800103F102F2BA8E8DC4D46DDE91D36B94685
:10B3F8004746804609EB010401321049072ACDE986
:10B408002924C8F80490C8F8001000F3C3839DF8F5
:10B41800832008F1080886E40C990A9828AA1D9345
:10B4280002F0FCFD00287FF448AC2A9C1D9B0DF11E
:10B43800AC088AE464E4000840E7000830E7000844
:10B448000C990A9828AA02F0E9FD00287FF435AC87
:10B458002A9C0DF1AC0889E4102D40F3C48610260F
:10B46800299B0A9FDDF8309004E0103D102D08F16B
:10B47800080817DD0133B84A1034072BC8E900263D
:10B48800CDE92934F1DD4946384628AA02F0C6FD3F
:10B4980000287FF412ACDDE92934103D102D0DF1A0
:10B4A800AC08E7DC0133AC4A2C44072BCDE929343E
:10B4B800C8F80450C8F800207FF77EAC0C990A98A9
:10B4C80028AA02F0ABFD00287FF4F7AB2A9C73E4AE
:10B4D8002299002940F36F83DDF84090129B99452B
:10B4E800A8BF9946B9F1000F0BDD299B4C440133E5
:10B4F800072BC8E900592A94299300F31D8508F100
:10B508000808109EB9F1000FA8BFA6EB0906002E87
:10B5180000F32582DDF840B07805AB4400F15F8286
:10B52800229B129A934202DBF90740F17684169A1D
:10B5380017991444C8E90012299A2A940132072A53
:10B54800299200F3138508F10808129AAE18A6EBA1
:10B558000B06D51AAE42A8BF2E46002E0DDD299B3C
:10B5680034440133072BC8F800B0C8F804602A94A3
:10B57800299300F3718508F10808002EA8BFAD1BB8
:10B58800002D7FF711AC102D40F33C87DFF8CC91EC
:10B59800224649461026B946299B0F46DDF828B0B1
:10B5A8000C9C05E008F10808103D102D40F353836A
:10B5B80001331032072BC8E90076CDE92932F1DDD5
:10B5C8002146584628AA02F029FD00287FF475ABC9
:10B5D800DDE929320DF1AC08E6E7079B002B7FF483
:10B5E800FCAA5F46002354AD07930B93FFF7FDBAFF
:10B5F800FA073FF57FAE0123299E01341E44072E2A
:10B60800C8F800502A94C8F8043029967FF7A5AEE8
:10B618000C990A9828AA02F001FD00287FF44DAB86
:10B62800DDE929640DF1AC0899E6129B5D1E002D39
:10B638007FF795AE102D40F3DF86224607974FF02F
:10B64800100BDFF818910A9C0C9F05E008F1080818
:10B65800103D102D40F37F8301361032072EC8E9C4
:10B66800009BCDE92962F1DD3946204628AA02F07F
:10B67800D5FC00287FF421ABDDE929620DF1AC0887
:10B68800E6E70C990A9828AA02F0C8FC00287FF47B
:10B6980014AB2A9C0DF1AC08FFF774BB1BF0100328
:10B6A8000E9A3AD11BF0400133D052F8044B994618
:10B6B8000E920123A4B2FFF7BDBA2D2364428DF880
:10B6C8008330BB464FF0010369EB4909FFF7B5BA70
:10B6D8000C990A9828AA02F0A1FC00287FF4EDAA88
:10B6E800DDE929640DF1AC0813E60C990A9828AA3B
:10B6F80002F094FC00287FF4E0AADDE929640DF14A
:10B70800AC0813E6FD077FF54FAB24E554ADFFF712
:10B718006CBA1BF4007940F08A8352F8044B012379
:10B728000E92FFF787BAB80500F19B834FEAE479D8
:10B738004B46FFF740BA0E9B089853F8041BC217F4
:10B748005546C1E900020E93FFF74CBB0E9B53F818
:10B75800044B0E93FFF76BBA30E7000840E7000888
:10B76800DDE9140102460B46F5F7ECFB002840F032
:10B77800E985612E00F07D85412E00F08B84079BC2
:10B78800013300F08F8326F02003472B069300F047
:10B798008F85DDE9141247F480730F931346002B4D
:10B7A800C0F2B0850B9300238B461D930D93069B27
:10B7B800462B00F0E983452B00F0468507990B9B43
:10B7C80001910221009126A9049123A9039122A99C
:10B7D8005A460A980291FAF7FBFC069B0546472B46
:10B7E80040F03A8617F0010FB9460F9F40F0FE84EB
:10B7F800269B5B1B1293069B472B00F06E83069BD0
:10B80800462B00F0F083229B1093109B069A013B75
:10B81800412A229300F0BB850021F2B2002B8DF85B
:10B828009020B6BF2D222B22109B8DF89120B8BFF7
:10B83800C3F10103092B40F39B850DF19F0C624670
:10B84800B64F1C46104687FB0312D917C1EBA2015D
:10B8580001EB8102A3EB42023032632C00F8012C89
:10B868000B4600F1FF32ECDC3033811EDBB28C4535
:10B8780002F8013C40F2F9850DF1920101E012F85D
:10B88800013B944501F8013BF9D10DF1A1030DF1FC
:10B8980092021B1A134424AA9B1A1A93129B1A9AEF
:10B8A800012B1A440B9240F381850B9B169A134483
:10B8B8000B9300230B9A29F4806722EAE27247F47B
:10B8C80080770F930692139310931D9B002B40F0E3
:10B8D8002C839DF883200793FFF794B9BB46FFF7A5
:10B8E8002FBB8F4B189317F0200900F0F5800E9BA3
:10B8F800073323F00703D3F8049053F8084B0E934B
:10B90800F80709D554EA090306D030238DF8856075
:10B9180047F002078DF88430022327F4806BFFF785
:10B9280089B9804B1893DEE70C990A9828AA02F087
:10B9380075FB00287FF4C1A92A9C0DF1AC0818E416
:10B9480040210A98FCF7BAF80C9B18601861002887
:10B9580000F0978540230C9A5361FFF762B8102EC8
:10B9680040F37685DFF8C091424648462146A8460E
:10B97800B9464FF0100B0746299B0A9C0C9D04E022
:10B988000832103E102E40F3138201331031072B7A
:10B99800C2E9007BCDE92931F2DD2946204628AAF3
:10B9A80002F03CFB00287FF488A9DDE929312BAAA5
:10B9B800E7E72846CDF81C900E94F8F713FD20EA27
:10B9C800E0739DF883200B90CDF83490CDF83C902F
:10B9D800CDF84C90CDF840900693FFF713B9129B21
:10B9E8004246DDF84C80EB185E460793CDF82CA054
:10B9F80010972146199FDDF87090DDF828A0DDF832
:10BA080030B00F9B1395B8F1000F2ED083BB013FC8
:10BA180008F1FF381B9B4944C2E90039299B2A9148
:10BA28000133072B299360DC0832079B38789B1B6E
:10BA38008342A8BF0346002B1C460BDD29981944F6
:10BA480001300728C2E900632A91299000F3148184
:10BA580038780832002CB4BF0546051B002D0BDCD6
:10BA680006440F9BB8F1000FD0D1002B00F02682BE
:10BA78000F9B013B0F93CDE7102D40F39D841024BD
:10BA8800299804E0103D102D02F1080216DD01305E
:10BA9800254B10310728C2E90034CDE92901F1DD31
:10BAA8005946504628AA02F0B9FA00287FF405A999
:10BAB800DDE92901103D102D2BAAE8DC01301A4BD5
:10BAC80029440728CDE929015560136000F3418214
:10BAD800387808320644C4E717F0100300F0A08055
:10BAE8000E9B53F8044B0E930AE75946504628AA72
:10BAF80002F094FA00287FF4E0A82A992BAA94E788
:10BB080000230BF480620696CDF82CA0CDF8348083
:10BB180092461E46DDF8648054AF14E06766666698
:10BB280000E7000814E7000840E700080023204663
:10BB380049460A22F5F764FA0A2C79F100031BD367
:10BB4800044689462F4620460A2200234946F5F72F
:10BB580057FA30327D1E013607F8012CBAF1000F72
:10BB6800E4D098F800309E42E0D1FF2EDED00A2CB7
:10BB780079F1000380F0308154AB5B1BDDF82CA019
:10BB8800CDF8648012965F46069EDDF834800B93EC
:10BB9800FFF72BB80C990A9828AA1D9302F03EFAD1
:10BBA80000287FF48AA89DF883202A9C1D9B0DF10C
:10BBB800AC08FFF7B8B80123C8F80430299BBC4A81
:10BBC80001330134072B2A942993C8F8002000F385
:10BBD800178108F10808002940F08680129A07F0BA
:10BBE800010313433FF4E0A8169B17991A19C8E9F3
:10BBF8000013299B2A920133072B299300F33781DD
:10BC080008F10808129901338C18072BCDE929345B
:10BC1800C8F80050C8F804107FF7C4A8FFF7ACBBF9
:10BC280017F0400200F0A5800E9A994652F8044B8E
:10BC38000E92A4B264E6BB46FEF7CABF0C990A98F6
:10BC480028AA02F0EBF900287FF437A82A9C0DF106
:10BC5800AC08FFF77BBA14463A464F469146013383
:10BC68002C44072BC8F80090C8F80450CDE92934B3
:10BC78007FF798A8FFF780BB5946504628AA02F0DC
:10BC8800CDF900287FF419A838782A992BAAE1E67B
:10BC98000C990A9828AA02F0C1F900287FF40DA887
:10BCA8002A9C0DF1AC08FFF765B8012BBB467FF461
:10BCB800F5A9FEF792BF0E9B089953F8042B554639
:10BCC80011600E93FFF78EB8062B294628BF06236E
:10BCD8002A4607950D950693764D0E940B930F9172
:10BCE80013911091FEF78EBF169B17981A19C8E981
:10BCF8000003299B2A920133072B299300F3B7806D
:10BD080008F108080029BFF67DAF4E42103180F2D5
:10BD1800A98341461024A846DFF89C91DDF828B095
:10BD28000C9D04E00831103E102E40F3A782013329
:10BD38001032072BC1E90094CDE92932F2DD2946FA
:10BD4800584628AA02F06AF900287EF4B6AFDDE961
:10BD580029322BA9E7E71446079F01362C44072E02
:10BD6800CDE92964C8F80090C8F804507FF7F5AA0F
:10BD78004EE417F400790E9B66D053F8044B9146B5
:10BD88000E93E4B2BCE517F400790E9B57D053F834
:10BD9800044B91460E93E4B2FEF749BF299ADFF8A7
:10BDA8001891FFF795BA2D228DF88320FFF757B821
:10BDB800454690463A460C464F4691460133344430
:10BDC800072BCDE92934C8F80090C8F804605CDC7A
:10BDD80008F10808FFF79EBB1C9B1B99ED1A1A4631
:10BDE8002846FDF795FA98F801300BB108F10108DB
:10BDF800204649460A2200230026F5F701F99FE666
:10BE08000C990A9828AA02F009F900287EF455AF7F
:10BE180022992A9C0DF1AC08DDE6129AAE18A6EB21
:10BE28000B06D51AAE42A8BF2E46FFF7A6BB52F89E
:10BE3800044B894601230E92E4B2FEF7FBBE53F889
:10BE4800044B0E93FEF7F3BE53F8044B0E9357E5DD
:10BE58000E9B089953F8042B554611800E93FEF754
:10BE6800C1BF44F3C0194B4664B2FEF7A4BE0C9997
:10BE78000A9828AA02F0D2F800287EF41EAFDDE95D
:10BE8800293222990DF1AC083CE70C990A9828AAA6
:10BE980002F0C4F800287EF410AF2A9C0DF1AC081B
:10BEA800FFF738BB0623079326F02003069370E4B8
:10BEB80064E4000828E7000840E70008DDE91235D7
:10BEC800EB189E42B346199790460C4628BF9B46EE
:10BED800DDF82CA0109FFFF723BB229BDA1C1093E0
:10BEE80002DB079A934204DD023E26F02003069304
:10BEF8008BE4109B129A9342C0F2C28019F0010F92
:10BF080000F01D82169A13440B9319F4806F00F009
:10BF18001482109B6726002B76DC0B9B23EAE373C5
:10BF2800069300230F931393CFE42D2200238DF85B
:10BF380083200793FEF768BE0C990A9828AA02F096
:10BF48006DF800287EF4B9AE2A9C0DF1AC08FFF715
:10BF5800D8BA5946504628AA02F060F800287EF45C
:10BF6800ACAE38782A992BAA06447AE50C990A9837
:10BF780028AA02F053F800287EF49FAE229B2A9C40
:10BF88000DF1AC08FFF7E1BA07990B9B019103216A
:10BF9800009126A9049123A9039122A95A460A9837
:10BFA8000291FAF715F903780546302B00F016824E
:10BFB800229B079AB94613440F9FEC185846002253
:10BFC80000230B99F4F78CFF08B1234611E4269B54
:10BFD800A342BFF40EAC30215A1C26921970269B3E
:10BFE8009C42F9D805E4229A002A109240F30E8266
:10BFF800079909F001030B4340F07E816626109BE8
:10C008000B9319F4806F88D019990B78FF2B00F0E7
:10C0180025820024109A204604E001300131FF2BCC
:10C0280000F05981934280F25681D21A4B78002B46
:10C03800F3D10B780134F2E7DDE92921FFF7DAB90A
:10C04800079B9DF883200E9406930B9307900F90FF
:10C0580013901090FEF7D6BD0C990A9828AA01F003
:10C06800DDFF00287EF429AE229D129B2A9C0DF14B
:10C07800AC085D1BFFF781BA00230793FEF70BBDE1
:10C08800129B169A9A18109B0B92002B40F38581ED
:10C098006726B6E730238DF8843058238DF885302D
:10C0A800079B47F00204632B00F3C48000233BADD9
:10C0B8000D9347F481730F93DDE914121346002B97
:10C0C8002746C0F284800B9300238B461D9326F0ED
:10C0D80020030693612E00F01881412E7FF467AB90
:10C0E80022AA58460B99FCF7F7FF00224FF07F531E
:10C0F800F4F78EFC02460B46CDE9102300220023FC
:10C10800F4F7EEFE08B101232293AD4B0B93079B86
:10C11800CDE912A6CDE91E78DDE91067AB46DDF85A
:10C128002CA003F1FF39109506E00022002309F145
:10C13800FF39F4F7D5FEE8B90022A24B304639465C
:10C14800F4F766FC0F460646F4F712FF0446F4F7C8
:10C15800B9F90B46024639463046F4F765F81AF83D
:10C168000430B9F1FF3FD8464D4606460F460BF856
:10C17800013BDAD1304639460022934BA946DDF817
:10C1880048A0109DCDF84880CDE91001DDF87C80ED
:10C19800139E1E9FF4F7CCFE80BBDDE91001002240
:10C1A800894BF4F79DFE08B1E10727D44B46002BD5
:10C1B80006DB302201335B440BF8012B5B45FBD1D6
:10C1C800ABEB0503B94612930F9FFFF714BB26F09C
:10C1D800200306932D22DDE914349B4604F1004325
:10C1E8001D920B9376E7299BFFF75CB9079BEC1828
:10C1F800E4E6299ADFF8D491FFF727B8129B269333
:10C208000B9B1BF8012CD97B5B468A4209D1302055
:10C2180003F8010C269B5A1E269213F8012C914212
:10C22800F6D0392A0BBF0B9A0132927AD2B203F8B0
:10C23800012CC5E70A98591CFBF740FC0546002865
:10C2480000F017810D9034E70221009107995A46B2
:10C258004C1C26A9049123A9039122A90B9B0A9897
:10C2680001940291F9F7B4FF0546B9462C440F9F93
:10C27800A4E630238DF8843078230FE745468846B6
:10C2880001333244072BCDE92932C8F80090C8F8A9
:10C2980004607FF7B5AC0C990A9828AA01F0BEFE95
:10C2A80000287EF40AADDDE929320DF1AC08A9E4D5
:10C2B800079B002B08BF0123079347F480730F9354
:10C2C800159B002BC0F2B680DDF850B00D900B9393
:10C2D8001D90FFF773BA1991109213900F940F9A4B
:10C2E800139B1C9913440B9A01FB03230B9323EA1A
:10C2F800E3730693FFF7E9BA169B6626D318194429
:10C308000B917EE600230D9364E722AA58460B9909
:10C31800FCF7E2FE00224FF07F53F4F779FB024668
:10C328000B46CDE9102300220023F4F7D9FD08B10C
:10C3380001232293264B0B93E9E66726EDE5109B34
:10C348000B93E2E5159B0320002BB8BF2D224FF07D
:10C358000003A8BF9DF8832019460D931D4D1E4B61
:10C36800B8BF8DF8832027F080070690FEF77FBDC1
:10C37800002944D130228DF892200DF193023033F8
:10C3880002F8013B24ABD31A1A93FFF787BA06F1D8
:10C398000F020121D2B2FFF741BAC3F101031A44D7
:10C3A80022EAE27367260B920693BAE519F0010FA9
:10C3B8003FF47FAAFFF779BA2998FFF77FBB00BF40
:10C3C80014E70008000030400000E03F40E70008A4
:10C3D80000E70008F8E60008FCE6000858460022D6
:10C3E80000230B99F4F77CFD00287FF4E1AD079B4F
:10C3F800C3F101032293DCE5DFF89890ADE40DF179
:10C408009202BCE7299BDFF88C9028E4079A09F090
:10C41800010959EA020304D10123662606930B9306
:10C428007FE5169B662601331A4422EAE2730B92D3
:10C43800069376E50D90CDE60E9B9AF8016092463C
:10C4480053F8042B0E9342EAE2730793FEF721BBDD
:10C45800299BDFF84090B1E4079C06E700230F937F
:10C4680013933CE7DFF82C900AE702231A93FFF7AF
:10C4780015BA0C998B8943F0400213468A81FEF75E
:10C4880024BC4FF0FF320C2308920A9A1360FEF77F
:10C4980023BC00BF40E700082DE9F0410C46096BBA
:10C4A80004F14003994214D0666B77003A46FCF7D2
:10C4B80025FC054648B300EB0608014632464046CF
:10C4C800F4F730FA0020C4E90C57C4F80080BDE83E
:10C4D800F0814FF48061FBF7F1FA0346A8B14FF4FD
:10C4E800806594F842102063656383F8FF1394F81D
:10C4F800411000F2FD3283F8FE1394F8401000203A
:10C5080083F8FD132260BDE8F0814FF0FF30DEE7CD
:10C518002DE9F84F4B6E90469C042DD59368126810
:10C5280043B38B46064602F1080959E9025A5FEA05
:10C538009A0715D00024043D01E0A7420ED05A46C0
:10C54800304655F8041F01F0A7F8431C04F1010414
:10C55800F3D10023C8E90133BDE8F88FD8F80830D3
:10C568002AF0030AA3EB0A03C8F8083009F10809FE
:10C57800002BDAD10020ECE7FBF74EF80023C8E9DE
:10C588000133BDE8F88F00BF2DE9F04FBDB01C4660
:10C598001746CDE90530029118B1836B002B00F0E6
:10C5A8007782029A536EDE0740F18481B2F90C104B
:10C5B8008AB2900408D441F4005202994B6E8A81E1
:10C5C80023F4005392B24B66110740F1EC80029BB2
:10C5D8001B69002B00F0E78002F01A030A2B00F019
:10C5E800F08013AB10930023CDE91133CDE9093363
:10C5F800CDE90B330DF14C0904933B78002B00F087
:10C6080046813C4604E014F8013F002B00F02181EC
:10C61800252BF8D1E51B40F01E812378002B00F074
:10C6280036814FF0000300254FF0FF3B4FF02B08F9
:10C638008DF83B3063780395671C0137A3F120021E
:10C648005A2A00F24681DFE812F0A10244014401AF
:10C658009D024401440144017C02440144016A00F2
:10C66800530244012902AF024401AB025B005B00A4
:10C678005B005B005B005B005B005B005B004401F0
:10C68800440144014401440144014401440144017A
:10C698001302780044014401440144014401440167
:10C6A8004401440144014401D100440144014401CE
:10C6B800F7014401410244014401210544014401B8
:10C6C800440144014401440144014401440144013A
:10C6D80013027A0044014401440137027A007400CD
:10C6E80044012D0244016902D30057027400440139
:10C6F800F7017200410544014401430544017200F9
:10C708000021A3F1300217F8013B01EB810102EB94
:10C718004101A3F13002092AF5D903918EE7059B5F
:10C7280053F8042B002A03920593C0F2B4813B7896
:10C7380083E73B7845F020057FE745F01005AC0618
:10C74800059E40F16B81073626F00706324673686E
:10C7580052F8086B98460592002BC0F24984BBF149
:10C76800FF3F00F0318556EA080325F0800A00F003
:10C7780025840A2E78F1000380F0E18401235546D0
:10C7880030368DF8EF6001930DF1EF04DDF8048089
:10C798009DF83B30D845B8BFD846002B00F0A8809C
:10C7A80008F10108A4E0029D06982946F9F7EEFB76
:10C7B800002840F09485AA8902F01A030A2B7FF416
:10C7C80010AF0299B1F90E30002BFFF60AAF4B6E8D
:10C7D800DE0702D4950540F1628523463A46029960
:10C7E80006983DB0BDE8F04F00F09ABD45F0100541
:10C7F80015F0200800F00381059E073626F007068D
:10C808003346D6F8048053F8086B0593002325F4C3
:10C81800806A4FF000028DF83B20BBF1FF3F00F02B
:10C82800DD8156EA08022AF0800540F0D681BBF186
:10C83800000F40F0CC84002B40F0C5831AF00103B0
:10C84800019300F0EC8330230DF1EF048DF8EF3005
:10C858009CE7E51B1BD0119B129A01332A44072B36
:10C86800C9E900751292119305DC09F10809049BC6
:10C878002B440493D1E6002A00F09C830299069881
:10C8880010AAFFF745FE40B90DF14C09EFE7129BDE
:10C89800002B40F0158500231193029A536ED90797
:10C8A80040F1A28093895B0600F1258504983DB08C
:10C8B800BDE8F08F029BB3F90C108D058AB23FF5E5
:10C8C80078AE1D46986DFBF75FF8B5F90C108AB283
:10C8D8006FE6002BDBD04FF001088DF88C304FF05D
:10C8E800000323AC8DF83B30CDF804804FF0000BEB
:10C8F80015F00203079318BF08F1020815F0840326
:10C90800089305D1039BA3EB0806002E00F38A8247
:10C91800DDE91112481C9DF83B6076B10121013216
:10C928000DF13B060728CDE91102C9E9006100F3C2
:10C938005882014609F108090130079BD3B1022347
:10C948000232C9F8043007280FABCDE91102C9F843
:10C95800003040F36282002A00F02783029906988B
:10C9680010AAFFF7D5FD002897D1DDE911120DF1C6
:10C978004C09481C089B802B00F07181019BABEB94
:10C988000306002E00F3CF81019B07281A44CDE946
:10C998001102C9F80040C9F8043040F35D81002A4B
:10C9A80000F093820299069810AAFFF7B1FD0028BB
:10C9B8007FF473AF129A0DF14C09680705D5039BF4
:10C9C800A3EB0804002C00F38A82DDE90313414538
:10C9D800ACBF5B1843440493002A40F0F381002362
:10C9E8000DF14C09119308E6029B9B899A053FF5C6
:10C9F8005AAF029CA06DFAF7C9FFA38953E715F057
:10CA0800100340F0188315F0400200F01083059ED3
:10CA1800984656F8043B05969EB2F7E656F8043B4E
:10CA2800E806059600F11083690640F10A8343F38E
:10CA3800C0381EB243468FE64FF00003059E8DF8BE
:10CA48003B3056F8044B002C00F0CF83BBF1FF3F7E
:10CA580000F041835A4600212046FBF713FB0028CB
:10CA680000F02284031B4FF0000B059601938DE61E
:10CA78004FF000034FF00108059E8DF83B3056F843
:10CA8800043B23AC8DF88C300596CDF804802DE757
:10CA9800FAF7CAFB85E5039B5B4203933B7845F0B5
:10CAA8000405CAE53B786C2B03BF7B7845F020056D
:10CAB800013745F01005C0E53B78682B03BF7B784C
:10CAC80045F40075013745F04005B6E545F0100A14
:10CAD8001AF0200800F07E82059E0123073626F012
:10CAE80007063246D6F8048052F8086B059290E69D
:10CAF8003B788DF83B80A0E530228DF83C207822E9
:10CB0800059B8DF83D2053F8046BBE4A05934FF002
:10CB18000008022345F0020A09927AE6AE0600F1FF
:10CB2800A482EC0600F15983680600F1B083A905D8
:10CB380040F15383059E049A56F8043B1A700596F3
:10CB48005BE5069C2046FAF717FF436818460B93E7
:10CB5800F7F748FC034620460C931C46FAF70CFFEF
:10CB680083680A93002C3FF4E2AD0A9B002B3FF444
:10CB7800DEAD0A9B1B78002B3FF4D9AD3B7845F41A
:10CB880080655AE53B7845F0010556E59DF83B3050
:10CB9800002B7FF4CCAD20238DF83B303B784CE55F
:10CBA8003B7845F0800548E5394611F8013B2A2BCA
:10CBB80000F0A683A3F13002092A0F464FF0000BBC
:10CBC8003FF63CAD17F8013B0BEB8B0B02EB4B0B25
:10CBD800A3F13002092AF5D930E5AA46012B3FF422
:10CBE800C8AD022B3CAC12D1099A06F00F03D35CF6
:10CBF800360946EA08764FEA181804F8013D56EA5D
:10CC08000803F2D13CAB1B1B55460193BEE506F069
:10CC18000703F60846EA48764FEAD808303356EA5A
:10CC28000801224604F8013DF1D11AF0010FE9D0BC
:10CC3800302BE7D03023023A04F8013C3CAB9B1A76
:10CC4800554614460193A1E50123019A13941193C3
:10CC5800149212920DF14C0909F10809ADE6039BF3
:10CC6800A3EB0806002E7FF789AE102EDFF898A1F7
:10CC780038DD5346CC46BA46C1460794A8461F46F7
:10CC8800069C029D07E001F1020E01460CF1080C1A
:10CC9800103E102E1EDD1023481C10320728CDE947
:10CCA8001102CCF80070CCF80430ECDD002A00F05A
:10CCB80092802946204610AAFFF72AFC00287FF414
:10CCC800ECADDDE91112103E102E0DF14C0C01F106
:10CCD800010EE0DC3B4645465746C8467046E146ED
:10CCE8009A46079C32440728CDE91102C9F800A0EA
:10CCF800C9F8046040F39681002A00F09A820299EC
:10CD0800069810AAFFF704FC00287FF4C6ADDDE9F9
:10CD18001112019B0DF14C09ABEB0306002E01F13A
:10CD280001007FF731AE102E40F36B82DFF8D8A0F8
:10CD3800CC465346C146BA46A84607944FF0100B56
:10CD48001F46069C029D07E001F1020E01460CF108
:10CD5800080C103E102E19DD481C10320728CCE9AB
:10CD6800007BCDE91102EFDD32B32946204610AA37
:10CD7800FFF7CEFB00287FF490ADDDE91112103EDD
:10CD8800102E0DF14C0C01F1010EE5DC3B46454639
:10CD98005746C8467046E1469A46079C32440728DB
:10CDA800CDE91102C9F800A0C9F8046000F3E980D0
:10CDB80009F108090130E7E54FF0010E11460DF1C0
:10CDC8004C0CC6E70299069810AAFFF7A1FB0028A9
:10CDD8003FF405AE61E54FF0010E11460DF14C0C24
:10CDE80056E7002A00F0DE800299069810AAFFF79D
:10CDF8008FFB00287FF451ADDDE911120DF14C09CC
:10CE0800481C9AE500E7000860E7000802220120B4
:10CE18000FAB13930DF14C091492014609F108095F
:10CE2800481CA7E5102E40F34582DDE91132DFF8F2
:10CE3800F0A219465346CC46BA46C1460D94A846B8
:10CE48001F46069C029D07E001F1020E01460CF107
:10CE5800080C103E102E1CDD1023481C1032072829
:10CE6800CDE91102CCF80070CCF80430ECDD32B317
:10CE78002946204610AAFFF74BFB00287FF40DAD8A
:10CE8800DDE91112103E102E0DF14C0C01F1010ECE
:10CE9800E2DC3B4645465746C8467146E1469A4657
:10CEA8000D9C32440729CDE91112C9F800A0C9F830
:10CEB800046000F3A78009F10809481C2BE5114616
:10CEC8004FF0010E0DF14C0CC3E76C07119250D5D1
:10CED800039BA3EB0804002C4BDD0DF14C09102C2F
:10CEE80040F3F881DFF838A2102553461199BA4665
:10CEF800069E1F46DDF808B006E0881C194609F1B1
:10CF08000809103C102C19DD4B1C1032072BC9E9FD
:10CF18000075CDE91132F0DD32B35946304610AA1A
:10CF2800FFF7F6FA00287FF4B8ACDDE91112103CDF
:10CF3800102C0DF14C0901F10100E5DC3B46574688
:10CF48009A4622440728C9E900A4CDE911027FF7CF
:10CF58003CAD72B10299069810AAFFF7D9FA0028D9
:10CF68007FF49BAC129A30E5012011460DF14C0973
:10CF7800C7E7DDE903234245ACBF9B18434404934C
:10CF88002DE5002A3FF460AE0299069810AAFFF733
:10CF9800BFFA00287FF481AC1198129A0DF14C0960
:10CFA8000130F1E4079B002B69D1012011460DF1F6
:10CFB8004C09DFE411920DF14C0958E4BBF1000F64
:10CFC8007FF4DCAB55464FF0000B3CACCDF804B019
:10CFD800FFF7DCBB1AF0100340D11AF0400239D039
:10CFE800059E984656F8042B0123059696B210E440
:10CFF8002D2376428DF83B30AA464FF0010368EBAB
:10D0080048080AE4002A6FD00299069810AAFFF788
:10D018007FFA00287FF441AC0DF14C0978E43CAC70
:10D02800FFF7B4BB014609F108090130A6E415F47D
:10D03800007840F01D81059B53F8046B0593FFF7BA
:10D04800E5BBAA0500F10E814FEAE3781E46434688
:10D05800FFF782BB1AF4007840F0FB80059A0123A1
:10D0680052F8046B0592FFF7D4BBDDE9041656F8B5
:10D07800042BCB17C2E900130596FFF7BEBA0222AC
:10D088000FAB13930DF14C091492C7E6254A099288
:10D0980015F0200836D0059E073626F007063246DA
:10D0A800D6F8048052F8086B0592EA0709D556EAC3
:10D0B800080206D08DF83D30302345F002058DF882
:10D0C8003C30022325F4806AFFF7A3BBAA46FFE49D
:10D0D800154A0992DCE720460596F7F783F94FF0E1
:10D0E800000B0190FFF752BB9DF83B10002900F0A0
:10D0F800A68001200DF13B0213920DF14C09024666
:10D10800149016E415F0100214D115F040010DD05A
:10D11800059E904656F8042B059696B2C5E700BFC3
:10D1280050E7000814E7000800E7000815F4007845
:10D1380040F0A680059A52F8046B0592B5E70023E3
:10D148000AF48062CDF804B0CDF81CA0BB46CDF837
:10D1580020909A461746DDF828903CAD0CE0002355
:10D16800304641460A22F3F74BFF0A2E78F10003B6
:10D178001BD3064688462546304641460A220023E8
:10D18800F3F73EFF30326C1E0AF1010A05F8012C54
:10D19800002FE4D099F800305345E0D1BAF1FF0FE1
:10D1A800DDD00A2E78F100032ED2DDF81CA03CABAE
:10D1B8001B1B5F46CDF82890DDF804B05546DDF816
:10D1C80020900193FFF7E2BAAA46FFF7D2BA012BE3
:10D1D800AA467FF406ADFFF7D1BA059E049A56F821
:10D1E800043B1A600596FFF708BABBF1060FD8464C
:10D1F80028BF4FF00608474CCDF804800596FFF786
:10D2080075BBDFF814A1C9E50C9B0B99E41A1A4603
:10D218002046FCF77DF899F801300BB109F10109B6
:10D22800304641460A2200234FF0000AF3F7E8FE91
:10D238009FE7012011460DF14C09FFF79FBB079BA3
:10D24800002B7FF4E3AD114601200DF14C09FFF7E7
:10D2580095BB059E904656F8042B01230596D6B239
:10D26800FFF7D7BA43F3C0185EB24346FFF774BA64
:10D27800059E904656F8043B0596DEB2FFF7C6BAFF
:10D28800059E884656F8042B0596D6B20DE7059EEE
:10D29800049A56F8043B1A800596FFF7AEB9886DD4
:10D2A800FAF774FBFFF799BACDF804B005968346F0
:10D2B800FFF76CBA1199129ADFF860A00131F0E516
:10D2C8000299069810AAFFF723F900283FF4E3AA69
:10D2D800FFF7E3BA1198DFF844A0013031E6029B6A
:10D2E8005B6EDB0707D4029B9B899F0503D4029BD7
:10D2F800986DFAF74BFB4FF0FF330493FFF7D6BA5C
:10D30800059A7B780F4652F8041B059241EAE17BA7
:10D31800FFF793B928E7000860E7000850E700081E
:10D32800F0B54FF4806C1546002406461F46ADF252
:10D338006C4D1AAB009304938B8916A823F0020353
:10D34800ADF80C304B6E06941993CB890C46ADF8AA
:10D358000E30CB69CDF808C007934B6ACDF814C0DE
:10D368000993FAF70DFB2A463B4669463046FFF714
:10D378000BF9051E07DB69463046F9F721FF00283F
:10D3880018BF4FF0FF35BDF80C305B0603D5A389F5
:10D3980043F04003A3811698FAF7F4FA28460DF2F1
:10D3A8006C4DF0BD034649B1FF2A02D801200A702E
:10D3B80070478A224FF0FF301A607047084670475E
:10D3C8002DE9F047DFF87CA00646DAF80000984619
:10D3D8000F469146FAF7D8FA1B4B1B68D3F8484119
:10D3E80024B365681F2D26DC5EB96B1C0235DAF89C
:10D3F8000000636044F82570FAF7C8FA0020BDE819
:10D40800F087012304EB8501C1F88890D4F88821BE
:10D41800AB401A43022EC4F88821C1F80881E4D130
:10D42800D4F88C211343C4F88C31DEE703F5A674D5
:10D43800C3F84841D5E7DAF80000FAF7A7FA4FF041
:10D44800FF30DCE73804002020E30008144600B56C
:10D458001A460A4B0D461B6885B0DE6803464CB178
:10D4680007490191304607490294009500F0B0F849
:10D4780000F0C8FE04490C46F3E700BF0C0000208A
:10D4880070E7000880E700081CE3000838B5A1FB36
:10D49800021484BBFAF712FB0546D8B150F8042CE5
:10D4A80022F00302043A242A16D8132A19D91B2A6F
:10D4B800C0E900441CD90023242A14BF00F110023B
:10D4C80000F11802C0E9024404BF04614461C2E9E2
:10D4D80000339360284638BD2146F6F7BDFE28463E
:10D4E80038BD024600232846C2E90033936038BDA0
:10D4F80000F10802F6E7F6F785FE0C230025036025
:10D50800E8E700BF70B500294BD006460C4610B1BD
:10D51800836B002B48D0636ED80734D5B4F90C3030
:10D52800002B3ED021463046F9F7B8FDE36A0546A0
:10D5380033B13046E16998470028B8BF4FF0FF354E
:10D54800A3891A063BD4216B41B104F140039942E7
:10D5580002D03046F9F760FF00232363616C21B1E4
:10D568003046F9F759FF00236364F9F7E3FE002218
:10D57800636EA281DB0727D5A06DFAF703FAF9F7E6
:10D58800DFFE284670BDA3899905CBD4A06DFAF7B4
:10D59800FBF9B4F90C30002BC4D1656E15F0010508
:10D5A80008D00025284670BDF9F73EFE636ED807FF
:10D5B800B4D4E8E7A06DFAF7E9F9284670BD30461B
:10D5C8002169F9F729FFBEE7A06DFAF7DFF9D3E77C
:10D5D8000EB400B5074A82B003AB0146106853F891
:10D5E800042B0193FEF7D0FF02B05DF804EB03B003
:10D5F800704700BF0C0000202DE9F04383B00746B8
:10D6080088461446FAF7B2F9012803D108F1FF3326
:10D61800FE2B33D94246384604F15C0301A900F0D9
:10D62800D3FD421C06462FD018B39DF804100025E0
:10D638000DF1050908E023685A1C226019700135AC
:10D64800B54216D219F8011BA368013B002BA36051
:10D65800F1DAA269934201DB0A29ECD12246384665
:10D6680000F05AFD431CEAD10646304603B0BDE837
:10D67800F0834646304603B0BDE8F0835FFA88F190
:10D6880006468DF80410D2E73046A38943F04003DC
:10D69800A38103B0BDE8F08330B5536E144613F090
:10D6A800010FB2F90C30054683B09AB201D1980542
:10D6B8001CD5900406D4626E43F4005342F4005221
:10D6C800A381626622462846FFF796FF636E0546E9
:10D6D800DA0702D4A3899B0502D5284603B030BDDA
:10D6E800A06DFAF753F9284603B030BDA06D01913B
:10D6F800FAF74AF9B4F90C3001999AB2D9E700BFA0
:10D7080070B50026074D0446084611462E60F4F70A
:10D71800AAF9431C00D070BD2B68002BFBD02360F6
:10D7280070BD00BFAC0D00202DE9F0410469B4EBD9
:10D73800611F2FDD00F1140E4E1111F01F0C0EEBBE
:10D7480084050EEB86032BD05EF8262004339D4219
:10D7580022FA0CF1CCF1200818D977461A6802FA97
:10D7680008F20A4347F8042B53F8041B9D4221FA98
:10D778000CF1F3D8A41BA300053B9B0801330EEB67
:10D7880083044EF82310C9B1043417E0744641618C
:10D798000029F9D10023036100234361BDE8F0812A
:10D7A8009D4288BF00F11002F4D953F8041B9D4232
:10D7B80042F8041FF9D8A41B0EEB8404A4EB0E0353
:10D7C8009B1074450361E7D0BDE8F0812DE9F04F67
:10D7D8000446A948894606688BB0304602920793EA
:10D7E80003960594F6F7FEFD3346D9F80050034436
:10D7F800A9780246302913F801BC40F0DB816FF0AC
:10D808000100EB1C401B1D4600EB030A13F8011B2B
:10D818003029F8D0DFF8648218F80130002B00F0C6
:10D82800F18000273C462B7818F803302E462BB1A0
:10D8380016F8013F18F80330002BF9D13046039948
:10D84800019200F0ADFB019A0090002800F0928050
:10D85800002C40F092803378009403F0DF03502BC3
:10D86800344600F09480C9F80060002F40F0AC8086
:10D87800631B013B072B394604DD5B10072B01F1C5
:10D888000101FADC05980492FAF700FD049A019068
:10D89800002800F06A82019BA54203F1140606964F
:10D8A80080F0DD810027C2F10103B946049311E03D
:10D8B800202F00F092803946043714F8013C544672
:10D8C80018F80330AC4203F00F0303FA01F349EAF6
:10D8D800030916D914F8013C04F1FF3A5B45E7D176
:10D8E800049B5344AB42E3D3184603990992089327
:10D8F80000F056FBDDE908320028D9D11C46AC42BD
:10D90800E8D8069B46F8049BF61A019BB6101E61E0
:10D918004846FAF797FD029B76011C68301AA04228
:10D9280000F3AE80C0F226810027029B009A9B6814
:10D938009342C0F289810299009A4B6893427EDD36
:10D948009D1AAC4200F3BC80CA68022A00F0BC8170
:10D95800032A00F0B481012A00F098815025059827
:10D968000199FAF7B9FC00232846149A13600BB002
:10D97800BDE8F08F002C00F00B81A41BA3000093DE
:10D988003378344603F0DF03502B7FF46CAF6378B1
:10D998002B2B00F0ED802D2B6AD00020661C18F888
:10D9A80003104B1E182B61D87378103918F8033000
:10D9B800013623BB00B14942009BC9F800600B4403
:10D9C8000093002F3FF454AFBAF1000F14BF0025A5
:10D9D800062528460BB0BDE8F08F002146F8049BC9
:10D9E8000427894669E701EB810103EB4103A3F1B1
:10D9F800100116F8013F18F80330002BDAD0192B64
:10DA0800F1DDD7E728460399009200F0C9FA009A99
:10DA1800002873D1A95CAC1818F80130002B6FD01E
:10DA28003029254605D115F8013F302BFBD018F8D1
:10DA38000330B3FA83F74FF0010A7F09F6E60125B0
:10DA480057B1029BDB68022B62D0032B64D0012BF9
:10DA580000F0858045F010052846149B019A1A604D
:10DA6800079B009A1A600BB0BDE8F08F2646FAE6CD
:10DA78000120A378A61C92E738E9000838E80008D6
:10DA8800019D061B31462846FBF7E8F8074678B1A2
:10DA98000127721E0699531151F8231002F01F0333
:10DAA80007FA03F30B4203D0BA4200F3E2800227DD
:10DAB800009B3146334401980093FFF735FE34E765
:10DAC8006E1E002F40F0C980002E40F0CC8001234C
:10DAD8000699721151F8222006F01F0603FA06F67D
:10DAE80029461642019818BF47F00207FFF71CFEA7
:10DAF800029B641B5B6802250093A1E72C462978EA
:10DB080001F0DF01502900F0BD80C9F800405BE753
:10DB1800159BC3F101031593159B002B9AD0019B0C
:10DB2800DDF818801E6900204346B70008EB86011F
:10DB380003E0994243F8040C40D99C4653F8042B5F
:10DB4800B2F1FF3FF5D00132022DCCF8002000F0F1
:10DB5800C08014F01F0440F0E28021257CE7BA075A
:10DB68007FF578AF069B1B681F43FB07D7D471E787
:10DB780000207EE7221ADDE9003105989B1A009300
:10DB8800FAF7E4FD03461433002701900693CCE628
:10DB9800B35CB01818F80310064600293FF45DAED0
:10DBA80016F8013F18F803100029F9D1801B8100ED
:10DBB800009152E64FF0000A02352BE6019B9B6864
:10DBC8009E4280F28D8033460121019A5818022D19
:10DBD80002EB8303106159617BD08642B9DA0028D1
:10DBE80040F3AA80019A08EB8000536902F11801FA
:10DBF80088424FEA530340F2B28044460A6843EA37
:10DC0800C27344F8043B51F8043B88424FEA53037B
:10DC1800F4D8019A821A193A9208013248F8223047
:10DC280008EB8202002B40F09E800199A2EB0803CA
:10DC38009B1042450B6100F08280029B009A9B6812
:10DC480001329342009288DA01990598FAF744FB69
:10DC58000023149AA3251360BBE6012737E74FF08A
:10DC68000009069E4DE631460198FAF7F7FF074688
:10DC78002DE72846B11EFAF7F1FF00283FF417AF49
:10DC8800032715E700230127009380E6AC427FF4C1
:10DC980065AE012C08D00198611EFAF7DFFF002855
:10DCA8003FF45CAE029B5B680122079962250B601A
:10DCB800019B06991A610A60149A136089E6159AFD
:10DCC800002A3FF44BAEEFE7159A002A7FF446AEE0
:10DCD800EAE7029B1B68013BA34234D02225BBE63E
:10DCE800019B059859680131FAF7D0FA8046002857
:10DCF80041D0DDF804900C304946D9F810300C3189
:10DD080002339A00F2F70EFE49460598FAF7E4FA4C
:10DD1800D8F81030CDF8048008F1140854E74744C7
:10DD280057F8040CFAF78EFBC4F12004A042BFF6A2
:10DD380014AF019B186952E70023019A136100236D
:10DD4800019A536179E70123621158F8222004F0FF
:10DD58001F04A34013420CBF222521257CE642461E
:10DD6800C8F800306BB104325FE70246DE21064B8B
:10DD78000648FFF76BFB02468421034B0348FFF775
:10DD880065FB019A1361DAE768E40008B0E7000868
:10DD980010B58646046809E014F8013FA3F1410C68
:10DDA800BCF1190F98BF2033934208D111F8012B09
:10DDB800002AF1D101340120CEF8004010BD002026
:10DDC80010BD00BF2DE9F04F096885B04B1111F067
:10DDD8001F01029002EB8303039140F08E801D1F08
:10DDE8000193002302990198096840F8043C4C1CEF
:10DDF8004978002900F09780A846AC469A461E4606
:10DE0800DFF868910EE0202900F28B80B24506DA2F
:10DE1800C44501D2072B5BDD624551D3082314F8B2
:10DE2800011FA1B119F801000028ECD00133082B1B
:10DE380006F101063ADCDCF80010090100F00F00D9
:10DE48000843CCF8000014F8011F0029EAD1002E7D
:10DE580069D0E04501D9072B73DD624551D263468D
:10DE6800111F53F8040B9D4241F8040FF9D2A5EB9A
:10DE78000C0323F00303691C04330CF1010C614506
:10DE880038BF04230021134443F8041B9D42FBD2EE
:10DE9800019B53F8043C2BB9AA4248D055F8043DDD
:10DEA800002BF9D0052005B0BDE8F08F6245B6D249
:10DEB8000023ACF1040CCCF8003019460123BDE76F
:10DEC8000023ACF104084CF8043CB246C446A6E76B
:10DED800C3F10801890060468B46DCF80030C1F1C7
:10DEE800200E416801FA0EF73B43036021FA0BF359
:10DEF80040F8043F4045F4D38EE7191D1D460191B3
:10DF08006FE7039B002BC3D04FF0FF33019C0399AD
:10DF180054F8040CC1F12001CB40034044F8043C00
:10DF2800B9E7292909D0042005B0BDE8F08F0123FD
:10DF380005202B6005B0BDE8F08F029901340C6014
:10DF480085E76446C3F108039B00DCF80010C3F1C1
:10DF58002007666806FA07F00143216026FA03F1F4
:10DF680044F8041FA045F4D877E700BF38E8000854
:10DF7800002238B5064D044608462A60F3F778FDB6
:10DF8800431C00D038BD2B68002BFBD0236038BD64
:10DF9800AC0D002000200149704700BF0000F87F49
:10DFA800A2B330B540EA0104A40786460B462AD03E
:10DFB80004780B78A3422FD1012A0CD0844654B19F
:10DFC8001CF8014F11F8013F9C4225D16FEA0C0360
:10DFD8001344C318F3D1002030BD1946DEF80040C1
:10DFE8007046A4F1013323EA040C0B4653F8045B92
:10DFF8000EF1040EAC420BD1043AECD01CF0803F79
:10E00800E9D170461946032AE7D8D1E71046704788
:10E0180004780B789C42D1D0E01A30BD2DE9F04F3E
:10E028009368914683B0002B6ED0176880460C46E3
:10E0380008688D68083744E0B4F80CC01CF4906F89
:10E048002ED0D4E90413451A03EB430303EBD3732F
:10E05800AA194FEA630A531C5345524684BF9A468D
:10E0680052461CF4806F36D011464046F9F726FD1B
:10E0780000283AD02A4621690190F2F753FCA28978
:10E08800019B22F4906242F08002A2815819AAEB07
:10E098000505A560C4F814A03546B2462361206082
:10E0A80059465246FAF76AF8D9F80830A168206844
:10E0B8004D1B50449E1BA5602060C9F808601EB324
:10E0C800083757E902B6002EFAD0B542AA46B3D9A6
:10E0D8003546B246E4E74046FAF710FE0346002804
:10E0E800D4D140462169F9F797F90C2300224FF063
:10E0F800FF30C8F80030A38943F04003A381C9E981
:10E10800012203B0BDE8F08F00231846C9F8043097
:10E1180003B0BDE8F08F00BFF8B506460D461446BB
:10E1280010B1836B002B43D0B4F90C20A3691007FE
:10E13800A36091B21BD52369CBB1EDB289042F46F8
:10E1480022D522686169D31A994229DD0133A16871
:10E158000139A160511C2160157062699A422AD068
:10E16800A389DB0701D50A2D25D03846F8BD2146FD
:10E178003046F7F70BFF20BBB4F90C20EDB291B293
:10E1880089042F462369DCD442F40052A281626ECE
:10E19800616922F4005262662268D31A9942D5DC7A
:10E1A80021463046F9F70CF858B901232268CEE722
:10E1B800F9F73AF8B8E721463046F9F701F80028A8
:10E1C800D3D04FF0FF37D0E770B505461C4684B072
:10E1D80039B10B4ED6F8E060B047431C09D004B003
:10E1E80070BD0A460649D1F8E06001A9B047431C52
:10E1F800F5D100228A2322602B6004B070BD00BFD5
:10E208003C040020062008B500F004F80120F3F7CC
:10E2180003FC00BF38B5154B1F281D6820D8D5F85A
:10E22800DC22044662B152F820304BB1012B15D0E4
:10E23800591C0FD0002542F820509847284638BD71
:10E24800284600F029F8224601462846BDE838400D
:10E2580000F00EB8162301202B6038BD002038BD11
:10E2680016234FF0FF302B6038BD00BF0C00002094
:10E2780070B50026074D0446084611462E60F3F790
:10E28800C3FB431C00D070BD2B68002BFBD0236060
:10E2980070BD00BFAC0D0020F3F7B4BBF8B500BFEC
:10E2A800F8BC08BC9E467047F8B500BFF8BC08BC6F
:04E2B8009E467047C7
:10E2C0006C696E6561725F783A0000006C696E651A
:10E2D00061725F783A256600616E67756C61725F86
:10E2E0007A3A0000616E67756C61725F7A3A2566F2
:10E2F0000000000000000000000000000102030414
:10E3000006070809000000000102030402030405D7
:10E31000060708090A0B0C0D0E0F10100000000074
:10E320001000002065256C64000000000A00010058
:10E3300002000300040005000600070008000900B1
:10E340000A000B000C000D000E000F001000000072
:10E3500000202020202020202020282828282820B5
:10E3600020202020202020202020202020202020AD
:10E370002088101010101010101010101010101015
:10E380001004040404040404040404101010101005
:10E3900010104141414141410101010101010101CF
:10E3A0000101010101010101010101011010101021
:10E3B00010104242424242420202020202020202A1
:10E3C00002020202020202020202020210101010F5
:10E3D000200000000000000000000000000000001D
:10E3E000000000000000000000000000000000002D
:10E3F000000000000000000000000000000000001D
:10E40000000000000000000000000000000000000C
:10E4100000000000000000000000000000000000FC
:10E4200000000000000000000000000000000000EC
:10E4300000000000000000000000000000000000DC
:10E4400000000000000000000000000000000000CC
:10E45000000000004E614E00496E66696E69747975
:10E46000000000003000000042616C6C6F6320739C
:10E470007563636565646564000000002F6D6E74EC
:10E480002F776F726B73706163652F776F726B7329
:10E49000706163652F4743432D31302D706970657E
:10E4A0006C696E652F6A656E6B696E732D474343A9
:10E4B0002D31302D706970656C696E652D33333880
:10E4C0005F32303231313031385F313633343531CB
:10E4D000363230332F7372632F6E65776C69622F1B
:10E4E0006E65776C69622F6C6962632F7374646CFC
:10E4F00069622F64746F612E6300000043000000A6
:10E50000504F5349580000002E0000002F6D6E74CC
:10E510002F776F726B73706163652F776F726B7398
:10E52000706163652F4743432D31302D70697065ED
:10E530006C696E652F6A656E6B696E732D47434318
:10E540002D31302D706970656C696E652D333338EF
:10E550005F32303231313031385F3136333435313A
:10E56000363230332F7372632F6E65776C69622F8A
:10E570006E65776C69622F6C6962632F7374646C6B
:10E5800069622F6D707265632E63000000000000E9
:10E590000080E03779C34143176E05B5B5B893469F
:10E5A000F5F93FE9034F384D321D30F94877825A6B
:10E5B0003CBF737FDD4F1575000000000000F03F89
:10E5C000000000000000244000000000000059404E
:10E5D0000000000000408F40000000000088C340A1
:10E5E00000000000006AF8400000000080842E4116
:10E5F00000000000D01263410000000084D7974162
:10E600000000000065CDCD41000000205FA0024267
:10E61000000000E876483742000000A2941A6D42DC
:10E62000000040E59C30A2420000901EC4BCD642CF
:10E6300000003426F56B0C430080E03779C341437A
:10E6400000A0D8855734764300C84E676DC1AB43F0
:10E65000003D9160E458E143408CB5781DAF15440E
:10E6600050EFE2D6E41A4B4492D54D06CFF08044E9
:10E67000F64AE1C7022DB544B49DD9794378EA44FE
:10E6800005000000190000007D0000006E6600001B
:10E69000696E697479000000616E00003500000049
:10E6A000CEFBFFFFCB0300000100000000000000D4
:10E6B00034000000CEFBFFFFCB0300000100000090
:10E6C0000000000000000000BC89D897B2D29C3C3A
:10E6D00033A7A8D523F649393DA7F444FD0FA53249
:10E6E0009D978CCF08BA5B25436FAC6428066811F0
:10E6F000494E4600696E66004E414E006E616E00E6
:10E7000030313233343536373839616263646566A7
:10E710000000000030313233343536373839414269
:10E720004344454600000000286E756C6C290000CB
:10E7300020202020202020202020202020202020D9
:10E7400030303030303030303030303030303030C9
:10E7500020202020202020202020202020202020B9
:10E7600030303030303030303030303030303030A9
:10E770002C2066756E6374696F6E3A20000000008D
:10E78000617373657274696F6E202225732220662F
:10E7900061696C65643A2066696C65202225732284
:10E7A0002C206C696E65202564257325730A000092
:10E7B0002F6D6E742F776F726B73706163652F7737
:10E7C0006F726B73706163652F4743432D31302D3A
:10E7D000706970656C696E652F6A656E6B696E73C2
:10E7E0002D4743432D31302D706970656C696E651E
:10E7F0002D3333385F32303231313031385F31369A
:10E8000033343531363230332F7372632F6E657780
:10E810006C69622F6E65776C69622F6C6962632F19
:10E820007374646C69622F6764746F612D676574BB
:10E830006865782E63000000000000000000000002
:10E8400000000000000000000000000000000000C8
:10E8500000000000000000000000000000000000B8
:10E86000000000000000000010111213141516170C
:10E870001819000000000000001A1B1C1D1E1F00BC
:10E880000000000000000000000000000000000088
:10E890000000000000000000001A1B1C1D1E1F00CD
:10E8A0000000000000000000000000000000000068
:10E8B0000000000000000000000000000000000058
:10E8C0000000000000000000000000000000000048
:10E8D0000000000000000000000000000000000038
:10E8E0000000000000000000000000000000000028
:10E8F0000000000000000000000000000000000018
:10E900000000000000000000000000000000000007
:10E9100000000000000000000000000000000000F7
:10E9200000000000000000000000000000000000E7
:10E93000000000000000000008E500081CE30008DB
:04E94000B8090020F2
:08E944006427FF7F01000000C1
:08E94C00696000080D020008DB
:04E95400E9010008CD
:10E958000024F40001000000100000001000002056
:10E9680000000000FC02002064030020CC0300200B
:10E97800000000000000000000000000000000008F
:10E98800000000000000000000000000000000007F
:10E99800000000000000000000000000000000006F
:10E9A800000000000000000000000000000000005F
:10E9B800000000000000000000000000000000004F
:10E9C800000000000000000000000000000000003F
:10E9D800000000000000000000000000000000002F
:10E9E800000000000000000000000000000000001F
:10E9F800000000000000000000000000000000000F
:10EA080000000000000000000100000000000000FD
:10EA18000E33CDAB34126DE6ECDE05000B000000C2
:10EA280000000000000000000000000000000000DE
:10EA380000000000000000000000000000000000CE
:10EA480000000000000000000000000000000000BE
:10EA580000000000000000000000000000000000AE
:10EA6800000000000000000000000000000000009E
:10EA7800000000000000000000000000000000008E
:10EA8800000000000000000000000000000000007E
:10EA9800000000000000000000000000000000006E
:10EAA800000000000000000000000000000000005E
:10EAB800000000000000000000000000000000004E
:10EAC800000000000000000000000000000000003E
:10EAD800000000000000000000000000000000002E
:10EAE800000000000000000000000000000000001E
:10EAF800000000000000000000000000000000000E
:10EB080000000000000000000000000000000000FD
:10EB180000000000000000000000000000000000ED
:10EB280000000000000000000000000000000000DD
:10EB380000000000000000000000000000000000CD
:10EB480000000000000000000000000000000000BD
:10EB580000000000000000000000000000000000AD
:10EB6800000000000000000000000000000000009D
:10EB7800000000000000000000000000000000008D
:10EB8800000000000000000000000000000000007D
:10EB9800000000000000000000000000000000006D
:10EBA800000000000000000000000000000000005D
:10EBB800000000000000000000000000000000004D
:10EBC800000000000000000000000000000000003D
:10EBD800000000000000000000000000000000002D
:10EBE800000000000000000000000000000000001D
:10EBF800000000000000000000000000000000000D
:10EC080000000000000000000000000000000000FC
:10EC180000000000000000000000000000000000EC
:10EC280000000000000000000000000000000000DC
:10EC380000000000000000000000000000000000CC
:10EC480000000000000000000000000000000000BC
:10EC580000000000000000000000000000000000AC
:10EC6800000000000000000000000000000000009C
:10EC7800000000000000000000000000000000008C
:10EC8800000000000000000000000000000000007C
:10EC9800000000000000000000000000000000006C
:10ECA800000000000000000000000000000000005C
:10ECB800000000000000000000000000000000004C
:10ECC800000000000000000000000000000000003C
:10ECD800000000000000000000000000000000002C
:10ECE800000000000000000000000000000000001C
:10ECF800000000000000000000000000000000000C
:10ED080000000000000000000000000000000000FB
:10ED180000000000000000000000000000000000EB
:10ED280000000000000000000000000000000000DB
:10ED380000000000000000000000000000000000CB
:10ED480000000000000000000000000000000000BB
:10ED580000000000000000000000000000000000AB
:10ED6800000000000000000000000000000000009B
:10ED7800000000000000000000000000000000008B
:10ED88000000000000000000680D002043000000A3
:10ED9800000000000000000000000000000000006B
:10EDA8000000000000000000000000004300000018
:10EDB800000000000000000000000000000000004B
:10EDC80000000000000000000000000043000000F8
:10EDD800000000000000000000000000000000002B
:10EDE80000000000000000000000000043000000D8
:10EDF800000000000000000000000000000000000B
:10EE080000000000000000000000000043000000B7
:10EE180000000000000000000000000000000000EA
:10EE28000000000000000000000000004300000097
:10EE380000000000000000000000000000000000CA
:10EE48000000000000000000000000004300000077
:10EE580000000000000000000000000000000000AA
:10EE6800000000000000000000000000ADD3000812
:10EE7800618000080000000050E3000808E5000871
:10EE88001CE300081CE300081CE300081CE300085E
:10EE98001CE300081CE300081CE300081CE300084E
:10EEA8001CE30008FFFFFFFFFFFFFFFFFFFFFFFF5F
:10EEB800FFFF0000010041534349490000000000E2
:10EEC800000000000000000000000000000000003A
:10EED80000000000000041534349490000000000C1
:10EEE800000000000000000000000000000000001A
:10EEF800000000000000000000000000000000000A
:10EF0800A8050020A8050020B0050020B0050020B5
:10EF1800B8050020B8050020C0050020C005002065
:10EF2800C8050020C8050020D0050020D005002015
:10EF3800D8050020D8050020E0050020E0050020C5
:10EF4800E8050020E8050020F0050020F005002075
:10EF5800F8050020F8050020000600200006002023
:10EF680008060020080600201006002010060020D1
:10EF78001806002018060020200600202006002081
:10EF88002806002028060020300600203006002031
:10EF980038060020380600204006002040060020E1
:10EFA8004806002048060020500600205006002091
:10EFB8005806002058060020600600206006002041
:10EFC80068060020680600207006002070060020F1
:10EFD80078060020780600208006002080060020A1
:10EFE8008806002088060020900600209006002051
:10EFF8009806002098060020A0060020A006002001
:10F00800A8060020A8060020B0060020B0060020B0
:10F01800B8060020B8060020C0060020C006002060
:10F02800C8060020C8060020D0060020D006002010
:10F03800D8060020D8060020E0060020E0060020C0
:10F04800E8060020E8060020F0060020F006002070
:10F05800F8060020F806002000070020000700201E
:10F0680008070020080700201007002010070020CC
:10F07800180700201807002020070020200700207C
:10F08800280700202807002030070020300700202C
:10F0980038070020380700204007002040070020DC
:10F0A800480700204807002050070020500700208C
:10F0B800580700205807002060070020600700203C
:10F0C80068070020680700207007002070070020EC
:10F0D800780700207807002080070020800700209C
:10F0E800880700208807002090070020900700204C
:10F0F8009807002098070020A0070020A0070020FC
:10F10800A8070020A8070020B0070020B0070020AB
:10F11800B8070020B8070020C0070020C00700205B
:10F12800C8070020C8070020D0070020D00700200B
:10F13800D8070020D8070020E0070020E0070020BB
:10F14800E8070020E8070020F0070020F00700206B
:10F15800F8070020F8070020000800200008002019
:10F1680008080020080800201008002010080020C7
:10F178001808002018080020200800202008002077
:10F188002808002028080020300800203008002027
:10F1980038080020380800204008002040080020D7
:10F1A8004808002048080020500800205008002087
:10F1B8005808002058080020600800206008002037
:10F1C80068080020680800207008002070080020E7
:10F1D8007808002078080020800800208008002097
:10F1E8008808002088080020900800209008002047
:10F1F8009808002098080020A0080020A0080020F7
:10F20800A8080020A8080020B0080020B0080020A6
:10F21800B8080020B8080020C0080020C008002056
:10F22800C8080020C8080020D0080020D008002006
:10F23800D8080020D8080020E0080020E0080020B6
:10F24800E8080020E8080020F0080020F008002066
:10F25800F8080020F8080020000900200009002014
:10F2680008090020080900201009002010090020C2
:10F278001809002018090020200900202009002072
:10F288002809002028090020300900203009002022
:10F2980038090020380900204009002040090020D2
:10F2A8004809002048090020500900205009002082
:10F2B8005809002058090020600900206009002032
:10F2C80068090020680900207009002070090020E2
:10F2D8007809002078090020800900208009002092
:10F2E8008809002088090020900900209009002042
:10F2F8009809002098090020A0090020A0090020F2
:0CF30800FFFFFFFF00000200FF000000FC
:04000005080022A12C
:00000001FF
